Time,GM1,GM2,GM3,GM4,GM5,GM6,GM7,GM8,GM9,GM10,GM11,GM12,GM13,GM14,GM15,GM16,GM17,GM18,GM19,GM20,GM21,GM22,GM23,GM24,GM25,GM26,GM27,GM28,GM29,GM30,GM31,GM32,GM33,GM34,GM35,GM36,GM37,GM38,GM39
0.01,0.00031091,0.00047417,0.00052912,0.00033373,0.00026863,0.00016617,0.00056581,0.00011105,0.00043629,0.00040288,0.00086098,0.00061199,0.00059053,0.00047399,0.00034055,0.00060533,0.00022217,0.0001789,0.00077591,0.00098835,0.00036629,0.00029777,0.00039665,0.00025875,0.00032562,0.00014423,0.00014961,0.00052542,0.00045559,0.00034558,0.00015005,0.00028087,0.00022618,0.00015399,0.00025741,0.00018638,0.00020748,0.00038057,0.00024997
0.02,0.0012519,0.0020152,0.0022794,0.0013727,0.0010755,0.00066982,0.0024285,0.00045596,0.0017473,0.0016107,0.0035961,0.0025091,0.0023309,0.0018983,0.0013629,0.0024257,0.00090099,0.00071661,0.0031575,0.0039619,0.0014728,0.0011941,0.0015943,0.0010407,0.0013028,0.00058219,0.00060352,0.0021417,0.0018411,0.001389,0.00064737,0.0012526,0.0009291,0.00061999,0.0010336,0.00084018,0.00091142,0.0015103,0.0010055
0.03,0.0029114,0.0043641,0.0056317,0.0030379,0.0024357,0.0015165,0.0058273,0.0010175,0.0044464,0.0036474,0.0077488,0.0056167,0.0058002,0.0043945,0.0030817,0.0054892,0.0020414,0.0016178,0.0073508,0.0089673,0.0034802,0.0026953,0.0036786,0.0023354,0.0029366,0.0013116,0.0013575,0.0051359,0.0044037,0.0032233,0.0014793,0.003953,0.0022011,0.0014184,0.0023594,0.001824,0.0021163,0.0037776,0.0022682
0.04,0.0049669,0.0081748,0.011709,0.0055191,0.004327,0.0028141,0.014271,0.001952,0.0081978,0.0065822,0.014513,0.010185,0.010005,0.0082927,0.0054641,0.0098089,0.0036542,0.0029613,0.013439,0.016142,0.006288,0.0047613,0.0063235,0.0042968,0.0053309,0.0023988,0.0025511,0.0098962,0.0097587,0.0067506,0.0027042,0.009591,0.0044261,0.0028119,0.0043302,0.0033426,0.0044615,0.0070876,0.004504
0.05,0.0079818,0.013735,0.021289,0.0086667,0.0067938,0.0048576,0.026026,0.0032499,0.011323,0.01035,0.022632,0.017244,0.015168,0.012939,0.0085855,0.015418,0.0056602,0.0052837,0.0217,0.026276,0.01204,0.0074757,0.010254,0.0068936,0.0087434,0.0037288,0.0039347,0.018893,0.018117,0.0094945,0.0040569,0.017343,0.0077335,0.0052854,0.0070004,0.0078408,0.0061307,0.0098667,0.0075974
0.06,0.011407,0.020221,0.03283,0.012357,0.0097374,0.0074371,0.049057,0.0063919,0.016225,0.015049,0.033919,0.027608,0.023539,0.020167,0.012724,0.02229,0.0084926,0.007537,0.032106,0.038469,0.017632,0.011172,0.014947,0.010506,0.012965,0.0054377,0.0067969,0.024205,0.029522,0.013629,0.007535,0.023003,0.017019,0.0078987,0.0096671,0.010341,0.0098611,0.015251,0.012721
0.07,0.018035,0.024878,0.044074,0.01719,0.013181,0.009004,0.063028,0.0078167,0.023499,0.020647,0.050383,0.038984,0.036025,0.029214,0.017516,0.031551,0.01252,0.011839,0.044076,0.054643,0.025698,0.015145,0.020234,0.014327,0.016981,0.0095235,0.0094528,0.034086,0.047766,0.020461,0.010835,0.036165,0.027143,0.010952,0.015271,0.012526,0.015649,0.022099,0.015779
0.08,0.023319,0.041169,0.057391,0.023176,0.017237,0.012753,0.082107,0.012819,0.040317,0.027386,0.062634,0.058729,0.056299,0.036653,0.022584,0.041114,0.016803,0.016367,0.06122,0.073608,0.04326,0.020702,0.028454,0.01849,0.021903,0.012424,0.013789,0.048061,0.056136,0.02806,0.021079,0.058346,0.036919,0.015872,0.019552,0.020417,0.022353,0.027499,0.024722
0.09,0.02869,0.065283,0.083535,0.027787,0.022668,0.018097,0.085937,0.021308,0.049279,0.035178,0.088906,0.077428,0.078463,0.053881,0.030017,0.057101,0.021638,0.023416,0.078706,0.094961,0.071829,0.026565,0.041365,0.027896,0.02864,0.015716,0.019896,0.060055,0.088213,0.037681,0.02194,0.10354,0.059367,0.026493,0.02838,0.03005,0.028075,0.039394,0.045168
0.1,0.034618,0.087097,0.11761,0.038048,0.028049,0.024725,0.11482,0.025126,0.049442,0.044755,0.10289,0.080298,0.10335,0.062276,0.036525,0.076475,0.031327,0.027126,0.10027,0.12046,0.11786,0.030011,0.056563,0.037658,0.032998,0.020754,0.023545,0.09058,0.1121,0.042678,0.018499,0.09894,0.060492,0.039807,0.037478,0.053409,0.03484,0.05248,0.055803
0.11,0.044512,0.1088,0.1436,0.049887,0.034792,0.030732,0.12441,0.032327,0.064619,0.052468,0.12509,0.10149,0.10655,0.072385,0.043231,0.11074,0.042256,0.03512,0.12134,0.13274,0.11949,0.037346,0.058528,0.050241,0.040763,0.028709,0.035093,0.13705,0.11559,0.067917,0.02437,0.098338,0.064302,0.05322,0.063728,0.070063,0.046445,0.065176,0.065624
0.12,0.051936,0.08497,0.16406,0.059919,0.043326,0.039785,0.12158,0.039602,0.10528,0.067072,0.16407,0.11815,0.1212,0.098896,0.050381,0.13226,0.053362,0.034358,0.14417,0.16224,0.10877,0.046259,0.071556,0.059752,0.057592,0.033658,0.055449,0.1973,0.13649,0.069437,0.027977,0.091788,0.074158,0.080452,0.077218,0.09357,0.058656,0.075624,0.073061
0.13,0.0621,0.12094,0.18312,0.069495,0.052482,0.052231,0.16905,0.044874,0.14108,0.080826,0.20349,0.16328,0.14048,0.12847,0.065316,0.15735,0.055068,0.047141,0.17911,0.20012,0.1332,0.055072,0.099162,0.073421,0.075492,0.048359,0.072465,0.27043,0.1608,0.076901,0.028605,0.099317,0.11352,0.07926,0.089503,0.14661,0.059353,0.086077,0.09868
0.14,0.078201,0.14821,0.21418,0.078895,0.065564,0.065817,0.23187,0.056968,0.18739,0.083577,0.25097,0.1567,0.15224,0.13204,0.072204,0.20207,0.06273,0.062705,0.21253,0.27419,0.1678,0.066894,0.12803,0.1143,0.094702,0.05366,0.078256,0.32533,0.22172,0.099946,0.032921,0.095508,0.11866,0.09331,0.11391,0.15991,0.059861,0.094606,0.11389
0.15,0.093813,0.15074,0.2435,0.097216,0.071523,0.090252,0.34606,0.063918,0.21332,0.1057,0.29468,0.16472,0.17524,0.15883,0.085682,0.21564,0.083526,0.075263,0.22938,0.32507,0.14721,0.074026,0.15745,0.15867,0.10305,0.049052,0.092356,0.35628,0.21891,0.11134,0.050286,0.10835,0.14673,0.096524,0.11439,0.15092,0.068536,0.11294,0.14037
0.16,0.11196,0.18161,0.30368,0.11533,0.074667,0.1125,0.43636,0.062225,0.24339,0.13263,0.35103,0.18466,0.19066,0.20122,0.090495,0.27305,0.099301,0.083849,0.26954,0.34871,0.17776,0.075532,0.15203,0.16842,0.12894,0.054065,0.11676,0.34297,0.21462,0.12236,0.06307,0.13122,0.14896,0.13501,0.14519,0.13567,0.085423,0.13395,0.13777
0.17,0.12531,0.27689,0.34337,0.12319,0.080068,0.138,0.43057,0.067354,0.27599,0.17573,0.42021,0.23834,0.21682,0.24583,0.12924,0.33222,0.12953,0.09827,0.26181,0.47225,0.22542,0.092688,0.164,0.19004,0.14946,0.074619,0.14192,0.33537,0.24796,0.13881,0.074516,0.16069,0.19534,0.16825,0.1517,0.1485,0.10808,0.16852,0.1222
0.18,0.14316,0.33888,0.38641,0.16441,0.092119,0.15273,0.4476,0.080234,0.32215,0.22151,0.46565,0.30737,0.29903,0.25908,0.17069,0.37833,0.15136,0.1163,0.33101,0.60341,0.2718,0.10187,0.17394,0.2119,0.15978,0.10731,0.15698,0.42112,0.24402,0.1485,0.083112,0.15688,0.23193,0.14145,0.19355,0.16638,0.1328,0.16993,0.1321
0.19,0.15822,0.3831,0.42606,0.18985,0.1013,0.17281,0.46007,0.09803,0.37288,0.2332,0.53484,0.3632,0.33058,0.42286,0.18288,0.50071,0.15539,0.14095,0.34948,0.65062,0.28659,0.11011,0.20087,0.21986,0.18434,0.11502,0.15345,0.49461,0.27081,0.20314,0.093722,0.18536,0.20595,0.14085,0.24313,0.19827,0.16971,0.19183,0.18049
0.2,0.18529,0.41232,0.45854,0.21208,0.11073,0.1904,0.46756,0.13776,0.41172,0.22301,0.62844,0.41752,0.33837,0.58113,0.18158,0.58482,0.17144,0.17483,0.41308,0.63772,0.28423,0.12067,0.21547,0.26081,0.22808,0.11297,0.13708,0.55364,0.35685,0.24382,0.11784,0.18726,0.16657,0.15938,0.27224,0.21018,0.22351,0.21225,0.20132
0.21,0.21419,0.45483,0.5183,0.22947,0.12661,0.2068,0.40145,0.16123,0.43224,0.24658,0.69568,0.44554,0.37823,0.70401,0.19725,0.63144,0.19685,0.18046,0.50998,0.68869,0.31534,0.13515,0.27566,0.31601,0.26017,0.11297,0.12198,0.52532,0.43206,0.28673,0.16159,0.21964,0.2236,0.15253,0.26514,0.25093,0.26191,0.27182,0.24618
0.22,0.25486,0.51304,0.57365,0.24571,0.13979,0.21783,0.43949,0.17825,0.44351,0.27411,0.65445,0.44663,0.42014,0.8178,0.22025,0.63379,0.22621,0.18131,0.57522,0.84021,0.34281,0.14791,0.34845,0.3637,0.29147,0.12363,0.12967,0.51616,0.51985,0.31956,0.19539,0.2216,0.24413,0.16032,0.30094,0.25117,0.27037,0.31374,0.2428
0.23,0.26723,0.5513,0.61823,0.32555,0.15952,0.23258,0.47092,0.20157,0.43798,0.29442,0.71369,0.46896,0.45699,0.8488,0.27954,0.65271,0.2772,0.19929,0.59848,0.99227,0.37491,0.15543,0.43286,0.38651,0.3165,0.14669,0.15489,0.56385,0.5572,0.34423,0.23353,0.25945,0.24545,0.17629,0.34609,0.23462,0.27359,0.35972,0.24515
0.24,0.29621,0.58312,0.6598,0.33626,0.18463,0.30529,0.56101,0.2349,0.42129,0.29931,0.8929,0.51676,0.4848,0.88301,0.36265,0.68176,0.32049,0.19566,0.5516,1.0643,0.45598,0.18814,0.49567,0.38848,0.36624,0.16056,0.16999,0.74189,0.56995,0.35686,0.28794,0.31339,0.27899,0.19942,0.33023,0.27595,0.29676,0.38084,0.29724
0.25,0.34765,0.617,0.69656,0.31541,0.19537,0.38505,0.76835,0.24534,0.50717,0.37091,1.081,0.60129,0.50997,0.8886,0.39074,0.71074,0.3492,0.19156,0.5404,1.0807,0.5391,0.23126,0.53618,0.41308,0.41513,0.17302,0.1782,0.73986,0.58738,0.45478,0.35323,0.33468,0.32107,0.21253,0.38481,0.34095,0.36092,0.37535,0.3154
0.26,0.40128,0.66405,0.73132,0.40241,0.21023,0.48158,0.92822,0.21209,0.70189,0.40456,1.1578,0.67884,0.57978,0.83801,0.39084,0.79341,0.40742,0.21459,0.63986,1.1043,0.56492,0.24739,0.57517,0.44257,0.45305,0.17102,0.21049,0.92612,0.62077,0.55672,0.34171,0.36154,0.39928,0.22189,0.40744,0.40867,0.40081,0.39064,0.31809
0.27,0.45649,0.71375,0.76699,0.51012,0.24057,0.51357,0.98614,0.19331,0.85362,0.46655,1.2386,0.72457,0.63876,0.8777,0.38454,0.87506,0.46471,0.24818,0.79708,1.1717,0.63327,0.2536,0.72615,0.40255,0.48477,0.14836,0.24125,1.1471,0.65801,0.55721,0.36439,0.42384,0.45813,0.25293,0.41218,0.48992,0.45166,0.44234,0.34627
0.28,0.50579,0.75772,0.79967,0.54496,0.27525,0.4928,1.076,0.20759,0.89607,0.57682,1.3851,0.73103,0.69252,1.0039,0.36737,0.94131,0.46701,0.27063,0.9242,1.2426,0.65065,0.28748,0.82571,0.35769,0.47045,0.15758,0.26894,1.2225,0.72896,0.60888,0.36649,0.40436,0.52111,0.32556,0.4717,0.50557,0.47764,0.5457,0.37324
0.29,0.54598,0.81053,0.82647,0.52297,0.30658,0.47791,1.2035,0.24441,0.81578,0.71151,1.5239,0.80209,0.79931,1.0144,0.33436,0.98427,0.51422,0.32546,0.89849,1.3527,0.6767,0.32292,0.95582,0.38072,0.44466,0.19842,0.31418,1.4034,0.83997,0.63857,0.3561,0.40028,0.50659,0.4075,0.54663,0.48203,0.50082,0.72112,0.43915
0.3,0.56195,0.87157,0.85401,0.54665,0.33644,0.48612,1.3219,0.26375,0.78019,0.80472,1.6207,0.89167,0.98817,1.1271,0.38821,1.0953,0.52201,0.36593,0.82147,1.543,0.78158,0.33544,1.1022,0.41741,0.52971,0.22413,0.37843,1.6705,0.94211,0.64417,0.35762,0.46866,0.49157,0.4541,0.57286,0.50362,0.523,0.90855,0.48119
0.31,0.56898,0.94556,0.88694,0.6232,0.36849,0.49497,1.4177,0.28964,0.82119,0.8101,1.6776,0.91167,1.114,1.2842,0.41692,1.2366,0.591,0.37211,0.84511,1.6407,0.91766,0.39368,1.2114,0.45228,0.64537,0.2384,0.44172,1.9282,1.0201,0.71285,0.34433,0.55714,0.56189,0.46603,0.58655,0.54024,0.55437,1.0291,0.5711
0.32,0.5803,1.0289,0.93558,0.70881,0.38784,0.52172,1.4379,0.27266,0.85171,0.78834,1.7285,0.98535,1.2051,1.2598,0.46609,1.3313,0.5921,0.38129,0.82558,1.645,1.0111,0.44551,1.2567,0.50057,0.69792,0.25966,0.47237,2.0421,1.0748,0.77166,0.33328,0.64168,0.58177,0.47993,0.58961,0.57364,0.56941,1.1519,0.64474
0.33,0.59292,1.1049,1.1885,0.74539,0.39694,0.53875,1.2866,0.27388,0.8481,0.87276,1.8092,1.0087,1.2607,1.2393,0.49885,1.4035,0.60306,0.40038,1.0255,1.6969,1.0857,0.4706,1.3355,0.52398,0.70694,0.26875,0.45966,2.0867,1.093,0.90485,0.3563,0.66459,0.54649,0.56501,0.54225,0.61024,0.60071,1.2081,0.84012
0.34,0.61284,1.1498,1.4433,0.71602,0.42836,0.55826,1.2401,0.2757,0.81602,1.0373,1.9514,1.0603,1.2684,1.2514,0.49699,1.5211,0.64192,0.44861,1.2018,1.6928,1.1853,0.52269,1.5406,0.56584,0.73533,0.28145,0.41762,2.0955,1.0819,0.98638,0.39613,0.68632,0.47823,0.61664,0.51608,0.63228,0.61714,1.2425,0.95579
0.35,0.63676,1.2335,1.5289,0.65731,0.45709,0.7005,1.3281,0.30388,0.77965,1.174,2.2278,1.1255,1.3132,1.2308,0.5389,1.7105,0.71651,0.51283,1.3268,1.7171,1.3376,0.5991,1.7276,0.6365,0.77615,0.31034,0.38141,2.0577,1.1565,1.0653,0.42523,0.62821,0.4886,0.60726,0.52759,0.69333,0.59528,1.2769,0.96573
0.36,0.65994,1.3197,1.4607,0.60942,0.49202,0.82275,1.394,0.33025,0.81398,1.266,2.4112,1.2044,1.3889,1.3239,0.60072,2.0004,0.76866,0.57733,1.3416,1.9311,1.5821,0.63249,1.8866,0.6612,0.81694,0.33381,0.40055,2.058,1.2642,1.2086,0.44993,0.62355,0.46589,0.53854,0.56205,0.67464,0.59524,1.2875,0.9806
0.37,0.72131,1.3692,1.3567,0.58121,0.55487,0.85835,1.428,0.3303,0.86913,1.3443,2.5426,1.3514,1.4568,1.5278,0.64421,2.2478,0.73744,0.63329,1.3018,2.2931,1.8054,0.61079,2.0119,0.6367,0.87885,0.36168,0.4658,1.9625,1.4128,1.3598,0.47198,0.69562,0.48426,0.53757,0.6335,0.6134,0.62284,1.2827,1.0194
0.38,0.78374,1.3802,1.3246,0.57701,0.61733,0.80145,1.5491,0.35502,1.0085,1.4286,2.7492,1.4698,1.5697,1.7452,0.67845,2.5284,0.75597,0.68568,1.2679,2.6167,1.989,0.64096,2.1447,0.58799,0.98154,0.40218,0.53027,1.8133,1.5833,1.5464,0.48507,0.81638,0.57501,0.5645,0.65101,0.5377,0.64038,1.3177,0.95865
0.39,0.84359,1.3665,1.372,0.59874,0.65106,0.71569,1.7845,0.3904,1.2124,1.5034,2.9323,1.5583,1.6767,2.0581,0.70716,2.6556,0.79484,0.75184,1.2207,2.9214,2.1276,0.72166,2.5888,0.57955,1.1027,0.46145,0.60699,1.7196,1.7182,1.6179,0.48213,0.9483,0.64,0.56427,0.68581,0.49053,0.64915,1.4159,0.9005
0.4,0.91945,1.3462,1.4245,0.6281,0.65083,0.66229,2.047,0.40743,1.4324,1.5226,3.0885,1.6096,1.7872,2.515,0.74059,2.536,0.8945,0.81488,1.2276,3.1661,2.1802,0.75463,2.931,0.59425,1.1925,0.52221,0.6674,1.6906,1.7833,1.5976,0.4736,1.0959,0.65536,0.54777,0.72799,0.50339,0.66912,1.7107,0.97544
0.41,0.99703,1.3387,1.4074,0.71852,0.67639,0.64031,2.2577,0.40311,1.5754,1.4467,3.2359,1.703,1.8835,3.0602,0.78542,2.5747,0.97637,0.82991,1.2622,3.4017,2.169,0.73299,3.1461,0.58832,1.2245,0.62039,0.67973,1.6936,1.7828,1.5695,0.44968,1.1711,0.64489,0.54143,0.76691,0.54263,0.66435,2.0825,1.0979
0.42,1.0475,1.36,1.42,0.78,0.69295,0.61064,2.6507,0.42675,1.5711,1.5682,3.3666,1.7711,1.9968,3.5607,0.84224,2.5515,1.0339,0.79449,1.3743,3.7316,2.0899,0.75788,3.2239,0.58201,1.2131,0.70916,0.65915,1.7012,1.7499,1.5677,0.44358,1.1496,0.64377,0.65016,0.87667,0.58713,0.63529,2.4463,1.1194
0.43,1.07,1.4058,1.4792,0.80539,0.73381,0.56654,3.2488,0.47799,1.5112,1.645,3.4865,1.8539,2.1205,3.9116,0.90853,2.4829,1.1072,0.73527,1.3684,4.1279,1.9783,0.81144,3.1808,0.59306,1.2026,0.75196,0.63947,1.6893,1.7228,1.5802,0.45018,1.0903,0.65531,0.73728,1.0011,0.5838,0.60129,2.731,1.0904
0.44,1.1087,1.4599,1.5185,0.89583,0.80901,0.54746,3.7121,0.53737,1.7237,1.6566,3.6103,1.9307,2.2571,4.0911,0.98396,2.6405,1.2532,0.74023,1.398,4.4792,1.9131,0.9294,3.0485,0.61529,1.226,0.73169,0.62651,1.6654,1.7091,1.5153,0.46803,1.0415,0.67109,0.78826,1.0649,0.52419,0.56305,2.892,1.0739
0.45,1.1649,1.5083,1.6403,0.99056,0.89387,0.56796,3.9606,0.5964,1.9114,1.6165,3.7219,2.0163,2.3795,4.4104,1.0688,2.7294,1.3758,0.85421,1.412,4.9389,1.8597,1.032,2.8718,0.6834,1.2677,0.77395,0.6311,1.5866,1.7017,1.4042,0.5198,1.1012,0.70314,0.82739,1.1053,0.50081,0.54059,2.9186,1.0987
0.46,1.2227,1.5581,1.7623,1.0773,0.96054,0.59628,4.1878,0.64447,2.0521,1.5595,3.8391,2.1224,2.4905,4.6839,1.1643,3.0599,1.3858,0.9721,1.4586,5.1879,1.847,1.1615,2.6971,0.77467,1.2959,0.80994,0.67324,1.4551,1.7039,1.3577,0.61493,1.1829,0.72882,0.85818,1.1679,0.49477,0.55774,2.8333,1.1484
0.47,1.2812,1.6102,1.8374,1.1528,1.0079,0.61613,4.4473,0.66884,2.1345,1.5223,3.9446,2.2554,2.7137,4.8817,1.2686,3.4597,1.374,1.0689,1.6213,5.2319,1.9081,1.2949,2.619,0.8567,1.3119,0.83445,0.71013,1.297,1.7101,1.3666,0.68489,1.2565,0.74426,0.87501,1.2464,0.51842,0.60431,2.6735,1.2242
0.48,1.3397,1.6376,2.1528,1.2158,1.0655,0.63574,4.6293,0.68581,2.1903,1.4847,4.057,2.4143,2.9261,5.0007,1.3776,3.8258,1.3274,1.1943,1.716,5.0967,1.971,1.4092,2.5895,0.9247,1.3356,0.84885,0.72927,1.2571,1.6998,1.3713,0.7111,1.3295,0.76111,0.89461,1.3231,0.56782,0.63701,2.4978,1.3046
0.49,1.3969,1.6777,2.3768,1.2674,1.154,0.65625,4.7004,0.71063,2.5773,1.4601,4.1648,2.5929,3.1026,5.0341,1.4881,4.1465,1.4483,1.3025,1.7555,4.8414,1.9995,1.4887,2.5929,0.9733,1.3784,0.85148,0.72909,1.3449,1.6863,1.4004,0.73551,1.3622,0.76229,0.9414,1.3922,0.58584,0.64178,2.3737,1.3558
0.5,1.4515,1.7509,2.5052,1.3091,1.2513,0.69904,4.7549,0.74331,3.1437,1.6474,4.2878,2.7836,3.287,4.9692,1.595,4.4355,1.7209,1.3632,1.8091,4.5048,2.0304,1.5383,2.6137,1.0017,1.4393,0.8433,0.76198,1.4015,1.6776,1.4747,0.75114,1.3512,0.74216,0.95517,1.4389,0.57563,0.64358,2.3648,1.3672
0.51,1.5215,1.8205,2.5422,1.3453,1.3208,0.71424,4.8521,0.76089,3.6821,1.8074,4.4262,2.9771,3.4499,4.7883,1.697,4.6744,1.9439,1.3999,1.9156,4.925,2.0367,1.5758,2.6295,1.0381,1.5104,0.82511,0.77029,1.4427,1.682,1.555,0.71619,1.3513,0.75243,0.93562,1.4604,0.56394,0.67255,2.4963,1.351
0.52,1.6609,1.8763,2.5009,1.3803,1.3495,0.69599,4.9218,0.75234,4.0573,1.9402,4.5842,3.1673,3.5759,4.5234,1.7943,4.8784,2.0947,1.4289,2.11,5.4418,1.9725,1.6738,2.6646,1.0791,1.5861,0.80008,0.77375,1.5155,1.6963,1.6277,0.66596,1.3554,0.80475,0.90627,1.4893,0.55888,0.73292,2.7477,1.3652
0.53,1.7977,1.9097,2.3999,1.4197,1.3587,0.65962,4.8815,0.71269,4.2294,2.041,4.7687,3.3559,3.7179,4.2198,1.888,5.0411,2.1898,1.4427,2.3077,5.7593,1.8835,1.8354,2.9331,1.1181,1.6739,0.77543,0.78763,1.618,1.7131,1.7465,0.63995,1.4064,0.88138,0.87974,1.5454,0.54249,0.79486,3.0686,1.3708
0.54,1.9304,2.0197,2.3194,1.4695,1.3879,0.68716,5.2883,0.66232,4.2307,2.1051,4.986,3.54,3.843,3.9127,1.978,5.1792,2.245,1.4426,2.4802,5.9234,1.8479,2.0004,3.0586,1.17,1.788,0.75969,0.78693,1.7722,1.7303,1.9449,0.64783,1.4529,0.93072,0.84414,1.6011,0.50405,0.82739,3.4114,1.3724
0.55,2.057,2.1242,2.2448,1.5363,1.4614,0.71955,5.5464,0.61214,4.1065,2.132,5.2255,3.7245,3.9349,3.6257,2.0632,5.2826,2.2775,1.4546,2.5515,6.0263,1.8548,2.0817,3.0384,1.1913,1.9356,0.75828,0.77546,1.8461,1.7455,2.1673,0.6636,1.5559,0.95378,0.81623,1.6202,0.4564,0.8181,3.7438,1.3846
0.56,2.1776,2.2206,2.1808,1.6229,1.5708,0.73927,5.5029,0.60222,3.9977,2.1267,5.4806,3.9112,4.0337,3.3569,2.1408,5.3629,2.3065,1.4895,2.6627,6.1276,1.8581,2.0481,2.9007,1.1997,2.1087,0.77186,0.76112,1.7965,1.7639,2.392,0.66057,1.6426,0.97261,0.82802,1.6531,0.46402,0.7733,4.0402,1.433
0.57,2.4095,2.3083,2.1279,1.7293,1.6957,0.76121,5.3013,0.64377,3.9079,2.0998,5.76,4.102,4.1227,3.0978,2.2076,5.4266,2.3414,1.5287,2.884,6.1889,1.8796,1.9584,2.7216,1.3027,2.2888,0.79585,0.80592,1.7792,1.7949,2.587,0.72799,1.6998,0.95671,0.82718,1.7555,0.49528,0.71635,4.2784,1.4311
0.58,2.6471,2.3882,2.0715,1.8534,1.8254,0.80874,5.7424,0.67319,3.7998,2.0624,6.0395,4.3011,4.1753,3.0817,2.2601,5.4702,2.3735,1.5598,2.9934,6.1139,1.9171,1.9464,2.5486,1.2988,2.4625,0.82275,0.82516,1.7379,1.8426,2.7453,0.79111,1.7304,0.93486,0.82803,1.7883,0.53936,0.71859,4.4526,1.4926
0.59,2.8714,2.4622,1.993,2.0075,1.9595,0.8528,6.2257,0.68932,3.6737,2.155,6.3295,4.5101,4.2183,3.0607,2.2961,5.4998,2.4285,1.5899,3.1318,5.9339,1.9296,1.9868,2.5922,1.292,2.6249,0.84775,0.81311,1.6337,1.907,2.8744,0.83602,1.7155,0.89336,0.83073,1.8147,0.58976,0.71171,4.5567,1.5921
0.6,3.0837,2.5319,1.8827,2.1755,2.1478,0.89696,6.7747,0.70607,3.5475,2.2961,6.6105,4.7289,4.2639,3.0155,2.314,5.5221,2.5594,1.6186,3.3593,6.2733,1.9159,2.1914,2.7182,1.3182,2.7781,0.87026,0.81066,1.4832,1.9832,2.9915,0.86085,1.6543,0.83371,0.85649,1.771,0.65496,0.75175,4.5945,1.7024
0.61,3.2823,2.5992,1.777,2.3514,2.3843,0.94321,7.3828,0.71839,3.6018,2.4322,6.9448,4.9574,4.2758,3.0221,2.3137,5.5437,2.648,1.63,3.4713,6.5541,1.9438,2.5134,2.8306,1.3377,2.9266,0.89289,0.82657,1.4989,2.0639,3.096,0.86259,1.5795,0.75323,0.90358,1.6833,0.73874,0.8168,4.5696,1.8341
0.62,3.4671,2.6654,1.6767,2.5318,2.6295,0.95342,8.0188,0.76033,3.6293,2.551,7.3392,5.1984,4.2593,3.0361,2.2956,5.5702,2.6993,1.6081,3.5087,6.7978,2.0739,2.7795,2.9257,1.3524,3.0709,0.91697,0.83873,1.5011,2.1386,3.1827,0.83926,1.5289,0.70363,0.94493,1.7575,0.82709,0.87584,4.5513,1.9789
0.63,3.6379,2.7326,1.7759,2.7117,2.8666,0.93797,8.5557,0.78852,3.6811,2.6426,7.7247,5.4455,4.2697,3.0462,2.2607,5.6053,2.732,1.5634,3.4981,7.0803,2.2719,2.98,3.0045,1.3639,3.2106,0.93996,0.93985,1.4748,2.201,3.2602,0.801,1.5182,0.71936,0.9583,1.7755,0.90398,0.93949,4.4786,2.1036
0.64,3.7944,2.8004,1.9073,2.8886,3.0787,0.97297,8.8687,0.81973,3.6787,2.8532,8.1043,5.6996,4.2536,3.3617,2.2121,5.6612,2.7684,1.527,3.4377,7.3796,2.4297,3.1257,3.0656,1.3739,3.3496,0.95725,1.0407,1.436,2.2486,3.3304,0.76766,1.5164,0.76903,0.98376,1.7789,0.95887,1.0259,4.3463,2.1781
0.65,3.9358,2.8683,2.0369,3.0609,3.2573,1.0328,8.9222,0.86837,3.6453,3.0664,8.4732,5.9557,4.2145,3.6608,2.1515,5.9082,2.8316,1.5251,3.3439,7.5353,2.4683,3.2427,3.1738,1.3842,3.496,0.96555,1.1053,1.4224,2.2821,3.4209,0.74519,1.484,0.83585,1.0144,1.8501,0.98631,1.1448,4.3122,2.3222
0.66,4.0615,2.9365,2.1622,3.2262,3.3982,1.097,9.1956,0.91816,3.5998,3.2485,8.8277,6.2149,4.1715,3.8994,2.185,6.1713,2.9296,1.5558,3.4619,7.9987,2.3862,3.3678,3.5193,1.3964,3.6527,0.96498,1.1306,1.4466,2.3047,3.5397,0.74777,1.4172,0.89174,1.0658,1.8959,0.99101,1.2908,4.2605,2.551
0.67,4.1711,3.0057,2.2825,3.3828,3.5064,1.1644,9.451,0.95207,3.6529,3.419,9.1663,6.475,4.1384,4.0591,2.2936,6.4511,3.0546,1.5947,3.5689,8.4473,2.2335,3.5346,3.8437,1.412,3.8155,0.95843,1.1237,1.4925,2.3207,3.6952,0.78464,1.3802,0.93349,1.0996,1.9075,0.98112,1.4464,4.1716,2.7397
0.68,4.2645,3.0739,2.3969,3.5292,3.5869,1.1955,9.9315,0.95792,3.7635,3.6072,9.4883,6.7359,4.0872,4.1243,2.4089,6.7415,3.1887,1.6226,3.6647,8.6139,2.0944,3.7572,4.142,1.4319,3.9775,0.94937,1.0997,1.5345,2.3341,3.8535,0.85452,1.4762,0.95951,1.1349,1.8978,0.957,1.5956,4.0822,2.8958
0.69,4.3424,3.1406,2.5037,3.6648,3.6456,1.223,10.353,0.93136,3.8668,3.8431,9.795,7,4.021,4.103,2.5264,7.0366,3.3105,1.6462,3.7486,9.0205,2.0684,4.0208,4.4121,1.4566,4.1352,0.94006,1.0764,1.5694,2.3481,3.9938,0.94631,1.5804,0.96966,1.1931,1.8929,0.90825,1.7308,4.0943,3.0212
0.7,4.4057,3.2066,2.601,3.7878,3.6861,1.3258,10.706,0.95839,3.9583,4.1456,10.104,7.2732,3.9513,4.0031,2.6466,7.3233,3.4078,1.6947,4.1121,9.3831,2.0752,4.294,4.6533,1.4848,4.2884,0.93092,1.0681,1.6272,2.3649,4.0788,1.0438,1.6815,0.96785,1.2927,2.0034,1.05,1.8561,4.3625,3.1097
0.71,4.4555,3.2706,2.6866,3.8976,3.7094,1.4231,10.952,0.98197,4.0201,4.5114,10.402,7.8912,3.8952,3.84,2.773,7.6058,3.4732,1.7977,4.5247,9.7403,2.1616,4.5424,4.8663,1.5144,4.4405,0.92127,1.0846,1.765,2.3861,4.0987,1.1212,1.7846,0.985,1.4327,2.1622,1.207,1.972,4.7779,3.1532
0.72,4.4929,3.3317,2.759,3.9941,3.7143,1.4808,11.107,0.98411,4.0384,4.9199,10.69,8.5556,3.8294,3.6324,2.9004,7.8744,3.5132,1.9574,4.889,10.139,2.4402,4.7423,5.0523,1.5484,4.5952,0.91,1.131,1.893,2.4127,4.0652,1.1531,1.8993,1.0405,1.5888,2.3083,1.3555,2.0722,5.1847,3.1593
0.73,4.5189,3.3894,2.819,4.0778,3.6998,1.5019,11.368,0.96768,3.9999,5.3377,10.97,9.1227,3.7673,3.5318,3.0297,8.1281,3.5382,2.1485,5.1989,10.514,2.8219,4.8761,5.213,1.5756,4.7544,0.89612,1.2085,2.0733,2.4435,4.0187,1.1361,2.0067,1.0563,1.7316,2.4278,1.482,2.1515,5.5422,3.1526
0.74,4.5348,3.4451,2.8649,4.1493,3.6664,1.4883,11.509,0.93889,4.2953,5.7279,11.261,9.575,4.1977,3.385,3.1628,8.3685,3.5653,2.3337,5.4463,11.164,3.2411,4.9334,5.35,1.5933,4.9156,0.87952,1.3123,2.3072,2.4779,3.9954,1.0812,2.0851,1.0266,1.8496,2.5014,1.5706,2.203,5.8243,3.1577
0.75,4.5429,3.4971,2.8974,4.2093,3.6127,1.4393,11.504,0.94363,4.6156,6.0582,11.548,9.8991,4.7825,3.536,3.2948,8.598,3.6053,2.486,5.6301,12.649,3.6283,4.9164,5.4653,1.71,5.0772,0.86136,1.4306,2.5451,2.515,4.0375,1.0124,2.1287,0.95459,1.9495,2.516,1.6055,2.2194,6.0251,3.182
0.76,4.5431,3.6874,2.919,4.2573,3.5428,1.3612,11.347,1.032,4.9349,6.3066,11.829,10.088,5.3487,3.6025,3.4256,8.8206,3.666,2.5949,5.7499,13.971,3.9341,4.8363,5.5607,1.8217,5.2395,0.84193,1.5487,2.7594,2.5534,4.1489,0.9579,2.1361,0.87614,2.0394,2.499,1.579,2.1969,6.1424,3.211
0.77,4.5373,3.9516,2.9319,4.2934,3.4582,1.3563,11.279,1.1084,5.3254,6.4542,12.112,10.14,5.8743,3.6068,3.5596,9.0393,3.7414,2.6716,5.804,15.093,4.1953,4.7192,5.6386,1.9137,5.4028,0.82304,1.6528,2.9376,2.5914,4.2988,0.9362,2.1026,0.90599,2.1161,2.5377,1.6186,2.1671,6.1877,3.2197
0.78,4.5271,4.1985,2.9602,4.3182,3.3863,1.3584,11.501,1.1612,6.0364,6.4951,12.405,10.065,6.3577,3.5732,3.6916,9.2481,3.819,2.7402,5.7989,16.067,4.3938,4.5944,5.7012,1.9944,5.5649,0.81266,1.7355,3.0724,2.6272,4.4454,0.93813,2.0456,0.97141,2.1693,2.4942,1.6792,2.1697,6.1695,3.1934
0.79,4.5126,4.4241,3.0106,4.3328,3.5515,1.3465,11.616,1.1745,6.7633,6.4297,12.692,9.9568,6.8073,3.5515,3.8218,9.4434,3.9014,2.8315,5.7399,16.975,4.4812,4.4862,5.7497,2.1195,5.7248,0.8671,1.7927,3.1752,2.6591,4.5376,0.9453,2.0074,1.0431,2.1922,2.4658,1.701,2.1443,6.1012,3.1377
0.8,4.4952,4.6477,3.1683,4.3968,3.7275,1.322,11.638,1.1572,7.4727,6.267,12.974,10.255,7.2016,3.616,3.9503,9.6198,3.9463,2.9642,5.6341,17.902,4.5013,4.4013,5.7864,2.1733,5.8836,0.92305,1.8248,3.3809,2.6857,4.5441,0.93716,2.0126,1.1048,2.1881,2.3896,1.6842,2.1121,5.9918,3.0724
0.81,4.4766,4.8904,3.4131,4.5107,3.9141,1.289,11.581,1.1231,8.1375,6.0215,13.268,10.556,7.537,3.682,4.0794,9.771,3.9383,3.1339,5.6198,18.888,4.537,4.3273,5.8131,2.1667,6.0411,0.9813,1.8343,3.602,2.7063,4.4525,0.91154,2.0384,1.1517,2.1669,2.2881,1.6355,2.0863,5.8521,3.0213
0.82,4.4561,5.0965,3.6335,4.6173,4.1239,1.2522,11.457,1.1131,8.7329,5.7166,13.557,10.852,7.8528,3.7581,4.2077,9.89,4.0439,3.3166,6.0639,19.914,4.5047,4.238,5.8314,2.1824,6.2002,1.0415,1.8292,3.8162,2.7205,4.2725,0.9082,2.0427,1.1978,2.1418,2.2898,1.561,2.0667,5.6912,2.9912
0.83,4.4346,5.2671,3.828,4.7159,4.3597,1.2281,11.275,1.2512,9.2324,5.3832,13.837,11.14,8.0975,3.8431,4.3339,9.9749,4.0954,3.4774,6.3826,20.922,4.4255,4.1123,5.842,2.1716,6.3651,1.1026,1.8213,4.0638,2.7282,4.0388,0.88663,2.1616,1.2518,2.1334,2.3301,1.4687,2.0443,5.5183,2.98
0.84,4.4138,5.4024,3.9955,4.8074,4.6032,1.3177,11.044,1.4035,9.6208,5.5543,14.118,11.415,8.2752,3.93,4.5813,10.015,4.0946,3.5884,6.5499,22.033,4.3367,3.9417,5.8455,2.1495,6.5386,1.1631,1.8255,4.2827,2.7306,3.8061,0.8568,2.3967,1.3439,2.1666,2.3454,1.5111,2.0097,5.3401,2.9745
0.85,4.3925,5.5018,4.1351,4.8931,4.8525,1.404,10.768,1.5562,9.889,5.7409,14.399,11.674,8.4186,4.0125,4.9093,10.002,4.0515,3.6311,6.5589,23.495,4.2742,3.7336,5.8419,2.1286,6.723,1.2221,1.8579,4.461,2.7288,3.6469,0.84068,2.6343,1.4763,2.2331,2.3356,1.6399,2.0301,5.1652,2.9757
0.86,4.371,5.5675,4.2478,4.9742,5.105,1.4827,10.45,1.7064,10.041,5.9292,14.667,11.917,8.468,4.0888,5.2382,9.9329,3.9808,3.6031,6.5528,24.776,4.2552,3.5056,5.8312,2.1122,6.9199,1.2783,1.9282,4.5717,2.7239,3.6329,0.83961,2.846,1.5866,2.3394,2.386,1.7404,2.061,5.0003,2.995
0.87,4.3494,5.617,4.332,5.053,5.3586,1.5518,10.092,1.8374,10.069,6.1167,14.927,12.144,8.5087,4.1443,5.5678,9.803,3.8995,3.5158,6.645,25.848,4.2778,3.4478,5.8133,2.105,7.1288,1.3308,2.036,4.6129,2.7177,3.7964,0.83685,3.0173,1.6699,2.4771,2.4769,1.8182,2.0801,4.8531,3.0352
0.88,4.3275,5.7192,4.3914,5.1322,5.6106,1.6083,9.6975,1.9358,9.982,6.3043,15.19,12.357,8.4565,4.1723,5.8951,9.6121,3.8198,3.4635,6.6974,26.7,4.3271,3.4336,5.7883,2.1763,7.3483,1.379,2.1683,4.5704,2.7132,4.1133,0.85652,3.1464,1.7272,2.6272,2.531,1.8816,2.0896,4.733,3.0962
0.89,4.3053,5.8136,4.4241,5.2142,5.8587,1.6494,9.2702,1.991,9.8099,6.4902,15.439,12.552,8.3957,4.1672,6.2191,9.5123,3.7485,3.5098,6.8985,27.346,4.3814,3.4155,5.7552,2.2422,7.5714,1.4218,2.3038,4.4417,2.7225,4.514,0.89298,3.2449,1.7644,2.7735,2.5779,1.9373,2.0952,4.6435,3.1716
0.9,4.2829,5.8965,4.4328,5.3004,6.101,1.671,8.8159,1.9972,9.9523,6.6753,15.674,12.731,8.2555,4.1256,6.5388,9.5221,3.6835,3.5475,7.2765,27.816,4.418,3.4025,5.7138,2.3026,7.7926,1.4578,2.4189,4.3891,2.7599,4.9311,0.93227,3.3104,1.7882,2.9065,2.6199,1.9837,2.1052,4.5916,3.2541
0.91,4.2601,5.9609,4.4203,5.3926,6.3375,1.6697,8.9553,1.9541,10.124,6.8574,15.914,12.891,8.118,4.0493,6.8537,9.469,3.6162,3.6042,7.6903,28.134,4.4196,3.3982,5.6637,2.3557,8.0057,1.4852,2.491,4.465,2.7981,5.3087,0.96822,3.3312,1.8029,3.0245,2.6156,2.0157,2.1263,4.576,3.3256
0.92,4.237,6.001,4.3897,5.4919,6.6835,1.6424,9.0941,1.873,10.178,7.0386,16.146,13.031,7.9168,3.937,7.1667,9.363,3.5365,3.7003,8.1508,28.319,4.3805,3.5414,5.6101,2.3986,8.2064,1.5019,2.5033,4.5116,2.8381,5.6077,0.99586,3.2933,1.8132,3.1264,2.5649,2.0266,2.1615,4.5935,3.3862
0.93,4.2142,6.0121,4.3476,5.5986,7.2999,1.5902,9.2279,1.8158,10.207,7.2163,16.37,13.15,7.7183,3.7896,7.4755,9.2167,3.4366,3.8426,8.6667,28.388,4.3079,3.7131,5.5858,2.4351,8.3916,1.506,2.4904,4.5262,2.8807,5.8055,1.0116,3.2023,1.8357,3.2052,2.4773,2.0088,2.207,4.6384,3.4219
0.94,4.1921,5.993,4.2993,5.7112,7.9136,1.517,9.3589,1.7564,10.199,7.3916,16.622,13.247,7.4845,3.6109,7.7785,9.5333,3.3148,4.0239,9.2316,28.346,4.2174,3.8999,5.5536,2.4586,8.5636,1.4956,2.5823,4.5105,2.927,5.8994,1.0159,3.0885,1.867,3.2481,2.3683,1.9584,2.2545,4.6992,3.4351
0.95,4.1702,5.9453,4.2497,5.8301,8.5178,1.4281,9.4902,1.7122,10.166,8.0704,16.884,13.32,7.2372,3.4172,8.0754,9.8722,3.179,4.2236,9.8256,28.186,4.1249,4.1048,5.5121,2.5126,8.7221,1.4693,2.6765,4.4669,2.9779,5.8883,1.0068,2.988,1.8963,3.2442,2.2576,1.8738,2.2953,4.7658,3.4299
0.96,4.1489,5.8696,4.202,5.952,9.1061,1.4346,9.6259,1.6914,10.128,8.7255,17.127,13.369,6.992,3.2836,8.3658,10.187,3.1912,4.416,10.429,27.895,4.0403,4.3282,5.4616,2.6775,8.8732,1.4272,2.7729,4.3989,3.0345,5.7909,1.0055,2.9206,1.9088,3.187,2.1667,1.7599,2.3205,4.8249,3.4079
0.97,4.13,5.7658,4.1576,6.0769,9.6728,1.4423,9.7666,1.6992,10.102,9.333,17.351,13.393,6.7294,3.198,8.653,10.477,3.2093,4.577,11.031,27.466,3.9652,4.5676,5.4022,2.8532,9.0175,1.4647,2.8706,4.3111,3.0975,5.6244,1.0131,2.8875,1.9015,3.0831,2.1131,1.6261,2.3252,4.8652,3.3769
0.98,4.1122,5.6348,4.1176,6.2025,10.213,1.4451,9.9147,1.7351,10.095,9.8823,17.558,13.393,6.468,3.0983,8.9363,10.755,3.1823,4.6932,11.621,26.892,3.8916,4.8092,5.3345,3.0395,9.1596,1.4817,2.9682,4.2088,3.1666,5.4169,1.0133,2.8796,1.8757,2.9472,2.1063,1.4889,2.3103,4.8778,3.3427
0.99,4.0969,5.4807,4.0821,6.327,10.727,1.4468,10.074,1.7818,10.107,10.37,17.745,13.371,6.2228,3.0087,9.2133,11.006,3.2264,4.7568,12.192,26.178,3.8078,5.0633,5.259,3.2306,9.3012,1.4783,3.0642,4.096,3.2418,5.22,1.0111,2.9907,1.8746,2.7951,2.1453,1.4013,2.2793,4.8536,3.3047
1,4.0842,5.3023,4.0502,6.4489,11.208,1.4503,10.246,1.8227,10.135,10.792,17.911,13.326,5.981,2.9679,9.484,11.23,3.2327,4.7686,12.748,25.344,3.7039,5.4138,5.1762,3.4244,9.4423,1.4562,3.1576,3.9754,3.3228,5.3291,1.0113,3.1324,1.9048,2.6383,2.2192,1.451,2.2395,4.7884,3.2697
1.01,4.0743,5.1049,4.0217,6.5649,11.656,1.4558,10.43,1.8581,10.173,11.146,18.093,13.258,5.7502,2.9394,9.7488,11.424,3.2531,4.7712,13.303,24.426,3.5745,5.7151,5.0865,3.6193,9.585,1.4178,3.2478,3.8512,3.4092,5.3515,1.0169,3.2512,1.9452,2.4787,2.31,1.4883,2.199,4.678,3.2333
1.02,4.0676,5.1057,3.9983,6.6752,12.069,1.4611,10.626,1.8785,10.214,11.425,18.302,13.166,5.5369,2.9304,10.01,11.601,3.4784,4.795,13.899,23.458,3.4208,5.9642,4.9907,3.8133,9.7268,1.3664,3.3344,3.7215,3.5003,5.3142,1.0284,3.3236,2.028,2.3811,2.3996,1.5138,2.1643,4.7266,3.1967
1.03,4.0647,5.1626,3.9819,6.7758,12.445,1.4619,10.836,1.8853,10.253,11.627,18.515,13.052,5.3464,2.9447,10.27,12.269,3.7092,4.7849,14.582,22.484,3.3369,6.1739,4.889,4.0029,9.8643,1.3114,3.4171,3.5868,3.5963,5.2443,1.0452,3.3395,2.1237,2.345,2.4735,1.5282,2.141,4.835,3.1749
1.04,4.0649,5.218,3.9729,6.8674,12.783,1.4802,11.057,1.8907,10.294,11.749,18.727,12.918,5.183,2.9837,10.524,13.33,3.9208,4.7523,15.369,21.546,3.2311,6.3643,4.782,4.1879,9.9969,1.3488,3.4958,3.4471,3.6954,5.214,1.0934,3.317,2.2153,2.3309,2.5211,1.5319,2.1306,4.9405,3.1584
1.05,4.0694,5.2724,3.9716,6.9472,13.082,1.522,11.287,1.8913,10.329,11.788,18.935,12.832,5.0501,3.0473,10.774,14.408,4.0951,4.7103,16.207,20.913,3.1112,6.5597,4.67,4.3693,10.119,1.3865,3.5706,3.3047,3.7965,5.5262,1.1713,3.2841,2.2952,2.2923,2.5708,1.5247,2.1323,5.0421,3.127
1.06,4.0779,5.3248,3.9797,7.0144,13.342,1.5337,11.522,1.9019,10.358,11.744,19.137,13.416,4.9502,3.1257,11.019,15.49,4.2219,4.6699,16.989,22.281,2.9901,6.779,4.5535,4.5443,10.23,1.4237,3.6417,3.1587,3.8997,5.956,1.2373,3.2625,2.3565,2.2807,2.6153,1.5072,2.1431,5.1398,3.0795
1.07,4.0901,5.3749,3.9987,7.0702,13.561,1.5192,11.762,1.9165,10.385,11.617,19.331,13.913,4.8848,3.2122,11.26,16.57,4.2967,4.6388,17.598,23.781,2.8817,7.0357,4.4326,4.7125,10.327,1.46,3.7094,3.0112,4.0037,6.4119,1.2904,3.2577,2.3948,2.2272,2.6302,1.4801,2.1585,5.2337,3.0167
1.08,4.1064,5.4227,4.0865,7.113,13.743,1.4843,12.003,1.9431,10.424,11.413,19.529,14.82,4.8651,3.2985,11.495,17.642,4.3214,4.6202,17.973,25.205,2.8013,7.3219,4.3172,4.8734,10.411,1.4945,3.774,3.0609,4.1072,6.8592,1.3326,3.2616,2.4104,2.1306,2.6197,1.4445,2.173,5.3234,2.9445
1.09,4.1275,5.4683,4.1931,7.1438,13.885,1.4359,12.242,1.9731,10.468,11.133,19.721,15.718,4.887,3.3731,11.73,18.694,4.3033,4.6149,18.121,26.533,2.7614,7.6186,4.2931,5.0282,10.484,1.5267,3.8357,3.1115,4.211,7.2801,1.3666,3.2677,2.4008,2.1907,2.6565,1.402,2.1829,5.4096,2.8746
1.1,4.1526,5.5118,4.2968,7.1645,13.992,1.494,12.475,2.0002,10.525,10.788,19.9,16.493,4.9439,3.4279,11.96,19.723,4.2561,4.6206,18.118,27.741,2.7681,7.8982,4.2292,5.1766,10.545,1.5565,3.8945,3.1659,4.3123,7.6604,1.3969,3.3534,2.3632,2.3467,2.8122,1.3549,2.1843,5.4918,2.8148
1.11,4.1818,5.5533,4.3971,7.1775,14.062,1.5756,12.7,2.0269,10.603,10.38,20.074,17.137,5.0342,3.4564,12.186,20.724,4.2705,4.6341,18.039,28.807,2.8218,8.1453,4.3261,5.3175,10.597,1.6549,3.9508,3.2205,4.4131,8.0001,1.4267,3.4528,2.3013,2.4771,2.9606,1.3062,2.176,5.8402,2.7745
1.12,4.2153,5.593,4.4945,7.1847,14.099,1.6528,12.916,2.038,10.693,10.089,20.246,17.646,5.1648,3.4545,12.406,21.69,4.3931,4.6533,17.931,29.704,2.9176,8.3632,4.4126,5.4498,10.641,1.764,4.0042,3.2743,4.5104,8.2978,1.4591,3.5238,2.2232,2.578,3.0926,1.3251,2.1589,6.1989,2.7621
1.13,4.2537,5.631,4.5902,7.1894,14.105,1.7254,13.121,2.0456,10.802,10.216,20.401,18.022,5.327,3.4204,12.621,22.684,4.5089,4.6774,17.785,30.415,3.0472,8.5725,4.4749,5.6145,10.682,1.8575,4.0545,3.3266,4.6057,8.554,1.4961,3.5918,2.1369,2.702,3.2059,1.36,2.1349,6.5456,2.7753
1.14,4.2964,5.6673,4.6845,7.1918,14.079,1.793,13.311,2.039,10.923,10.341,20.553,18.265,5.5128,3.3551,12.831,23.804,4.6187,4.7058,17.559,30.935,3.2014,8.8007,4.5134,5.8022,10.719,1.9797,4.1014,3.3768,4.6975,8.7653,1.5389,3.8082,2.0501,2.853,3.2986,1.4006,2.1079,6.8766,2.8073
1.15,4.3434,5.7019,4.7777,7.1916,14.025,1.8558,13.485,2.0454,11.045,10.465,20.7,18.38,5.7187,3.2617,13.036,24.876,4.724,4.7393,17.218,31.276,3.3708,9.0618,4.5322,5.9481,10.756,2.1038,4.1447,3.4246,4.7857,8.9691,1.5883,4.057,1.9692,2.9673,3.3668,1.4326,2.0822,7.1917,2.8498
1.16,4.3946,5.7346,4.8679,7.1893,13.947,1.9139,13.642,2.0803,11.168,10.587,20.828,18.373,5.9408,3.1452,13.237,25.891,4.8251,4.779,16.765,31.463,3.5474,9.3535,4.5341,6.0455,10.793,2.2134,4.1843,3.4695,4.871,9.1862,1.6433,4.3122,1.8956,3.042,3.4083,1.457,2.0622,7.4882,2.9003
1.17,4.4501,5.7656,4.9523,7.2079,13.844,1.9677,13.781,2.1167,11.282,10.707,20.961,18.251,6.1754,3.1426,13.434,26.844,4.9215,4.8251,16.262,31.535,3.7229,9.6571,4.5228,6.0994,10.833,2.307,4.2189,3.5158,4.952,9.3405,1.704,4.5509,1.8308,3.079,3.4225,1.4758,2.0515,7.7653,3.0109
1.18,4.5105,5.7949,5.0714,7.261,13.721,2.0171,13.898,2.1543,11.377,10.826,21.079,18.022,6.4185,3.1299,13.628,27.733,5.0261,4.8757,16.272,31.522,3.8886,9.9452,4.5024,6.1039,10.877,2.3838,4.2488,3.5592,5.0288,9.4399,1.7673,4.7608,1.7819,3.0813,3.4931,1.4905,2.0515,8.0224,3.1189
1.19,4.575,5.8231,5.2067,7.3089,13.578,2.0623,13.996,2.1956,11.446,10.942,21.186,17.701,6.6661,3.0904,13.817,28.564,5.3546,4.9268,16.224,31.449,4.0357,10.192,4.4757,6.0689,10.926,2.4435,4.2726,3.5992,5.1025,9.4949,1.8303,4.9379,1.7677,3.0573,3.6049,1.5013,2.062,8.2568,3.216
1.2,4.6434,5.8501,5.3324,7.3516,13.418,2.1037,14.072,2.2293,11.483,11.056,21.292,17.305,6.9142,3.0283,14.002,29.322,5.6958,4.9729,16.119,31.343,4.1541,10.382,4.5269,6.0417,10.98,2.4865,4.2913,3.6356,5.1718,9.5179,1.889,5.0854,1.7347,3.0149,3.7032,1.5079,2.0813,8.4708,3.2979
1.21,4.7157,5.8759,5.4401,7.3885,13.245,2.1412,14.124,2.2627,11.564,11.169,21.377,16.935,7.159,2.9519,14.183,30.003,6.0327,5.0059,15.961,31.199,4.2363,10.511,4.6096,6.0562,11.04,2.5136,4.3036,3.6684,5.2367,9.522,1.9396,5.2127,1.688,2.9624,3.7801,1.5098,2.1057,8.6626,3.3608
1.22,4.7922,5.9004,5.5273,7.4184,13.059,2.1751,14.154,2.2816,11.717,11.279,21.469,16.522,7.3966,2.8652,14.36,30.612,6.3517,5.0208,15.753,31.02,4.2749,10.59,4.6786,6.06,11.107,2.5263,4.3096,3.6973,5.2973,9.5199,1.9793,5.3332,1.6822,3.0674,3.8307,1.5614,2.1313,8.8324,3.4053
1.23,4.8724,5.9236,5.5909,7.4403,12.863,2.2054,14.162,2.2936,11.832,11.387,21.54,16.054,7.6348,2.7741,14.568,31.159,6.6421,5.0111,15.496,30.787,4.2656,10.639,4.7351,6.055,11.183,2.5265,4.3728,3.7273,5.3543,9.5231,2.0068,5.4585,1.6935,3.1687,3.853,1.6747,2.1546,8.9813,3.4336
1.24,4.9558,5.9457,5.6325,7.454,12.659,2.2321,14.147,2.2892,11.906,11.493,21.61,15.544,7.8664,2.6964,14.866,31.631,6.8971,4.9687,15.193,30.492,4.2077,10.747,4.781,6.0417,11.266,2.5167,4.4739,3.7534,5.4063,9.5414,2.0236,5.6415,1.6949,3.2432,3.8499,1.7864,2.1724,9.1096,3.4488
1.25,5.0425,5.9667,5.6513,7.4596,12.451,2.2558,14.113,2.2773,11.946,11.597,21.667,15.008,8.0832,2.7559,15.16,32.029,7.1104,5.2586,14.846,30.121,4.104,10.896,4.8182,6.0192,11.357,2.4997,4.5298,3.7752,5.4538,9.591,2.0331,5.8405,1.6896,3.2966,3.8268,1.8949,2.2669,9.2161,3.4547
1.26,5.1326,5.9867,5.6499,7.4575,12.238,2.2772,14.059,2.2522,11.944,11.698,21.715,14.458,8.2826,2.8686,15.442,32.367,7.2806,5.5768,14.458,29.672,3.96,11.093,4.8486,5.9878,11.457,2.4785,4.5383,3.7927,5.4975,9.6694,2.0406,6.0552,1.6812,3.3325,3.7913,1.9996,2.4332,9.3011,3.4561
1.27,5.225,6.0061,5.6325,7.4479,12.022,2.2974,13.989,2.2257,11.9,11.797,21.759,13.99,8.4763,2.98,15.712,32.644,7.4066,5.8866,14.033,29.147,3.7836,11.353,4.8737,6.0158,11.566,2.4572,4.5549,3.8056,5.5357,9.7837,2.0521,6.288,1.6727,3.3529,3.7506,2.1003,2.5948,9.7056,3.4574
1.28,5.3202,6.0245,5.6014,7.4313,11.806,2.3183,13.902,2.2179,11.828,11.893,21.787,14.049,8.6582,3.0897,15.969,32.854,7.4883,6.1826,13.572,28.68,3.584,11.67,4.8945,6.0555,11.684,2.4402,4.5844,3.8174,5.5709,9.933,2.0736,6.5401,1.6667,3.3628,3.7099,2.1968,2.7477,10.101,3.4603
1.29,5.4177,6.0419,5.5554,7.4072,11.589,2.34,13.801,2.2,11.724,11.987,21.817,14.104,8.8173,3.1931,16.214,33,7.5275,6.4618,13.666,28.782,3.3709,12.022,4.9123,6.0912,11.81,2.4752,4.5602,3.8258,5.6008,10.111,2.1084,6.8101,1.6645,3.4416,3.6721,2.2887,2.8885,10.53,3.4679
1.3,5.5168,6.0583,5.5123,7.3756,11.374,2.3624,13.685,2.176,11.594,12.078,21.826,14.154,8.9607,3.3626,16.45,33.095,7.5267,6.7195,14.034,28.84,3.1554,12.377,4.9271,6.1217,11.943,2.5136,4.4871,3.8291,5.6274,10.318,2.1562,7.0924,1.6654,3.5131,3.6379,2.375,3.0149,11.045,3.4824
1.31,5.6183,6.0737,5.5329,7.336,11.16,2.3845,13.553,2.2158,11.451,12.167,21.842,14.201,9.0974,3.5268,16.676,33.14,7.489,6.9513,14.336,28.857,3.1553,12.692,4.9383,6.1458,12.085,2.5433,4.3735,3.8271,5.6495,10.54,2.2142,7.3773,1.6684,3.5751,3.6068,2.4545,3.1257,11.538,3.5053
1.32,5.7205,6.0883,5.5468,7.3541,10.949,2.4057,13.936,2.2803,11.293,12.255,21.84,14.244,9.2086,3.6762,16.89,33.133,7.4138,7.1544,14.534,28.84,3.148,12.922,4.9459,6.1623,12.233,2.5645,4.241,3.8197,5.6683,10.77,2.2761,7.6517,1.6745,3.6252,3.5771,2.5255,3.2203,12.006,3.5368
1.33,5.8248,6.1021,5.5537,7.395,10.741,2.4259,14.381,2.3266,11.138,12.34,21.838,14.282,9.2972,3.8016,17.091,33.078,7.3015,7.3273,14.628,28.797,3.1043,13.035,4.9492,6.1739,12.388,2.6007,4.2739,3.8116,5.6833,11,2.336,7.9058,1.6936,3.6609,3.5467,2.6121,3.2977,12.449,3.5764
1.34,5.9294,6.1153,5.5529,7.434,10.534,2.4443,14.791,2.3585,10.985,12.424,21.825,14.318,9.3837,3.9021,17.281,32.981,7.1544,7.4699,14.643,28.729,3.0296,13.002,4.9469,6.1789,12.551,2.6474,4.293,3.7983,5.6953,11.224,2.3883,8.1328,1.7381,3.6806,3.5141,2.6908,3.3568,12.866,3.6224
1.35,6.0353,6.1279,5.5452,7.4713,10.333,2.4608,15.171,2.378,10.842,12.506,21.805,14.349,9.4441,3.9699,17.46,32.855,6.9746,7.5826,14.615,28.636,2.9298,12.811,4.9396,6.1742,12.719,2.7526,4.3001,3.7796,5.7041,11.433,2.4293,8.3346,1.8084,3.6807,3.4785,2.7571,3.3972,13.255,3.6724
1.36,6.1415,6.1403,5.529,7.5066,10.172,2.475,15.518,2.3838,10.726,12.585,21.782,14.375,9.5286,4.0067,17.631,32.698,6.7669,7.6651,14.574,28.514,2.8119,12.459,4.9256,6.1667,12.893,2.8754,4.2958,3.7554,5.7103,11.621,2.4566,8.514,1.8761,3.657,3.4395,2.8114,3.42,13.643,3.7252
1.37,6.248,6.1529,5.5057,7.5398,10.037,2.4871,15.837,2.3729,10.634,12.664,21.744,14.398,9.6111,4.0096,17.79,32.51,6.5369,7.7171,14.536,28.36,2.6837,11.961,4.9048,6.1481,13.071,3.0122,4.2816,3.727,5.7137,11.784,2.4702,8.6697,1.9377,3.6054,3.3963,2.8544,3.427,14.108,3.7745
1.38,6.355,6.1663,5.4735,7.571,9.9061,2.4968,16.127,2.3427,10.571,12.741,21.713,14.417,9.6939,3.9798,17.937,32.296,6.2906,7.7387,14.497,28.171,2.5512,11.79,4.8781,6.1267,13.255,3.1591,4.2592,3.6969,5.7151,11.917,2.4723,8.7924,1.9915,3.5236,3.3477,2.8856,3.4245,14.536,3.8171
1.39,6.4616,6.1813,5.4334,7.5998,9.7773,2.5043,16.389,2.2934,10.543,12.817,21.666,14.43,9.7487,3.923,18.072,32.06,6.0332,7.7312,14.443,27.956,2.4205,11.996,4.8467,6.095,13.442,3.3121,4.2302,3.6618,5.7142,12.015,2.4655,8.8813,2.0346,3.4118,3.2927,2.9034,3.4323,14.929,3.8508
1.4,6.5686,6.1991,5.3836,7.6263,9.6505,2.5096,16.627,2.2278,10.552,12.892,21.619,14.442,9.7988,3.8424,18.194,31.805,5.7705,7.696,14.606,27.724,2.4528,12.203,4.8147,6.0607,13.632,3.4672,4.1955,3.6241,5.7116,12.082,2.4526,9.0318,2.0678,3.2718,3.2307,2.9081,3.4304,15.284,3.8862
1.41,6.6752,6.22,5.3248,7.6504,9.5279,2.513,16.837,2.1759,10.597,12.967,21.566,14.448,9.8345,3.7957,18.305,31.532,5.6545,7.6349,14.998,27.949,2.505,12.405,4.7907,6.0168,13.823,3.6207,4.1562,3.7726,5.7073,12.111,2.4379,9.1705,2.0912,3.2808,3.1621,2.9009,3.4222,15.6,3.9171
1.42,6.781,6.243,5.2562,7.6722,9.4068,2.5147,17.023,2.1675,10.682,13.04,21.503,14.45,9.8557,3.9556,18.404,31.247,5.6135,7.5489,15.311,28.358,2.5558,12.599,4.8132,5.9713,14.016,3.7694,4.1135,3.922,5.7017,12.102,2.4241,9.2863,2.1078,3.3332,3.0899,3.0113,3.4109,15.876,3.939
1.43,6.8869,6.2669,5.1773,7.6913,9.2873,2.5146,17.186,2.1474,10.799,13.114,21.445,14.449,9.8761,4.1104,18.493,30.95,5.5628,7.4397,15.536,28.709,2.6003,12.782,5.0322,5.917,14.209,3.9104,4.0679,4.0713,5.6947,12.055,2.4134,9.3706,2.1199,3.3733,3.0187,3.112,3.3988,16.112,3.9488
1.44,6.9922,6.2916,5.088,7.7075,9.1708,2.5131,17.326,2.1203,10.945,13.187,21.374,14.442,9.8734,4.2587,18.572,30.647,5.5045,7.3101,15.673,29.032,2.6357,12.95,5.2716,5.8619,14.401,4.0417,4.0199,4.2174,5.6867,11.975,2.4064,9.4147,2.1317,3.4006,3.0975,3.2,3.3868,16.307,3.9533
1.45,7.0965,6.3154,5.0757,7.7207,9.0547,2.5101,17.444,2.0841,11.114,13.26,21.302,14.434,9.8775,4.3984,18.641,30.351,5.4401,7.1629,15.728,29.347,2.7285,13.103,5.5185,5.7996,14.591,4.161,3.9701,4.3589,5.6777,11.864,2.406,9.4081,2.1459,3.4153,3.2211,3.2778,3.3749,16.464,3.9512
1.46,7.1999,6.338,5.1726,7.7307,8.9404,2.5059,17.541,2.0443,11.3,13.332,21.23,14.422,9.8567,4.5296,18.702,30.054,5.371,6.9997,15.718,29.676,2.8301,13.236,5.737,5.7365,14.779,4.2667,3.9188,4.4953,5.6679,11.727,2.443,9.3451,2.1661,3.4182,3.3407,3.3479,3.3626,16.582,3.946
1.47,7.3032,6.3591,5.2698,7.7374,8.8268,2.5006,17.619,2.0082,11.505,13.404,21.295,14.407,9.8399,4.6512,18.756,29.759,5.2997,6.8245,15.665,30.031,2.9249,13.352,5.9244,5.6681,14.963,4.3572,3.866,4.6281,5.657,11.575,2.4766,9.227,2.1935,3.411,3.4536,3.4099,3.349,16.663,3.9415
1.48,7.4054,6.3784,5.3682,7.7414,8.7133,2.4943,17.676,1.9948,11.714,13.476,21.361,14.389,9.8073,4.7612,18.803,29.48,5.2264,6.6385,15.607,30.415,3.0094,13.449,6.0779,5.5987,15.143,4.4318,3.8121,4.7587,5.6458,11.413,2.5031,9.0539,2.2291,3.3948,3.5572,3.4645,3.3327,16.71,3.9367
1.49,7.5066,6.3957,5.4663,7.742,8.6011,2.4871,17.713,2.0073,11.923,13.547,21.428,14.401,9.7658,4.8584,18.843,29.217,5.1526,6.4441,15.584,30.913,3.0806,13.529,6.1949,5.5253,15.319,4.4894,3.7572,4.8916,5.6332,11.249,2.5187,8.8226,2.2725,3.371,3.6494,3.5139,3.3131,16.724,3.9348
1.5,7.6067,6.4109,5.5651,7.7389,8.4878,2.4793,17.78,2.0304,12.13,13.619,21.489,14.574,9.7278,4.944,18.876,28.966,5.0794,6.2428,15.635,31.748,3.1358,13.593,6.31,5.4512,15.49,4.5293,3.7016,5.0483,5.621,11.097,2.5207,8.5333,2.3227,3.3424,3.7292,3.5604,3.29,16.709,3.9366
1.51,7.7058,6.5731,5.6634,7.7322,8.3756,2.4709,18.385,2.0637,12.324,13.691,21.544,14.697,9.6777,5.0159,18.903,28.746,5.0121,6.036,15.791,32.611,3.1729,13.644,6.4557,5.3732,15.656,4.552,3.9113,5.2062,5.6073,10.966,2.5966,8.2384,2.3816,3.3104,3.7961,3.6052,3.2631,16.667,3.9402
1.52,7.8043,6.7843,5.7614,7.7222,8.2621,2.4622,18.959,2.107,12.507,13.763,21.606,14.766,9.625,5.0724,18.925,28.544,5.0631,5.8255,16.058,33.479,3.1898,13.685,6.5917,5.2957,15.816,4.5571,4.1294,5.3941,5.5935,10.866,2.7002,7.9536,2.4459,3.2775,3.8516,3.6485,3.2328,16.599,3.9465
1.53,7.9018,6.9886,5.8589,7.7089,8.1488,2.4534,19.499,2.1587,12.67,13.835,21.663,14.787,9.5805,5.1164,18.942,28.373,5.1137,5.6124,16.418,34.34,3.1855,13.72,6.7175,5.2141,15.97,4.5452,4.3411,5.6154,5.5791,10.81,2.7979,7.627,2.5127,3.2463,3.896,3.6884,3.2221,16.508,3.9557
1.54,7.9981,7.1858,5.955,7.6918,8.0343,2.4449,20.004,2.2183,12.808,13.908,21.714,14.759,9.5317,5.1449,18.956,28.228,5.1643,5.8092,16.834,35.167,3.1594,13.752,6.8334,5.1337,16.118,4.5167,4.5446,5.818,5.5633,10.806,2.8863,7.294,2.5801,3.2183,4.1122,3.7217,3.2449,16.396,3.9645
1.55,8.0933,7.3756,6.0508,7.6707,7.9194,2.4368,20.472,2.2819,12.926,13.981,21.765,14.687,9.4816,5.1585,18.967,28.116,5.215,6.0565,17.252,35.954,3.207,13.855,6.9402,5.0508,16.261,4.4731,4.7375,6.0054,5.5481,10.864,2.9609,7.2099,2.6468,3.1926,4.3588,3.8203,3.3515,16.266,3.9729
1.56,8.1874,7.5583,6.1447,7.6461,7.8034,2.4301,20.902,2.3411,13.014,14.054,21.818,14.575,9.4417,5.1589,18.979,28.031,5.2654,6.286,17.62,36.681,3.2702,13.958,7.0386,4.9664,16.399,4.4153,4.9184,6.1752,5.5316,10.99,3.0203,7.0959,2.7123,3.1681,4.6191,3.9306,3.4625,16.117,3.9892
1.57,8.2804,7.7333,6.2365,7.6182,7.6867,2.4262,21.292,2.3955,13.071,14.127,21.865,14.423,9.4105,5.1439,18.99,27.984,5.3154,6.4903,17.891,37.352,3.321,14.064,7.1294,4.8831,16.532,4.3449,5.0863,6.3282,5.5142,11.189,3.062,6.9579,2.7765,3.1445,4.889,4.0301,3.5749,15.955,4.0258
1.58,8.3723,7.9002,6.3272,7.5865,7.5688,2.4264,21.641,2.5082,13.099,14.201,21.906,14.235,9.3913,5.117,19,27.962,5.3656,6.6638,18.034,37.961,3.3578,14.173,7.2133,4.7978,16.661,4.2636,5.2403,6.4668,5.4969,11.462,3.0875,6.8002,2.8401,3.1219,5.1655,4.1134,3.6893,15.78,4.0651
1.59,8.4631,8.0588,6.4153,7.5511,7.4504,2.4291,21.948,2.6256,13.098,14.275,21.952,14.125,9.4786,5.0763,19.008,27.981,5.4154,6.8057,18.035,38.518,3.3812,14.287,7.2907,4.7121,16.785,4.1734,5.3799,6.5925,5.4782,11.804,3.095,6.6253,2.901,3.1006,5.4442,4.1756,3.806,15.594,4.1058
1.6,8.5531,8.209,6.5007,7.5126,7.3305,2.4331,22.211,2.7417,13.064,14.349,21.995,14.096,9.5591,5.0237,19.016,28.027,5.4648,6.9163,17.899,39.027,3.3924,14.407,7.3623,4.8314,16.906,4.1162,5.5048,6.7021,5.459,12.214,3.088,6.4366,2.9579,3.1235,5.7197,4.2142,3.9262,15.401,4.1472
1.61,8.642,8.3508,6.584,7.4714,7.2105,2.438,22.432,2.8469,12.998,14.422,22.032,14.067,9.6508,4.9615,19.023,28.103,5.514,6.9946,17.645,39.502,3.3935,14.533,7.4284,4.9328,17.024,4.084,5.6146,6.7956,5.4393,12.684,3.0673,6.4994,3.0087,3.1747,5.9862,4.2282,4.0491,15.202,4.1898
1.62,8.7298,8.4842,6.6646,7.4269,7.0888,2.4439,22.61,2.9416,12.902,14.496,22.066,14.038,9.7464,4.9425,19.106,28.214,5.5633,7.0413,17.302,39.951,3.3868,14.663,7.4891,5.0163,17.14,4.0398,5.7093,6.8741,5.4182,13.207,3.0373,6.5691,3.0517,3.2118,6.2384,4.217,4.1743,14.999,4.2337
1.63,8.8165,8.6092,6.742,7.38,6.9674,2.4505,22.745,3.0154,12.777,14.57,22.105,14.01,9.842,4.969,19.285,28.632,5.6125,7.0566,16.903,40.384,3.3747,14.798,7.545,5.083,17.253,4.0413,5.7888,6.9414,5.397,13.774,3.0026,6.6307,3.086,3.2333,6.4714,4.2415,4.3021,14.796,4.2797
1.64,8.9021,8.7261,6.8164,7.3309,6.8448,2.458,22.84,3.0654,12.623,14.643,22.138,13.985,9.9581,4.97,19.45,29.323,5.6617,7.0415,16.568,40.81,3.3595,14.935,7.5963,5.1332,17.364,4.0559,5.8531,7.0063,5.3747,14.376,2.969,6.6823,3.1119,3.2387,6.6813,4.2851,4.435,14.593,4.3237
1.65,8.9866,8.8345,6.8877,7.2798,6.7217,2.4661,22.894,3.0927,12.7,14.716,22.165,13.965,10.077,4.9468,19.602,30.012,5.7111,6.9988,16.964,41.228,3.3428,15.073,7.6429,5.1672,17.474,4.104,5.9025,7.0865,5.3572,15.01,2.9382,6.7239,3.1385,3.2271,6.8651,4.3112,4.5727,14.392,4.3636
1.66,9.0698,8.9345,6.956,7.2637,6.5986,2.4753,22.912,3.1007,12.754,14.789,22.192,13.95,10.201,4.9044,19.741,30.693,5.7609,6.9325,17.328,41.639,3.326,15.209,7.6851,5.1853,17.581,4.1445,5.9381,7.1596,5.3701,15.658,2.9088,6.7549,3.1751,3.1982,7.0207,4.3234,4.7121,14.197,4.459
1.67,9.152,9.0262,7.0213,7.2996,6.4748,2.4852,22.891,3.0928,12.786,14.862,22.221,13.939,10.343,4.8475,19.868,31.365,5.8113,6.8488,17.661,42.045,3.3102,15.342,7.7233,5.1884,17.688,4.1806,5.9595,7.2242,5.3849,16.323,2.8801,6.7773,3.2355,3.283,7.1464,4.3286,4.8525,14.007,4.695
1.68,9.233,9.1098,7.0839,7.3325,6.3513,2.4961,22.833,3.0715,12.793,14.935,22.245,13.93,10.495,4.7814,19.984,32.026,5.8625,6.7548,17.96,42.438,3.297,15.472,7.758,5.1774,17.793,4.2151,5.9671,7.2775,5.4005,16.99,2.8514,6.7919,3.2788,3.3892,7.2425,4.3384,4.9933,13.827,4.922
1.69,9.3129,9.1856,7.1437,7.3633,6.228,2.5082,22.74,3.2118,12.774,15.007,22.263,13.925,10.654,4.709,20.091,32.676,5.9447,6.6571,18.224,42.811,3.2871,15.594,7.7897,5.153,17.898,4.2504,5.9619,7.3185,5.4171,17.654,2.8458,6.8019,3.3066,3.4722,7.308,4.3572,5.1337,13.671,5.1323
1.7,9.3917,9.2545,7.2012,7.3916,6.1048,2.6266,22.606,3.3534,12.73,15.081,22.282,13.922,10.822,4.6334,20.188,33.321,6.0585,6.5629,18.453,43.157,3.2814,15.71,7.8187,5.1164,18.002,4.2889,5.9432,7.3464,5.4359,18.309,2.9881,6.8106,3.3226,3.5316,7.3411,4.3747,5.2729,13.538,5.319
1.71,9.4694,9.3162,7.257,7.4169,6.0001,2.7395,22.434,3.4812,12.665,15.154,22.301,13.923,11.01,4.558,20.545,33.948,6.1738,6.479,18.647,43.465,3.2802,15.816,7.8458,5.0696,18.105,4.3317,5.9126,7.3603,5.4615,18.953,3.1233,6.8223,3.3408,3.5677,7.3385,4.3855,5.4102,13.415,5.4783
1.72,9.5462,9.3711,7.312,7.4406,5.9432,2.8467,22.231,3.5887,12.574,15.228,22.315,13.927,11.205,4.4857,21.04,34.662,6.2903,6.4115,18.807,43.728,3.2837,15.915,7.8705,5.0121,18.207,4.3801,5.8695,7.359,5.4899,19.578,3.2524,6.8407,3.3733,3.5871,7.299,4.39,5.5444,13.303,5.6069
1.73,9.622,9.42,7.368,7.4616,5.8843,2.948,22.019,3.673,12.464,15.304,22.324,13.937,11.405,4.4185,21.518,35.37,6.4084,6.3664,18.936,43.937,3.2918,16.005,7.8941,4.9447,18.309,4.4343,5.8297,7.3415,5.5187,20.18,3.3751,6.8701,3.3969,3.6493,7.2235,4.3897,5.675,13.202,5.7025
1.74,9.6968,9.4635,7.4276,7.4802,5.8235,3.0457,21.816,3.7322,12.333,15.38,22.334,13.955,11.616,4.358,21.982,36.068,6.5284,6.348,19.035,44.089,3.3043,16.086,7.9167,4.8679,18.409,4.4947,5.8758,7.3074,5.5473,20.753,3.4918,6.9148,3.4029,3.728,7.1148,4.3866,5.8009,13.112,5.7639
1.75,9.7705,9.5017,7.4946,7.4969,5.7619,3.1747,21.643,3.7652,12.182,15.458,22.345,13.989,11.844,4.3087,22.428,36.756,6.6504,6.3614,19.109,44.179,3.3206,16.159,7.9381,4.7826,18.509,4.5603,5.915,7.2936,5.5753,21.296,3.6023,6.9788,3.4114,3.7873,6.9765,4.382,5.9214,13.036,5.7911
1.76,9.8433,9.5356,7.5733,7.5108,5.6982,3.3001,21.508,3.7718,12.017,15.538,22.35,14.043,12.075,4.2681,22.855,37.43,6.7745,6.4107,19.16,44.207,3.3398,16.225,7.9583,4.6893,18.608,4.6302,5.9468,7.2868,5.6024,21.805,3.7066,7.0661,3.5563,3.8261,6.8134,4.377,6.036,12.972,5.7856
1.77,9.9152,9.5667,7.66,7.5236,5.6334,3.4243,21.383,3.7771,11.834,15.62,22.35,14.216,12.307,4.2387,23.269,38.089,6.9007,6.4995,19.194,44.173,3.361,16.285,7.9777,4.6629,18.706,4.7032,5.9708,7.2771,5.6282,22.327,3.8047,7.1787,3.6888,3.8439,6.6281,4.373,6.1441,12.92,5.7509
1.78,9.9864,9.6675,7.7465,7.5334,5.5672,3.5807,21.26,3.7703,11.64,15.706,22.352,14.621,12.552,4.2181,23.661,38.731,7.0279,6.6307,19.215,44.585,3.383,16.34,7.9963,4.6714,18.803,4.7773,5.9869,7.2659,5.6533,22.909,3.8955,7.3178,3.8051,3.8404,6.4241,4.3702,6.2454,12.88,5.6914
1.79,10.057,9.8042,7.8314,7.542,5.5543,3.725,21.145,3.7401,11.433,15.796,22.353,15.059,12.805,4.2047,24.033,39.354,7.1562,6.8071,19.23,45.049,3.4047,16.391,8.0144,4.6705,18.899,4.8505,5.994,7.2689,5.677,23.459,3.9777,7.4835,3.9025,3.816,6.2041,4.3686,6.3396,12.851,5.6118
1.8,10.127,9.9348,7.9138,7.5481,5.5578,3.8556,21.194,3.689,11.216,15.892,22.35,15.511,13.055,4.1985,24.382,39.955,7.2852,7.0297,19.245,45.473,3.4252,16.441,8.0315,4.6641,18.994,4.9211,5.9923,7.2925,5.6989,23.976,4.0905,7.6735,3.9802,3.8605,5.9716,4.3678,6.4266,12.833,5.5164
1.81,10.196,10.06,7.9948,7.5529,5.5602,3.9711,21.437,3.6206,10.994,15.994,22.342,15.974,13.303,4.1951,24.711,40.531,7.4143,7.299,20.013,45.861,3.4429,16.489,8.0476,4.6528,19.088,4.9869,5.9814,7.3129,5.72,24.459,4.2135,7.885,4.0377,3.9092,5.7308,4.3673,6.5616,12.825,5.4086
1.82,10.263,10.182,8.0734,7.5554,5.5626,4.07,21.676,3.5386,10.763,16.103,22.336,16.449,13.567,4.1941,25.013,41.082,7.5429,7.6132,21.017,46.211,3.4567,16.54,8.0615,4.6382,19.216,5.0464,5.9613,7.327,5.7392,24.907,4.3243,8.114,4.0746,3.9509,5.4874,4.3664,6.696,12.827,5.2921
1.83,10.331,10.3,8.1503,7.5568,5.564,4.1519,21.91,3.4475,10.529,16.219,22.329,16.935,13.824,4.1931,25.296,41.605,7.6702,7.9696,21.991,46.525,3.4653,16.593,8.0731,4.6182,19.37,5.0979,5.9322,7.3326,5.757,25.321,4.4209,8.3555,4.0917,3.9852,5.248,4.3646,6.8212,12.836,5.1707
1.84,10.399,10.413,8.2254,7.5557,5.5649,4.2169,22.141,3.3586,10.297,16.338,22.318,17.43,14.071,4.1898,25.555,42.105,7.7958,8.3641,22.928,46.806,3.468,16.65,8.0824,4.5934,19.523,5.1403,5.8949,7.3281,5.7734,25.702,4.5024,8.6043,4.0907,4.0117,5.0196,4.3609,6.9367,12.852,5.0469
1.85,10.465,10.523,8.2983,7.554,5.5653,4.2655,22.367,3.271,10.064,16.462,22.303,17.93,14.332,4.1855,25.788,42.576,7.9191,8.7918,23.823,47.056,3.4633,16.713,8.0903,4.5627,19.675,5.172,5.8499,7.3153,5.7877,26.05,4.5676,8.8541,4.0759,4.0311,4.9353,4.3555,7.0424,12.874,4.9241
1.86,10.532,10.63,8.3694,7.5498,5.5649,4.3191,22.588,3.196,9.8338,16.589,22.291,18.43,14.584,4.1773,25.996,43.015,8.0399,9.2476,24.668,47.272,3.4506,16.781,8.0969,4.5283,19.827,5.1919,5.7976,7.2938,5.8012,26.364,4.6165,9.1008,4.0504,4.0435,4.9114,4.3498,7.1387,12.901,4.8056
1.87,10.599,10.734,8.438,7.545,5.5643,4.388,22.803,3.1792,9.6084,16.718,22.277,18.931,14.821,4.1672,26.183,43.421,8.1579,9.7253,25.458,47.454,3.4431,16.855,8.1033,4.4887,19.978,5.1989,5.739,7.2616,5.8129,26.645,4.6486,9.3393,4.0142,4.0499,4.8729,4.3452,7.2254,12.931,4.832
1.88,10.665,10.835,8.5048,7.5382,5.5626,4.448,23.012,3.1804,9.3901,16.85,22.258,19.429,15.071,4.2444,26.348,43.792,8.273,10.219,26.191,47.607,3.4284,16.936,8.1099,4.4469,20.127,5.2289,5.6738,7.2238,5.8229,26.894,4.6639,9.5685,3.9901,4.0529,4.8193,4.3425,7.3031,12.962,4.8695
1.89,10.732,10.93,8.5702,7.5301,5.5609,4.4994,23.217,3.1786,9.181,16.985,22.237,19.927,15.306,4.3789,26.489,44.125,8.3851,10.722,26.863,47.727,3.4051,17.024,8.1179,4.4016,20.276,5.3653,5.6019,7.1781,5.832,27.112,4.6648,9.7869,3.9571,4.0594,4.7515,4.3401,7.3726,13.017,4.9056
1.9,10.8,11.016,8.6344,7.521,5.5582,4.542,23.417,3.1777,8.983,17.122,22.219,20.421,15.531,4.5232,26.609,44.429,8.4942,11.226,27.473,47.812,3.3741,17.119,8.1279,4.3545,20.423,5.4962,5.5237,7.1273,5.8401,27.299,4.6515,9.9874,3.913,4.0717,4.6718,4.3358,7.4338,13.082,4.9402
1.91,10.869,11.092,8.6971,7.5099,5.5552,4.5762,23.611,3.1753,8.7977,17.26,22.197,20.913,15.759,4.6769,26.708,44.693,8.6003,11.726,28.02,47.864,3.3366,17.219,8.1408,4.3044,20.57,5.6215,5.4386,7.0736,5.8477,27.458,4.6277,10.165,3.86,4.0856,4.5814,4.3273,7.4875,13.148,5.0807
1.92,10.939,11.157,8.7583,7.4985,5.5515,4.6018,23.8,3.1718,8.6267,17.4,22.172,21.402,15.966,4.8387,26.788,44.917,8.7035,12.213,28.506,47.884,3.2944,17.325,8.1574,4.2509,20.715,5.7404,5.3468,7.017,5.8552,27.591,4.5949,10.321,3.8002,4.1669,4.4828,4.3136,7.5348,13.214,5.2129
1.93,11.01,11.214,8.8177,7.4854,5.5472,4.6192,23.984,3.168,8.4712,17.542,22.148,21.888,16.184,5.0068,26.848,45.1,8.8031,12.681,28.932,47.869,3.2494,17.435,8.1788,4.1944,20.859,5.8527,5.2477,6.9551,5.8623,27.7,4.5564,10.453,3.7351,4.3117,4.3781,4.2946,7.5756,13.279,5.3316
1.94,11.082,11.266,8.8749,7.471,5.5427,4.6284,24.164,3.2216,8.3321,17.684,22.123,22.371,16.38,5.1802,26.89,45.244,8.8998,13.122,29.302,47.818,3.204,17.549,8.2061,4.1351,21.003,5.9587,5.1409,6.8867,5.8687,27.783,4.5153,10.568,3.6659,4.4444,4.2915,4.2697,7.6106,13.341,5.4377
1.95,11.156,11.31,8.9303,7.4561,5.5372,4.6298,24.338,3.2802,8.2104,17.826,22.094,22.85,16.586,5.3577,26.915,45.351,8.993,13.533,29.616,47.737,3.1614,17.665,8.2397,4.0729,21.146,6.0584,5.0264,6.8152,5.874,27.843,4.4747,10.663,3.593,4.5624,4.3653,4.2397,7.641,13.401,5.5314
1.96,11.232,11.345,8.9837,7.6435,5.5316,4.6237,24.507,3.3422,8.1066,17.969,22.063,23.325,16.783,5.5383,26.924,45.424,9.0835,13.907,29.877,47.622,3.2567,17.783,8.2803,4.0078,21.289,6.1516,4.9045,6.7379,5.8779,27.879,4.4382,10.731,3.5169,4.6645,4.4484,4.2044,7.6668,13.457,5.6112
1.97,11.31,11.372,9.0348,7.8323,5.5253,4.6103,24.671,3.4026,8.0211,18.111,22.035,23.797,16.976,5.7211,26.918,45.456,9.1707,14.241,30.086,47.474,3.3578,17.901,8.329,3.9413,21.432,6.2389,4.7753,6.6552,5.8801,27.892,4.4094,10.773,3.4674,4.75,4.5361,4.1645,7.6895,13.508,5.6762
1.98,11.39,11.391,9.0835,8.0172,5.5186,4.5908,24.828,3.459,7.9542,18.253,22.004,24.265,17.177,5.9061,26.896,45.447,9.2544,14.532,30.246,47.297,3.4634,18.017,8.386,3.885,21.574,6.32,4.6393,6.5708,5.8814,27.883,4.3924,10.789,3.4577,4.8193,4.6243,4.1207,7.7097,13.553,5.7253
1.99,11.472,11.402,9.1307,8.1984,5.5114,4.5653,24.982,3.5131,7.9086,18.394,21.969,24.727,17.382,6.0912,26.861,45.397,9.333,14.781,30.359,47.091,3.5721,18.133,8.4517,3.8738,21.717,6.3951,4.4975,6.4817,5.8807,27.852,4.3896,10.775,3.4497,4.8726,4.7104,4.0738,7.7287,13.593,5.757
2,11.556,11.407,9.3736,8.3763,5.5036,4.5346,25.13,3.5622,7.8824,18.65,21.934,25.184,17.593,6.2755,26.813,45.312,9.4059,14.984,30.43,46.858,3.6827,18.245,8.5264,3.8615,21.86,6.4645,4.3508,6.389,5.8785,27.802,4.4034,10.734,3.445,4.9117,4.792,4.0249,7.7482,13.626,5.77
2.01,11.644,11.407,9.6516,8.5513,5.4956,4.4998,25.273,3.6047,7.8745,18.903,21.9,25.636,17.811,6.4579,26.754,45.194,9.4717,15.143,30.462,46.599,3.7937,18.353,8.6102,3.85,22.002,6.5281,4.2001,6.2948,5.8752,27.735,4.4352,10.67,3.4423,4.9377,4.8677,3.975,7.7693,13.652,5.7627
2.02,11.733,11.401,9.9257,8.7236,5.4868,4.4615,25.411,3.6457,7.8844,19.154,21.862,26.081,18.039,6.6375,26.686,45.038,9.5291,15.256,30.456,46.317,3.9039,18.457,8.7031,3.838,22.145,6.5863,4.0535,6.1972,5.8704,27.648,4.4853,10.586,3.4747,4.9525,4.9362,3.9249,7.7928,13.671,5.7343
2.03,11.825,11.389,10.196,8.8933,5.478,4.4207,25.544,3.6812,7.9116,19.404,21.822,26.52,18.273,6.8165,26.608,44.846,9.5778,15.325,30.418,46.01,4.0119,18.556,8.8048,3.8266,22.449,6.6389,4.0961,6.0982,5.8643,27.543,4.553,10.486,3.5215,4.9584,4.9968,3.8783,7.8194,13.681,5.8099
2.04,11.919,11.369,10.462,9.0602,5.4685,4.3782,25.671,3.7131,7.957,19.652,21.784,26.951,18.51,6.9911,26.523,44.621,9.6162,15.35,30.352,45.683,4.1167,18.648,8.9151,3.879,22.808,6.6863,4.1377,5.9989,5.8707,27.42,4.6372,10.374,3.5571,4.9576,5.049,3.9753,7.8493,13.684,5.8823
2.05,12.016,11.34,10.724,9.2241,5.4585,4.335,25.794,3.745,8.0196,19.898,21.744,27.375,18.744,7.1605,26.43,44.368,9.645,15.331,30.259,45.335,4.2177,18.735,9.0334,3.9726,23.166,6.7283,4.1784,5.8997,5.8805,27.283,4.7364,10.254,3.582,4.9527,5.0926,4.0792,7.8832,13.679,5.9373
2.06,12.113,11.301,10.982,9.3849,5.4483,4.2918,25.913,3.7745,8.0969,20.143,21.701,27.791,18.984,7.3263,26.336,44.081,9.663,15.271,30.146,44.966,4.3134,18.815,9.1595,4.0554,23.522,6.7646,4.2179,5.8036,5.8889,27.136,4.848,10.126,3.5975,4.9462,5.1274,4.1928,7.9213,13.665,5.9741
2.07,12.213,11.253,11.236,9.5424,5.4374,4.2497,26.025,3.8034,8.188,20.387,21.656,28.198,19.217,7.4873,26.235,43.76,9.6697,15.172,30.012,44.579,4.403,18.888,9.2922,4.1279,23.875,6.7952,4.2564,5.7125,5.8949,26.973,4.9695,10.171,3.6048,4.9405,5.1535,4.3183,7.9637,13.642,5.9926
2.08,12.313,11.197,11.485,9.6967,5.4265,4.2094,26.133,3.8364,8.2917,20.63,21.614,28.597,19.43,7.6411,26.129,43.405,9.7709,15.04,29.862,44.17,4.4859,18.955,9.4313,4.1909,24.249,6.8203,4.2941,5.6238,5.8999,26.799,5.0987,10.223,3.6056,4.9383,5.1713,4.4569,8.0098,13.611,5.9931
2.09,12.413,11.132,11.73,9.8484,5.4149,4.1716,26.235,3.8718,8.407,20.875,21.569,28.987,19.652,7.7901,26.017,43.396,9.902,14.878,29.698,43.744,4.5625,19.016,9.5758,4.2457,24.716,6.8394,4.3311,5.5355,5.9022,26.622,5.2332,10.252,3.6023,4.9417,5.1814,4.6089,8.0597,13.572,5.9774
2.1,12.514,11.061,11.97,9.9974,5.4029,4.1367,26.332,3.9118,8.5328,21.12,21.52,29.368,19.848,7.9326,25.901,43.383,10.034,14.691,29.522,43.294,4.6313,19.07,9.7245,4.294,25.172,6.8524,4.3673,5.4465,5.9035,26.433,5.3803,10.258,3.5972,4.9523,5.1848,4.7735,8.1128,13.524,5.9473
2.11,12.614,10.987,12.207,10.144,5.3907,4.1056,26.425,3.9588,8.6694,21.366,21.472,29.74,20.042,8.0663,25.78,43.345,10.168,14.484,29.338,42.825,4.6922,19.119,9.8771,4.3362,25.614,6.8594,4.4032,5.3575,5.9021,26.238,5.5504,10.244,3.5933,4.9718,5.1826,4.9495,8.1682,13.467,5.9044
2.12,12.714,10.911,12.438,10.289,5.3778,4.0786,26.512,4.0174,8.8138,21.615,21.425,30.103,20.217,8.1961,25.659,43.282,10.303,14.262,29.145,42.331,4.7462,19.163,10.032,4.3706,26.045,6.8606,4.4386,5.2679,5.8996,26.041,5.7231,10.21,3.5933,5.0003,5.1765,5.1351,8.2268,13.403,5.8539
2.13,12.814,10.834,12.664,10.432,5.3648,4.0562,26.594,4.0885,8.965,21.869,21.375,30.457,20.381,8.3164,25.535,43.194,10.44,14.029,28.945,41.814,4.7923,19.201,10.189,4.3958,26.463,6.8559,4.4738,5.1784,5.9198,25.834,5.8965,10.162,3.5998,5.0384,5.1681,5.3281,8.2877,13.366,5.7986
2.14,12.913,10.823,12.886,10.574,5.3514,4.0385,26.67,4.1733,9.1217,22.125,21.323,30.802,20.536,8.4301,25.407,43.082,10.578,13.789,28.741,41.27,4.8305,19.235,10.347,4.4315,26.87,6.8459,4.5087,5.0874,5.959,25.632,6.0686,10.1,3.6147,5.0852,5.1599,5.526,8.3519,13.358,5.7432
2.15,13.012,10.862,13.103,10.713,5.3373,4.0258,26.742,4.2725,9.2828,22.383,21.272,31.137,20.668,8.536,25.277,42.944,10.717,13.547,28.532,40.701,4.862,19.264,10.505,4.5114,27.264,6.8302,4.5433,4.9984,5.998,25.423,6.2376,10.028,3.6394,5.1395,5.1538,5.7266,8.4182,13.341,5.6922
2.16,13.11,10.9,13.315,10.851,5.3233,4.0184,26.809,4.3856,9.4472,22.641,21.22,31.463,20.801,8.6334,25.143,42.782,10.858,13.304,28.32,40.103,4.8867,19.29,10.662,4.5832,27.648,6.8093,4.5774,4.9087,6.0365,25.218,6.4026,9.9485,3.674,5.1997,5.1523,5.9278,8.4867,13.316,5.6499
2.17,13.207,10.934,13.521,10.988,5.3086,4.016,26.87,4.5134,9.6139,22.899,21.166,31.78,20.905,8.7242,25.008,42.596,11.001,13.063,28.104,39.476,4.9047,19.313,10.817,4.6474,28.019,6.7828,4.6109,4.8188,6.0741,25.012,6.562,9.8635,3.7177,5.2639,5.1578,6.1273,8.5573,13.284,5.6196
2.18,13.305,10.966,13.723,11.122,5.2935,4.0187,26.927,4.651,9.7817,23.154,21.109,32.088,21.061,8.8056,24.871,42.385,11.146,12.825,27.887,38.822,4.9167,19.333,10.969,4.7045,28.38,6.7509,4.6437,4.7298,6.111,24.809,6.714,9.776,3.7684,5.3294,5.1722,6.3227,8.6523,13.332,5.6035
2.19,13.401,10.995,13.919,11.255,5.2783,4.0263,26.977,4.7925,9.9502,23.407,21.056,32.386,21.263,8.8987,24.73,42.155,11.293,12.593,27.665,38.138,4.9239,19.351,11.119,4.7549,28.728,6.7136,4.676,4.6426,6.147,24.61,6.8571,9.7822,3.8232,5.394,5.1975,6.5114,8.7539,13.409,5.6028
2.2,13.497,11.022,14.11,11.385,5.2625,4.0388,27.023,4.9391,10.119,23.657,21,32.676,21.446,9.1062,24.585,41.903,11.441,13.052,27.44,37.427,4.9261,19.368,11.264,4.7991,29.064,6.6711,4.7074,4.5562,6.1823,24.414,6.9912,9.8285,3.8788,5.4552,5.2351,6.691,8.8593,13.478,5.6187
2.21,13.593,11.047,14.295,11.513,5.2463,4.0558,27.064,5.0798,10.287,23.902,20.942,32.958,21.622,9.3115,24.435,41.625,11.591,13.534,27.211,36.69,4.9237,19.383,11.405,4.8378,29.389,6.6238,4.738,4.4708,6.2168,24.224,7.116,9.8757,3.9312,5.511,5.2861,6.8592,8.9682,13.538,5.732
2.22,13.688,11.068,14.473,11.638,5.23,4.0771,27.099,5.2153,10.453,24.141,20.883,33.231,21.791,9.5443,24.282,41.324,11.743,13.974,26.978,35.93,4.9179,19.398,11.54,4.8718,29.701,6.5718,4.7676,4.3869,6.2512,24.037,7.23,9.9147,3.9765,5.5593,5.3507,7.0139,9.0802,13.591,5.8844
2.23,13.781,11.088,14.645,11.76,5.213,4.1023,27.128,5.3397,10.615,24.378,20.826,33.496,21.938,9.7574,24.123,40.998,11.897,14.373,26.739,35.554,4.9095,19.412,11.67,4.9002,30,6.5155,4.7962,4.3046,6.2849,23.857,7.3334,10.02,4.0556,5.598,5.4289,7.1534,9.1951,13.636,6.0289
2.24,13.875,11.106,14.81,11.879,5.1958,4.131,27.151,5.4492,10.773,24.608,20.766,33.753,22.093,9.9519,23.961,40.659,12.053,14.731,26.495,35.184,4.8985,19.426,11.794,4.9232,30.287,6.4549,4.8235,4.2243,6.3178,23.683,7.4277,10.131,4.1687,5.6258,5.5202,7.2765,9.3127,13.673,6.1652
2.25,13.967,11.121,14.968,11.995,5.1783,4.1632,27.17,5.5439,10.927,24.833,20.705,34.001,22.222,10.123,23.795,40.296,12.21,15.045,26.243,34.784,4.8855,19.44,11.912,4.9409,30.56,6.3903,4.8495,4.1466,6.36,23.515,7.5111,10.243,4.274,5.6405,5.6233,7.3822,9.4325,13.704,6.293
2.26,14.059,11.134,15.119,12.108,5.1602,4.1982,27.183,5.6243,11.078,25.051,20.644,34.24,22.353,10.276,23.648,39.908,12.369,15.313,25.984,34.354,4.8709,19.685,12.023,4.9534,30.82,6.322,4.8742,4.0717,6.4048,23.354,7.5846,10.36,4.3686,5.6416,5.7368,7.4707,9.554,13.727,6.4121
2.27,14.15,11.145,15.264,12.218,5.1418,4.2359,27.19,5.6882,11.225,25.265,20.584,34.472,22.467,10.41,23.599,39.509,12.531,15.534,25.718,33.901,4.8553,20.163,12.127,4.9609,31.068,6.2501,4.8973,3.9993,6.448,23.199,7.6495,10.479,4.4501,5.6283,5.8591,7.5429,9.6767,13.744,6.5223
2.28,14.24,11.155,15.401,12.326,5.1232,4.2759,27.191,5.7368,11.365,25.473,20.521,34.697,22.572,10.527,23.548,39.088,12.693,15.707,25.442,33.423,4.8394,20.619,12.223,4.9633,31.301,6.1758,4.9188,3.9297,6.4893,23.051,7.7046,10.625,4.5168,5.6005,5.9882,7.6004,9.8001,13.754,6.6239
2.29,14.329,11.162,15.531,12.43,5.1041,4.318,27.188,5.7715,11.499,25.675,20.458,34.914,22.671,10.63,23.495,38.644,12.857,15.834,25.157,32.923,4.8234,21.054,12.313,4.9611,31.522,6.1078,4.9387,3.863,6.5291,22.91,7.753,10.856,4.5673,5.558,6.1227,7.6444,9.9238,13.76,6.7168
2.3,14.418,11.168,15.654,12.534,5.0845,4.3618,27.179,5.7969,11.625,25.87,20.396,35.123,22.754,10.718,23.436,38.194,13.023,15.916,24.861,32.407,4.8073,21.467,12.395,4.9546,31.73,6.0366,4.9656,3.7993,6.5673,22.777,7.7932,11.058,4.6007,5.5011,6.2603,7.6762,10.047,13.761,6.8016
2.31,14.505,11.172,15.769,12.636,5.0649,4.4073,27.165,5.8132,11.748,26.093,20.333,35.325,22.837,10.788,23.372,37.721,13.189,15.959,24.553,31.876,4.7914,21.858,12.47,4.9443,31.926,5.9627,5.0052,3.7907,6.6033,22.65,7.8281,11.228,4.6165,5.4304,6.3997,7.6974,10.17,13.757,6.8785
2.32,14.592,11.175,15.878,12.737,5.0446,4.454,27.146,5.8212,11.864,26.601,20.267,35.521,22.9,10.839,23.305,37.237,13.357,15.965,24.232,31.337,4.776,22.23,12.538,4.9305,32.109,5.8863,5.0444,3.8127,6.637,22.53,7.8564,11.366,4.6147,5.4108,6.5391,7.71,10.291,13.75,6.9482
2.33,14.678,11.177,15.979,12.839,5.0239,4.5021,27.122,5.8223,11.971,27.095,20.205,35.709,22.967,10.867,23.236,36.739,13.537,15.937,23.898,30.792,4.761,22.582,12.599,4.9138,32.282,5.8077,5.0833,3.8353,6.6677,22.418,7.8804,11.472,4.5964,5.4615,6.677,7.7157,10.411,13.74,7.0111
2.34,14.764,11.177,16.074,12.977,5.0032,4.5512,27.095,5.8231,12.07,27.575,20.14,35.975,23.009,10.871,23.162,36.226,13.757,15.881,23.55,30.247,4.7467,22.916,12.653,4.8946,32.444,5.7271,5.1218,3.8585,6.6952,22.309,7.8984,11.547,4.563,5.5008,6.8121,7.7161,10.529,13.728,7.0678
2.35,14.848,11.176,16.163,13.111,4.9819,4.6013,27.063,5.8196,12.163,28.04,20.074,36.595,23.061,10.851,23.083,35.707,13.956,15.8,23.188,29.707,4.733,23.234,12.7,4.8734,32.595,5.6448,5.1599,3.8821,6.7195,22.21,7.9471,11.59,4.5165,5.5296,6.943,7.7126,10.644,13.714,7.1187
2.36,14.933,11.173,16.248,13.242,4.9601,4.6523,27.027,5.8128,12.25,28.491,20.011,37.204,23.087,10.81,22.999,35.172,14.133,15.7,22.813,29.177,4.7201,23.537,12.742,4.851,32.736,5.5609,5.1977,3.9063,6.7408,22.115,8.0441,11.6,4.4591,5.5484,7.0685,7.7057,10.756,13.699,7.1643
2.37,15.017,11.169,16.329,13.37,4.9382,4.704,26.987,5.8088,12.327,28.928,19.946,37.802,23.115,10.748,22.913,34.635,14.288,15.585,22.754,28.661,4.7079,23.827,12.778,4.8275,32.865,5.4757,5.2349,3.931,6.759,22.026,8.1458,11.58,4.3936,5.558,7.1875,7.6961,10.865,13.721,7.2056
2.38,15.1,11.164,16.407,13.495,4.9159,4.7568,26.944,5.8026,12.396,29.352,19.879,38.389,23.125,10.666,22.823,34.083,14.42,15.461,23.004,28.163,4.6964,24.103,12.808,4.8034,32.984,5.3894,5.2718,3.9555,6.7742,21.942,8.252,11.53,4.3226,5.5592,7.2986,7.6834,10.971,13.963,7.2429
2.39,15.182,11.157,16.483,13.616,4.8931,4.8102,26.896,5.7981,12.461,29.764,19.816,38.964,23.128,10.657,22.727,33.678,14.562,15.335,23.252,27.688,4.6857,24.366,12.833,4.7791,33.094,5.3025,5.3081,3.9807,6.7864,21.861,8.3643,11.454,4.2494,5.5534,7.4008,7.6672,11.072,14.193,7.2776
2.4,15.264,11.149,16.557,13.734,4.8807,4.8644,26.844,5.796,12.516,30.164,19.75,39.528,23.123,10.694,22.625,33.426,14.738,15.211,23.497,27.24,4.6757,24.617,12.854,4.7553,33.193,5.2152,5.344,4.0057,6.7956,21.786,8.4814,11.754,4.1772,5.5414,7.4932,7.6467,11.17,14.41,7.3102
2.41,15.346,11.14,16.63,13.848,4.9177,4.9196,26.787,5.8223,12.563,30.555,19.684,40.081,23.098,10.718,22.519,33.17,14.914,15.093,23.739,26.82,4.6662,24.856,12.872,4.7323,33.283,5.1275,5.3794,4.0303,6.802,21.714,8.6043,12.097,4.1093,5.524,7.5749,7.6212,11.264,14.617,7.3424
2.42,15.426,11.129,16.701,13.958,4.9538,4.9755,26.727,5.9034,12.605,30.936,19.62,40.622,23.077,10.728,22.41,32.914,15.091,14.986,23.975,26.434,4.6573,25.081,12.887,4.7106,33.366,5.0399,5.4142,4.0555,6.8057,21.643,8.7329,12.475,4.0493,5.5019,7.645,7.5896,11.353,14.813,7.3767
2.43,15.506,11.117,16.771,14.065,4.9886,5.0323,26.663,5.9911,12.639,31.308,19.554,41.152,23.123,10.724,22.3,32.657,15.269,14.892,24.206,26.082,4.6487,25.29,12.9,4.6905,33.442,4.9878,5.4485,4.0805,6.8156,21.577,8.8664,12.882,4.0004,5.4754,7.7032,7.5511,11.458,15,7.4195
2.44,15.585,11.104,16.84,14.167,5.022,5.0901,26.595,6.0829,12.664,31.671,19.486,41.671,23.216,10.706,22.357,32.397,15.448,14.812,24.43,25.765,4.6406,25.486,12.911,4.6721,33.513,5.0582,5.4822,4.105,6.836,21.512,9.0058,13.308,3.9658,5.4451,7.7486,7.5048,11.571,15.187,7.4733
2.45,15.664,11.088,16.907,14.266,5.0541,5.1488,26.523,6.1816,12.685,32.026,19.421,42.179,23.294,10.676,22.414,32.134,15.628,14.747,24.646,25.484,4.6328,25.876,12.922,4.6556,33.58,5.1215,5.5154,4.1291,6.8557,21.446,9.1498,13.745,3.9479,5.4112,7.796,7.4504,11.68,15.374,7.532
2.46,15.773,11.072,16.972,14.361,5.0851,5.2084,26.449,6.2905,12.698,32.372,19.355,42.675,23.376,10.637,22.522,31.874,15.81,14.696,24.853,25.239,4.6252,26.287,12.934,4.641,33.641,5.1784,5.548,4.1532,6.8748,21.384,9.2982,14.186,4.0123,5.374,7.8893,7.3877,11.786,15.549,7.5928
2.47,15.892,11.054,17.086,14.453,5.1146,5.2692,26.372,6.4015,12.702,32.711,19.287,43.16,23.451,10.626,22.659,31.61,15.993,14.656,25.052,25.029,4.618,26.641,12.945,4.6281,33.728,5.2293,5.58,4.1775,6.8932,21.321,9.4516,14.625,4.0868,5.3336,7.9701,7.3166,11.889,15.712,7.6525
2.48,16.008,11.034,17.258,14.543,5.1505,5.3356,26.295,6.5113,12.702,33.042,19.219,43.633,23.515,10.63,22.798,31.344,16.177,14.626,25.24,24.853,4.6109,26.941,12.958,4.6165,33.852,5.2745,5.6112,4.2014,6.911,21.256,9.6086,15.057,4.1658,5.2905,8.0373,7.2374,11.99,15.864,7.71
2.49,16.122,11.013,17.434,14.629,5.2073,5.4512,26.221,6.6178,12.694,33.368,19.152,44.093,23.586,10.629,22.939,31.081,16.363,14.6,25.417,24.71,4.6041,27.19,12.973,4.6059,33.971,5.315,5.6418,4.2247,6.9281,21.192,9.769,15.479,4.248,5.2449,8.0902,7.1507,12.088,16.005,7.7804
2.5,16.232,10.99,17.614,14.711,5.2634,5.5634,26.153,6.7143,12.678,33.689,19.084,44.54,23.644,10.623,23.08,30.816,16.549,14.575,25.584,24.596,4.5975,27.389,12.99,4.5974,34.084,5.3572,5.6716,4.2476,6.9448,21.126,9.9337,15.888,4.3319,5.1975,8.1284,7.1048,12.183,16.136,7.921
2.51,16.339,10.966,17.799,14.789,5.319,5.6712,26.089,6.8053,12.658,34.006,19.014,44.974,23.691,10.611,23.22,30.55,16.736,14.577,25.739,24.509,4.6083,27.537,13.01,4.5897,34.191,5.479,5.7008,4.2699,6.9615,21.056,10.102,16.282,4.4155,5.1484,8.1521,7.0794,12.274,16.256,8.0524
2.52,16.443,10.94,17.99,14.864,5.374,5.7741,26.029,6.8838,12.632,34.323,18.943,45.392,23.745,10.594,23.364,30.287,16.923,14.667,25.882,24.447,4.7535,27.636,13.034,4.5834,34.292,5.593,5.7292,4.2917,6.9775,20.986,10.272,16.659,4.4967,5.0973,8.1625,7.0468,12.362,16.366,8.173
2.53,16.542,10.914,18.183,14.934,5.4286,5.8717,25.974,6.9477,12.598,34.64,18.874,45.799,23.785,10.57,23.507,30.02,17.111,14.746,26.013,24.406,4.8991,27.687,13.063,4.578,34.39,5.6991,5.7569,4.314,6.9929,20.913,10.446,17.021,4.5729,5.044,8.161,7.0084,12.447,16.483,8.284
2.54,16.639,10.885,18.375,15,5.4826,5.9629,25.982,7.0018,12.558,34.957,18.804,46.191,23.812,10.54,23.65,29.757,17.299,14.81,26.132,24.383,5.0446,27.692,13.098,4.5739,34.482,5.7975,5.7836,4.3358,7.0077,20.835,10.621,17.367,4.6418,4.9887,8.1491,6.9653,12.528,16.601,8.3838
2.55,16.731,10.855,18.562,15.063,5.536,6.0477,26.513,7.0401,12.515,35.274,18.733,46.568,23.847,10.504,23.795,29.492,17.486,14.857,26.238,24.374,5.1895,27.655,13.14,4.5704,34.569,5.8886,5.8097,4.3569,7.022,20.774,10.798,17.699,4.7173,4.9313,8.1283,6.9186,12.605,16.713,8.4732
2.56,16.82,10.824,18.741,15.124,5.5888,6.1256,27.038,7.063,12.465,35.589,18.661,46.931,23.87,10.463,23.94,29.23,17.673,14.881,26.332,24.378,5.3336,27.58,13.188,4.568,34.652,5.9728,5.8349,4.3773,7.0357,20.814,10.977,18.015,4.8181,4.8724,8.0995,6.8689,12.678,16.82,8.5509
2.57,16.904,10.791,18.912,15.181,5.641,6.1958,27.556,7.0709,12.41,35.9,18.587,47.28,23.88,10.417,24.083,28.966,17.86,14.883,26.413,24.39,5.4765,27.473,13.243,4.5659,34.73,6.05,5.8592,4.3971,7.0488,20.853,11.157,18.316,4.9395,4.8258,8.0654,6.8167,12.747,16.921,8.6181
2.58,16.986,10.757,19.075,15.236,5.6926,6.2581,28.066,7.064,12.351,36.205,18.514,47.614,23.886,10.364,24.229,28.706,18.046,14.86,26.482,24.408,5.6181,27.341,13.306,4.5647,34.803,6.141,5.8826,4.4163,7.0621,20.89,11.337,18.599,5.0569,4.7841,8.0302,6.7624,12.812,17.017,8.673
2.59,17.062,10.722,19.228,15.29,5.7436,6.3117,28.566,7.2327,12.287,36.505,18.442,47.932,23.893,10.308,24.374,28.445,18.232,14.812,26.539,24.429,5.758,27.185,13.376,4.5636,34.873,6.2547,5.9053,4.4348,7.0748,20.923,11.518,18.865,5.1689,4.7367,7.9977,6.706,12.873,17.106,8.7172
2.6,17.135,10.686,19.374,15.344,5.7938,6.3562,29.055,7.4401,12.217,36.799,18.369,48.236,23.887,10.247,24.517,28.189,18.417,14.739,26.584,24.452,5.8962,27.091,13.454,4.563,34.939,6.3653,5.9269,4.4531,7.087,20.952,11.7,19.112,5.2737,4.6854,7.97,6.6473,12.93,17.189,8.7492
2.61,17.204,10.648,19.511,15.397,5.8432,6.3911,29.533,7.63,12.146,37.086,18.294,48.522,23.867,10.181,24.664,27.93,18.602,14.642,26.618,24.474,6.0328,27.194,13.542,4.5624,35,6.4728,5.9476,4.4714,7.0987,20.98,11.883,19.338,5.3706,4.6316,7.9526,6.5862,12.984,17.264,8.7686
2.62,17.268,10.609,19.641,15.45,5.8916,6.4747,29.997,7.801,12.069,37.365,18.218,48.795,23.852,10.11,24.808,27.678,18.785,14.525,26.639,24.494,6.1676,27.286,13.638,4.5616,35.058,6.5773,5.9676,4.4888,7.1098,21.001,12.066,19.539,5.4587,4.5765,7.9326,6.5218,13.034,17.332,8.7755
2.63,17.328,10.57,19.763,15.502,5.9389,6.5843,30.45,7.9533,11.987,37.638,18.141,49.05,23.83,10.037,24.95,27.426,18.968,14.39,26.65,24.511,6.3005,27.368,13.742,4.5609,35.111,6.6788,5.9865,4.5056,7.1342,21.019,12.25,19.715,5.5376,4.521,7.9054,6.4539,13.081,17.392,8.7705
2.64,17.383,10.529,19.881,15.553,5.985,6.6904,30.89,8.0859,11.904,37.907,18.066,49.289,23.795,9.9597,25.096,27.176,19.151,14.24,26.65,24.525,6.4313,27.44,13.851,4.5593,35.162,6.778,6.0044,4.5216,7.1718,21.033,12.433,19.865,5.6073,4.4659,7.8706,6.3819,13.125,17.444,8.7528
2.65,17.434,10.488,19.995,15.603,6.0297,6.7922,31.316,8.1982,11.817,38.173,17.991,49.509,23.748,9.8776,25.239,26.931,19.332,14.081,26.641,24.533,6.5597,27.503,13.965,4.5579,35.208,6.875,6.0216,4.5368,7.1995,21.04,12.618,19.989,5.6677,4.4114,7.8296,6.3055,13.166,17.486,8.7227
2.66,17.481,10.445,20.105,15.651,6.0727,6.8894,31.728,8.2908,11.726,38.439,17.914,49.714,23.708,9.7938,25.38,26.686,19.513,13.941,26.622,24.537,6.6856,27.555,14.083,4.5551,35.251,6.9701,6.0376,4.5512,7.2166,21.046,12.803,20.083,5.7193,4.3577,7.7835,6.2791,13.205,17.518,8.6806
2.67,17.524,10.402,20.209,15.696,6.1144,6.9812,32.127,8.3641,11.631,38.708,17.837,49.9,23.658,9.7062,25.523,26.447,19.694,14.117,26.594,24.537,6.809,27.599,14.205,4.5816,35.29,7.0636,6.0528,4.5649,7.2224,21.044,12.988,20.147,5.7625,4.3049,7.7345,6.3251,13.24,17.54,8.6268
2.68,17.562,10.358,20.308,15.74,6.1544,7.0677,32.51,8.4188,11.536,39,17.759,50.07,23.597,9.6149,25.664,26.21,19.873,14.285,26.557,24.533,6.9299,27.635,14.332,4.6189,35.326,7.1559,6.0671,4.5777,7.2161,21.038,13.174,20.179,5.7983,4.2528,7.7511,6.371,13.273,17.55,8.5618
2.69,17.596,10.313,20.401,15.782,6.1928,7.1483,32.88,8.4548,11.438,39.292,17.679,50.222,23.524,9.5227,25.803,25.975,20.053,14.443,26.513,24.527,7.0481,27.662,14.462,4.6564,35.358,7.2473,6.0803,4.5909,7.1973,21.026,13.359,20.179,5.8273,4.201,7.8171,6.4151,13.304,17.549,8.4863
2.7,17.625,10.267,20.488,15.823,6.2297,7.2227,33.233,8.4714,11.336,39.574,17.6,50.356,23.456,9.4276,25.944,25.746,20.232,14.592,26.462,24.518,7.1639,27.68,14.596,4.6949,35.387,7.3379,6.0927,4.6033,7.1856,21.008,13.544,20.149,5.8504,4.1494,7.8875,6.4556,13.333,17.535,8.4005
2.71,17.651,10.22,20.569,15.864,6.2655,7.2907,33.571,8.4682,11.232,39.845,17.522,50.474,23.381,9.3301,26.082,25.521,20.41,14.732,26.404,24.507,7.2771,27.692,14.734,4.7333,35.412,7.4279,6.1042,4.6149,7.1933,20.985,13.73,20.09,5.8683,4.0975,7.961,6.4906,13.359,17.527,8.3051
2.72,17.672,10.172,20.641,15.904,6.3003,7.352,33.894,8.4902,11.127,40.107,17.444,50.573,23.295,9.2318,26.218,25.298,20.588,14.864,26.342,24.497,7.4002,27.696,14.876,4.7723,35.432,7.5176,6.1145,4.6256,7.2011,20.956,13.915,20.118,5.8819,4.0452,8.0362,6.5183,13.385,17.552,8.2006
2.73,17.689,10.123,20.706,15.942,6.3344,7.4064,34.201,8.4972,11.021,40.358,17.364,50.657,23.197,9.1318,26.356,25.079,20.766,14.986,26.275,24.489,7.5646,27.693,15.022,4.8109,35.45,7.6067,6.1242,4.6355,7.2084,20.922,14.1,20.197,5.892,3.9924,8.111,6.5368,13.408,17.564,8.0875
2.74,17.702,10.073,20.763,15.979,6.368,7.4536,34.491,8.4846,10.912,40.598,17.284,50.723,23.101,9.0297,26.49,24.867,20.943,15.1,26.204,24.485,7.7261,27.684,15.171,4.8498,35.464,7.6956,6.1328,4.6446,7.2153,20.881,14.285,20.259,5.8995,3.9389,8.1834,6.5448,13.431,17.562,7.9665
2.75,17.712,10.022,20.813,16.013,6.4013,7.4934,34.765,8.4545,10.802,40.83,17.203,50.771,23.003,8.9273,26.623,24.658,21.12,15.206,26.13,24.485,7.8852,27.669,15.324,4.8878,35.474,7.8011,6.1405,4.6528,7.2219,20.834,14.469,20.309,5.905,3.885,8.251,6.5406,13.453,17.547,7.9139
2.76,17.717,9.9697,20.856,16.046,6.4344,7.5392,35.023,8.4093,10.69,41.051,17.179,50.803,22.894,8.823,26.757,24.453,21.297,15.303,26.055,24.491,8.0416,27.648,15.48,4.9261,35.48,7.9086,6.1474,4.6602,7.228,20.782,14.653,20.35,5.909,3.8308,8.312,6.523,13.475,17.518,7.8845
2.77,17.72,9.9172,20.891,16.075,6.4677,7.64,35.267,8.3517,10.579,41.262,17.206,50.818,22.774,8.7177,26.886,24.251,21.474,15.394,26.055,24.505,8.1956,27.621,15.639,4.9632,35.483,8.016,6.1533,4.6675,7.2338,20.723,14.835,20.438,5.9117,3.7767,8.3645,6.4912,13.496,17.475,7.8504
2.78,17.718,9.8634,20.919,16.102,6.5012,7.7399,35.499,8.285,10.467,41.465,17.234,50.815,22.656,8.6116,27.017,24.056,21.65,15.48,26.307,24.528,8.347,27.59,15.801,5.0002,35.482,8.1235,6.1583,4.6743,7.2396,20.66,15.016,20.566,5.9134,3.723,8.4073,6.4445,13.517,17.416,7.883
2.79,17.727,9.809,20.939,16.127,6.5351,7.8386,35.719,8.2135,10.354,41.658,17.261,50.798,22.536,8.5043,27.146,23.867,21.827,15.634,26.562,24.562,8.4965,27.553,15.966,5.0361,35.477,8.2306,6.1626,4.6803,7.2451,20.589,15.196,20.692,5.9143,3.6701,8.4392,6.3826,13.537,17.343,7.9644
2.8,17.766,9.7536,20.952,16.148,6.5696,7.9359,35.931,8.1386,10.24,41.84,17.288,50.763,22.455,8.3968,27.27,23.681,22.002,15.781,26.816,24.608,8.6439,27.513,16.133,5.0712,35.468,8.3372,6.1658,4.6854,7.2502,20.514,15.374,20.821,5.9148,3.6184,8.4599,6.3056,13.557,17.254,8.0452
2.81,17.804,9.6971,20.958,16.166,6.6044,8.0316,36.137,8.0594,10.125,42.015,17.314,50.712,22.525,8.2885,27.397,23.5,22.178,15.922,27.066,24.667,8.7895,27.468,16.301,5.1057,35.455,8.4433,6.1683,4.6897,7.255,20.432,15.549,20.957,5.9148,3.5942,8.4689,6.214,13.578,17.148,8.1252
2.82,17.841,9.64,20.955,16.181,6.6392,8.1253,36.335,7.976,10.01,42.179,17.34,50.646,22.59,8.1801,27.52,23.324,22.352,16.056,27.31,24.74,8.9338,27.419,16.472,5.1386,35.438,8.5481,6.17,4.7048,7.2594,20.344,15.722,21.104,5.9145,3.5833,8.4665,6.1084,13.598,17.028,8.2049
2.83,17.877,9.5816,20.947,16.194,6.6736,8.2173,36.524,7.8918,9.8966,42.332,17.365,50.566,22.649,8.0714,27.642,23.152,22.526,16.184,27.544,24.828,9.0767,27.367,16.644,5.1713,35.417,8.652,6.1708,4.7492,7.2635,20.251,15.892,21.266,5.9137,3.5758,8.4534,6.141,13.619,16.891,8.283
2.84,17.911,9.5227,20.931,16.203,6.7075,8.3069,36.701,7.8057,9.7834,42.476,17.39,50.657,22.709,7.9628,27.763,22.986,22.7,16.305,27.766,24.931,9.2185,27.311,16.817,5.2021,35.391,8.7545,6.1709,4.7917,7.2677,20.15,16.059,21.448,5.9124,3.5714,8.4308,6.2328,13.641,16.737,8.3612
2.85,17.944,9.4627,20.91,16.21,6.7404,8.3946,36.866,7.7356,9.6703,42.609,17.414,50.824,22.769,7.8545,27.88,22.827,22.872,16.42,27.975,25.05,9.3593,27.253,16.991,5.2327,35.362,8.8553,6.1703,4.8324,7.2716,20.045,16.223,21.654,5.9102,3.5699,8.3999,6.3181,13.664,16.567,8.4377
2.86,17.975,9.402,20.882,16.214,6.7722,8.4804,37.017,7.695,9.5575,42.733,17.438,50.965,22.824,7.7464,27.997,22.673,23.044,16.53,28.267,25.184,9.4993,27.191,17.165,5.2614,35.327,8.9541,6.1688,4.8714,7.2752,19.934,16.383,21.888,5.9071,3.5712,8.3627,6.3964,13.688,16.381,8.5134
2.87,18.006,9.3404,20.85,16.216,6.8027,8.5644,37.151,7.6572,9.5177,42.844,17.462,51.08,22.872,7.6391,28.112,22.524,23.215,16.633,28.567,25.335,9.6389,27.178,17.338,5.2899,35.289,9.0506,6.1667,4.9094,7.2784,19.815,16.54,22.151,5.9026,3.5749,8.3211,6.4677,13.714,16.179,8.5882
2.88,18.035,9.2779,20.813,16.215,6.8319,8.6479,37.269,7.6233,9.518,42.946,17.485,51.17,22.916,7.5325,28.223,22.379,23.385,16.731,28.838,25.502,9.7781,27.218,17.512,5.3169,35.245,9.1446,6.164,4.9453,7.2813,19.693,16.693,22.445,5.8966,3.5808,8.2771,6.5317,13.741,15.96,8.6611
2.89,18.063,9.2148,20.772,16.211,6.8597,8.7322,37.59,7.5936,9.5155,43.036,17.508,51.237,22.954,7.4527,28.336,22.239,23.554,16.823,29.077,25.684,9.9169,27.259,17.684,5.3431,35.198,9.2357,6.1605,4.9789,7.2841,19.563,16.842,22.772,5.8888,3.5887,8.2329,6.5883,13.77,15.726,8.7335
2.9,18.091,9.1506,20.729,16.206,6.8939,8.8182,37.994,7.5673,9.5105,43.115,17.53,51.279,22.986,7.4146,28.444,22.105,23.722,16.909,29.285,25.88,10.055,27.301,17.855,5.3686,35.145,9.3237,6.1564,5.0101,7.2869,19.428,16.987,23.131,5.8789,3.5983,8.1906,6.6378,13.801,15.476,8.8045
2.91,18.117,9.0861,20.688,16.216,6.9374,8.9063,38.393,7.5442,9.5029,43.184,17.552,51.299,23.014,7.3762,28.55,21.975,23.889,16.988,29.461,26.091,10.194,27.343,18.024,5.3929,35.088,9.4082,6.1517,5.0389,7.2893,19.287,17.128,23.523,5.8667,3.6094,8.1521,6.6802,13.835,15.211,8.8734
2.92,18.143,9.0204,20.652,16.225,6.9802,8.9954,38.782,7.5245,9.4947,43.242,17.573,51.298,23.036,7.338,28.656,21.85,24.056,17.062,29.605,26.314,10.331,27.385,18.206,5.4163,35.026,9.4894,6.1465,5.0652,7.2914,19.138,17.264,23.945,5.852,3.6217,8.1192,6.7161,13.871,14.931,8.9421
2.93,18.168,8.9543,20.621,16.234,7.0221,9.0846,39.158,7.5038,9.4846,43.29,17.594,51.274,23.064,7.2991,28.758,21.731,24.221,17.129,29.718,26.548,10.469,27.429,18.414,5.4393,34.958,9.5667,6.1407,5.0896,7.2933,18.985,17.396,24.395,5.8344,3.6349,8.0933,6.7461,13.911,14.637,9.0091
2.94,18.192,8.8874,20.589,16.243,7.0632,9.1736,39.523,7.506,9.4723,43.327,17.615,51.23,23.088,7.2595,28.859,21.619,24.386,17.19,29.801,26.793,10.606,27.473,18.62,5.4611,34.887,9.64,6.1344,5.1125,7.295,18.824,17.523,24.871,5.8141,3.6488,8.0755,6.7713,13.953,14.33,9.0741
2.95,18.216,8.8196,20.555,16.251,7.1035,9.2621,39.872,7.5224,9.4579,43.354,17.635,51.164,23.106,7.2193,28.958,21.511,24.55,17.245,29.855,27.048,10.742,27.517,18.823,5.4817,34.81,9.7089,6.1275,5.1326,7.2967,18.659,17.645,25.369,5.7909,3.6633,8.0664,6.7925,13.999,14.154,9.1386
2.96,18.238,8.7516,20.519,16.26,7.1429,9.35,40.206,7.5404,9.4415,43.371,17.655,51.077,23.12,7.1787,29.053,21.407,24.712,17.294,29.879,27.31,10.878,27.561,19.024,5.5018,34.728,9.7734,6.1202,5.1501,7.2981,18.485,17.763,25.885,5.7647,3.6779,8.0666,6.8117,14.048,14.261,9.2018
2.97,18.261,8.6826,20.481,16.268,7.1818,9.4372,40.523,7.5596,9.4233,43.377,17.674,50.97,23.128,7.1377,29.149,21.309,24.874,17.337,29.875,27.578,11.014,27.605,19.225,5.5207,34.642,9.8332,6.1125,5.1648,7.2992,18.307,17.876,26.415,5.7358,3.6926,8.0756,6.8312,14.1,14.365,9.2633
2.98,18.283,8.6129,20.441,16.275,7.2201,9.5231,40.821,7.5801,9.4033,43.374,17.693,50.842,23.132,7.0972,29.24,21.215,25.035,17.374,29.843,27.85,11.149,27.647,19.43,5.5382,34.55,9.8878,6.1044,5.1768,7.3001,18.121,17.982,26.955,5.7044,3.7071,8.1062,6.851,14.157,14.467,9.3237
2.99,18.304,8.543,20.4,16.281,7.2576,9.6077,41.103,7.5976,9.3818,43.36,17.712,50.695,23.131,7.057,29.33,21.125,25.196,17.406,29.784,28.126,11.283,27.687,19.639,5.5549,34.453,9.937,6.0959,5.1859,7.3007,17.929,18.083,27.501,5.7066,3.7213,8.3189,6.8952,14.216,14.566,9.3837
3,18.324,8.4723,20.358,16.286,7.2943,9.6908,41.364,7.6158,9.3603,43.337,17.73,50.531,23.125,7.0166,29.418,21.04,25.355,17.433,29.996,28.403,11.417,27.725,19.853,5.5704,34.352,9.9809,6.0872,5.1938,7.3015,17.732,18.177,28.05,5.7606,3.735,8.5375,6.9562,14.28,14.661,9.4421
3.01,18.344,8.4009,20.315,16.29,7.3301,9.7716,41.648,7.6294,9.3374,43.304,17.748,50.352,23.116,6.9762,29.501,20.959,25.515,17.455,30.293,28.679,11.551,27.761,20.072,5.5845,34.246,10.019,6.0782,5.1992,7.302,17.526,18.264,28.597,5.8165,3.7481,8.7606,7.0264,14.348,14.754,9.4991
3.02,18.363,8.3292,20.272,16.293,7.3738,9.8503,41.964,7.6412,9.313,43.263,17.767,50.158,23.112,6.9357,29.586,20.883,25.673,17.471,30.566,28.954,11.683,27.794,20.294,5.5976,34.202,10.051,6.069,5.2017,7.3023,17.317,18.344,29.139,5.8751,3.7604,8.9867,7.0907,14.42,14.844,9.5564
3.03,18.381,8.2571,20.228,16.294,7.4339,9.9261,42.27,7.6512,9.2874,43.213,17.786,49.949,23.103,6.8952,29.666,20.81,25.831,17.483,30.816,29.223,11.816,27.823,20.517,5.6096,34.237,10.078,6.0597,5.2014,7.3023,17.1,18.417,29.673,5.9374,3.772,9.2149,7.1477,14.496,14.931,9.6124
3.04,18.399,8.1843,20.183,16.294,7.4926,9.9991,42.564,7.6587,9.2606,43.157,17.804,49.726,23.09,6.8549,29.744,20.742,25.989,17.809,31.04,29.489,11.948,27.848,20.74,5.6196,34.27,10.099,6.0504,5.1983,7.3022,16.876,18.484,30.196,6.0042,3.7827,9.4437,7.1971,14.577,15.014,9.6673
3.05,18.416,8.1109,20.136,16.293,7.55,10.069,42.848,7.663,9.2327,43.092,17.822,49.488,23.073,6.8148,29.821,20.677,26.147,18.244,31.242,29.746,12.079,27.869,20.958,5.6288,34.302,10.114,6.0411,5.1924,7.3017,16.649,18.544,30.706,6.0758,3.8794,9.6723,7.2392,14.661,15.093,9.7226
3.06,18.432,8.0375,20.088,16.291,7.6062,10.137,43.12,7.6612,9.2037,43.022,17.84,49.36,23.051,6.7757,29.892,20.616,26.304,18.674,31.418,29.996,12.21,27.884,21.172,5.636,34.331,10.123,6.0323,5.184,7.3014,16.416,18.596,31.199,6.1525,3.9907,9.8997,7.2743,14.749,15.169,9.7771
3.07,18.448,7.9636,20.04,16.287,7.6611,10.201,43.382,7.6547,9.1739,42.946,17.857,49.405,23.025,6.737,29.965,20.56,26.461,19.094,31.57,30.234,12.34,27.895,21.38,5.6418,34.358,10.127,6.0375,5.1743,7.3009,16.37,18.64,31.677,6.2347,4.0997,10.125,7.3028,14.842,15.241,9.8307
3.08,18.462,7.8892,19.993,16.282,7.7147,10.263,43.632,7.6407,9.1433,42.864,17.874,49.448,22.995,6.6986,30.033,20.507,26.618,19.504,31.698,30.462,12.468,27.9,21.582,5.6458,34.383,10.125,6.0657,5.1619,7.3002,16.388,18.677,32.135,6.322,4.2061,10.348,7.3245,14.939,15.309,9.8851
3.09,18.477,7.8144,19.944,16.276,7.7669,10.322,43.871,7.6191,9.1124,42.776,17.89,49.487,22.961,6.6606,30.098,20.459,26.775,19.902,31.8,30.676,12.595,27.899,21.779,5.6482,34.406,10.119,6.0913,5.1468,7.2993,16.401,18.707,32.572,6.4141,4.3099,10.568,7.4075,15.04,15.463,9.9389
3.1,18.49,7.7395,19.893,16.268,7.8177,10.378,44.1,7.591,9.0816,42.684,17.907,49.523,22.927,6.623,30.163,20.413,26.931,20.287,31.878,30.877,12.72,27.892,21.971,5.6489,34.427,10.107,6.1148,5.129,7.2981,16.41,18.73,32.983,6.5106,4.4109,10.785,7.6879,15.144,15.657,9.9924
3.11,18.502,7.6644,19.839,16.259,7.8674,10.432,44.318,7.5539,9.0503,42.586,17.923,49.553,22.895,6.5859,30.223,20.37,27.087,20.659,31.929,31.062,12.842,27.879,22.161,5.6476,34.447,10.089,6.1361,5.1165,7.2968,16.412,18.745,33.364,6.6106,4.5088,10.999,7.9632,15.253,15.85,10.047
3.12,18.514,7.589,19.782,16.25,7.9155,10.483,44.526,7.5114,9.0184,42.482,17.938,49.577,22.859,6.5493,30.281,20.33,27.243,21.018,31.955,31.23,12.962,27.859,22.35,5.6451,34.465,10.066,6.1552,5.1594,7.2952,16.412,18.753,33.712,6.7131,4.6033,11.209,8.2323,15.366,16.04,10.101
3.13,18.526,7.5133,19.721,16.239,7.9622,10.531,44.723,7.4593,8.9861,42.374,17.953,49.595,22.82,6.5132,30.338,20.294,27.399,21.361,31.954,31.381,13.079,27.833,22.54,5.64,34.481,10.037,6.1724,5.2009,7.2938,16.405,18.755,34.027,6.8174,4.6939,11.416,8.4942,15.482,16.229,10.156
3.14,18.536,7.4373,19.658,16.227,8.0078,10.576,44.91,7.4025,8.9534,42.261,17.968,49.605,22.776,6.4777,30.39,20.259,27.554,21.69,31.926,31.515,13.192,27.799,22.732,5.6342,34.495,10.003,6.1878,5.2409,7.2922,16.396,18.752,34.307,6.922,4.7801,11.62,8.7479,15.601,16.415,10.211
3.15,18.546,7.3613,19.592,16.214,8.0518,10.618,45.086,7.3367,8.9204,42.143,17.983,49.606,22.729,6.4433,30.442,20.227,27.709,22.003,31.873,31.628,13.301,27.757,22.925,5.626,34.507,9.9633,6.2017,5.2801,7.2905,16.379,18.741,34.552,7.0258,4.8613,11.822,8.9927,15.724,16.599,10.266
3.16,18.556,7.2853,19.523,16.2,8.0944,10.657,45.252,7.2664,8.8872,42.019,17.997,49.6,22.679,6.4096,30.49,20.198,27.864,22.301,31.793,31.721,13.406,27.886,23.115,5.6163,34.518,9.918,6.2141,5.3183,7.2885,16.359,18.724,34.761,7.1275,4.9368,12.023,9.2281,15.851,16.781,10.323
3.17,18.565,7.2092,19.45,16.186,8.1359,10.729,45.407,7.1887,8.8538,41.89,18.011,49.584,22.625,6.3767,30.536,20.171,28.018,22.583,31.687,31.795,13.505,28.092,23.303,5.6047,34.526,9.8681,6.2253,5.3551,7.2863,16.334,18.701,34.932,7.2259,5.0058,12.221,9.4535,15.98,16.96,10.38
3.18,18.573,7.1328,19.375,16.171,8.1757,10.8,45.551,7.1064,8.8204,41.757,18.025,49.559,22.568,6.3444,30.58,20.146,28.173,22.851,31.555,31.847,13.6,28.297,23.487,5.5911,34.533,9.8139,6.2354,5.3904,7.2839,16.303,18.671,35.067,7.3199,5.0676,12.415,9.6692,16.113,17.137,10.438
3.19,18.581,7.0564,19.296,16.155,8.2144,10.866,45.685,7.0191,8.7869,41.619,18.039,49.523,22.513,6.3128,30.62,20.164,28.326,23.103,31.399,31.877,13.69,28.502,23.664,5.5762,34.538,9.7554,6.2444,5.4242,7.2813,16.269,18.634,35.17,7.4085,5.1217,12.604,9.8749,16.248,17.311,10.496
3.2,18.589,6.9799,19.215,16.138,8.2517,10.926,45.807,6.9267,8.7535,41.53,18.052,49.477,22.458,6.282,30.66,20.385,28.48,23.342,31.218,31.885,13.774,28.706,23.834,5.5586,34.541,9.6923,6.2521,5.4566,7.2787,16.228,18.591,35.247,7.491,5.1673,12.788,10.071,16.386,17.483,10.556
3.21,18.596,6.9478,19.129,16.121,8.2875,10.981,45.918,6.8326,8.7202,41.618,18.065,49.418,22.4,6.2519,30.695,20.604,28.633,23.566,31.013,31.872,13.853,28.908,23.995,5.5399,34.543,9.6637,6.2583,5.4875,7.2761,16.184,18.542,35.299,7.5669,5.2044,12.966,10.259,16.527,17.652,10.616
3.22,18.604,6.9723,19.04,16.104,8.3221,11.031,46.017,6.7338,8.687,41.7,18.077,49.348,22.339,6.2226,30.728,20.823,28.786,23.778,30.786,31.836,13.926,29.11,24.148,5.5184,34.543,9.6679,6.2629,5.5174,7.2733,16.134,18.486,35.326,7.6356,5.2327,13.139,10.438,16.67,17.818,10.677
3.23,18.611,6.9965,18.947,16.086,8.3551,11.075,46.106,6.6339,8.6541,41.777,18.089,49.268,22.274,6.1942,30.76,21.043,28.937,23.975,30.557,31.777,13.994,29.31,24.293,5.4955,34.541,9.6669,6.2657,5.5466,7.2704,16.08,18.425,35.325,7.6972,5.2526,13.347,10.609,16.815,17.982,10.768
3.24,18.619,7.0206,18.851,16.069,8.3872,11.113,46.185,6.5333,8.6216,41.847,18.101,49.174,22.207,6.1665,30.788,21.262,29.088,24.159,30.874,31.696,14.057,29.509,24.429,5.47,34.538,9.661,6.2668,5.5743,7.2673,16.021,18.357,35.302,7.7958,5.2646,13.554,10.771,16.962,18.142,10.908
3.25,18.627,7.0448,18.751,16.051,8.4176,11.146,46.253,6.431,8.5899,41.913,18.113,49.069,22.137,6.1397,30.815,21.48,29.238,24.328,31.278,31.593,14.114,29.706,24.557,5.4428,34.533,9.65,6.2659,5.6007,7.264,16.042,18.284,35.258,7.8921,5.2697,13.755,10.926,17.111,18.301,11.051
3.26,18.635,7.0689,18.648,16.034,8.4469,11.173,46.312,6.3291,8.5585,41.973,18.125,48.95,22.064,6.1137,30.839,21.697,29.387,24.483,31.735,31.467,14.166,29.902,24.676,5.4134,34.526,9.634,6.263,5.6256,7.2605,16.124,18.206,35.194,7.986,5.2692,13.951,11.072,17.262,18.456,11.2
3.27,18.644,7.0927,18.543,16.017,8.4748,11.196,46.361,6.2303,8.5274,42.028,18.136,48.818,21.988,6.0885,30.859,21.913,29.535,24.622,32.199,31.318,14.212,30.097,24.786,5.3818,34.518,9.6126,6.2582,5.6491,7.2569,16.203,18.123,35.109,8.0784,5.2646,14.143,11.21,17.414,18.609,11.353
3.28,18.652,7.1163,18.436,16,8.5015,11.212,46.401,6.1675,8.4968,42.077,18.147,48.672,21.914,6.0645,30.88,22.129,29.681,24.745,32.67,31.147,14.251,30.289,24.886,5.382,34.508,9.586,6.2514,5.6712,7.2531,16.277,18.035,35.003,8.1701,5.2578,14.332,11.341,17.568,18.758,11.509
3.29,18.662,7.1397,18.326,15.984,8.5268,11.223,46.433,6.2323,8.4667,42.121,18.158,48.512,21.841,6.0414,30.895,22.344,30.037,24.853,33.148,30.955,14.283,30.48,24.977,5.4171,34.497,9.554,6.2424,5.692,7.2493,16.352,17.943,34.876,8.2624,5.2508,14.517,11.464,17.723,18.904,11.669
3.3,18.67,7.1629,18.214,15.968,8.5509,11.229,46.455,6.2921,8.437,42.16,18.169,48.337,21.765,6.0191,30.91,22.557,30.384,24.946,33.632,30.742,14.308,30.669,25.058,5.4511,34.484,9.5163,6.2316,5.7124,7.2455,16.423,17.847,34.729,8.3562,5.2458,14.7,11.58,17.879,19.048,11.832
3.31,18.68,7.1859,18.099,15.952,8.5737,11.229,46.468,6.3493,8.4078,42.193,18.18,48.149,21.687,5.9977,30.922,22.77,30.717,25.023,34.122,30.507,14.327,30.856,25.128,5.4839,34.469,9.4731,6.2186,5.7316,7.2415,16.49,17.747,34.565,8.4528,5.2451,14.879,11.69,18.036,19.188,11.997
3.32,18.69,7.2087,17.983,15.936,8.5953,11.223,46.472,6.4023,8.3793,42.221,18.191,47.945,21.606,5.9771,30.93,22.981,31.035,25.085,34.618,30.254,14.338,31.041,25.187,5.5158,34.453,9.4244,6.2035,5.7495,7.2374,16.556,17.645,34.388,8.5531,5.2508,15.054,11.794,18.193,19.325,12.165
3.33,18.701,7.2313,17.864,15.92,8.6157,11.212,46.468,6.4497,8.3513,42.243,18.202,47.725,21.523,5.9575,30.939,23.19,31.34,25.132,35.12,29.98,14.343,31.223,25.237,5.5461,34.435,9.3701,6.1865,5.7661,7.2332,16.619,17.54,34.2,8.6583,5.2648,15.225,11.892,18.351,19.459,12.334
3.34,18.713,7.2536,17.742,15.904,8.6348,11.196,46.454,6.494,8.3239,42.261,18.213,47.491,21.437,5.9386,30.942,23.397,31.63,25.166,35.627,29.687,14.34,31.403,25.409,5.5759,34.415,9.3103,6.1674,5.7814,7.2288,16.679,17.433,34.002,8.7694,5.2884,15.392,11.985,18.51,19.589,12.504
3.35,18.727,7.2758,17.618,15.889,8.6528,11.174,46.432,6.5337,8.2972,42.273,18.223,47.24,21.35,5.9207,30.946,23.602,31.908,25.185,36.139,29.377,14.332,31.581,25.721,5.6039,34.394,9.2451,6.1463,5.7954,7.2242,16.735,17.325,33.795,8.8871,5.3229,15.554,12.074,18.67,19.717,12.675
3.36,18.743,7.2978,17.492,15.873,8.6695,11.149,46.4,6.568,8.2712,42.279,18.234,46.975,21.26,5.9036,30.946,23.806,32.174,25.19,36.657,29.049,14.316,31.757,26.019,5.631,34.371,9.1745,6.1536,5.8082,7.2195,16.791,17.216,33.58,9.0122,5.3685,15.713,12.158,18.829,19.841,12.847
3.37,18.761,7.3604,17.365,15.857,8.6851,11.119,46.36,6.5997,8.2459,42.282,18.244,46.693,21.168,5.8874,30.945,24.008,32.427,25.181,37.178,29.005,14.295,31.929,26.301,5.6569,34.347,9.0987,6.1655,5.8197,7.2147,16.843,17.107,33.356,9.1454,5.4251,15.868,12.239,18.989,19.961,13.018
3.38,18.781,7.4272,17.237,15.841,8.6996,11.086,46.311,6.625,8.2213,42.278,18.253,46.487,21.08,5.872,30.941,24.207,32.669,25.161,37.704,29.091,14.267,32.099,26.567,5.6814,34.321,9.0178,6.177,5.8312,7.2097,16.891,16.997,33.127,9.2869,5.4921,16.019,12.316,19.148,20.078,13.189
3.39,18.803,7.4919,17.108,15.825,8.7129,11.05,46.253,6.6482,8.1975,42.269,18.263,46.431,20.991,5.8574,30.935,24.403,32.899,25.128,38.234,29.159,14.233,32.267,26.815,5.705,34.294,8.932,6.1884,5.8415,7.2047,16.938,16.887,32.891,9.437,5.5682,16.166,12.39,19.307,20.192,13.36
3.4,18.825,7.5548,16.977,15.808,8.7251,11.011,46.185,6.665,8.1744,42.257,18.272,46.37,20.9,5.8437,30.928,24.596,33.118,25.083,38.767,29.209,14.193,32.432,27.045,5.7274,34.264,8.8412,6.1998,5.8506,7.1997,16.982,16.778,32.651,9.5958,5.652,16.36,12.462,19.465,20.303,13.529
3.41,18.847,7.6167,16.845,15.792,8.7361,10.968,46.108,6.6777,8.1521,42.238,18.281,46.305,20.807,5.8309,30.917,24.785,33.339,25.026,39.304,29.241,14.147,32.594,27.257,5.7489,34.233,8.7455,6.2111,5.8586,7.1946,17.023,16.67,32.408,9.7632,5.7414,16.568,12.532,19.622,20.41,13.721
3.42,18.87,7.6811,16.793,15.776,8.7462,10.923,46.022,6.686,8.1306,42.214,18.29,46.236,20.712,5.8188,30.907,24.972,33.713,24.959,39.844,29.253,14.095,32.754,27.451,5.7697,34.201,8.6453,6.2217,5.8655,7.2358,17.062,16.563,32.163,9.9388,5.8347,16.759,12.6,19.779,20.513,13.916
3.43,18.892,7.7466,16.791,15.759,8.755,10.874,45.927,6.6877,8.1099,42.186,18.298,46.162,20.615,5.8075,30.892,25.155,34.075,24.88,40.387,29.248,14.038,32.91,27.636,5.7898,34.166,8.5405,6.2318,5.8713,7.3499,17.099,16.456,31.918,10.122,5.9298,16.929,12.666,19.936,20.613,14.108
3.44,18.914,7.8123,16.789,15.743,8.763,10.823,45.822,6.6857,8.0901,42.152,18.307,46.083,20.517,5.7971,30.877,25.334,34.423,24.791,40.931,29.225,13.976,33.064,27.828,5.8096,34.131,8.4313,6.2409,5.8761,7.456,17.132,16.361,31.673,10.313,6.025,17.08,12.732,20.091,20.71,14.296
3.45,18.935,7.8779,16.785,15.726,8.7697,10.768,45.708,6.6791,8.0711,42.115,18.315,45.999,20.417,5.7874,30.859,25.509,34.758,24.693,41.478,29.183,13.908,33.215,28.005,5.8292,34.094,8.318,6.2491,5.8798,7.5531,17.163,16.396,31.427,10.51,6.1184,17.209,12.796,20.247,20.803,14.481
3.46,18.955,7.9433,16.78,15.71,8.7757,10.709,45.585,6.6663,8.0529,42.072,18.355,45.909,20.315,5.7785,30.84,25.681,35.076,24.586,42.027,29.125,13.836,33.363,28.168,5.8487,34.055,8.2009,6.2564,5.8831,7.6399,17.193,16.428,31.182,10.713,6.2088,17.315,12.86,20.404,20.892,14.662
3.47,18.975,8.0079,16.774,15.694,8.7804,10.648,45.453,6.648,8.0355,42.025,18.436,45.816,20.212,5.7704,30.818,25.848,35.377,24.471,42.578,29.049,13.76,33.509,28.316,5.868,34.014,8.08,6.2627,5.9114,7.7158,17.218,16.457,30.938,10.921,6.2951,17.396,12.923,20.561,20.978,14.838
3.48,18.994,8.0707,16.767,15.677,8.7843,10.582,45.312,6.6273,8.0191,41.973,18.509,45.717,20.111,5.763,30.794,26.01,35.662,24.348,43.129,28.956,13.679,33.651,28.451,5.8868,33.972,7.9558,6.268,5.9434,7.7807,17.243,16.484,30.696,11.153,6.3763,17.466,12.986,20.718,21.061,15.008
3.49,19.013,8.1313,16.759,15.661,8.7871,10.514,45.163,6.6008,8.0034,41.916,18.578,45.613,20.011,5.7563,30.769,26.167,35.929,24.219,43.682,28.846,13.594,33.79,28.572,5.905,33.928,7.926,6.2723,5.9742,7.8347,17.265,16.508,30.457,11.393,6.4521,17.619,13.049,20.874,21.14,15.174
3.5,19.03,8.1895,16.749,15.645,8.789,10.443,45.005,6.5689,7.9887,41.856,18.64,45.504,19.909,5.7503,30.74,26.319,36.179,24.084,44.235,28.721,13.506,33.927,28.681,5.9227,33.883,7.9407,6.2756,6.0042,7.8771,17.284,16.53,30.221,11.638,6.5222,17.774,13.111,21.03,21.215,15.333
3.51,19.047,8.2452,16.738,15.63,8.79,10.369,44.84,6.5327,7.9748,41.791,18.695,45.391,19.806,5.7451,30.712,26.464,36.413,23.942,44.789,28.579,13.415,34.061,28.778,5.9398,33.836,7.954,6.2778,6.0341,7.9075,17.303,16.561,29.988,11.885,6.5867,17.929,13.174,21.186,21.287,15.487
3.52,19.062,8.2988,16.726,15.615,8.7899,10.293,44.667,6.4942,7.9618,41.721,18.746,45.273,19.702,5.7405,30.68,26.602,36.629,23.795,45.343,28.423,13.322,34.191,28.866,5.9556,33.788,7.9657,6.2791,6.0628,7.926,17.318,16.598,29.76,12.136,6.646,18.085,13.237,21.339,21.355,15.634
3.53,19.077,8.35,16.712,15.6,8.7891,10.216,44.488,6.451,7.9496,41.648,18.79,45.149,19.596,5.7366,30.649,26.734,36.827,23.818,45.898,28.251,13.226,34.319,28.944,5.9711,33.738,7.9759,6.2794,6.0906,7.9332,17.331,16.634,29.536,12.388,6.7006,18.242,13.3,21.492,21.419,15.775
3.54,19.091,8.3988,16.698,15.585,8.7871,10.137,44.301,6.4034,7.9383,41.57,18.83,45.023,19.489,5.7335,30.613,26.86,37.008,24.06,46.452,28.065,13.128,34.444,29.014,5.9854,33.687,7.9846,6.2789,6.1173,7.9294,17.343,16.668,29.314,12.641,6.7512,18.399,13.363,21.642,21.48,15.909
3.55,19.103,8.4451,16.682,15.571,8.7946,10.058,44.108,6.353,7.9279,41.489,18.866,44.891,19.382,5.731,30.578,26.978,37.172,24.294,47.006,27.866,13.03,34.565,29.074,5.9991,33.634,7.9919,6.2775,6.1442,7.9143,17.351,16.7,29.095,12.894,6.7987,18.557,13.427,21.791,21.538,16.037
3.56,19.115,8.4893,16.665,15.557,8.8142,9.9772,43.91,6.4104,7.9183,41.404,18.898,44.755,19.273,5.7291,30.54,27.088,37.319,24.547,47.56,27.653,12.931,34.685,29.124,6.0119,33.58,7.9978,6.2753,6.17,7.8884,17.359,16.731,28.879,13.147,6.844,18.715,13.492,21.938,21.591,16.158
3.57,19.126,8.5312,16.647,15.543,8.8321,9.8952,43.706,6.4976,7.9096,41.315,18.928,44.616,19.163,5.7278,30.502,27.189,37.569,24.786,48.114,27.428,12.832,34.801,29.163,6.0238,33.524,8.0022,6.2722,6.1948,7.8521,17.364,16.758,28.666,13.398,6.8881,18.874,13.557,22.083,21.642,16.272
3.58,19.135,8.5707,16.627,15.531,8.8485,9.8118,43.498,6.5833,7.9018,41.223,18.956,44.472,19.052,5.7271,30.461,27.283,37.841,25.011,48.668,27.191,12.734,34.915,29.19,6.0353,33.467,8.0051,6.2685,6.2187,7.8059,17.369,16.783,28.456,13.646,6.9321,19.034,13.622,22.226,21.688,16.379
3.59,19.144,8.6081,16.607,15.518,8.8634,9.7271,43.284,6.6661,7.8947,41.128,18.99,44.323,18.942,5.7269,30.421,27.369,38.112,25.221,49.221,26.943,12.636,35.026,29.205,6.0458,33.409,8.0066,6.2643,6.2422,7.7505,17.371,16.803,28.249,13.892,6.9768,19.195,13.689,22.366,21.732,16.478
3.6,19.152,8.6433,16.618,15.506,8.8768,9.6416,43.068,6.7459,7.8886,41.03,19.026,44.172,18.834,5.7272,30.378,27.446,38.381,25.418,49.774,26.683,12.54,35.134,29.207,6.056,33.349,8.0068,6.2597,6.2653,7.6863,17.372,16.821,28.285,14.134,7.0235,19.356,13.755,22.504,21.772,16.569
3.61,19.159,8.6763,16.639,15.495,8.8887,9.5553,42.848,6.824,7.8832,40.928,19.065,44.016,18.725,5.7281,30.335,27.513,38.649,25.601,50.327,26.414,12.446,35.24,29.197,6.0655,33.288,8.0056,6.2554,6.2875,7.6139,17.373,16.833,28.592,14.373,7.0731,19.519,13.823,22.64,21.808,16.652
3.62,19.165,8.7072,16.66,15.484,8.8991,9.4688,42.626,6.8973,7.8787,40.823,19.102,43.856,18.615,5.7295,30.29,27.571,38.916,25.771,50.879,26.135,12.355,35.344,29.174,6.0742,33.225,8.0031,6.2622,6.3089,7.5341,17.373,16.843,28.889,14.606,7.1266,19.682,13.891,22.773,21.841,16.726
3.63,19.171,8.7362,16.681,15.474,8.908,9.3818,42.405,6.967,7.8749,40.717,19.137,43.693,18.505,5.7313,30.244,27.622,39.182,25.929,51.43,25.848,12.266,35.445,29.139,6.0826,33.161,7.9993,6.2769,6.3293,7.4483,17.373,16.848,29.178,14.835,7.1849,19.846,13.959,22.904,21.87,16.792
3.64,19.176,8.7632,16.701,15.465,8.9154,9.2948,42.186,7.033,7.872,40.607,19.168,43.525,18.393,5.7336,30.197,27.663,39.447,26.075,51.982,25.552,12.181,35.544,29.092,6.0978,33.096,7.9942,6.2916,6.3492,7.3574,17.374,16.85,29.459,15.059,7.2488,20.011,14.029,23.033,21.896,16.849
3.65,19.18,8.7881,16.722,15.456,8.9213,9.2075,41.973,7.0929,7.8699,40.495,19.197,43.355,18.282,5.7364,30.149,27.695,39.711,26.21,52.533,25.249,12.099,35.641,29.032,6.1199,33.029,7.9879,6.3059,6.369,7.2623,17.374,16.848,29.732,15.277,7.3191,20.178,14.099,23.159,21.919,16.897
3.66,19.183,8.8111,16.742,15.449,8.9256,9.1201,41.786,7.1503,7.8685,40.381,19.22,43.182,18.169,5.7395,30.101,27.715,39.973,26.335,53.083,24.941,12.022,35.736,28.961,6.1414,32.961,7.9803,6.3196,6.388,7.1639,17.372,16.843,29.996,15.49,7.3966,20.346,14.17,23.283,21.938,16.938
3.67,19.186,8.8324,16.762,15.441,8.9285,9.0324,41.673,7.2013,7.868,40.264,19.24,43.004,18.056,5.7431,30.05,27.727,40.234,26.449,53.635,24.625,11.948,35.829,28.878,6.1623,32.892,7.9715,6.3327,6.4062,7.0626,17.37,16.834,30.252,15.698,7.4818,20.516,14.241,23.403,21.954,17.106
3.68,19.188,8.8519,16.781,15.435,8.9299,8.9446,41.733,7.2475,7.8681,40.145,19.255,42.824,17.943,5.747,30,27.73,40.495,26.553,54.186,24.305,11.88,35.92,28.784,6.1826,32.821,7.9616,6.3452,6.4235,7.0227,17.365,16.821,30.5,15.899,7.5752,20.716,14.313,23.522,21.966,17.272
3.69,19.19,8.8696,16.801,15.429,8.9298,8.8567,41.854,7.2892,7.8691,40.025,19.266,42.64,17.829,5.7513,29.949,27.723,40.755,26.648,54.739,23.981,11.828,36.01,28.679,6.2024,32.749,7.9506,6.3569,6.4401,7.0154,17.36,16.804,30.739,16.095,7.677,20.94,14.385,23.638,21.975,17.428
3.7,19.19,8.8857,16.82,15.425,8.9282,8.7689,41.971,7.325,7.8707,39.902,19.274,42.454,17.714,5.756,29.896,27.704,41.014,26.735,55.294,23.653,11.818,36.098,28.563,6.2223,32.676,7.9385,6.3678,6.456,7.0081,17.352,16.783,30.97,16.285,7.7873,21.164,14.458,23.751,21.981,17.574
3.71,19.19,8.9004,16.839,15.421,8.9251,8.681,42.083,7.3574,7.8731,39.777,19.277,42.264,17.599,5.7609,29.844,27.746,41.271,26.812,55.849,23.322,11.811,36.185,28.438,6.2417,32.601,7.9253,6.3781,6.4721,7.0007,17.343,16.768,31.193,16.47,7.9059,21.39,14.532,23.861,21.984,17.711
3.72,19.19,8.9137,16.858,15.418,8.9205,8.5935,42.189,7.3847,7.8762,39.651,19.277,42.071,17.484,5.7662,29.789,27.788,41.526,26.882,56.405,22.99,11.807,36.269,28.302,6.2607,32.525,7.911,6.3875,6.4875,6.9932,17.333,16.764,31.408,16.65,8.0326,21.616,14.606,23.969,21.983,17.84
3.73,19.188,8.9261,16.876,15.416,8.9145,8.5062,42.29,7.4081,7.8799,39.523,19.274,41.876,17.369,5.7717,29.735,27.818,41.78,26.943,56.958,22.657,11.807,36.353,28.158,6.2792,32.448,7.8957,6.3963,6.5021,6.9856,17.319,16.755,31.692,16.825,8.1666,21.843,14.681,24.074,21.979,17.959
3.74,19.185,8.9378,16.894,15.415,8.907,8.4196,42.388,7.4294,7.8844,39.393,19.269,41.678,17.256,5.7775,29.679,27.843,42.031,27.009,57.509,22.323,11.811,36.435,28.005,6.2973,32.369,7.8794,6.4042,6.516,6.978,17.306,16.743,32.203,16.995,8.3072,22.072,14.755,24.176,21.971,18.069
3.75,19.182,8.9487,16.912,15.414,8.8981,8.4475,42.48,7.4485,7.8894,39.261,19.263,41.477,17.143,5.7835,29.623,27.856,42.279,27.083,58.057,21.99,11.819,36.516,27.845,6.315,32.289,7.8621,6.4113,6.5291,6.9703,17.289,16.728,32.7,17.161,8.4534,22.301,14.831,24.275,21.961,18.172
3.76,19.177,8.9588,16.93,15.415,8.8879,8.4782,42.568,7.4658,7.8952,39.128,19.255,41.274,17.03,5.7898,29.566,27.864,42.523,27.152,58.603,21.658,11.831,36.596,27.676,6.3325,32.207,7.8438,6.4177,6.5416,6.9625,17.272,16.706,33.182,17.323,8.604,22.531,14.906,24.372,21.947,18.268
3.77,19.172,8.9682,16.948,15.417,8.8762,8.5084,42.651,7.4802,7.9016,38.994,19.247,41.068,16.917,5.7963,29.508,27.861,42.763,27.218,59.145,21.328,11.848,36.675,27.5,6.3501,32.124,7.8246,6.4233,6.5534,6.9547,17.252,16.681,33.649,17.482,8.7577,22.762,14.982,24.467,21.93,18.356
3.78,19.166,8.9772,16.965,15.419,8.8632,8.5379,42.73,7.4911,7.9086,38.858,19.239,40.861,16.803,5.8032,29.45,27.851,42.999,27.278,59.683,21,11.868,36.752,27.317,6.3674,32.04,7.8045,6.4922,6.5647,6.9468,17.231,16.651,34.1,17.638,8.9132,22.995,15.057,24.558,21.91,18.438
3.79,19.159,8.9855,16.983,15.423,8.8487,8.5669,42.805,7.5005,7.9161,38.72,19.229,40.651,16.689,5.8103,29.391,27.832,43.231,27.335,60.248,20.677,11.894,36.829,27.129,6.3844,31.954,7.7835,6.559,6.5762,6.9388,17.209,16.616,34.536,17.791,9.0689,23.228,15.133,24.646,21.886,18.513
3.8,19.152,8.9928,17,15.428,8.8329,8.5953,42.874,7.5054,7.9243,38.581,19.217,40.439,16.575,5.8175,29.331,27.806,43.458,27.389,60.954,20.357,11.924,36.905,27.044,6.4012,31.867,7.7616,6.6229,6.587,6.9308,17.184,16.575,34.956,17.942,9.2237,23.462,15.208,24.732,21.86,18.583
3.81,19.143,8.999,17.017,15.433,8.8157,8.6231,42.938,7.5096,7.9331,38.44,19.203,40.226,16.462,5.8249,29.271,27.77,43.681,27.44,61.657,20.043,11.959,36.98,26.983,6.4177,31.779,7.7389,6.6839,6.5971,6.9228,17.159,16.528,35.359,18.09,9.3759,23.697,15.283,24.815,21.83,18.648
3.82,19.134,9.0042,17.033,15.44,8.7973,8.6504,42.998,7.5097,7.9423,38.298,19.185,40.011,16.348,5.8323,29.209,27.726,43.898,27.488,62.355,19.735,11.998,37.055,26.903,6.434,31.689,7.7154,6.742,6.6066,6.9146,17.133,16.474,35.747,18.237,9.5246,23.934,15.358,24.895,21.797,18.708
3.83,19.125,9.0083,17.05,15.448,8.7776,8.6769,43.053,7.5097,7.9522,38.155,19.164,39.794,16.234,5.8399,29.148,27.674,44.111,27.535,63.05,19.433,12.042,37.129,26.804,6.45,31.598,7.6911,6.7971,6.6155,6.9065,17.106,16.412,36.118,18.381,9.6687,24.171,15.432,24.973,21.761,18.765
3.84,19.114,9.0113,17.066,15.457,8.7566,8.7031,43.102,7.5063,7.9625,38.01,19.141,39.575,16.12,5.8475,29.085,27.614,44.319,27.58,63.738,19.138,12.091,37.203,26.687,6.4665,31.506,7.666,6.8495,6.6238,6.8984,17.078,16.343,36.475,18.524,9.8072,24.411,15.505,25.047,21.722,18.819
3.85,19.103,9.0132,17.082,15.467,8.7344,8.7285,43.147,7.5032,7.9734,37.863,19.115,39.355,16.006,5.8552,29.021,27.545,44.522,27.623,64.42,18.851,12.144,37.276,26.555,6.4828,31.412,7.6403,6.8992,6.6314,6.8903,17.049,16.266,36.818,18.666,9.9393,24.651,15.578,25.119,21.68,18.87
3.86,19.091,9.0139,17.098,15.478,8.7109,8.7535,43.186,7.4977,7.9847,37.714,19.086,39.134,15.892,5.863,28.957,27.47,44.72,27.666,65.092,18.572,12.202,37.348,26.407,6.499,31.317,7.6137,6.9462,6.6384,6.8821,17.019,16.181,37.147,18.806,10.065,24.893,15.649,25.189,21.635,18.919
3.87,19.078,9.0135,17.114,15.49,8.6862,8.7778,43.221,7.4927,7.9965,37.564,19.056,38.912,15.778,5.8708,28.892,27.386,44.913,27.707,65.753,18.302,12.264,37.42,26.244,6.515,31.22,7.5865,6.9905,6.6448,6.8738,16.989,16.086,37.464,18.945,10.183,25.137,15.719,25.255,21.588,18.968
3.88,19.065,9.012,17.129,15.503,8.6604,8.8016,43.251,7.4865,8.0088,37.413,19.026,38.687,15.664,5.8786,28.828,27.295,45.1,27.749,66.403,18.041,12.33,37.492,26.068,6.531,31.122,7.5586,7.0324,6.6514,6.8655,16.956,15.982,37.768,19.082,10.294,25.383,15.789,25.32,21.538,19.016
3.89,19.05,9.0096,17.145,15.517,8.6334,8.8249,43.275,7.4805,8.0215,37.26,19.03,38.462,15.551,5.8864,28.762,27.196,45.283,27.789,67.042,17.79,12.4,37.564,25.88,6.5469,31.022,7.5299,7.0717,6.6576,6.8572,16.924,15.922,38.061,19.218,10.397,25.631,15.856,25.382,21.485,19.066
3.9,19.036,9.0062,17.16,15.532,8.6052,8.8473,43.296,7.4748,8.0346,37.105,19.046,38.235,15.438,5.8942,28.696,27.089,45.461,27.829,67.67,17.549,12.474,37.635,25.681,6.5628,30.921,7.5006,7.1085,6.6632,6.8488,16.891,15.911,38.343,19.353,10.493,25.88,15.923,25.441,21.43,19.116
3.91,19.02,9.0017,17.175,15.549,8.5759,8.8696,43.311,7.4685,8.0481,36.949,19.062,38.007,15.325,5.9019,28.63,26.976,45.633,27.869,68.287,17.342,12.551,37.706,25.471,6.5787,30.819,7.4707,7.1428,6.6683,6.8403,16.856,15.895,38.615,19.487,10.583,26.132,15.988,25.499,21.372,19.169
3.92,19.004,8.9963,17.19,15.566,8.5454,8.8911,43.322,7.4645,8.062,36.791,19.075,37.778,15.212,5.9096,28.564,26.855,45.801,27.909,68.892,17.336,12.632,37.777,25.252,6.595,30.715,7.44,7.1745,6.6727,6.8318,16.821,15.874,38.877,19.62,10.665,26.384,16.051,25.554,21.311,19.224
3.93,18.986,8.9901,17.204,15.585,8.514,8.912,43.326,7.4603,8.0763,36.632,19.086,37.548,15.1,5.9172,28.496,26.728,45.964,27.948,69.486,17.326,12.716,37.847,25.025,6.6113,30.61,7.4088,7.2038,6.6766,6.8233,16.784,15.848,39.131,19.752,10.741,26.639,16.112,25.607,21.249,19.282
3.94,18.968,8.9831,17.218,15.604,8.4814,8.9326,43.328,7.4572,8.0909,36.471,19.094,37.317,14.988,5.9251,28.429,26.595,46.123,27.987,70.067,17.311,12.803,37.918,24.792,6.6277,30.504,7.377,7.2305,6.6799,6.8147,16.746,15.854,39.375,19.882,10.811,26.896,16.172,25.658,21.184,19.345
3.95,18.949,8.9751,17.232,15.625,8.4478,8.9526,43.323,7.4565,8.1059,36.309,19.098,37.084,14.876,5.9329,28.359,26.454,46.277,28.027,70.636,17.291,12.892,37.987,24.552,6.6441,30.396,7.3447,7.2545,6.6827,6.806,16.707,15.939,39.612,20.01,10.875,27.154,16.229,25.707,21.117,19.412
3.96,18.929,8.9665,17.246,15.647,8.4354,8.972,43.315,7.4577,8.1212,36.145,19.1,36.851,14.764,5.9406,28.29,26.307,46.428,28.067,71.192,17.269,12.984,38.058,24.308,6.6606,30.286,7.3117,7.276,6.6849,6.7973,16.666,16.023,39.84,20.137,10.932,27.413,16.285,25.754,21.048,19.483
3.97,18.909,8.9571,17.26,15.67,8.4334,8.9911,43.3,7.4696,8.1369,35.98,19.096,36.617,14.653,5.9482,28.376,26.155,46.575,28.106,71.735,17.241,13.078,38.128,24.109,6.6772,30.175,7.2783,7.2948,6.6865,6.7886,16.624,16.102,40.062,20.262,10.984,27.673,16.338,25.8,20.976,19.561
3.98,18.887,8.947,17.274,15.694,8.4312,9.0095,43.282,7.4834,8.1528,35.813,19.091,36.382,14.542,5.9556,28.519,25.997,46.718,28.147,72.264,17.21,13.175,38.197,23.998,6.6938,30.195,7.2442,7.3111,6.6884,6.7798,16.58,16.178,40.276,20.385,11.029,27.933,16.389,25.844,20.902,19.643
3.99,18.865,8.9362,17.287,15.718,8.429,9.0276,43.259,7.4994,8.169,35.645,19.08,36.146,14.433,5.9629,28.658,25.832,46.859,28.188,72.78,17.174,13.272,38.267,23.887,6.7106,30.222,7.2097,7.3247,6.6899,6.771,16.534,16.251,40.483,20.506,11.069,28.193,16.437,25.887,20.826,19.732
4,18.842,8.925,17.3,15.745,8.4268,9.0453,43.232,7.5188,8.1854,35.476,19.067,35.91,14.325,5.9701,28.794,25.661,46.998,28.229,73.283,17.135,13.372,38.337,23.775,6.7276,30.249,7.1747,7.3357,6.6908,6.7621,16.488,16.318,40.683,20.624,11.101,28.452,16.482,25.929,20.749,19.828
4.01,18.818,8.9131,17.313,15.772,8.4245,9.0623,43.2,7.5411,8.2022,35.304,19.049,35.672,14.216,5.9771,28.927,25.486,47.134,28.271,73.773,17.091,13.472,38.406,23.665,6.745,30.275,7.1393,7.3442,6.6911,6.7532,16.44,16.383,40.877,20.738,11.127,28.71,16.524,25.969,20.67,19.93
4.02,18.793,8.9007,17.327,15.8,8.422,9.0791,43.164,7.5662,8.2191,35.132,19.028,35.452,14.109,5.9839,29.057,25.306,47.27,28.314,74.249,17.043,13.574,38.475,23.556,6.7626,30.3,7.1035,7.3505,6.6909,6.7443,16.39,16.443,41.062,20.85,11.146,28.968,16.563,26.008,20.588,20.04
4.03,18.767,8.8878,17.34,15.829,8.4193,9.0955,43.123,7.5942,8.2363,34.959,19.003,35.376,14.001,5.9905,29.183,25.12,47.406,28.358,74.711,16.993,13.676,38.545,23.45,6.7803,30.325,7.0671,7.3544,6.6902,6.7353,16.34,16.498,41.24,20.957,11.158,29.224,16.599,26.046,20.505,20.156
4.04,18.741,8.8744,17.353,15.859,8.4164,9.1114,43.079,7.6254,8.2536,34.784,18.975,35.301,13.895,5.9969,29.307,24.928,47.541,28.402,75.16,16.938,13.779,38.614,23.487,6.7982,30.349,7.0304,7.3563,6.6889,6.7263,16.288,16.548,41.411,21.061,11.162,29.48,16.632,26.082,20.421,20.28
4.05,18.713,8.8606,17.366,15.89,8.4135,9.1269,43.03,7.6598,8.2712,34.608,18.944,35.223,13.788,6.003,29.427,24.731,47.676,28.447,75.594,16.879,13.883,38.682,23.633,6.8163,30.372,6.9934,7.3565,6.687,6.7172,16.234,16.594,41.575,21.16,11.158,29.734,16.661,26.116,20.335,20.411
4.06,18.685,8.8463,17.378,15.922,8.4103,9.1422,42.979,7.6976,8.2889,34.432,18.91,35.146,13.682,6.009,29.544,24.53,47.812,28.493,76.016,16.817,13.986,38.752,23.777,6.8345,30.395,6.956,7.3557,6.6884,6.7081,16.18,16.635,41.731,21.254,11.145,29.989,16.688,26.149,20.247,20.549
4.07,18.656,8.8316,17.391,15.955,8.4071,9.157,42.923,7.7388,8.3068,34.253,18.886,35.067,13.577,6.0147,29.657,24.324,47.948,28.54,76.423,16.751,14.09,38.821,23.919,6.853,30.417,6.9183,7.4009,6.6965,6.6991,16.124,16.67,41.878,21.343,11.125,30.244,16.711,26.181,20.157,20.694
4.08,18.625,8.8164,17.425,15.989,8.4038,9.1714,42.864,7.7835,8.3249,34.075,18.999,34.988,13.504,6.0204,29.767,24.114,48.086,28.588,76.816,16.682,14.193,38.889,24.059,6.8716,30.574,6.8803,7.4522,6.7039,6.6901,16.066,16.701,42.017,21.426,11.096,30.499,16.732,26.211,20.066,20.847
4.09,18.594,8.8009,17.473,16.024,8.4005,9.1857,42.802,7.8324,8.3431,33.895,19.11,34.908,13.472,6.026,29.873,23.899,48.224,28.637,77.195,16.609,14.296,38.958,24.197,6.8906,30.953,6.842,7.5016,6.7108,6.6811,16.008,16.726,42.148,21.503,11.058,30.756,16.749,26.24,19.973,21.006
4.1,18.562,8.785,17.521,16.06,8.397,9.1995,42.736,7.885,8.3614,33.715,19.22,34.827,13.441,6.0313,29.977,23.681,48.363,28.686,77.56,16.73,14.399,39.027,24.332,6.91,31.325,6.8035,7.5491,6.7171,6.672,15.948,16.746,42.267,21.573,11.013,31.013,16.764,26.268,19.878,21.172
4.11,18.529,8.7688,17.569,16.096,8.3934,9.213,42.667,7.9412,8.3798,33.534,19.327,34.746,13.409,6.0364,30.076,23.459,48.502,28.737,77.914,16.899,14.501,39.095,24.465,6.9297,31.69,6.7647,7.5949,6.7228,6.6629,15.887,16.759,42.377,21.636,10.961,31.269,16.775,26.295,19.781,21.345
4.12,18.496,8.7522,17.616,16.134,8.3897,9.2264,42.595,8.0007,8.3983,33.352,19.431,34.663,13.379,6.0412,30.172,23.234,48.641,28.788,78.257,17.065,14.603,39.164,24.596,6.9495,32.05,6.7258,7.6388,6.728,6.6538,15.823,16.767,42.476,21.699,10.903,31.525,16.784,26.321,19.683,21.524
4.13,18.461,8.7354,17.664,16.173,8.3858,9.2394,42.522,8.0635,8.4169,33.175,19.532,34.58,13.349,6.0457,30.263,23.006,48.779,28.84,78.592,17.228,14.704,39.232,24.724,6.9696,32.405,6.6866,7.6809,6.7331,6.6446,15.76,16.768,42.565,21.807,10.838,31.778,16.79,26.346,19.583,21.709
4.14,18.425,8.7183,17.71,16.212,8.3818,9.252,42.445,8.1296,8.4356,33.156,19.633,34.496,13.318,6.0499,30.351,23.093,48.916,28.892,78.918,17.387,14.804,39.299,24.851,6.9899,32.755,6.6473,7.7211,6.7379,6.6354,15.695,16.763,42.645,21.908,10.77,32.028,16.794,26.369,19.482,21.901
4.15,18.415,8.7011,17.757,16.252,8.3776,9.2957,42.366,8.1988,8.4544,33.136,19.731,34.412,13.288,6.0538,30.435,23.185,49.052,28.945,79.235,17.543,14.903,39.368,24.975,7.0105,33.103,6.6079,7.7594,6.7422,6.6262,15.628,16.753,42.715,22.003,10.698,32.275,16.794,26.391,19.378,22.097
4.16,18.416,8.6836,17.803,16.293,8.3733,9.3554,42.285,8.2709,8.4732,33.116,19.826,34.326,13.258,6.0574,30.514,23.272,49.187,28.999,79.546,17.693,15.001,39.435,25.097,7.0312,33.447,6.5683,7.796,6.7459,6.617,15.559,16.736,42.776,22.09,10.623,32.518,16.792,26.412,19.276,22.299
4.17,18.417,8.6661,17.848,16.335,8.3691,9.4177,42.201,8.3473,8.4922,33.095,19.918,34.24,13.228,6.0607,30.589,23.357,49.321,29.052,79.85,17.838,15.099,39.502,25.216,7.0523,33.787,6.5287,7.8307,6.749,6.6149,15.491,16.713,42.827,22.168,10.548,32.757,16.891,26.432,19.376,22.505
4.18,18.417,8.6483,17.893,16.378,8.3647,9.4827,42.114,8.4264,8.5113,33.073,20.009,34.154,13.198,6.0636,30.662,23.438,49.454,29.106,80.149,17.978,15.195,39.569,25.334,7.0739,34.122,6.489,7.8636,6.7515,6.6253,15.425,16.683,42.867,22.238,10.474,32.991,17.017,26.451,19.475,22.716
4.19,18.417,8.6307,17.938,16.421,8.3603,9.5504,42.024,8.508,8.5304,33.05,20.098,34.066,13.169,6.0662,30.729,23.515,49.585,29.16,80.443,18.111,15.29,39.636,25.449,7.0958,34.452,6.4492,7.8947,6.7534,6.6306,15.517,16.648,42.896,22.298,10.401,33.221,17.139,26.469,19.573,22.936
4.2,18.417,8.6128,17.982,16.465,8.3557,9.6208,41.931,8.5918,8.5495,33.027,20.185,33.978,13.14,6.0684,30.793,23.589,49.715,29.257,80.736,18.238,15.384,39.702,25.561,7.1178,34.774,6.4095,7.924,6.7547,6.6308,15.605,16.605,42.91,22.348,10.332,33.445,17.257,26.486,19.67,23.202
4.21,18.416,8.595,18.026,16.51,8.351,9.6939,41.835,8.6776,8.5686,33.003,20.268,33.889,13.111,6.0703,30.853,23.661,49.844,29.384,81.266,18.359,15.476,39.769,25.672,7.1401,35.089,6.3697,7.9515,6.756,6.6261,15.69,16.556,42.908,22.389,10.267,33.664,17.372,26.501,19.766,23.471
4.22,18.416,8.5772,18.07,16.556,8.3461,9.7698,41.737,8.7654,8.5877,32.979,20.35,33.8,13.082,6.0722,30.911,23.728,49.971,29.514,81.807,18.473,15.568,39.834,25.781,7.1626,35.398,6.33,7.9772,6.7571,6.6164,15.77,16.502,42.891,22.42,10.208,33.878,17.482,26.516,19.86,23.743
4.23,18.414,8.5594,18.113,16.602,8.3411,9.8485,41.636,8.8566,8.6067,32.953,20.431,33.709,13.052,6.0738,30.965,23.791,50.096,29.646,82.342,18.58,15.658,39.899,25.887,7.1854,35.7,6.2904,8.0013,6.7575,6.6019,15.846,16.44,42.858,22.44,10.154,34.085,17.589,26.529,19.953,24.018
4.24,18.413,8.5417,18.155,16.649,8.336,9.9299,41.532,8.9491,8.6258,32.928,20.508,33.618,13.023,6.0751,31.015,23.853,50.22,29.779,82.874,18.679,15.748,39.964,25.991,7.2087,35.995,6.2509,8.0234,6.7573,6.5827,15.92,16.371,42.809,22.451,10.108,34.287,17.691,26.541,20.044,24.295
4.25,18.412,8.5241,18.198,16.696,8.3308,10.014,41.425,9.0425,8.6448,32.901,20.584,33.527,12.995,6.076,31.062,23.91,50.341,29.913,83.402,18.769,15.835,40.028,26.093,7.2323,36.283,6.2116,8.0441,6.7565,6.559,15.988,16.297,42.744,22.452,10.068,34.482,17.789,26.552,20.134,24.573
4.26,18.41,8.5067,18.239,16.744,8.3255,10.101,41.315,9.1366,8.6637,32.874,20.656,33.435,12.966,6.0765,31.105,23.963,50.461,30.048,83.926,18.852,15.922,40.092,26.193,7.256,36.564,6.1725,8.0628,6.7551,6.5309,16.054,16.216,42.661,22.576,10.036,34.671,17.882,26.562,20.223,24.854
4.27,18.408,8.4893,18.281,16.793,8.3203,10.19,41.204,9.2313,8.6826,32.847,20.729,33.342,12.937,6.0766,31.144,24.015,50.578,30.183,84.447,18.927,16.007,40.156,26.291,7.28,36.837,6.1336,8.08,6.753,6.5141,16.116,16.128,42.558,22.779,10.011,34.855,17.971,26.572,20.31,25.135
4.28,18.406,8.4722,18.322,16.843,8.3149,10.282,41.089,9.3286,8.7014,32.818,20.799,33.248,12.907,6.0764,31.179,24.062,50.693,30.319,84.962,18.993,16.091,40.218,26.388,7.3044,37.102,6.095,8.0955,6.7504,6.5047,16.173,16.036,42.434,22.979,9.9922,35.032,18.055,26.58,20.396,25.417
4.29,18.403,8.4552,18.362,16.892,8.3094,10.377,40.973,9.4257,8.7201,32.79,20.866,33.155,12.878,6.0757,31.211,24.106,50.805,30.456,85.472,19.051,16.174,40.28,26.482,7.3292,37.358,6.0569,8.1093,6.7472,6.4953,16.228,15.936,42.288,23.175,9.9795,35.203,18.135,26.587,20.481,25.7
4.3,18.4,8.4385,18.402,16.943,8.3037,10.474,40.853,9.5221,8.7388,32.76,20.93,33.06,12.848,6.0747,31.239,24.147,50.915,30.707,85.976,19.099,16.255,40.342,26.575,7.3541,37.605,6.0191,8.1216,6.744,6.4858,16.279,15.83,42.119,23.366,9.9719,35.368,18.211,26.594,20.563,25.982
4.31,18.397,8.422,18.441,16.994,8.298,10.573,40.732,9.6176,8.7573,32.73,20.994,32.965,12.817,6.0732,31.262,24.185,51.022,31.006,86.473,19.14,16.334,40.402,26.667,7.3793,37.843,5.9818,8.132,6.7404,6.4763,16.327,15.719,41.925,23.554,9.9686,35.527,18.282,26.599,20.645,26.263
4.32,18.394,8.4242,18.481,17.045,8.2921,10.675,40.607,9.7149,8.7758,32.7,21.056,32.869,12.788,6.0714,31.282,24.219,51.127,31.304,86.964,19.171,16.412,40.463,26.757,7.405,38.071,5.9448,8.1412,6.7362,6.4668,16.371,15.602,41.708,23.739,9.9684,35.68,18.348,26.604,20.725,26.543
4.33,18.391,8.4263,18.519,17.097,8.2861,10.779,40.481,9.811,8.7941,32.669,21.116,32.773,12.759,6.0692,31.298,24.251,51.23,31.602,87.448,19.193,16.488,40.522,26.847,7.4309,38.289,5.9082,8.1486,6.7313,6.4573,16.413,15.48,41.466,23.92,9.9703,35.827,18.409,26.608,20.803,26.822
4.34,18.387,8.4281,18.557,17.15,8.28,10.885,40.351,9.9051,8.8124,32.637,21.172,32.677,12.73,6.0666,31.311,24.279,51.332,31.898,87.925,19.206,16.562,40.581,26.936,7.4571,38.497,5.8719,8.1545,6.7258,6.4478,16.451,15.352,41.199,24.098,9.9729,35.968,18.467,26.611,20.88,27.097
4.35,18.383,8.4298,18.595,17.202,8.2738,10.993,40.22,9.9994,8.8305,32.605,21.229,32.58,12.7,6.064,31.321,24.304,51.431,32.193,88.395,19.21,16.634,40.639,27.025,7.4834,38.696,5.836,8.159,6.7197,6.4383,16.486,15.22,40.909,24.272,9.9753,36.103,18.519,26.614,20.955,27.371
4.36,18.379,8.4312,18.633,17.255,8.2676,11.103,40.085,10.093,8.8484,32.572,21.283,32.482,12.671,6.061,31.327,24.326,51.53,32.486,88.859,19.205,16.704,40.696,27.12,7.5103,38.886,5.8004,8.1618,6.713,6.4288,16.52,15.082,40.595,24.444,9.9761,36.231,18.567,26.615,21.029,27.641
4.37,18.375,8.4325,18.669,17.309,8.2613,11.215,39.948,10.183,8.8662,32.539,21.335,32.384,12.641,6.0575,31.329,24.345,51.629,32.777,89.315,19.191,16.771,40.753,27.233,7.5373,39.067,5.765,8.1633,6.7056,6.4192,16.55,14.939,40.258,24.613,9.9743,36.353,18.609,26.616,21.102,27.909
4.38,18.37,8.4337,18.706,17.363,8.2549,11.329,39.809,10.274,8.8839,32.505,21.384,32.286,12.611,6.0537,31.33,24.36,51.729,33.064,89.765,19.168,16.837,40.808,27.348,7.5645,39.238,5.7298,8.1633,6.6976,6.4097,16.579,14.792,39.899,24.779,9.9689,36.467,18.647,26.617,21.173,28.173
4.39,18.366,8.4346,18.742,17.417,8.2484,11.444,39.667,10.362,8.9015,32.471,21.432,32.187,12.58,6.0495,31.327,24.374,51.832,33.349,90.208,19.137,16.902,40.863,27.463,7.5918,39.398,5.6947,8.1617,6.6892,6.4002,16.605,14.655,39.553,24.942,9.9589,36.575,18.681,26.616,21.242,28.433
4.4,18.361,8.4354,18.777,17.472,8.2418,11.561,39.523,10.45,8.9188,32.436,21.479,32.088,12.55,6.0448,31.322,24.383,51.94,33.629,90.644,19.097,16.964,40.917,27.577,7.6197,39.549,5.6598,8.159,6.6807,6.3907,16.63,14.64,39.261,25.102,9.9434,36.676,18.709,26.615,21.31,28.688
4.41,18.356,8.4359,18.812,17.527,8.235,11.679,39.378,10.534,8.936,32.401,21.524,31.988,12.519,6.0398,31.314,24.39,52.051,33.906,91.073,19.131,17.026,40.97,27.69,7.6477,39.689,5.6249,8.1547,6.6717,6.3812,16.653,14.619,38.951,25.26,9.9216,36.77,18.732,26.614,21.376,28.939
4.42,18.35,8.4364,18.847,17.582,8.2282,11.798,39.229,10.616,8.9531,32.365,21.566,31.888,12.488,6.0343,31.303,24.394,52.168,34.178,91.496,19.302,17.087,41.022,27.801,7.6758,39.818,5.5901,8.1492,6.6619,6.3717,16.676,14.594,38.623,25.415,9.8928,36.857,18.75,26.611,21.441,29.185
4.43,18.345,8.4366,18.881,17.638,8.2212,11.919,39.079,10.695,8.9699,32.329,21.607,31.788,12.456,6.0283,31.29,24.395,52.289,34.445,91.911,19.47,17.147,41.073,27.91,7.7041,39.937,5.5554,8.1424,6.6516,6.3622,16.714,14.564,38.277,25.568,10.037,36.937,18.764,26.609,21.504,29.427
4.44,18.339,8.4367,18.914,17.693,8.2141,12.041,38.927,10.77,8.9866,32.293,21.645,31.687,12.426,6.022,31.275,24.393,52.412,34.708,92.32,19.637,17.206,41.123,28.018,7.7325,40.046,5.5207,8.134,6.6406,6.3527,16.769,14.529,37.915,25.718,10.234,37.011,18.772,26.605,21.566,29.663
4.45,18.333,8.4365,18.947,17.749,8.2069,12.164,38.772,10.845,9.0031,32.256,21.683,31.586,12.396,6.0153,31.257,24.389,52.537,34.966,92.722,19.801,17.263,41.172,28.124,7.7612,40.145,5.4861,8.1248,6.6289,6.3432,16.825,14.491,37.539,25.866,10.434,37.079,18.776,26.602,21.626,29.895
4.46,18.327,8.4363,18.98,17.805,8.1998,12.287,38.615,10.913,9.0194,32.218,21.719,31.484,12.366,6.0081,31.236,24.381,52.664,35.272,93.117,19.962,17.32,41.221,28.227,7.7902,40.235,5.4516,8.1141,6.6166,6.3337,16.88,14.448,37.159,26.012,10.635,37.142,18.775,26.597,21.685,30.122
4.47,18.321,8.4358,19.012,17.862,8.1926,12.412,38.458,10.981,9.0355,32.18,21.752,31.383,12.335,6.0009,31.213,24.371,52.791,35.629,93.505,20.121,17.374,41.268,28.329,7.8193,40.369,5.4171,8.1023,6.6036,6.3242,16.935,14.402,37.123,26.156,10.837,37.199,18.769,26.593,21.742,30.343
4.48,18.315,8.4352,19.044,17.918,8.1852,12.537,38.297,11.043,9.0514,32.142,21.784,31.281,12.305,5.9934,31.188,24.358,52.918,35.977,93.886,20.275,17.427,41.314,28.429,7.8485,40.504,5.3827,8.0893,6.5899,6.3147,16.988,14.352,37.066,26.298,11.038,37.251,18.759,26.588,21.798,30.558
4.49,18.308,8.4344,19.075,17.975,8.1777,12.663,38.135,11.103,9.0671,32.104,21.813,31.179,12.274,5.9854,31.161,24.342,53.045,36.316,94.26,20.427,17.478,41.359,28.526,7.8778,40.633,5.3483,8.0752,6.5757,6.3052,17.041,14.298,36.988,26.437,11.238,37.364,18.743,26.583,21.852,30.769
4.5,18.302,8.4336,19.106,18.032,8.1701,12.789,37.972,11.16,9.0826,32.064,21.841,31.076,12.243,5.977,31.131,24.324,53.171,36.645,94.627,20.574,17.528,41.403,28.622,7.9072,40.754,5.3141,8.06,6.5615,6.2956,17.093,14.239,36.89,26.575,11.437,37.495,18.723,26.577,21.904,30.972
4.51,18.295,8.4327,19.136,18.088,8.1625,12.935,37.807,11.214,9.0979,32.025,21.868,30.973,12.212,5.9682,31.099,24.303,53.296,36.965,94.986,20.716,17.575,41.447,28.715,7.9368,40.868,5.2962,8.0439,6.5467,6.2861,17.143,14.177,36.773,26.711,11.633,37.623,18.698,26.572,21.955,31.169
4.52,18.288,8.4316,19.166,18.146,8.1547,13.136,37.639,11.265,9.1129,31.986,21.894,30.87,12.181,5.9589,31.065,24.28,53.419,37.275,95.338,20.855,17.62,41.489,28.807,7.9667,40.974,5.3573,8.0269,6.5313,6.2765,17.192,14.111,36.639,26.845,11.826,37.749,18.667,26.566,22.004,31.359
4.53,18.28,8.4304,19.195,18.202,8.1467,13.337,37.471,11.313,9.1278,31.945,21.917,30.767,12.149,5.9493,31.029,24.255,53.542,37.574,95.682,20.988,17.662,41.53,28.896,7.9967,41.073,5.417,8.0092,6.5151,6.267,17.239,14.04,36.489,26.977,12.015,37.873,18.632,26.559,22.052,31.542
4.54,18.273,8.429,19.224,18.26,8.1387,13.538,37.302,11.357,9.1424,31.905,21.938,30.664,12.118,5.9392,30.992,24.226,53.662,37.864,96.018,21.117,17.703,41.569,28.983,8.0267,41.164,5.4754,7.9911,6.4983,6.2574,17.285,13.966,36.324,27.107,12.2,37.994,18.591,26.553,22.098,31.717
4.55,18.266,8.4274,19.252,18.317,8.1306,13.739,37.13,11.398,9.1568,31.864,21.957,30.561,12.086,5.9287,30.953,24.196,53.781,38.144,96.346,21.241,17.74,41.609,29.068,8.0567,41.247,5.5324,7.9733,6.4808,6.2479,17.329,13.887,36.145,27.237,12.38,38.114,18.544,26.546,22.143,31.883
4.56,18.258,8.4257,19.28,18.374,8.1225,13.939,36.957,11.434,9.1709,31.823,21.974,30.457,12.054,5.9178,30.912,24.163,53.898,38.414,96.666,21.36,17.776,41.647,29.211,8.0868,41.321,5.588,8.01,6.4627,6.2383,17.371,13.804,36.343,27.364,12.554,38.231,18.493,26.54,22.186,32.041
4.57,18.25,8.4239,19.307,18.431,8.1143,14.139,36.784,11.467,9.1849,31.782,21.99,30.353,12.022,5.9065,30.869,24.128,54.013,38.674,96.979,21.474,17.808,41.684,29.546,8.117,41.388,5.6422,8.0917,6.4439,6.2287,17.413,13.718,36.543,27.49,12.722,38.347,18.437,26.533,22.228,32.19
4.58,18.242,8.4218,19.335,18.488,8.106,14.338,36.608,11.496,9.1986,31.74,22.006,30.249,11.99,5.8948,30.825,24.091,54.127,38.925,97.284,21.582,17.838,41.72,29.882,8.1476,41.446,5.695,8.1694,6.4244,6.2191,17.479,13.629,36.73,27.615,12.883,38.462,18.375,26.526,22.268,32.33
4.59,18.234,8.4197,19.361,18.546,8.0976,14.536,36.431,11.613,9.212,31.698,22.019,30.145,11.959,5.8831,30.78,24.051,54.238,39.165,97.579,21.685,17.865,41.755,30.217,8.1781,41.497,5.7464,8.2428,6.4043,6.2096,17.56,13.535,36.902,27.739,13.036,38.575,18.308,26.519,22.307,32.46
4.6,18.226,8.4174,19.387,18.603,8.0891,14.733,36.254,11.742,9.2252,31.656,22.031,30.041,11.928,5.871,30.734,24.009,54.347,39.395,97.867,21.782,17.89,41.789,30.552,8.2087,41.538,5.7963,8.3121,6.3837,6.2,17.648,13.438,37.06,27.862,13.181,38.688,18.236,26.511,22.344,32.581
4.61,18.217,8.4149,19.412,18.66,8.0805,14.929,36.075,11.869,9.2384,31.614,22.04,29.936,11.897,5.8585,30.688,23.966,54.454,39.615,98.147,21.874,17.912,41.822,30.887,8.2392,41.572,5.8449,8.3772,6.3629,6.1904,17.74,13.338,37.203,27.983,13.318,38.799,18.159,26.504,22.38,32.691
4.62,18.209,8.4123,19.438,18.717,8.0717,15.123,35.894,11.994,9.2515,31.571,22.048,29.831,11.866,5.8456,30.642,23.919,54.56,39.825,98.417,21.961,17.931,41.854,31.221,8.2697,41.598,5.8922,8.4381,6.3415,6.1808,17.832,13.235,37.332,28.104,13.446,38.908,18.077,26.497,22.414,32.792
4.63,18.2,8.4095,19.462,18.774,8.0629,15.316,35.713,12.119,9.2643,31.528,22.054,29.727,11.834,5.8323,30.595,23.871,54.662,40.023,98.679,22.041,17.948,41.885,31.553,8.3004,41.616,5.9379,8.4949,6.3195,6.1712,17.922,13.129,37.445,28.223,13.564,39.015,17.989,26.489,22.447,33.04
4.64,18.192,8.4066,19.486,18.83,8.054,15.507,35.531,12.238,9.2769,31.485,22.058,29.623,11.803,5.8186,30.548,23.821,54.763,40.21,98.932,22.115,17.961,41.916,31.884,8.3313,41.626,5.9824,8.5476,6.2967,6.1616,18.01,13.02,37.543,28.343,13.672,39.121,17.896,26.482,22.478,33.295
4.65,18.183,8.4035,19.51,18.887,8.0449,15.695,35.348,12.356,9.2893,31.442,22.062,29.518,11.771,5.8045,30.5,23.768,54.86,40.387,99.175,22.185,17.973,41.945,32.213,8.3622,41.629,6.0254,8.5963,6.2733,6.1519,18.095,12.908,37.626,28.461,13.77,39.226,17.797,26.474,22.508,33.548
4.66,18.174,8.4003,19.533,18.944,8.0358,15.882,35.163,12.468,9.3014,31.398,22.065,29.413,11.739,5.79,30.453,23.714,54.956,40.553,99.409,22.249,17.981,41.974,32.54,8.3931,41.623,6.067,8.6409,6.2492,6.1423,18.178,12.793,37.692,28.579,13.858,39.328,17.693,26.466,22.536,33.796
4.67,18.165,8.397,19.557,19,8.0267,16.067,34.978,12.577,9.3132,31.354,22.066,29.308,11.708,5.7751,30.407,23.657,55.049,40.709,99.633,22.306,17.988,42.002,32.865,8.4239,41.61,6.1074,8.6817,6.2245,6.1327,18.258,12.676,37.743,28.697,13.935,39.429,17.584,26.459,22.563,34.041
4.68,18.156,8.3935,19.579,19.057,8.0175,16.249,34.793,12.681,9.3248,31.311,22.065,29.203,11.676,5.7598,30.363,23.6,55.139,40.854,99.847,22.358,17.992,42.03,33.188,8.4546,41.59,6.1463,8.7188,6.2227,6.1231,18.336,12.556,37.777,28.815,14.001,39.529,17.47,26.451,22.588,34.28
4.69,18.146,8.3898,19.602,19.113,8.0081,16.429,34.606,12.779,9.3361,31.266,22.063,29.098,11.644,5.7442,30.322,23.54,55.227,40.989,100.05,22.404,17.993,42.056,33.507,8.4856,41.562,6.1839,8.7523,6.2587,6.1134,18.411,12.434,37.796,28.932,14.056,39.628,17.35,26.443,22.612,34.515
4.7,18.137,8.3861,19.624,19.169,7.9987,16.605,34.418,12.874,9.3472,31.222,22.058,28.993,11.612,5.7282,30.287,23.479,55.312,41.335,100.24,22.446,17.993,42.083,33.825,8.5167,41.527,6.2202,8.7821,6.2945,6.1038,18.483,12.31,37.799,29.048,14.1,39.725,17.429,26.435,22.635,34.744
4.71,18.128,8.3822,19.646,19.224,7.9892,16.779,34.23,12.964,9.358,31.178,22.053,28.889,11.58,5.7118,30.257,23.416,55.395,41.699,100.43,22.481,17.99,42.108,34.139,8.5477,41.484,6.2551,8.8086,6.3303,6.0942,18.553,12.184,37.786,29.164,14.133,39.821,17.607,26.427,22.655,34.968
4.72,18.118,8.3783,19.668,19.28,7.9796,16.949,34.113,13.046,9.3686,31.133,22.045,28.783,11.548,5.6954,30.23,23.352,55.476,42.059,100.6,22.511,17.985,42.133,34.452,8.5787,41.435,6.2887,8.8318,6.3658,6.0845,18.619,12.056,37.757,29.279,14.156,39.915,17.785,26.42,22.675,35.186
4.73,18.109,8.3743,19.691,19.335,7.9699,17.116,34.013,13.127,9.3789,31.088,22.036,28.678,11.516,5.6787,30.206,23.285,55.554,42.413,100.76,22.535,17.978,42.158,34.761,8.6095,41.379,6.3211,8.852,6.4013,6.0749,18.682,11.926,37.711,29.393,14.168,40.008,17.964,26.412,22.693,35.397
4.74,18.099,8.3702,19.713,19.39,7.96,17.279,33.911,13.2,9.3889,31.044,22.027,28.573,11.485,5.6616,30.183,23.218,55.631,42.763,100.91,22.554,17.968,42.182,35.067,8.6403,41.317,6.3521,8.8691,6.4366,6.0652,18.742,11.796,37.782,29.507,14.169,40.098,18.145,26.404,22.71,35.602
4.75,18.09,8.3659,19.736,19.444,7.9501,17.438,33.807,13.27,9.3987,30.999,22.017,28.469,11.454,5.6441,30.161,23.149,55.705,43.107,101.05,22.568,18.028,42.205,35.371,8.6714,41.248,6.3818,8.8832,6.4717,6.0555,18.798,11.664,38.033,29.619,14.161,40.188,18.326,26.396,22.726,35.799
4.76,18.081,8.3615,19.758,19.499,7.9401,17.593,33.702,13.333,9.4082,30.954,22.006,28.364,11.423,5.6262,30.139,23.08,55.777,43.446,101.17,22.576,18.096,42.228,35.672,8.7025,41.171,6.4103,8.8944,6.5067,6.0459,18.851,11.532,38.271,29.731,14.144,40.276,18.509,26.389,22.739,35.989
4.77,18.071,8.3569,19.781,19.553,7.9299,17.744,33.595,13.391,9.4175,30.908,21.992,28.259,11.391,5.6081,30.118,23.009,55.848,43.78,101.29,22.579,18.164,42.25,35.97,8.7334,41.09,6.4375,8.9025,6.5416,6.0362,18.9,11.399,38.496,29.841,14.118,40.363,18.692,26.381,22.752,36.171
4.78,18.062,8.3523,19.804,19.607,7.9198,17.89,33.487,13.445,9.4265,30.863,21.978,28.154,11.36,5.5895,30.098,22.937,55.916,44.11,101.39,22.577,18.23,42.272,36.265,8.7643,41.001,6.4636,8.9073,6.5763,6.0266,18.946,11.265,38.706,29.95,14.115,40.448,18.876,26.373,22.764,36.344
4.79,18.053,8.3475,19.826,19.66,7.9096,18.032,33.378,13.492,9.4352,30.818,21.961,28.049,11.328,5.5706,30.079,22.864,55.983,44.435,101.48,22.571,18.297,42.293,36.557,8.795,40.907,6.4885,8.9089,6.6108,6.0169,18.987,11.131,38.902,30.058,14.267,40.532,19.062,26.366,22.773,36.509
4.8,18.044,8.3425,19.849,19.713,7.8994,18.17,33.267,13.535,9.4437,30.772,21.944,27.945,11.297,5.5514,30.06,22.79,56.048,44.758,101.55,22.56,18.363,42.314,36.845,8.8256,40.806,6.5121,8.9071,6.6451,6.0072,19.025,10.997,39.085,30.165,14.419,40.613,19.248,26.358,22.782,36.666
4.81,18.035,8.3375,19.872,19.766,7.889,18.304,33.154,13.572,9.4519,30.727,21.925,27.84,11.265,5.5318,30.041,22.715,56.112,45.078,101.62,22.544,18.428,42.335,37.129,8.8566,40.7,6.5346,8.902,6.6792,5.9976,19.058,10.863,39.254,30.271,14.579,40.694,19.435,26.351,22.789,36.812
4.82,18.026,8.3323,19.896,19.818,7.8785,18.434,33.041,13.603,9.4599,30.681,21.904,27.736,11.234,5.5119,30.021,22.639,56.174,45.397,101.67,22.523,18.501,42.355,37.409,8.8874,40.589,6.556,8.8935,6.7132,5.9879,19.086,10.81,39.409,30.376,14.788,40.772,19.622,26.343,22.795,36.948
4.83,18.017,8.327,19.919,19.87,7.8679,18.56,32.926,13.63,9.4676,30.636,21.882,27.631,11.203,5.4917,30,22.563,56.233,45.714,101.71,22.498,18.666,42.375,37.684,8.9181,40.472,6.5762,8.8815,6.7469,5.9782,19.111,10.756,39.55,30.48,14.998,40.849,19.811,26.336,22.8,37.076
4.84,18.009,8.3216,19.942,19.921,7.8572,18.683,32.809,13.652,9.475,30.59,21.86,27.527,11.172,5.4712,29.978,22.486,56.292,46.028,101.74,22.468,18.827,42.395,37.956,8.9486,40.35,6.5954,8.8661,6.7805,5.9685,19.13,10.699,39.677,30.583,15.209,40.924,19.999,26.329,22.803,37.194
4.85,18.001,8.3161,19.966,19.973,7.8464,18.802,32.692,13.669,9.4822,30.544,21.838,27.423,11.141,5.4503,29.954,22.407,56.349,46.342,101.76,22.434,18.984,42.415,38.223,8.979,40.224,6.6136,8.8473,6.8139,5.9588,19.146,10.64,39.79,30.684,15.42,40.997,20.188,26.322,22.804,37.336
4.86,17.993,8.3193,19.989,20.023,7.8355,18.917,32.573,13.684,9.4891,30.498,21.814,27.318,11.111,5.4291,29.929,22.329,56.404,46.653,101.76,22.396,19.137,42.435,38.486,9.0092,40.093,6.6306,8.825,6.847,5.9492,19.157,10.579,39.892,30.785,15.632,41.068,20.378,26.315,22.805,37.483
4.87,17.985,8.3359,20.012,20.073,7.8245,19.029,32.453,13.694,9.4958,30.452,21.788,27.214,11.08,5.4076,29.903,22.249,56.458,46.962,101.76,22.354,19.287,42.454,38.743,9.0398,39.958,6.6467,8.7993,6.8801,5.9395,19.164,10.516,39.98,30.884,15.844,41.137,20.567,26.308,22.805,37.626
4.88,17.977,8.3533,20.035,20.123,7.8135,19.137,32.332,13.702,9.5022,30.407,21.762,27.11,11.049,5.3861,29.875,22.168,56.51,47.269,101.74,22.307,19.431,42.474,38.996,9.0702,39.819,6.6618,8.7705,6.9132,5.9298,19.166,10.45,40.055,30.981,16.056,41.204,20.756,26.301,22.803,37.764
4.89,17.97,8.3713,20.057,20.173,7.8023,19.24,32.209,13.707,9.5084,30.361,21.734,27.007,11.019,5.3643,29.846,22.088,56.56,47.575,101.72,22.258,19.57,42.493,39.244,9.1005,39.676,6.6759,8.7382,6.9462,5.9201,19.165,10.383,40.118,31.077,16.268,41.268,20.945,26.295,22.8,37.897
4.9,17.962,8.3899,20.08,20.222,7.7912,19.34,32.086,13.711,9.5143,30.315,21.704,26.903,10.989,5.3781,29.817,22.005,56.609,47.879,101.69,22.204,19.705,42.513,39.487,9.1306,39.529,6.689,8.7028,6.9789,5.9105,19.159,10.313,40.168,31.172,16.481,41.33,21.134,26.289,22.796,38.026
4.91,17.955,8.4092,20.104,20.27,7.78,19.435,31.962,13.715,9.52,30.27,21.674,26.8,10.959,5.3927,29.786,21.923,56.656,48.182,101.64,22.147,19.834,42.533,39.725,9.1604,39.378,6.7013,8.6643,7.0113,5.9008,19.149,10.242,40.206,31.265,16.694,41.39,21.322,26.283,22.79,38.152
4.92,17.948,8.4291,20.128,20.318,7.7686,19.525,31.836,13.719,9.5254,30.224,21.643,26.696,10.929,5.4071,29.756,21.839,56.702,48.482,101.59,22.086,19.959,42.552,39.957,9.1901,39.224,6.7127,8.6227,7.0436,5.8911,19.135,10.168,40.233,31.355,16.907,41.448,21.51,26.278,22.783,38.273
4.93,17.942,8.4497,20.153,20.366,7.7572,19.61,31.709,13.721,9.5305,30.178,21.61,26.593,10.899,5.4213,29.725,21.755,56.745,48.78,101.53,22.022,20.08,42.572,40.185,9.2201,39.065,6.723,8.5781,7.0756,5.8814,19.118,10.093,40.247,31.444,17.121,41.503,21.697,26.274,22.775,38.393
4.94,17.936,8.4708,20.181,20.413,7.7457,19.689,31.582,13.719,9.5354,30.133,21.576,26.49,10.869,5.4354,29.694,21.669,56.787,49.075,101.47,21.955,20.196,42.592,40.408,9.25,38.903,6.7327,8.5305,7.1073,5.8718,19.096,10.016,40.25,31.531,17.334,41.557,21.884,26.273,22.766,38.552
4.95,17.929,8.4926,20.214,20.46,7.7341,19.764,31.453,13.716,9.5401,30.087,21.541,26.387,10.838,5.4493,29.662,21.583,56.827,49.367,101.4,21.885,20.307,42.611,40.625,9.2796,38.738,6.7414,8.4801,7.1388,5.8621,19.07,9.9372,40.242,31.615,17.548,41.608,22.069,26.285,22.756,38.81
4.96,17.924,8.515,20.247,20.506,7.7309,19.833,31.324,13.706,9.5445,30.042,21.507,26.284,10.808,5.463,29.63,21.495,56.865,49.656,101.32,21.812,20.415,42.63,40.838,9.3091,38.569,6.7492,8.4269,7.17,5.8525,19.041,9.8571,40.222,31.73,17.762,41.658,22.254,26.298,22.745,39.063
4.97,17.918,8.538,20.28,20.552,7.7378,19.898,31.194,13.695,9.5486,29.997,21.471,26.182,10.779,5.4766,29.598,21.407,56.9,49.941,101.24,21.736,20.518,42.649,41.045,9.3383,38.399,6.7563,8.371,7.201,5.8429,19.008,9.7751,40.19,31.873,17.976,41.705,22.438,26.312,22.732,39.311
4.98,17.913,8.5615,20.313,20.598,7.7433,19.956,31.063,13.679,9.5525,29.951,21.435,26.079,10.749,5.49,29.565,21.317,56.934,50.222,101.15,21.657,20.616,42.667,41.248,9.3673,38.226,6.7625,8.3123,7.2317,5.8332,18.971,9.6922,40.147,32.014,18.19,41.751,22.621,26.326,22.718,39.555
4.99,17.908,8.5857,20.345,20.643,7.7473,20.01,30.931,13.659,9.5566,29.906,21.397,25.977,10.72,5.5033,29.531,21.227,56.965,50.498,101.05,21.576,20.71,42.685,41.447,9.3965,38.051,6.768,8.2511,7.2621,5.8236,18.93,9.6079,40.238,32.155,18.404,41.796,22.803,26.341,22.704,39.794
5,17.904,8.6104,20.377,20.688,7.7498,20.058,30.798,13.638,9.5603,29.861,21.358,25.875,10.691,5.5163,29.497,21.136,56.995,50.77,100.95,21.492,20.8,42.702,41.641,9.4256,37.874,6.7727,8.1873,7.2923,5.814,18.887,9.5226,40.519,32.294,18.618,41.84,22.983,26.356,22.688,40.028
5.01,17.899,8.6356,20.409,20.732,7.7507,20.1,30.665,13.61,9.5639,29.816,21.319,25.773,10.662,5.5292,29.462,21.043,57.022,51.038,100.84,21.406,20.884,42.719,41.83,9.4546,37.695,6.7766,8.1212,7.3221,5.8044,18.869,9.4367,40.787,32.432,18.831,41.882,23.162,26.371,22.671,40.259
5.02,17.895,8.6614,20.44,20.776,7.7504,20.138,30.531,13.581,9.5672,29.771,21.278,25.672,10.632,5.542,29.451,20.95,57.047,51.301,100.72,21.318,20.963,42.735,42.014,9.4833,37.514,6.7799,8.0526,7.3517,5.7948,18.953,9.3502,41.039,32.569,19.044,41.923,23.339,26.386,22.653,40.484
5.03,17.891,8.6878,20.471,20.82,7.7486,20.17,30.396,13.546,9.5702,29.726,21.236,25.57,10.603,5.5545,29.439,20.855,57.069,51.558,100.6,21.228,21.037,42.75,42.194,9.5117,37.331,6.7824,7.9817,7.381,5.7852,19.034,9.2632,41.275,32.704,19.257,41.962,23.515,26.402,22.635,40.706
5.04,17.888,8.7147,20.502,20.863,7.7454,20.196,30.26,13.509,9.573,29.682,21.193,25.469,10.574,5.5669,29.427,20.759,57.089,51.811,100.47,21.136,21.105,42.765,42.368,9.54,37.147,6.7843,7.9086,7.41,5.7756,19.114,9.1757,41.494,32.838,19.469,42.001,23.689,26.417,22.614,40.923
5.05,17.884,8.7421,20.532,20.906,7.7408,20.242,30.124,13.466,9.5756,29.637,21.15,25.368,10.544,5.5792,29.416,20.663,57.107,52.058,100.33,21.043,21.168,42.779,42.537,9.5682,36.96,6.7854,7.8333,7.4388,5.7661,19.192,9.0876,41.695,32.97,19.68,42.038,23.862,26.433,22.594,41.137
5.06,17.881,8.77,20.562,20.948,7.735,20.309,29.987,13.422,9.578,29.592,21.105,25.267,10.515,5.5912,29.404,20.566,57.123,52.3,100.18,20.947,21.225,42.792,42.7,9.5965,36.772,6.7861,7.7559,7.4676,5.7565,19.269,8.9992,41.877,33.1,19.891,42.073,24.033,26.448,22.572,41.347
5.07,17.878,8.7985,20.591,20.99,7.7279,20.373,29.85,13.371,9.5801,29.548,21.06,25.167,10.486,5.6031,29.411,20.467,57.135,52.537,100.03,20.851,21.277,42.805,42.857,9.6246,36.582,6.7859,7.6765,7.4962,5.7469,19.344,8.9105,42.039,33.228,20.101,42.107,24.202,26.464,22.549,41.554
5.08,17.875,8.8274,20.62,21.032,7.7194,20.436,29.712,13.32,9.582,29.503,21.014,25.067,10.456,5.6148,29.482,20.368,57.146,52.768,99.87,20.753,21.324,42.818,43.008,9.6524,36.391,6.7853,7.5951,7.5245,5.7373,19.418,8.8214,42.181,33.353,20.311,42.139,24.37,26.479,22.525,41.756
5.09,17.872,8.8568,20.648,21.073,7.7096,20.495,29.574,13.265,9.5836,29.458,20.969,24.966,10.427,5.6263,29.551,20.268,57.155,52.994,99.706,20.653,21.365,42.83,43.154,9.68,36.198,6.784,7.5119,7.5525,5.7278,19.49,8.7318,42.302,33.476,20.52,42.169,24.536,26.495,22.5,41.957
5.1,17.869,8.8867,20.676,21.114,7.6987,20.551,29.435,13.208,9.5851,29.414,20.922,24.867,10.398,5.6376,29.619,20.167,57.161,53.215,99.534,20.553,21.401,42.842,43.293,9.7073,36.003,6.7822,7.4269,7.5801,5.7182,19.56,8.6419,42.401,33.597,20.728,42.197,24.701,26.51,22.474,42.155
5.11,17.866,8.917,20.704,21.155,7.6866,20.605,29.296,13.15,9.5863,29.369,20.874,24.767,10.368,5.6488,29.685,20.065,57.164,53.43,99.356,20.452,21.433,42.853,43.426,9.7347,35.806,6.7798,7.3807,7.6074,5.7087,19.628,8.552,42.477,33.715,20.935,42.222,24.864,26.526,22.448,42.35
5.12,17.864,8.9478,20.731,21.195,7.6731,20.655,29.156,13.09,9.5873,29.324,20.826,24.668,10.339,5.6598,29.751,19.963,57.166,53.639,99.173,20.351,21.46,42.865,43.553,9.7621,35.608,6.7769,7.3684,7.6345,5.6991,19.695,8.4748,42.529,33.829,21.142,42.243,25.025,26.542,22.42,42.545
5.13,17.861,8.979,20.758,21.235,7.6587,20.702,29.016,13.045,9.5881,29.28,20.777,24.569,10.311,5.6706,29.815,19.859,57.165,53.843,98.982,20.249,21.484,42.876,43.675,9.7892,35.408,6.7734,7.3558,7.6611,5.6896,19.761,8.4234,42.557,33.941,21.349,42.261,25.184,26.558,22.392,42.736
5.14,17.859,9.0106,20.784,21.274,7.643,20.746,28.875,13.047,9.5886,29.235,20.727,24.47,10.282,5.6812,29.877,19.755,57.161,54.042,98.787,20.146,21.503,42.888,43.792,9.8161,35.206,6.7696,7.3434,7.6875,5.6801,19.825,8.3689,42.707,34.049,21.554,42.274,25.341,26.574,22.363,42.927
5.15,17.857,9.0427,20.81,21.313,7.6262,20.786,28.734,13.047,9.589,29.191,20.676,24.371,10.253,5.6917,29.939,19.65,57.156,54.236,98.586,20.043,21.517,42.899,43.904,9.8427,35.003,6.7651,7.3314,7.7135,5.6705,19.887,8.312,42.923,34.153,21.76,42.284,25.497,26.591,22.333,43.116
5.16,17.854,9.0751,20.836,21.352,7.6083,20.821,28.593,13.047,9.5891,29.146,20.625,24.273,10.225,5.7019,29.998,19.545,57.148,54.426,98.379,19.94,21.526,42.911,44.013,9.8692,34.799,6.7603,7.3195,7.7392,5.7001,19.948,8.2523,43.152,34.255,21.964,42.289,25.65,26.608,22.302,43.304
5.17,17.852,9.108,20.861,21.39,7.5894,20.853,28.452,13.044,9.589,29.101,20.573,24.177,10.197,5.712,30.057,19.439,57.138,54.611,98.167,19.836,21.529,42.923,44.117,9.8958,34.592,6.755,7.3074,7.7645,5.7425,20.007,8.1901,43.362,34.352,22.169,42.29,25.802,26.625,22.27,43.491
5.18,17.85,9.1413,20.886,21.428,7.5693,20.881,28.31,13.042,9.5887,29.056,20.52,24.178,10.168,5.7219,30.113,19.331,57.126,54.791,97.949,19.733,21.525,42.934,44.218,9.9222,34.385,6.7493,7.295,7.7895,5.7859,20.065,8.126,43.552,34.446,22.372,42.288,25.952,26.642,22.237,43.675
5.19,17.848,9.1749,20.91,21.466,7.5483,20.905,28.168,13.046,9.5882,29.012,20.466,24.178,10.14,5.7317,30.169,19.224,57.112,54.966,97.726,19.63,21.514,42.946,44.315,9.9482,34.175,6.7432,7.2823,7.8142,5.83,20.122,8.0594,43.723,34.535,22.575,42.283,26.101,26.659,22.204,43.858
5.2,17.846,9.2089,20.934,21.503,7.5263,20.924,28.026,13.05,9.5875,28.967,20.412,24.178,10.111,5.7412,30.223,19.116,57.096,55.137,97.497,19.528,21.497,42.958,44.409,9.974,33.964,6.7367,7.2693,7.8385,5.8749,20.177,7.9914,43.873,34.621,22.778,42.274,26.248,26.677,22.169,44.038
5.21,17.844,9.2433,20.957,21.54,7.5032,20.939,27.884,13.051,9.5866,28.922,20.358,24.178,10.083,5.7506,30.275,19.008,57.078,55.304,97.262,19.426,21.472,42.97,44.499,10,33.752,6.7298,7.2559,7.8628,5.9206,20.231,7.9212,44.001,34.703,22.98,42.261,26.394,26.695,22.135,44.214
5.22,17.842,9.278,20.98,21.577,7.4793,20.95,27.741,13.052,9.5855,28.877,20.303,24.179,10.054,5.7597,30.327,18.898,57.057,55.466,97.023,19.324,21.44,42.982,44.583,10.026,33.537,6.7226,7.242,7.8869,5.9669,20.282,7.8499,44.107,34.781,23.181,42.245,26.538,26.713,22.099,44.387
5.23,17.84,9.313,21.003,21.613,7.4544,20.957,27.598,13.049,9.5842,28.833,20.248,24.178,10.026,5.7687,30.377,18.848,57.035,55.624,96.777,19.224,21.402,42.994,44.663,10.051,33.321,6.7151,7.2279,7.9107,6.014,20.334,7.7768,44.191,34.854,23.381,42.224,26.682,26.732,22.062,44.556
5.24,17.838,9.3483,21.025,21.649,7.4286,20.959,27.456,13.047,9.5826,28.788,20.193,24.178,9.9978,5.7776,30.425,18.819,57.011,55.778,96.528,19.124,21.356,43.007,44.736,10.077,33.104,6.7071,7.2133,7.9341,6.0618,20.383,7.703,44.252,34.924,23.58,42.2,26.823,26.753,22.025,44.72
5.25,17.836,9.3839,21.046,21.685,7.402,20.957,27.313,13.042,9.5809,28.743,20.136,24.178,9.9696,5.7862,30.473,18.79,56.985,55.928,96.272,19.025,21.303,43.019,44.912,10.102,32.884,6.699,7.1983,7.9572,6.1101,20.431,7.6278,44.291,34.989,23.777,42.173,26.964,26.777,21.987,44.879
5.26,17.833,9.4199,21.068,21.72,7.3744,20.951,27.171,13.037,9.5791,28.698,20.079,24.177,9.9413,5.7947,30.519,18.76,56.957,56.074,96.012,18.927,21.244,43.032,45.208,10.128,32.663,6.6905,7.183,7.9798,6.1592,20.478,7.552,44.307,35.049,23.974,42.206,27.102,26.806,21.948,45.033
5.27,17.831,9.4561,21.088,21.755,7.346,20.941,27.027,13.032,9.577,28.653,20.022,24.176,9.9132,5.8029,30.563,18.731,56.928,56.216,95.747,18.831,21.178,43.045,45.5,10.153,32.441,6.6817,7.1672,8.0022,6.2087,20.523,7.4755,44.301,35.105,24.169,42.666,27.239,26.835,21.908,45.183
5.28,17.829,9.4926,21.109,21.789,7.3169,20.928,26.884,13.025,9.5747,28.607,19.964,24.174,9.885,5.811,30.607,18.701,56.896,56.352,95.476,18.736,21.107,43.058,45.788,10.178,32.217,6.6727,7.1512,8.0241,6.2587,20.567,7.4435,44.271,35.157,24.362,43.106,27.373,26.865,21.868,45.326
5.29,17.827,9.5294,21.128,21.823,7.2936,20.911,26.742,13.017,9.5723,28.562,19.905,24.173,9.8569,5.8189,30.648,18.672,56.863,56.485,95.202,18.642,21.028,43.071,46.071,10.204,31.992,6.6634,7.1347,8.0457,6.3091,20.61,7.4125,44.218,35.204,24.554,43.525,27.505,26.896,21.827,45.464
5.3,17.824,9.5664,21.148,21.856,7.2794,20.89,26.599,13.008,9.5696,28.517,19.846,24.171,9.8289,5.8267,30.688,18.642,56.827,56.613,94.923,18.55,21.046,43.084,46.35,10.23,31.764,6.654,7.1179,8.067,6.36,20.652,7.3787,44.142,35.247,24.744,43.923,27.635,26.927,21.785,45.595
5.31,17.822,9.6037,21.167,21.889,7.2652,20.865,26.456,12.997,9.5668,28.472,19.786,24.169,9.8008,5.8342,30.727,18.612,56.791,56.735,94.639,18.459,21.082,43.098,46.624,10.256,31.536,6.6443,7.1008,8.0878,6.4112,20.692,7.3429,44.044,35.284,24.932,44.299,27.762,26.958,21.743,45.72
5.32,17.819,9.6412,21.185,21.922,7.2509,20.836,26.313,12.983,9.5638,28.427,19.726,24.168,9.7729,5.8416,30.765,18.582,56.752,56.853,94.351,18.371,21.119,43.112,46.894,10.282,31.306,6.6343,7.0833,8.1083,6.4626,20.758,7.305,43.924,35.318,25.119,44.653,27.887,26.989,21.7,45.839
5.33,17.816,9.679,21.203,21.954,7.2366,20.804,26.17,12.969,9.5606,28.381,19.665,24.166,9.745,5.8488,30.8,18.551,56.712,56.965,94.059,18.284,21.154,43.127,47.16,10.308,31.074,6.6242,7.0655,8.129,6.5143,20.86,7.2649,43.782,35.346,25.304,45.074,28.01,27.02,21.657,45.951
5.34,17.814,9.717,21.221,21.985,7.2222,20.792,26.028,12.953,9.5573,28.336,19.605,24.163,9.7171,5.8558,30.836,18.521,56.671,57.072,93.764,18.198,21.188,43.142,47.421,10.334,30.842,6.6139,7.0474,8.1524,6.5661,20.954,7.2232,43.619,35.37,25.487,45.511,28.131,27.052,21.612,46.056
5.35,17.811,9.7552,21.238,22.016,7.2077,20.811,25.885,12.933,9.5538,28.29,19.544,24.161,9.6893,5.8626,30.869,18.49,56.627,57.175,93.465,18.115,21.222,43.158,47.677,10.36,30.608,6.6034,7.029,8.1786,6.618,21.04,7.1799,43.579,35.389,25.667,45.93,28.25,27.083,21.568,46.156
5.36,17.808,9.7935,21.255,22.047,7.1932,20.826,25.743,12.914,9.5501,28.245,19.501,24.158,9.6615,5.8693,30.9,18.459,56.582,57.272,93.162,18.034,21.255,43.173,47.929,10.386,30.373,6.5929,7.0102,8.2045,6.6698,21.118,7.1347,43.541,35.403,25.846,46.331,28.368,27.115,21.522,46.249
5.37,17.805,9.832,21.271,22.077,7.1785,20.838,25.66,12.892,9.5462,28.199,19.458,24.155,9.6338,5.8757,30.931,18.428,56.535,57.364,92.856,17.955,21.288,43.19,48.176,10.412,30.137,6.5821,6.9913,8.2305,6.7216,21.188,7.0883,43.489,35.412,26.023,46.715,28.484,27.146,21.476,46.336
5.38,17.802,9.8708,21.287,22.106,7.1639,20.846,25.642,12.868,9.5422,28.153,19.416,24.152,9.6062,5.882,30.961,18.397,56.487,57.452,92.547,17.878,21.383,43.206,48.419,10.437,30.028,6.5712,6.972,8.2562,6.7732,21.25,7.0407,43.424,35.417,26.196,47.08,28.599,27.178,21.429,46.415
5.39,17.799,9.9097,21.302,22.135,7.1491,20.851,25.622,12.842,9.5381,28.108,19.374,24.149,9.5786,5.8881,30.988,18.366,56.438,57.535,92.235,17.803,21.507,43.223,48.656,10.462,30.021,6.5602,6.9524,8.2815,6.8246,21.303,6.9919,43.346,35.417,26.367,47.426,28.712,27.209,21.382,46.488
5.4,17.796,9.9488,21.317,22.163,7.1343,20.853,25.603,12.816,9.5337,28.062,19.33,24.145,9.5511,5.8941,31.015,18.334,56.387,57.612,91.919,17.73,21.631,43.24,48.889,10.488,30.015,6.5491,6.9326,8.3064,6.8756,21.347,6.9418,43.33,35.413,26.536,47.752,28.823,27.241,21.334,46.555
5.41,17.793,9.9879,21.332,22.191,7.1195,20.851,25.583,12.788,9.5292,28.016,19.286,24.142,9.5236,5.8998,31.041,18.303,56.334,57.685,91.601,17.66,21.755,43.257,49.118,10.512,30.008,6.5378,6.9126,8.3309,6.9262,21.384,6.8914,43.391,35.404,26.701,48.056,28.933,27.273,21.285,46.614
5.42,17.79,10.027,21.346,22.218,7.1045,20.846,25.563,12.757,9.5246,27.97,19.241,24.138,9.4962,5.9054,31.065,18.272,56.28,57.753,91.278,17.592,21.879,43.275,49.341,10.537,30.002,6.5265,6.8923,8.3551,6.9763,21.412,6.8401,43.439,35.391,26.863,48.34,29.04,27.304,21.237,46.666
5.43,17.786,10.067,21.359,22.245,7.0896,20.838,25.543,12.725,9.5201,27.924,19.196,24.134,9.4689,5.9108,31.087,18.241,56.224,57.816,90.954,17.526,22.003,43.316,49.56,10.562,29.995,6.5151,6.8717,8.3789,7.0258,21.431,6.7881,43.473,35.373,27.021,48.603,29.146,27.336,21.187,46.711
5.44,17.783,10.106,21.372,22.271,7.0745,20.828,25.522,12.693,9.5154,27.878,19.151,24.13,9.4416,5.916,31.109,18.209,56.167,57.874,90.625,17.463,22.127,43.386,49.773,10.587,29.989,6.5036,6.8511,8.4023,7.0747,21.443,6.7355,43.492,35.351,27.175,48.845,29.251,27.368,21.137,46.749
5.45,17.779,10.146,21.385,22.297,7.0595,20.815,25.501,12.659,9.5106,27.832,19.106,24.126,9.4146,5.9211,31.129,18.177,56.109,57.927,90.293,17.402,22.25,43.455,49.982,10.611,29.983,6.4921,6.8302,8.4253,7.1229,21.447,6.6829,43.5,35.323,27.325,49.065,29.356,27.399,21.086,46.779
5.46,17.776,10.186,21.398,22.322,7.0444,20.8,25.479,12.623,9.5056,27.786,19.06,24.122,9.3879,5.9259,31.148,18.146,56.049,57.975,89.958,17.343,22.374,43.525,50.186,10.635,29.977,6.4805,6.809,8.4484,7.1702,21.444,6.6301,43.494,35.291,27.471,49.263,29.461,27.431,21.035,46.802
5.47,17.772,10.226,21.409,22.346,7.0293,20.783,25.458,12.586,9.5004,27.74,19.013,24.117,9.3612,5.9306,31.166,18.114,55.988,58.017,89.62,17.287,22.498,43.593,50.385,10.659,29.97,6.4688,6.7876,8.4712,7.2168,21.434,6.5772,43.475,35.254,27.612,49.439,29.566,27.462,20.983,46.818
5.48,17.768,10.266,21.421,22.371,7.0141,20.764,25.435,12.549,9.4952,27.694,18.966,24.113,9.3347,5.9352,31.183,18.082,55.926,58.055,89.278,17.233,22.621,43.662,50.578,10.683,29.964,6.4571,6.7661,8.4935,7.2623,21.417,6.5242,43.445,35.212,27.749,49.593,29.671,27.494,20.931,46.825
5.49,17.764,10.306,21.432,22.394,6.9989,20.743,25.412,12.51,9.4898,27.647,18.918,24.108,9.3271,5.9395,31.198,18.05,55.862,58.089,88.933,17.181,22.744,43.729,50.766,10.706,29.958,6.4455,6.7445,8.5155,7.3068,21.392,6.4714,43.404,35.165,27.881,49.726,29.776,27.525,20.878,46.826
5.5,17.76,10.346,21.442,22.418,6.9836,20.72,25.389,12.47,9.4842,27.601,18.87,24.103,9.3197,5.9437,31.212,18.017,55.797,58.117,88.586,17.132,22.867,43.797,50.949,10.73,29.952,6.4337,6.7226,8.5371,7.3503,21.361,6.4189,43.352,35.112,28.008,49.837,29.879,27.555,20.825,46.818
5.51,17.755,10.386,21.453,22.441,6.9682,20.694,25.366,12.428,9.4785,27.554,18.821,24.098,9.3122,5.9477,31.225,17.985,55.731,58.141,88.235,17.085,22.99,43.864,51.127,10.753,29.946,6.4219,6.7005,8.5583,7.3927,21.323,6.3669,43.291,35.055,28.129,49.927,29.981,27.586,20.771,46.803
5.52,17.751,10.427,21.462,22.464,6.9528,20.666,25.342,12.387,9.4727,27.508,18.773,24.093,9.3047,5.9515,31.237,17.953,55.663,58.16,87.883,17.04,23.113,43.93,51.299,10.776,29.94,6.4102,6.6784,8.5791,7.434,21.281,6.3155,43.222,34.993,28.246,49.996,30.081,27.617,20.717,46.779
5.53,17.747,10.467,21.471,22.486,6.9373,20.636,25.318,12.345,9.4667,27.461,18.724,24.087,9.2972,5.9552,31.247,17.92,55.595,58.174,87.527,16.998,23.235,43.996,51.465,10.799,29.934,6.3984,6.6562,8.5995,7.4742,21.299,6.2647,43.143,34.926,28.357,50.042,30.181,27.647,20.663,46.748
5.54,17.742,10.507,21.48,22.509,6.9218,20.603,25.293,12.302,9.4606,27.414,18.674,24.082,9.2898,5.9587,31.258,17.888,55.524,58.184,87.169,16.958,23.358,44.062,51.625,10.822,29.929,6.3866,6.6338,8.6195,7.5134,21.315,6.2147,43.056,34.853,28.463,50.068,30.279,27.677,20.608,46.825
5.55,17.737,10.548,21.489,22.531,6.9063,20.569,25.268,12.257,9.4544,27.368,18.624,24.076,9.2823,5.962,31.266,17.855,55.454,58.189,86.808,16.921,23.48,44.127,51.78,10.845,29.923,6.3748,6.6112,8.6391,7.5515,21.33,6.1654,42.961,34.775,28.564,50.072,30.376,27.707,20.552,46.956
5.56,17.733,10.588,21.497,22.553,6.8907,20.653,25.243,12.214,9.4481,27.321,18.574,24.07,9.2747,5.9652,31.273,17.823,55.381,58.189,86.462,16.885,23.601,44.192,51.929,10.867,29.917,6.3631,6.5885,8.6583,7.5884,21.345,6.1171,42.857,34.692,28.659,50.057,30.473,27.737,20.496,47.084
5.57,17.728,10.629,21.505,22.575,6.875,20.736,25.217,12.169,9.4416,27.274,18.523,24.065,9.2672,5.9682,31.28,17.79,55.308,58.185,86.287,16.852,23.723,44.256,52.072,10.89,29.911,6.3513,6.5658,8.6772,7.6241,21.359,6.0698,42.745,34.603,28.749,50.021,30.568,27.766,20.44,47.209
5.58,17.723,10.669,21.512,22.596,6.8593,20.818,25.191,12.123,9.435,27.227,18.472,24.059,9.2597,5.971,31.286,17.758,55.233,58.178,86.108,16.821,23.844,44.32,52.208,10.912,29.905,6.3395,6.543,8.6961,7.6585,21.371,6.0236,42.626,34.51,28.833,49.967,30.661,27.796,20.383,47.331
5.59,17.718,10.71,21.519,22.617,6.8435,20.897,25.164,12.077,9.4283,27.181,18.42,24.053,9.2522,5.9736,31.29,17.725,55.157,58.168,85.925,16.792,23.965,44.383,52.339,10.934,29.899,6.3278,6.52,8.7147,7.6913,21.383,5.9786,42.499,34.411,28.911,49.894,30.751,27.826,20.326,47.449
5.6,17.712,10.751,21.526,22.638,6.8277,20.974,25.137,12.032,9.4215,27.134,18.368,24.046,9.2447,5.9761,31.292,17.692,55.08,58.155,85.737,16.765,24.085,44.446,52.464,10.956,29.894,6.3162,6.4969,8.7328,7.7227,21.394,5.9348,42.366,34.306,28.984,49.802,30.84,27.856,20.269,47.563
5.61,17.707,10.791,21.532,22.658,6.8119,21.048,25.11,11.985,9.4146,27.087,18.316,24.04,9.2372,5.9784,31.295,17.659,55.002,58.138,85.543,16.74,24.205,44.509,52.582,10.978,29.888,6.3046,6.4738,8.7506,7.7527,21.404,5.8925,42.227,34.197,29.051,49.693,30.927,27.886,20.211,47.673
5.62,17.701,10.832,21.706,22.678,6.7974,21.12,25.082,11.939,9.4075,27.039,18.264,24.033,9.2296,5.9806,31.296,17.627,54.922,58.12,85.342,16.718,24.325,44.571,52.695,11,29.882,6.2929,6.4507,8.7679,7.7813,21.413,5.8515,42.082,34.082,29.112,49.565,31.012,27.917,20.153,47.778
5.63,17.696,10.872,21.896,22.697,6.8018,21.19,25.054,11.893,9.4003,26.992,18.244,24.027,9.2221,5.9826,31.296,17.594,54.842,58.098,85.134,16.697,24.444,44.633,52.801,11.021,29.876,6.2814,6.4275,8.7848,7.8083,21.422,5.8121,41.931,33.962,29.167,49.421,31.094,27.968,20.094,47.88
5.64,17.69,10.913,22.085,22.716,6.8059,21.257,25.026,11.846,9.3931,26.945,18.241,24.02,9.2145,5.9846,31.295,17.561,54.76,58.075,84.919,16.678,24.563,44.694,52.901,11.043,29.871,6.2699,6.4041,8.8014,7.8336,21.43,5.7742,41.776,33.836,29.217,49.258,31.174,28.042,20.035,47.976
5.65,17.684,10.953,22.273,22.734,6.8097,21.322,24.998,11.801,9.3857,26.898,18.238,24.013,9.207,5.9865,31.294,17.528,54.677,58.048,84.697,16.661,24.682,44.755,52.995,11.064,29.865,6.2584,6.3807,8.8175,7.8574,21.436,5.8009,41.617,33.705,29.26,49.077,31.618,28.116,19.976,48.068
5.66,17.678,10.994,22.46,22.752,6.8131,21.385,24.969,11.754,9.3782,26.851,18.235,24.006,9.1995,5.9882,31.291,17.495,54.593,58.019,84.467,16.645,24.8,44.816,53.083,11.086,29.859,6.2469,6.3574,8.8332,7.8797,21.442,5.8317,41.454,33.569,29.298,48.878,32.1,28.188,19.916,48.156
5.67,17.672,11.034,22.646,22.77,6.8161,21.445,24.94,11.709,9.3706,26.803,18.232,23.999,9.1919,5.9898,31.286,17.461,54.508,57.988,84.229,16.632,24.918,44.876,53.166,11.107,29.853,6.2356,6.334,8.8485,7.9002,21.447,5.8611,41.287,33.429,29.329,48.663,32.583,28.26,19.856,48.239
5.68,17.666,11.075,22.83,22.786,6.8186,21.503,24.91,11.664,9.3629,26.756,18.229,23.992,9.1844,5.9912,31.282,17.428,54.422,57.953,83.984,16.62,25.035,44.936,53.242,11.128,29.847,6.2243,6.3106,8.8634,7.9186,21.452,5.8891,41.116,33.283,29.353,48.588,33.066,28.331,19.796,48.318
5.69,17.66,11.115,23.013,22.803,6.8206,21.558,24.88,11.619,9.3552,26.709,18.226,23.984,9.1768,5.9925,31.277,17.395,54.335,57.914,83.731,16.609,25.153,44.996,53.313,11.149,29.841,6.213,6.2871,8.8779,7.9351,21.455,5.9156,40.941,33.132,29.37,48.494,33.549,28.401,19.735,48.394
5.7,17.653,11.155,23.195,22.819,6.8221,21.61,24.85,11.575,9.3473,26.662,18.223,23.977,9.1693,5.9935,31.269,17.362,54.246,57.871,83.469,16.6,25.27,45.104,53.378,11.171,29.835,6.2017,6.2635,8.892,7.9499,21.458,5.9407,40.763,32.977,29.381,48.384,34.031,28.472,19.674,48.466
5.71,17.646,11.195,23.376,22.834,6.8231,21.66,24.82,11.531,9.3393,26.614,18.219,23.969,9.1617,5.9945,31.261,17.328,54.157,57.825,83.2,16.593,25.386,45.224,53.438,11.192,29.829,6.1906,6.2401,8.9057,7.963,21.459,5.9643,40.581,32.817,29.384,48.256,34.512,28.542,19.613,48.534
5.72,17.639,11.235,23.556,22.849,6.8234,21.706,24.79,11.488,9.3312,26.567,18.216,23.962,9.1541,5.9953,31.253,17.295,54.066,57.775,82.922,16.587,25.502,45.345,53.493,11.213,29.823,6.1795,6.2166,8.9194,7.9742,21.461,5.9864,40.397,32.653,29.381,48.11,34.992,28.614,19.551,48.598
5.73,17.633,11.275,23.735,22.863,6.8232,21.751,24.759,11.445,9.3231,26.519,18.213,23.954,9.1466,5.9959,31.244,17.262,53.974,57.72,82.743,16.582,25.618,45.467,53.542,11.237,29.816,6.1685,6.1931,8.9328,7.983,21.461,6.007,40.209,32.485,29.371,47.948,35.468,28.685,19.49,48.658
5.74,17.626,11.315,23.913,22.877,6.8224,21.792,24.728,11.403,9.3148,26.472,18.21,23.946,9.139,5.9964,31.233,17.229,53.881,57.661,82.74,16.579,25.734,45.588,53.586,11.264,29.81,6.1575,6.1696,8.9458,7.9892,21.46,6.0264,40.02,32.312,29.353,47.77,35.942,28.758,19.428,48.717
5.75,17.618,11.355,24.091,22.89,6.8209,21.831,24.697,11.36,9.3065,26.424,18.207,23.938,9.1315,5.9967,31.22,17.196,53.787,57.597,82.735,16.576,25.85,45.71,53.624,11.292,29.804,6.1465,6.1461,8.9584,7.9927,21.458,6.0444,39.828,32.134,29.329,47.576,36.413,28.831,19.365,48.771
5.76,17.611,11.395,24.269,22.903,6.8188,21.867,24.665,11.319,9.2981,26.377,18.204,23.93,9.1239,5.9969,31.209,17.162,53.693,57.528,82.729,16.575,25.965,45.831,53.657,11.32,29.797,6.1357,6.1226,8.9706,7.9935,21.456,6.0609,39.634,31.952,29.298,47.366,36.88,28.906,19.302,48.822
5.77,17.604,11.434,24.445,22.916,6.8161,21.899,24.634,11.279,9.2896,26.329,18.2,23.922,9.1164,5.9969,31.196,17.129,53.597,57.453,82.722,16.576,26.08,45.953,53.685,11.347,29.791,6.1249,6.0992,8.9824,8.0606,21.454,6.0759,39.439,31.765,29.261,47.14,37.343,28.981,19.24,48.87
5.78,17.596,11.474,24.621,22.928,6.8127,21.93,24.602,11.238,9.281,26.281,18.197,23.913,9.1088,5.9967,31.181,17.096,53.5,57.372,82.714,16.577,26.195,46.075,53.708,11.375,29.784,6.1141,6.0758,8.9937,8.1605,21.45,6.0894,39.242,31.573,29.217,46.899,37.801,29.057,19.177,48.915
5.79,17.588,11.513,24.795,22.94,6.8088,21.957,24.57,11.198,9.2723,26.233,18.194,23.905,9.1013,5.9965,31.165,17.063,53.402,57.286,82.705,16.579,26.31,46.197,53.725,11.403,29.778,6.1034,6.0524,9.0047,8.2593,21.445,6.1014,39.044,31.377,29.167,46.643,38.253,29.134,19.113,48.957
5.8,17.58,11.552,24.969,22.952,6.8042,21.981,24.537,11.158,9.2636,26.186,18.191,23.896,9.0937,5.996,31.149,17.029,53.304,57.195,82.694,16.582,26.425,46.32,53.738,11.431,29.771,6.0928,6.029,9.0152,8.3569,21.44,6.1119,38.846,31.175,29.111,46.372,38.701,29.212,19.05,48.995
5.81,17.573,11.591,25.143,22.963,6.799,22.003,24.505,11.117,9.2548,26.138,18.188,23.888,9.0861,5.9955,31.133,16.996,53.204,57.098,82.683,16.586,26.54,46.442,53.745,11.458,29.764,6.0823,6.0057,9.0254,8.4531,21.433,6.121,38.645,31.007,29.047,46.086,39.143,29.289,18.986,49.031
5.82,17.565,11.63,25.316,22.974,6.7932,22.021,24.472,11.076,9.2459,26.09,18.185,23.879,9.0786,5.9947,31.115,16.963,53.103,56.996,82.671,16.591,26.655,46.565,53.747,11.486,29.757,6.0717,5.9824,9.0351,8.5479,21.427,6.1289,38.444,30.918,28.978,45.785,39.579,29.367,18.922,49.064
5.83,17.556,11.669,25.488,22.985,6.7868,22.037,24.439,11.035,9.2369,26.043,18.182,23.87,9.071,5.9939,31.096,16.974,53.002,56.888,82.657,16.597,26.769,46.688,53.745,11.514,29.75,6.0612,5.9592,9.0445,8.6413,21.419,6.1354,38.241,30.824,28.901,45.471,40.01,29.444,18.858,49.094
5.84,17.548,11.707,25.661,22.996,6.7798,22.05,24.406,10.994,9.2279,25.995,18.178,23.861,9.0635,5.9929,31.075,16.991,52.9,56.775,82.642,16.603,26.883,46.81,53.737,11.542,29.743,6.0509,5.936,9.0534,8.7333,21.411,6.1405,38.037,30.725,28.818,45.143,40.434,29.522,18.794,49.121
5.85,17.54,11.745,25.834,23.006,6.7722,22.061,24.373,10.952,9.2188,25.947,18.175,23.852,9.056,5.9917,31.056,17.009,52.796,56.657,82.626,16.61,26.997,46.933,53.725,11.569,29.736,6.0405,5.9129,9.0619,8.8237,21.402,6.1441,37.831,30.621,28.729,44.803,40.851,29.6,18.729,49.144
5.86,17.531,11.784,26.007,23.017,6.7641,22.069,24.339,10.909,9.2097,25.899,18.172,23.843,9.0484,5.9904,31.034,17.027,52.693,56.532,82.609,16.618,27.11,47.056,53.708,11.597,29.728,6.0302,5.8898,9.0701,8.9127,21.392,6.1463,37.624,30.512,28.634,44.45,41.262,29.678,18.664,49.165
5.87,17.523,11.826,26.179,23.027,6.7555,22.102,24.306,10.867,9.2004,25.852,18.169,23.834,9.0409,5.989,31.012,17.044,52.588,56.403,82.59,16.627,27.223,47.179,53.686,11.625,29.721,6.0199,5.8669,9.0778,9,21.381,6.1471,37.416,30.398,28.577,44.086,41.665,29.756,18.599,49.181
5.88,17.514,11.87,26.35,23.036,6.7463,22.142,24.272,10.825,9.1911,25.804,18.166,23.825,9.0333,5.9874,30.989,17.061,52.483,56.268,82.57,16.636,27.335,47.303,53.66,11.652,29.713,6.0097,5.8439,9.0857,9.0855,21.369,6.1465,37.206,30.28,28.534,43.71,42.06,29.833,18.534,49.193
5.89,17.505,11.913,26.521,23.046,6.7365,22.181,24.238,10.782,9.1818,25.756,18.163,23.816,9.0258,5.9857,30.965,17.078,52.377,56.128,82.548,16.645,27.447,47.427,53.63,11.68,29.705,5.9996,5.8211,9.0931,9.1691,21.357,6.145,36.995,30.156,28.485,43.324,42.448,29.911,18.469,49.201
5.9,17.496,11.957,26.691,23.054,6.7262,22.219,24.204,10.738,9.1724,25.708,18.159,23.806,9.0183,5.9838,30.941,17.095,52.27,55.983,82.525,16.655,27.558,47.551,53.595,11.706,29.698,5.9894,5.7982,9.1002,9.2506,21.345,6.142,36.783,30.028,28.43,42.928,42.827,29.988,18.404,49.203
5.91,17.487,12,26.861,23.063,6.7154,22.257,24.169,10.693,9.1629,25.66,18.156,23.797,9.0107,5.9818,30.915,17.112,52.163,55.834,82.501,16.666,27.668,47.676,53.556,11.733,29.69,5.9793,5.7756,9.1068,9.3299,21.332,6.1378,36.603,29.894,28.369,42.522,43.197,30.066,18.338,49.202
5.92,17.478,12.043,27.03,23.071,6.7041,22.294,24.135,10.649,9.1534,25.612,18.153,23.787,9.0032,5.9797,30.889,17.129,52.055,55.679,82.476,16.677,27.778,47.802,53.512,11.76,29.681,5.9692,5.753,9.113,9.4069,21.318,6.1323,36.542,29.756,28.301,42.235,43.558,30.144,18.272,49.195
5.93,17.468,12.086,27.199,23.079,6.6924,22.33,24.1,10.604,9.1438,25.565,18.15,23.777,8.9957,5.9775,30.861,17.145,51.946,55.65,82.449,16.689,27.887,47.929,53.464,11.786,29.673,5.9592,5.7304,9.1189,9.4817,21.303,6.1254,36.481,29.613,28.322,42.271,43.91,30.224,18.206,49.184
5.94,17.459,12.129,27.367,23.086,6.6802,22.365,24.065,10.559,9.1342,25.517,18.147,23.767,8.9882,5.9751,30.834,17.162,51.838,55.723,82.421,16.7,27.996,48.057,53.412,11.812,29.665,5.9492,5.7079,9.1243,9.554,21.287,6.1173,36.418,29.465,28.407,42.304,44.252,30.305,18.14,49.168
5.95,17.449,12.172,27.534,23.094,6.6675,22.399,24.03,10.513,9.1245,25.469,18.144,23.758,8.9807,5.9725,30.806,17.178,51.728,55.794,82.391,16.713,28.104,48.188,53.356,11.838,29.656,5.9392,5.6856,9.1293,9.6241,21.271,6.1082,36.355,29.313,28.489,42.336,44.584,30.392,18.074,49.146
5.96,17.44,12.215,27.699,23.101,6.6612,22.431,23.995,10.466,9.1147,25.421,18.142,23.748,8.9732,5.9699,30.777,17.194,51.618,55.865,82.359,16.725,28.211,48.32,53.295,11.863,29.647,5.9293,5.6633,9.134,9.6916,21.253,6.098,36.29,29.157,28.567,42.365,44.906,30.489,18.008,49.12
5.97,17.43,12.257,27.864,23.108,6.6606,22.463,23.959,10.42,9.1049,25.374,18.139,23.738,8.9657,5.9671,30.746,17.21,51.508,55.936,82.326,16.738,28.317,48.455,53.23,11.888,29.638,5.9193,5.6411,9.1382,9.7569,21.235,6.0866,36.225,28.996,28.642,42.393,45.218,30.591,17.942,49.09
5.98,17.42,12.299,28.027,23.116,6.6607,22.493,23.924,10.373,9.0951,25.326,18.136,23.728,8.9582,5.9642,30.715,17.227,51.398,56.007,82.292,16.751,28.423,48.594,53.162,11.912,29.629,5.9093,5.619,9.1421,9.8195,21.218,6.0741,36.158,28.83,28.715,42.419,45.52,30.693,17.876,49.054
5.99,17.41,12.341,28.189,23.124,6.6626,22.521,23.888,10.326,9.0852,25.278,18.133,23.718,8.9507,5.9612,30.684,17.243,51.287,56.077,82.256,16.764,28.528,48.739,53.089,11.937,29.619,5.8995,5.597,9.1455,9.8797,21.199,6.0604,36.091,28.66,28.783,42.443,45.811,30.796,17.809,49.049
6,17.4,12.383,28.35,23.132,6.6667,22.549,23.852,10.277,9.0753,25.23,18.13,23.708,8.9432,5.958,30.652,17.259,51.176,56.147,82.218,16.777,28.632,48.889,53.012,11.961,29.61,5.8896,5.5751,9.1486,9.937,21.18,6.0457,36.023,28.486,28.849,42.465,46.092,30.898,17.742,49.173
6.01,17.39,12.424,28.511,23.141,6.6721,22.575,23.816,10.228,9.0654,25.183,18.127,23.697,8.9357,5.9547,30.62,17.274,51.064,56.215,82.179,16.791,28.736,49.043,52.932,11.985,29.6,5.8796,5.5534,9.1512,9.9917,21.16,6.0298,35.953,28.307,28.91,42.484,46.362,30.999,17.676,49.294
6.02,17.38,12.465,28.672,23.149,6.6858,22.599,23.78,10.18,9.0553,25.135,18.124,23.687,8.9282,5.9513,30.586,17.29,50.953,56.283,82.139,16.804,28.839,49.201,52.847,12.008,29.59,5.8697,5.5317,9.1535,10.043,21.139,6.0132,35.882,28.124,28.969,42.501,46.621,31.1,17.609,49.413
6.03,17.369,12.506,28.834,23.156,6.7062,22.623,23.744,10.131,9.0453,25.087,18.121,23.676,8.9207,5.9477,30.551,17.306,50.841,56.349,82.097,16.818,28.941,49.362,52.759,12.031,29.58,5.8598,5.5101,9.1554,10.092,21.118,5.9956,35.811,27.935,29.023,42.515,46.87,31.199,17.542,49.53
6.04,17.359,12.547,28.995,23.164,6.726,22.645,23.707,10.081,9.0352,25.039,18.118,23.665,8.9133,5.9441,30.517,17.321,50.729,56.414,82.053,16.832,29.043,49.526,52.668,12.054,29.57,5.8499,5.4886,9.1571,10.138,21.096,5.977,35.738,27.743,29.074,42.526,47.107,31.298,17.475,49.644
6.05,17.348,12.588,29.156,23.171,6.745,22.666,23.671,10.03,9.0251,24.992,18.115,23.655,8.9058,5.9403,30.482,17.336,50.617,56.478,82.007,16.846,29.145,49.691,52.573,12.076,29.56,5.84,5.4673,9.1587,10.181,21.073,5.9574,35.664,27.545,29.121,42.534,47.334,31.397,17.408,49.756
6.06,17.338,12.628,29.317,23.178,6.7632,22.685,23.634,9.9794,9.0149,24.944,18.112,23.644,8.8984,5.9364,30.446,17.351,50.555,56.539,81.96,16.861,29.246,49.857,52.475,12.099,29.549,5.83,5.446,9.1599,10.221,21.05,5.9369,35.588,27.343,29.165,42.539,47.66,31.494,17.341,49.865
6.07,17.327,12.668,29.512,23.184,6.7806,22.703,23.598,9.9286,9.0047,24.896,18.109,23.634,8.8909,5.9323,30.409,17.367,50.537,56.598,81.911,16.875,29.346,50.024,52.373,12.121,29.538,5.8201,5.4266,9.1607,10.257,21.026,5.9155,35.511,27.136,29.204,42.541,47.99,31.59,17.274,49.971
6.08,17.316,12.708,29.707,23.19,6.7972,22.72,23.561,9.8768,8.9945,24.849,18.106,23.623,8.8835,5.9282,30.371,17.381,50.517,56.654,81.86,16.889,29.446,50.191,52.269,12.142,29.527,5.8101,5.4076,9.1612,10.291,21.001,5.8932,35.433,26.925,29.24,42.539,48.312,31.686,17.207,50.075
6.09,17.305,12.747,29.902,23.196,6.8129,22.735,23.523,9.8247,8.9843,24.801,18.103,23.612,8.876,5.9239,30.333,17.396,50.495,56.708,81.807,16.904,29.546,50.359,52.162,12.163,29.516,5.8,5.3884,9.1613,10.322,20.977,5.8954,35.353,26.709,29.272,42.535,48.627,31.781,17.14,50.176
6.1,17.294,12.787,30.096,23.2,6.8277,22.749,23.486,9.7729,8.974,24.754,18.1,23.601,8.8686,5.9196,30.295,17.411,50.471,56.758,81.753,16.918,29.645,50.527,52.052,12.185,29.504,5.79,5.3691,9.1609,10.349,20.952,5.9174,35.272,26.489,29.3,42.527,48.935,31.875,17.073,50.275
6.11,17.283,12.826,30.29,23.205,6.8418,22.762,23.449,9.7202,8.9637,24.706,18.097,23.59,8.8612,5.9151,30.256,17.425,50.447,56.805,81.697,16.932,29.744,50.695,51.941,12.206,29.492,5.7799,5.3497,9.1602,10.374,20.927,5.9388,35.189,26.264,29.324,42.517,49.235,31.967,17.006,50.371
6.12,17.271,12.864,30.483,23.208,6.855,22.774,23.412,9.667,8.9535,24.659,18.094,23.579,8.8538,5.9105,30.216,17.44,50.423,56.848,81.639,16.947,29.842,50.862,51.979,12.227,29.48,5.7697,5.3302,9.1592,10.395,20.901,5.9595,35.105,26.035,29.343,42.504,49.528,32.059,16.938,50.464
6.13,17.26,12.903,30.675,23.212,6.8674,22.784,23.375,9.6142,8.9432,24.611,18.091,23.568,8.8464,5.9058,30.175,17.454,50.399,56.888,81.579,16.961,29.939,51.029,52.021,12.248,29.468,5.7595,5.3106,9.1577,10.413,20.874,5.9795,35.019,25.802,29.359,42.488,49.813,32.149,16.871,50.554
6.14,17.248,12.941,30.867,23.214,6.8791,22.795,23.337,9.5604,8.933,24.564,18.088,23.557,8.839,5.9009,30.134,17.468,50.374,56.924,81.517,16.976,30.036,51.196,52.06,12.269,29.456,5.7493,5.291,9.1559,10.428,20.847,5.9988,34.931,25.564,29.371,42.471,50.09,32.238,16.804,50.641
6.15,17.237,12.979,31.057,23.216,6.89,22.804,23.3,9.5059,8.9227,24.516,18.085,23.545,8.8316,5.896,30.093,17.482,50.35,56.957,81.453,16.99,30.131,51.362,52.096,12.29,29.443,5.7389,5.2712,9.1537,10.439,20.819,6.0173,34.843,25.323,29.379,42.451,50.36,32.327,16.737,50.726
6.16,17.225,13.016,31.246,23.218,6.9001,22.814,23.262,9.452,8.9124,24.469,18.082,23.534,8.8242,5.8909,30.051,17.496,50.326,56.986,81.388,17.004,30.226,51.527,52.127,12.311,29.43,5.7286,5.2515,9.1511,10.448,20.79,6.0351,34.753,25.078,29.382,42.431,50.621,32.414,16.669,50.809
6.17,17.214,13.053,31.433,23.218,6.9095,22.823,23.225,9.3971,8.902,24.422,18.079,23.523,8.8168,5.8858,30.008,17.51,50.3,57.011,81.321,17.019,30.319,51.692,52.157,12.333,29.417,5.7181,5.2317,9.1481,10.452,20.761,6.0524,34.661,24.829,29.382,42.409,50.874,32.5,16.602,50.889
6.18,17.202,13.09,31.619,23.219,6.9183,22.833,23.187,9.3414,8.8917,24.375,18.076,23.511,8.8094,5.8805,29.965,17.524,50.275,57.032,81.252,17.033,30.411,51.856,52.183,12.353,29.404,5.7076,5.2117,9.1448,10.454,20.732,6.069,34.568,24.576,29.377,42.388,51.12,32.586,16.535,50.966
6.19,17.19,13.127,31.804,23.218,6.9264,22.843,23.149,9.2852,8.8813,24.327,18.074,23.5,8.8021,5.8752,29.921,17.538,50.249,57.049,81.181,17.047,30.502,52.02,52.206,12.374,29.39,5.697,5.1918,9.1411,10.452,20.702,6.0848,34.473,24.41,29.426,42.367,51.357,32.671,16.468,51.041
6.2,17.178,13.163,31.987,23.217,6.9338,22.851,23.111,9.2292,8.8709,24.28,18.071,23.488,8.7947,5.8738,29.877,17.551,50.223,57.063,81.108,17.061,30.592,52.182,52.225,12.394,29.376,5.6863,5.1718,9.1371,10.448,20.671,6.0998,34.376,24.26,29.488,42.347,51.587,32.755,16.4,51.114
6.21,17.166,13.199,32.169,23.216,6.9406,22.859,23.073,9.1723,8.8605,24.245,18.068,23.477,8.7874,5.877,29.833,17.564,50.231,57.072,81.034,17.075,30.681,52.345,52.242,12.415,29.362,5.6755,5.1517,9.1327,10.44,20.64,6.1141,34.277,24.107,29.55,42.325,51.808,32.839,16.333,51.183
6.22,17.154,13.235,32.349,23.214,6.9468,22.866,23.035,9.1146,8.8501,24.216,18.065,23.465,8.78,5.8799,29.787,17.578,50.284,57.077,80.957,17.089,30.768,52.506,52.256,12.435,29.348,5.6646,5.1316,9.1281,10.429,20.609,6.1367,34.175,23.949,29.609,42.302,52.022,32.921,16.266,51.25
6.23,17.141,13.27,32.527,23.211,6.9524,22.872,22.997,9.0561,8.8396,24.186,18.062,23.453,8.7727,5.8827,29.741,17.591,50.338,57.079,80.879,17.103,30.854,52.667,52.267,12.454,29.333,5.6537,5.1114,9.1234,10.415,20.578,6.163,34.072,23.789,29.668,42.277,52.227,33.004,16.199,51.315
6.24,17.129,13.305,32.704,23.208,6.9575,22.936,22.959,8.9978,8.8291,24.156,18.059,23.442,8.7654,5.8856,29.695,17.604,50.394,57.076,80.799,17.117,30.939,52.826,52.276,12.473,29.319,5.6426,5.0913,9.1184,10.397,20.547,6.189,33.966,23.625,29.725,42.25,52.423,33.085,16.132,51.376
6.25,17.117,13.34,32.88,23.205,6.962,23.002,22.921,8.939,8.8187,24.127,18.056,23.43,8.7581,5.8884,29.648,17.617,50.452,57.069,80.718,17.13,31.022,52.986,52.281,12.492,29.303,5.6314,5.0711,9.113,10.376,20.515,6.2146,33.858,23.457,29.78,42.221,52.612,33.165,16.065,51.435
6.26,17.104,13.374,33.054,23.201,6.966,23.067,22.883,8.8793,8.8082,24.097,18.053,23.418,8.7508,5.891,29.602,17.629,50.512,57.058,80.634,17.144,31.104,53.144,52.285,12.511,29.288,5.6201,5.0508,9.1073,10.352,20.482,6.2397,33.747,23.286,29.834,42.189,52.792,33.244,15.998,51.491
6.27,17.091,13.408,33.227,23.196,6.9695,23.13,22.845,8.8187,8.7977,24.067,18.05,23.406,8.7435,5.8934,29.554,17.642,50.575,57.043,80.549,17.157,31.185,53.302,52.286,12.529,29.272,5.6087,5.0306,9.1011,10.325,20.449,6.2644,33.634,23.113,29.886,42.156,52.964,33.322,15.931,51.543
6.28,17.079,13.442,33.398,23.191,6.9726,23.194,22.806,8.7574,8.7872,24.037,18.047,23.394,8.7362,5.8958,29.506,17.655,50.639,57.024,80.462,17.171,31.264,53.459,52.315,12.547,29.257,5.5971,5.0103,9.0947,10.296,20.416,6.2885,33.518,22.965,29.937,42.12,53.128,33.399,15.864,51.593
6.29,17.066,13.475,33.568,23.186,6.9752,23.256,22.768,8.6959,8.7766,24.007,18.044,23.382,8.7289,5.8979,29.457,17.667,50.704,57,80.373,17.184,31.342,53.615,52.401,12.564,29.24,5.5854,4.99,9.0879,10.263,20.382,6.3121,33.4,22.967,29.985,42.082,53.285,33.474,15.797,51.641
6.3,17.053,13.508,33.737,23.18,6.9774,23.318,22.729,8.6342,8.7661,23.977,18.041,23.37,8.7216,5.8999,29.408,17.679,50.771,56.973,80.283,17.197,31.418,53.77,52.484,12.581,29.224,5.5737,4.9716,9.0807,10.228,20.348,6.3352,33.28,22.967,30.031,42.041,53.433,33.548,15.73,51.685
6.31,17.04,13.54,33.904,23.174,6.9792,23.379,22.691,8.5718,8.7556,23.947,18.038,23.358,8.7144,5.9018,29.359,17.692,50.838,56.941,80.191,17.209,31.494,53.925,52.563,12.598,29.207,5.5617,4.9534,9.0732,10.19,20.313,6.3578,33.158,22.964,30.075,41.998,53.574,33.622,15.664,51.726
6.32,17.027,13.573,34.07,23.167,6.9805,23.439,22.652,8.5086,8.745,23.917,18.035,23.346,8.7071,5.9036,29.309,17.704,50.907,56.905,80.097,17.222,31.568,54.079,52.641,12.614,29.191,5.5496,4.9353,9.0653,10.149,20.278,6.3798,33.033,22.958,30.117,41.953,53.707,33.693,15.597,51.764
6.33,17.014,13.604,34.235,23.161,6.9816,23.498,22.614,8.4447,8.7345,23.887,18.033,23.333,8.6999,5.9052,29.259,17.716,50.976,56.866,80.002,17.234,31.64,54.232,52.715,12.63,29.173,5.5374,4.9173,9.0571,10.105,20.243,6.4012,32.905,22.95,30.157,41.905,53.832,33.764,15.53,51.8
6.34,17.001,13.636,34.398,23.154,6.9823,23.557,22.576,8.3801,8.7239,23.856,18.03,23.321,8.6926,5.9066,29.209,17.728,51.046,56.822,79.905,17.247,31.712,54.384,52.786,12.645,29.156,5.525,4.8994,9.0486,10.059,20.207,6.4218,32.775,22.938,30.194,41.855,53.95,33.833,15.464,51.832
6.35,16.988,13.667,34.56,23.147,6.9826,23.615,22.537,8.3199,8.7134,23.826,18.027,23.309,8.6854,5.9079,29.157,17.739,51.115,56.775,79.807,17.259,31.782,54.536,52.854,12.66,29.138,5.5124,4.8817,9.0397,10.082,20.171,6.4417,32.642,22.967,30.229,41.802,54.06,33.901,15.397,51.861
6.36,16.975,13.698,34.72,23.14,6.9828,23.673,22.499,8.2894,8.7028,23.795,18.024,23.297,8.6782,5.9091,29.105,17.751,51.183,56.724,79.707,17.271,31.851,54.687,52.919,12.675,29.12,5.4998,4.8641,9.0305,10.107,20.135,6.4609,32.506,23.032,30.261,41.746,54.162,33.968,15.331,51.887
6.37,16.961,13.728,34.879,23.132,6.9825,23.73,22.461,8.2586,8.6922,23.765,18.021,23.284,8.671,5.9102,29.054,17.763,51.251,56.669,79.606,17.282,31.919,54.837,52.981,12.689,29.102,5.4869,4.8466,9.021,10.132,20.098,6.4793,32.368,23.095,30.292,41.688,54.257,34.033,15.265,51.91
6.38,16.948,13.758,35.036,23.124,6.9821,23.786,22.422,8.2268,8.6817,23.734,18.018,23.272,8.6638,5.9111,29.002,17.774,51.317,56.61,79.503,17.294,31.985,54.986,53.04,12.703,29.083,5.4738,4.8292,9.0111,10.155,20.061,6.4972,32.227,23.156,30.319,41.627,54.344,34.097,15.198,51.929
6.39,16.934,13.788,35.193,23.115,6.9814,23.841,22.403,8.1941,8.6711,23.704,18.015,23.259,8.6566,5.9118,28.95,17.786,51.382,56.548,79.4,17.305,32.05,55.134,53.096,12.717,29.065,5.4606,4.812,9.0009,10.177,20.024,6.5143,32.083,23.215,30.345,41.563,54.423,34.159,15.132,51.944
6.4,16.921,13.817,35.347,23.106,6.9804,23.896,22.396,8.1603,8.6606,23.673,18.012,23.247,8.6495,5.9125,28.897,17.797,51.446,56.482,79.295,17.316,32.114,55.282,53.149,12.73,29.046,5.4521,4.7949,8.9904,10.198,19.986,6.5306,31.936,23.272,30.368,41.497,54.495,34.22,15.066,51.956
6.41,16.907,13.846,35.501,23.096,6.9794,23.949,22.388,8.1256,8.65,23.642,18.009,23.234,8.6423,5.913,28.843,17.808,51.509,56.413,79.188,17.326,32.177,55.429,53.199,12.743,29.026,5.4679,4.7779,8.9798,10.218,19.949,6.546,31.787,23.327,30.388,41.428,54.559,34.28,15.001,51.965
6.42,16.893,13.875,35.653,23.086,6.978,24.002,22.381,8.0899,8.6394,23.611,18.007,23.221,8.6352,5.9133,28.789,17.819,51.571,56.341,79.081,17.337,32.239,55.575,53.246,12.757,29.007,5.4838,4.761,8.969,10.237,19.911,6.5605,31.635,23.38,30.406,41.357,54.616,34.338,14.935,51.97
6.43,16.88,13.903,35.804,23.076,6.9766,24.054,22.373,8.0532,8.6289,23.58,18.004,23.209,8.628,5.9136,28.735,17.83,51.632,56.267,78.973,17.347,32.3,55.721,53.289,12.77,28.987,5.4998,4.7443,8.958,10.255,19.873,6.5742,31.48,23.431,30.421,41.283,54.665,34.395,14.869,51.971
6.44,16.866,13.931,35.954,23.065,6.975,24.105,22.365,8.0155,8.6183,23.549,18.001,23.196,8.6209,5.9137,28.681,17.841,51.692,56.191,78.864,17.356,32.36,55.866,53.33,12.783,28.967,5.5158,4.7276,8.9466,10.271,19.835,6.5873,31.448,23.48,30.434,41.206,54.706,34.451,14.804,51.968
6.45,16.852,13.958,36.102,23.053,6.9732,24.155,22.357,7.9768,8.6078,23.518,17.998,23.183,8.6138,5.9137,28.627,17.852,51.752,56.113,78.754,17.366,32.418,56.01,53.368,12.797,28.946,5.532,4.7111,8.9348,10.286,19.797,6.5995,31.451,23.527,30.444,41.126,54.74,34.505,14.738,51.961
6.46,16.838,13.985,36.249,23.042,6.9713,24.204,22.349,7.9372,8.5972,23.487,17.995,23.171,8.6066,5.9135,28.572,17.862,51.812,56.034,78.644,17.375,32.475,56.153,53.402,12.81,28.925,5.5482,4.6947,8.9228,10.3,19.758,6.6108,31.452,23.572,30.45,41.044,54.767,34.557,14.673,51.951
6.47,16.824,14.012,36.394,23.029,6.9694,24.253,22.341,7.8978,8.5867,23.456,17.992,23.158,8.5996,5.9132,28.517,17.873,51.87,55.955,78.532,17.384,32.53,56.296,53.433,12.831,28.904,5.5645,4.6784,8.9104,10.313,19.719,6.6211,31.45,23.615,30.455,40.96,54.787,34.609,14.608,51.935
6.48,16.81,14.038,36.538,23.017,6.9673,24.3,22.333,7.8575,8.5762,23.425,17.989,23.145,8.5925,5.9128,28.461,17.883,51.928,55.876,78.467,17.392,32.584,56.438,53.462,12.855,28.883,5.5808,4.6623,8.8978,10.324,19.679,6.6305,31.446,23.656,30.456,40.873,54.8,34.659,14.542,51.916
6.49,16.795,14.064,36.68,23.004,6.9651,24.346,22.325,7.8161,8.5656,23.394,17.987,23.132,8.5854,5.9123,28.405,17.893,51.986,55.796,78.495,17.4,32.637,56.58,53.488,12.878,28.861,5.5973,4.6463,8.8848,10.334,19.64,6.6391,31.438,23.695,30.455,40.783,54.806,34.708,14.478,51.893
6.5,16.781,14.089,36.821,22.99,6.9629,24.392,22.317,7.7738,8.5551,23.363,17.984,23.119,8.5783,5.9116,28.349,17.904,52.043,55.716,78.522,17.408,32.687,56.721,53.51,12.902,28.839,5.6138,4.6304,8.8715,10.344,19.6,6.647,31.428,23.733,30.451,40.691,54.805,34.755,14.413,51.865
6.51,16.767,14.114,36.96,22.977,6.9607,24.436,22.309,7.7974,8.5446,23.331,17.981,23.107,8.5713,5.9108,28.293,17.914,52.099,55.637,78.55,17.415,32.737,56.861,53.53,12.925,28.817,5.6303,4.6146,8.858,10.352,19.56,6.654,31.415,23.769,30.444,40.596,54.797,34.802,14.348,51.833
6.52,16.753,14.139,37.098,22.963,6.9584,24.48,22.301,7.8211,8.5341,23.3,17.978,23.094,8.5642,5.9099,28.236,17.924,52.155,55.557,78.576,17.422,32.784,57.001,53.546,12.948,28.795,5.6469,4.5989,8.8441,10.359,19.52,6.6599,31.399,23.802,30.435,40.499,54.783,34.847,14.284,51.797
6.53,16.738,14.163,37.234,22.949,6.9561,24.523,22.293,7.8453,8.5236,23.268,17.975,23.081,8.5572,5.9089,28.179,17.934,52.211,55.479,78.603,17.429,32.831,57.14,53.56,12.971,28.772,5.6636,4.5833,8.8299,10.365,19.479,6.665,31.381,23.834,30.423,40.399,54.762,34.891,14.219,51.756
6.54,16.724,14.187,37.369,22.935,6.9538,24.564,22.285,7.8693,8.5132,23.237,17.972,23.068,8.5502,5.9078,28.122,17.944,52.265,55.401,78.629,17.435,32.876,57.279,53.57,12.994,28.749,5.6803,4.5679,8.8154,10.37,19.439,6.6691,31.36,23.864,30.409,40.297,54.735,34.934,14.155,51.711
6.55,16.709,14.211,37.502,22.921,6.9515,24.605,22.276,7.8931,8.5027,23.206,17.969,23.055,8.5431,5.9065,28.064,17.953,52.32,55.322,78.655,17.441,32.919,57.417,53.578,13.017,28.726,5.697,4.5525,8.8007,10.373,19.398,6.6725,31.336,23.891,30.392,40.192,54.701,34.977,14.091,51.662
6.56,16.694,14.234,37.634,22.907,6.9491,24.645,22.268,7.9167,8.4923,23.174,17.967,23.041,8.5361,5.9051,28.006,17.963,52.374,55.242,78.68,17.446,32.961,57.555,53.582,13.04,28.703,5.7138,4.5373,8.7856,10.375,19.357,6.675,31.311,23.916,30.374,40.085,54.661,35.018,14.027,51.607
6.57,16.68,14.257,37.764,22.894,6.9469,24.685,22.259,7.9402,8.4818,23.143,17.964,23.028,8.5292,5.9036,27.948,17.973,52.427,55.161,78.705,17.451,33.002,57.692,53.584,13.062,28.679,5.7307,4.5222,8.7702,10.376,19.315,6.6766,31.283,23.939,30.353,39.975,54.616,35.059,13.963,51.55
6.58,16.665,14.279,37.893,22.882,6.9446,24.723,22.251,7.9634,8.4714,23.111,17.961,23.015,8.5222,5.902,27.89,17.982,52.48,55.078,78.73,17.455,33.042,57.828,53.584,13.085,28.654,5.7476,4.5072,8.7546,10.375,19.274,6.6773,31.252,23.961,30.33,39.994,54.564,35.099,13.9,51.488
6.59,16.65,14.301,38.021,22.872,6.9424,24.761,22.243,7.9864,8.461,23.079,17.958,23.002,8.5152,5.9002,27.832,17.991,52.532,54.993,78.754,17.459,33.08,57.964,53.58,13.107,28.63,5.7645,4.4923,8.7387,10.373,19.232,6.677,31.219,23.98,30.304,40.066,54.506,35.138,13.836,51.421
6.6,16.635,14.326,38.147,22.863,6.9403,24.797,22.234,8.0092,8.4506,23.048,17.955,22.988,8.5083,5.8984,27.773,18.001,52.584,54.905,78.777,17.463,33.117,58.1,53.574,13.128,28.606,5.7815,4.4808,8.7229,10.369,19.191,6.6758,31.185,23.998,30.277,40.136,54.443,35.176,13.773,51.351
6.61,16.62,14.372,38.272,22.856,6.9382,24.833,22.226,8.0317,8.4402,23.016,17.953,22.975,8.5013,5.8964,27.714,18.01,52.635,54.816,78.801,17.466,33.153,58.234,53.565,13.15,28.581,5.7985,4.4771,8.7068,10.364,19.149,6.674,31.148,24.014,30.248,40.204,54.374,35.213,13.757,51.276
6.62,16.605,14.418,38.395,22.85,6.9362,24.869,22.217,8.0539,8.4299,22.984,17.95,22.962,8.4944,5.8944,27.654,18.019,52.686,54.724,78.823,17.468,33.187,58.369,53.553,13.17,28.555,5.8155,4.4734,8.6904,10.358,19.107,6.6713,31.109,24.028,30.218,40.271,54.299,35.249,13.745,51.197
6.63,16.59,14.464,38.517,22.845,6.9342,24.903,22.209,8.0759,8.4195,22.952,17.947,22.949,8.4875,5.8922,27.595,18.028,52.737,54.63,78.846,17.471,33.221,58.502,53.539,13.191,28.53,5.8325,4.4698,8.6738,10.35,19.064,6.6677,31.069,24.041,30.185,40.337,54.219,35.284,13.733,51.114
6.64,16.575,14.509,38.638,22.841,6.9324,24.936,22.2,8.0982,8.4092,22.921,17.944,22.936,8.4805,5.8899,27.535,18.037,52.787,54.534,78.867,17.472,33.254,58.635,53.522,13.211,28.504,5.8496,4.4661,8.6568,10.341,19.022,6.6632,31.026,24.053,30.151,40.402,54.134,35.318,13.721,51.047
6.65,16.56,14.555,38.757,22.836,6.9306,24.969,22.191,8.1205,8.3989,22.889,17.941,22.922,8.4736,5.8874,27.476,18.046,52.837,54.436,78.889,17.473,33.285,58.804,53.502,13.231,28.478,5.8667,4.4625,8.6396,10.331,18.98,6.6578,30.981,24.063,30.115,40.465,54.043,35.351,13.71,51.102
6.66,16.545,14.6,38.874,22.832,6.9289,25.001,22.182,8.1425,8.3886,22.857,17.939,22.909,8.4668,5.8849,27.416,18.054,52.886,54.335,78.909,17.474,33.316,59.036,53.48,13.251,28.452,5.8838,4.4589,8.6222,10.32,18.938,6.6517,30.934,24.072,30.105,40.526,53.947,35.383,13.698,51.156
6.67,16.53,14.648,38.989,22.827,6.9274,25.032,22.174,8.1642,8.3783,22.825,17.936,22.896,8.4599,5.8823,27.356,18.063,52.935,54.231,78.93,17.474,33.345,59.267,53.456,13.27,28.425,5.901,4.4552,8.6044,10.308,18.896,6.6449,30.884,24.078,30.136,40.587,53.845,35.414,13.686,51.209
6.68,16.514,14.797,39.103,22.823,6.9258,25.062,22.165,8.1856,8.3681,22.793,17.933,22.882,8.453,5.8796,27.295,18.071,52.984,54.125,78.949,17.474,33.374,59.496,53.429,13.288,28.398,5.9181,4.4517,8.5864,10.295,18.854,6.6372,30.833,24.083,30.165,40.646,53.739,35.444,13.674,51.261
6.69,16.499,14.947,39.216,22.818,6.9245,25.091,22.156,8.2067,8.3579,22.761,17.93,22.869,8.4462,5.8767,27.234,18.08,53.032,54.016,78.969,17.473,33.401,59.723,53.399,13.307,28.371,5.9353,4.4481,8.5682,10.28,18.811,6.6287,30.78,24.085,30.192,40.703,53.626,35.473,13.661,51.311
6.7,16.484,15.095,39.326,22.813,6.9233,25.119,22.147,8.2274,8.3476,22.729,17.927,22.856,8.4393,5.8738,27.173,18.088,53.08,53.904,78.987,17.472,33.428,59.949,53.368,13.325,28.344,5.9524,4.4445,8.5497,10.265,18.769,6.6194,30.725,24.086,30.218,40.759,53.509,35.501,13.649,51.36
6.71,16.468,15.243,39.436,22.809,6.9222,25.146,22.139,8.2477,8.3375,22.697,17.925,22.842,8.4325,5.8709,27.113,18.097,53.127,53.79,79.006,17.47,33.453,60.173,53.333,13.343,28.316,5.9696,4.441,8.5309,10.249,18.726,6.6092,30.668,24.085,30.241,40.814,53.387,35.528,13.637,51.408
6.72,16.453,15.39,39.543,22.804,6.9212,25.173,22.13,8.2677,8.3273,22.665,17.922,22.829,8.4257,5.868,27.052,18.105,53.174,53.672,79.023,17.468,33.477,60.396,53.297,13.361,28.288,5.9868,4.4374,8.5119,10.231,18.683,6.5986,30.61,24.082,30.263,40.867,53.26,35.553,13.624,51.455
6.73,16.437,15.537,39.649,22.799,6.9203,25.198,22.121,8.2873,8.3171,22.633,17.919,22.815,8.4189,5.8649,26.991,18.113,53.22,53.552,79.041,17.465,33.499,60.616,53.258,13.379,28.26,6.0039,4.4339,8.4927,10.213,18.64,6.5872,30.549,24.077,30.284,40.919,53.129,35.577,13.612,51.5
6.74,16.422,15.683,39.753,22.795,6.9196,25.222,22.112,8.3065,8.307,22.601,17.916,22.801,8.4121,5.8617,26.929,18.121,53.265,53.429,79.057,17.461,33.52,60.836,53.217,13.398,28.231,6.0211,4.4304,8.4732,10.193,18.597,6.5751,30.486,24.07,30.302,40.969,52.993,35.599,13.599,51.543
6.75,16.406,15.828,39.856,22.79,6.919,25.246,22.103,8.3254,8.2969,22.569,17.914,22.788,8.4053,5.8584,26.868,18.129,53.31,53.303,79.073,17.457,33.539,61.053,53.174,13.417,28.202,6.0382,4.4269,8.4534,10.172,18.554,6.5621,30.422,24.062,30.319,41.018,52.853,35.621,13.587,51.585
6.76,16.39,15.972,39.957,22.786,6.9185,25.268,22.094,8.3439,8.2868,22.537,17.911,22.774,8.3985,5.8551,26.806,18.137,53.354,53.175,79.089,17.453,33.557,61.27,53.129,13.436,28.173,6.0553,4.4234,8.4334,10.15,18.511,6.5484,30.356,24.053,30.334,41.065,52.709,35.641,13.574,51.626
6.77,16.375,16.115,40.057,22.781,6.9183,25.29,22.085,8.3629,8.2768,22.505,17.908,22.76,8.3918,5.8516,26.744,18.144,53.398,53.043,79.104,17.448,33.572,61.485,53.082,13.455,28.144,6.0725,4.42,8.4133,10.128,18.468,6.5343,30.289,24.041,30.348,41.111,52.561,35.66,13.561,51.665
6.78,16.359,16.257,40.155,22.777,6.9181,25.31,22.076,8.3815,8.2668,22.473,17.905,22.747,8.3851,5.848,26.681,18.152,53.441,52.909,79.119,17.443,33.586,61.698,53.033,13.474,28.114,6.0896,4.4165,8.3932,10.112,18.425,6.5195,30.22,24.028,30.359,41.155,52.409,35.677,13.548,51.702
6.79,16.343,16.398,40.252,22.772,6.918,25.33,22.067,8.3996,8.2568,22.441,17.903,22.733,8.3783,5.8443,26.619,18.16,53.483,52.772,79.132,17.437,33.667,61.911,52.981,13.492,28.084,6.1066,4.4131,8.3728,10.127,18.382,6.504,30.149,24.013,30.37,41.198,52.252,35.693,13.535,51.739
6.8,16.327,16.539,40.347,22.767,6.9182,25.349,22.058,8.4173,8.2468,22.409,17.9,22.72,8.3716,5.8406,26.557,18.167,53.524,52.633,79.146,17.431,33.797,62.122,52.928,13.509,28.054,6.1237,4.4097,8.3522,10.141,18.338,6.4879,30.076,23.997,30.378,41.239,52.092,35.708,13.522,51.773
6.81,16.311,16.678,40.441,22.762,6.9183,25.367,22.049,8.4346,8.2368,22.377,17.897,22.706,8.3649,5.8367,26.495,18.175,53.565,52.491,79.159,17.424,33.927,62.333,52.873,13.527,28.024,6.1407,4.4064,8.3314,10.154,18.295,6.4711,30.003,23.978,30.385,41.279,51.928,35.722,13.509,51.806
6.82,16.295,16.817,40.534,22.757,6.9188,25.383,22.039,8.4514,8.2269,22.345,17.895,22.693,8.3582,5.8327,26.433,18.182,53.605,52.346,79.171,17.417,34.055,62.543,52.816,13.544,27.993,6.1577,4.403,8.3103,10.166,18.252,6.4537,29.927,23.958,30.39,41.318,51.909,35.734,13.496,51.838
6.83,16.279,16.954,40.625,22.769,6.9193,25.399,22.03,8.4677,8.217,22.312,17.892,22.679,8.3515,5.8287,26.37,18.189,53.645,52.2,79.183,17.409,34.183,62.752,52.757,13.56,27.962,6.1747,4.3996,8.2891,10.178,18.208,6.436,29.85,23.936,30.394,41.355,51.916,35.745,13.483,51.868
6.84,16.263,17.09,40.715,22.822,6.9199,25.414,22.021,8.4836,8.2071,22.28,17.889,22.665,8.3449,5.8245,26.307,18.196,53.685,52.05,79.194,17.401,34.309,62.962,52.696,13.576,27.931,6.1916,4.3963,8.2675,10.188,18.165,6.4177,29.772,23.912,30.396,41.391,51.92,35.755,13.47,51.897
6.85,16.247,17.225,40.803,22.874,6.9207,25.428,22.012,8.4989,8.1973,22.248,17.886,22.652,8.3382,5.8203,26.244,18.204,53.724,51.899,79.205,17.392,34.434,63.172,52.633,13.591,27.9,6.2085,4.393,8.2458,10.199,18.121,6.3987,29.692,23.886,30.397,41.426,51.92,35.763,13.456,51.925
6.86,16.231,17.359,40.89,22.924,6.9216,25.442,22.003,8.5138,8.1874,22.216,17.884,22.638,8.3316,5.8159,26.181,18.211,53.762,51.744,79.216,17.383,34.558,63.383,52.568,13.606,27.868,6.2253,4.3897,8.2239,10.208,18.078,6.3793,29.612,23.859,30.396,41.459,51.916,35.77,13.443,51.951
6.87,16.215,17.491,40.976,22.972,6.9226,25.454,21.993,8.5282,8.1776,22.184,17.881,22.624,8.3249,5.8115,26.118,18.218,53.801,51.588,79.225,17.373,34.681,63.595,52.502,13.62,27.836,6.2422,4.3865,8.2017,10.217,18.034,6.3593,29.53,23.83,30.394,41.492,51.909,35.776,13.429,51.976
6.88,16.199,17.623,41.061,23.018,6.9238,25.466,21.984,8.5421,8.1679,22.151,17.878,22.61,8.3183,5.807,26.055,18.224,53.839,51.429,79.235,17.363,34.802,63.809,52.435,13.635,27.804,6.2589,4.3832,8.1794,10.226,17.991,6.3389,29.446,23.8,30.39,41.524,51.898,35.781,13.416,52
6.89,16.183,17.753,41.144,23.063,6.9251,25.478,21.975,8.5557,8.1581,22.119,17.876,22.597,8.3117,5.8024,25.992,18.231,53.877,51.268,79.243,17.352,34.923,64.023,52.366,13.648,27.771,6.2756,4.38,8.1568,10.234,17.947,6.3182,29.362,23.769,30.385,41.555,51.884,35.784,13.402,52.022
6.9,16.166,17.881,41.226,23.106,6.9265,25.489,21.965,8.5696,8.1484,22.087,17.873,22.583,8.3051,5.7977,25.929,18.238,53.914,51.104,79.251,17.341,35.042,64.237,52.296,13.661,27.739,6.2923,4.3768,8.134,10.243,17.904,6.2969,29.277,23.735,30.379,41.586,51.865,35.787,13.389,52.043
6.91,16.15,18.008,41.307,23.147,6.9281,25.499,21.956,8.5829,8.1387,22.055,17.87,22.569,8.2985,5.7929,25.866,18.245,53.951,51.04,79.259,17.33,35.16,64.45,52.226,13.673,27.706,6.3089,4.3736,8.111,10.251,17.86,6.2753,29.19,23.7,30.372,41.615,51.843,35.788,13.375,52.063
6.92,16.134,18.134,41.387,23.186,6.9297,25.51,21.947,8.5958,8.1291,22.023,17.868,22.555,8.2919,5.7881,25.802,18.251,53.987,50.98,79.266,17.318,35.277,64.662,52.158,13.686,27.672,6.3254,4.3704,8.0878,10.259,17.817,6.2531,29.103,23.664,30.363,41.643,51.817,35.788,13.361,52.082
6.93,16.118,18.258,41.466,23.224,6.9315,25.521,21.938,8.6081,8.1195,21.991,17.865,22.541,8.2854,5.7831,25.738,18.258,54.022,50.918,79.273,17.306,35.393,64.873,52.107,13.697,27.639,6.3419,4.3673,8.0645,10.266,17.773,6.2306,29.015,23.625,30.354,41.67,51.788,35.788,13.347,52.099
6.94,16.101,18.381,41.544,23.259,6.9333,25.531,21.928,8.6198,8.1099,21.958,17.862,22.527,8.2788,5.7781,25.675,18.264,54.057,50.856,79.279,17.293,35.508,65.084,52.062,13.708,27.605,6.3584,4.3642,8.0411,10.274,17.73,6.2077,28.927,23.585,30.344,41.695,51.755,35.787,13.334,52.115
6.95,16.085,18.502,41.621,23.293,6.9353,25.542,21.919,8.631,8.1003,21.926,17.86,22.513,8.2723,5.773,25.611,18.271,54.09,50.792,79.285,17.28,35.622,65.293,52.018,13.718,27.571,6.3748,4.3611,8.0176,10.283,17.687,6.1847,28.837,23.543,30.332,41.72,51.718,35.784,13.32,52.13
6.96,16.068,18.622,41.697,23.326,6.9374,25.552,21.909,8.6416,8.0908,21.894,17.857,22.5,8.2659,5.7678,25.547,18.277,54.123,50.728,79.29,17.267,35.734,65.501,51.973,13.729,27.537,6.3911,4.358,7.994,10.293,17.643,6.1612,28.746,23.5,30.32,41.742,51.678,35.782,13.306,52.144
6.97,16.052,18.74,41.772,23.356,6.9395,25.562,21.9,8.6517,8.0813,21.862,17.854,22.486,8.2595,5.7625,25.483,18.283,54.155,50.663,79.295,17.253,35.846,65.707,51.927,13.738,27.503,6.4073,4.355,7.9701,10.302,17.6,6.1374,28.655,23.455,30.307,41.764,51.634,35.778,13.292,52.157
6.98,16.035,18.856,41.847,23.385,6.9418,25.572,21.891,8.6612,8.0718,21.829,17.852,22.472,8.253,5.7572,25.419,18.29,54.186,50.596,79.299,17.239,35.956,65.912,51.88,13.747,27.665,6.4235,4.3519,7.946,10.311,17.556,6.1133,28.563,23.409,30.294,41.784,51.586,35.775,13.278,52.168
6.99,16.019,18.971,41.92,23.413,6.9441,25.583,21.881,8.6701,8.0623,21.797,17.849,22.458,8.2466,5.7517,25.355,18.296,54.216,50.528,79.303,17.224,36.065,66.116,51.831,13.756,27.853,6.4396,4.3489,7.9218,10.32,17.513,6.0889,28.47,23.362,30.279,41.802,51.534,35.77,13.264,52.179
7,16.002,19.083,41.993,23.44,6.9464,25.594,21.872,8.6784,8.0529,21.765,17.846,22.444,8.2402,5.7462,25.292,18.302,54.246,50.46,79.307,17.21,36.173,66.318,51.781,13.764,28.04,6.4557,4.3459,7.8974,10.329,17.47,6.0643,28.376,23.313,30.264,41.819,51.478,35.766,13.249,52.189
7.01,15.985,19.194,42.066,23.466,6.9489,25.608,21.862,8.6862,8.0436,21.733,17.844,22.43,8.2338,5.7406,25.228,18.308,54.274,50.391,79.309,17.194,36.28,66.518,51.729,13.771,28.227,6.4717,4.3429,7.8728,10.337,17.427,6.0393,28.281,23.262,30.248,41.834,51.418,35.762,13.235,52.197
7.02,15.969,19.303,42.137,23.491,6.9514,25.624,21.853,8.6936,8.0342,21.701,17.841,22.417,8.2275,5.735,25.164,18.314,54.301,50.321,79.312,17.179,36.386,66.717,51.676,13.778,28.413,6.4876,4.34,7.848,10.346,17.383,6.0144,28.186,23.21,30.231,41.848,51.354,35.759,13.221,52.203
7.03,15.952,19.41,42.208,23.515,6.954,25.642,21.843,8.7012,8.0249,21.669,17.839,22.403,8.2211,5.7292,25.1,18.32,54.328,50.25,79.314,17.163,36.491,66.913,51.62,13.785,28.599,6.5035,4.3371,7.8231,10.355,17.34,5.9892,28.09,23.158,30.214,41.86,51.286,35.757,13.207,52.209
7.04,15.935,19.516,42.278,23.539,6.9566,25.659,21.834,8.7082,8.0156,21.637,17.836,22.389,8.2148,5.7234,25.036,18.326,54.353,50.178,79.315,17.147,36.595,67.108,51.563,13.791,28.784,6.5193,4.3342,7.7979,10.363,17.297,5.9638,27.993,23.103,30.196,41.871,51.215,35.759,13.193,52.214
7.05,15.919,19.619,42.348,23.563,6.9593,25.676,21.824,8.7147,8.0063,21.604,17.833,22.375,8.2084,5.7175,24.971,18.332,54.378,50.106,79.317,17.131,36.698,67.301,51.505,13.797,28.969,6.5349,4.3313,7.7726,10.371,17.254,5.9382,27.896,23.048,30.177,41.88,51.14,35.765,13.178,52.215
7.06,15.902,19.72,42.416,23.586,6.962,25.692,21.815,8.7205,7.9971,21.572,17.831,22.361,8.2021,5.7115,24.907,18.338,54.401,50.032,79.318,17.115,36.8,67.493,51.444,13.803,29.154,6.5506,4.3285,7.7472,10.378,17.212,5.9124,27.799,22.992,30.157,41.888,51.061,35.776,13.164,52.217
7.07,15.885,19.819,42.483,23.609,6.9647,25.708,21.805,8.7257,7.9879,21.54,17.828,22.347,8.1958,5.7055,24.843,18.344,54.424,49.958,79.318,17.098,36.901,67.682,51.382,13.807,29.337,6.5661,4.3256,7.7216,10.386,17.169,5.8866,27.701,22.934,30.137,41.894,50.979,35.789,13.149,52.216
7.08,15.868,19.917,42.55,23.632,6.9675,25.724,21.796,8.7302,7.9788,21.508,17.826,22.333,8.1895,5.6994,24.778,18.349,54.446,49.883,79.317,17.081,37.001,67.869,51.318,13.812,29.521,6.5816,4.3228,7.6958,10.394,17.126,5.8605,27.603,22.875,30.115,41.899,50.894,35.805,13.135,52.214
7.09,15.851,20.012,42.616,23.655,6.9702,25.739,21.786,8.7342,7.9697,21.476,17.823,22.319,8.1832,5.6932,24.714,18.355,54.467,49.808,79.317,17.064,37.1,68.055,51.252,13.816,29.703,6.597,4.32,7.6698,10.402,17.084,5.8344,27.505,22.815,30.093,41.902,50.805,35.821,13.12,52.21
7.1,15.835,20.105,42.681,23.677,6.973,25.754,21.777,8.7375,7.9606,21.444,17.82,22.305,8.1769,5.6869,24.65,18.36,54.487,49.731,79.316,17.047,37.198,68.238,51.185,13.82,29.885,6.6123,4.3173,7.6437,10.409,17.042,5.8082,27.408,22.754,30.071,41.904,50.712,35.836,13.106,52.204
7.11,15.818,20.196,42.745,23.7,6.9758,25.769,21.767,8.7402,7.9515,21.412,17.818,22.291,8.1706,5.6806,24.586,18.366,54.506,49.654,79.314,17.029,37.295,68.42,51.115,13.824,30.067,6.6275,4.3145,7.6175,10.416,16.999,5.7821,27.31,22.692,30.047,41.904,50.616,35.852,13.091,52.197
7.12,15.801,20.284,42.808,23.722,6.9786,25.784,21.757,8.7422,7.9425,21.38,17.815,22.277,8.1644,5.6742,24.522,18.371,54.525,49.576,79.313,17.012,37.391,68.599,51.045,13.827,30.247,6.6426,4.3118,7.5912,10.422,16.957,5.7559,27.213,22.629,30.023,41.903,50.517,35.867,13.077,52.188
7.13,15.784,20.371,42.871,23.743,6.9814,25.798,21.748,8.7437,7.9335,21.348,17.813,22.263,8.1581,5.6677,24.458,18.376,54.542,49.498,79.311,16.994,37.486,68.776,50.972,13.83,30.427,6.6576,4.3092,7.5649,10.427,16.915,5.7297,27.116,22.565,29.999,41.9,50.414,35.882,13.062,52.178
7.14,15.767,20.456,42.933,23.763,6.9842,25.814,21.738,8.7444,7.9245,21.316,17.81,22.249,8.1519,5.6612,24.394,18.381,54.558,49.419,79.308,16.976,37.581,68.952,50.898,13.832,30.606,6.6725,4.3065,7.5384,10.432,16.872,5.7034,27.019,22.499,29.973,41.896,50.309,35.896,13.047,52.166
7.15,15.75,20.538,42.994,23.782,6.9869,25.829,21.728,8.7454,7.9156,21.284,17.808,22.235,8.1457,5.672,24.329,18.387,54.573,49.339,79.305,16.958,37.674,69.125,50.823,13.834,30.785,6.6873,4.3038,7.5118,10.436,16.83,5.6771,26.923,22.433,29.947,41.891,50.199,35.909,13.033,52.151
7.16,15.733,20.618,43.054,23.8,6.9896,25.846,21.719,8.746,7.9067,21.252,17.805,22.221,8.1395,5.6957,24.265,18.392,54.587,49.259,79.302,16.94,37.767,69.296,50.746,13.836,30.962,6.7019,4.3012,7.4969,10.44,16.788,5.6509,26.827,22.365,29.92,41.884,50.087,35.922,13.018,52.136
7.17,15.716,20.697,43.113,23.817,6.9923,25.862,21.709,8.7459,7.8979,21.22,17.802,22.207,8.1333,5.7187,24.201,18.397,54.6,49.179,79.299,16.922,37.858,69.466,50.667,13.837,31.139,6.7165,4.2986,7.502,10.443,16.747,5.6247,26.732,22.296,29.893,41.876,49.971,35.935,13.003,52.118
7.18,15.699,20.774,43.171,23.833,6.9949,25.878,21.7,8.7452,7.8891,21.188,17.8,22.193,8.1271,5.7412,24.137,18.402,54.612,49.097,79.294,16.903,37.949,69.633,50.587,13.838,31.314,6.7309,4.296,7.5069,10.445,16.705,5.5985,26.636,22.227,29.865,41.866,49.853,35.947,12.988,52.099
7.19,15.682,20.848,43.229,23.847,6.9975,25.894,21.69,8.7438,7.8803,21.156,17.797,22.179,8.121,5.7633,24.072,18.407,54.623,49.016,79.29,16.885,38.039,69.799,50.505,13.838,31.489,6.7453,4.2934,7.5118,10.447,16.663,5.5724,26.541,22.176,29.836,41.854,49.73,35.959,12.974,52.078
7.2,15.665,20.921,43.286,23.861,7.0001,25.909,21.681,8.7417,7.8715,21.124,17.795,22.165,8.1148,5.785,24.008,18.411,54.633,48.934,79.286,16.866,38.128,69.963,50.422,13.838,31.663,6.7595,4.2909,7.5165,10.448,16.621,5.5463,26.447,22.183,29.807,41.842,49.605,35.971,12.959,52.056
7.21,15.647,20.992,43.342,23.875,7.0026,25.924,21.671,8.739,7.8628,21.092,17.792,22.151,8.1087,5.8061,23.944,18.416,54.642,48.851,79.28,16.848,38.217,70.125,50.337,13.838,31.836,6.7736,4.2884,7.5212,10.449,16.58,5.5204,26.352,22.19,29.777,41.827,49.476,35.983,12.944,52.032
7.22,15.63,21.061,43.397,23.89,7.005,25.938,21.661,8.7356,7.8541,21.06,17.79,22.137,8.1025,5.8265,23.88,18.421,54.65,48.769,79.275,16.829,38.304,70.284,50.251,13.837,32.008,6.7875,4.286,7.5257,10.45,16.539,5.4945,26.258,22.196,29.746,41.811,49.345,35.995,12.929,52.006
7.23,15.613,21.128,43.451,23.907,7.0074,25.951,21.652,8.7315,7.8455,21.029,17.787,22.123,8.0964,5.8464,23.816,18.426,54.657,48.685,79.269,16.811,38.391,70.442,50.163,13.837,32.178,6.8014,4.2835,7.5301,10.45,16.497,5.4688,26.165,22.202,29.715,41.794,49.209,36.008,12.914,51.978
7.24,15.596,21.193,43.504,23.926,7.0097,25.964,21.642,8.7268,7.8369,20.997,17.785,22.109,8.0903,5.8657,23.752,18.43,54.663,48.602,79.263,16.792,38.478,70.598,50.074,13.836,32.348,6.8151,4.2811,7.5345,10.449,16.456,5.4433,26.072,22.208,29.684,41.775,49.07,36.022,12.899,51.949
7.25,15.579,21.256,43.555,23.945,7.0119,25.976,21.633,8.7214,7.8283,20.965,17.782,22.095,8.0842,5.8844,23.688,18.435,54.668,48.518,79.257,16.774,38.564,70.751,49.983,13.84,32.517,6.8287,4.2787,7.5387,10.448,16.415,5.4179,25.98,22.213,29.652,41.755,48.954,36.038,12.884,51.918
7.26,15.562,21.317,43.606,23.963,7.0141,25.987,21.623,8.7162,7.8197,20.933,17.78,22.081,8.0781,5.9025,23.625,18.439,54.672,48.434,79.25,16.755,38.649,70.902,49.891,13.846,32.684,6.8421,4.2763,7.5428,10.447,16.374,5.3927,25.888,22.219,29.619,41.733,48.875,36.056,12.869,51.885
7.27,15.544,21.376,43.655,23.981,7.0163,25.997,21.613,8.7106,7.8112,20.901,17.777,22.067,8.0721,5.9203,23.561,18.443,54.676,48.349,79.243,16.737,38.735,71.052,49.798,13.853,32.85,6.8554,4.2739,7.5468,10.446,16.333,5.3676,25.797,22.224,29.586,41.71,48.793,36.075,12.854,51.851
7.28,15.527,21.433,43.702,23.997,7.0183,26.006,21.603,8.7042,7.8028,20.87,17.775,22.053,8.066,5.9376,23.497,18.448,54.678,48.264,79.236,16.719,38.82,71.199,49.704,13.859,33.016,6.8686,4.2715,7.5508,10.444,16.292,5.3427,25.707,22.229,29.553,41.685,48.709,36.096,12.839,51.814
7.29,15.51,21.488,43.748,24.011,7.0204,26.014,21.594,8.6973,7.7943,20.843,17.772,22.039,8.0599,5.9543,23.433,18.452,54.68,48.179,79.228,16.7,38.904,71.344,49.609,13.896,33.18,6.8817,4.2692,7.5546,10.443,16.252,5.318,25.618,22.238,29.519,41.659,48.623,36.119,12.824,51.776
7.3,15.493,21.541,43.792,24.024,7.0223,26.022,21.584,8.6896,7.7859,20.838,17.77,22.025,8.0539,5.9704,23.37,18.456,54.68,48.093,79.22,16.682,38.989,71.488,49.513,13.942,33.342,6.8946,4.2669,7.5583,10.441,16.211,5.2935,25.529,22.25,29.484,41.631,48.534,36.158,12.809,51.737
7.31,15.475,21.591,43.835,24.036,7.0243,26.028,21.575,8.7032,7.7776,20.833,17.767,22.012,8.0479,5.9859,23.306,18.461,54.68,48.008,79.211,16.664,39.074,71.628,49.416,13.988,33.504,6.9074,4.2646,7.5619,10.438,16.171,5.2692,25.441,22.262,29.45,41.602,48.443,36.211,12.793,51.695
7.32,15.458,21.639,43.877,24.045,7.0263,26.034,21.565,8.7372,7.7692,20.828,17.765,21.997,8.0419,6.0008,23.268,18.465,54.679,47.922,79.203,16.646,39.159,71.767,49.319,14.033,33.664,6.92,4.2624,7.5654,10.436,16.131,5.2452,25.354,22.274,29.415,41.572,48.349,36.266,12.778,51.652
7.33,15.441,21.684,43.917,24.053,7.0284,26.039,21.555,8.771,7.7609,20.823,17.762,21.983,8.0359,6.0151,23.237,18.469,54.678,47.835,79.194,16.628,39.245,71.903,49.222,14.078,33.823,6.9326,4.2601,7.5689,10.432,16.091,5.2213,25.268,22.285,29.379,41.54,48.253,36.322,12.763,51.607
7.34,15.423,21.727,43.955,24.059,7.0306,26.042,21.546,8.8045,7.7527,20.818,17.76,21.969,8.0299,6.0289,23.207,18.473,54.676,47.749,79.184,16.61,39.33,72.037,49.125,14.123,33.98,6.945,4.2579,7.5722,10.428,16.051,5.1977,25.183,22.295,29.344,41.506,48.155,36.38,12.748,51.561
7.35,15.406,21.767,43.992,24.063,7.0333,26.045,21.536,8.8379,7.7445,20.813,17.757,21.955,8.0239,6.0425,23.177,18.477,54.673,47.662,79.175,16.592,39.416,72.168,49.028,14.167,34.136,6.9572,4.2558,7.5754,10.424,16.011,5.189,25.098,22.304,29.308,41.472,48.054,36.439,12.733,51.512
7.36,15.388,21.804,44.027,24.066,7.0368,26.047,21.526,8.8711,7.7363,20.808,17.755,21.941,8.018,6.0554,23.146,18.481,54.67,47.575,79.165,16.574,39.503,72.297,48.93,14.211,34.291,6.9694,4.2536,7.5785,10.42,15.971,5.1855,25.015,22.312,29.272,41.435,47.951,36.502,12.717,51.462
7.37,15.371,21.839,44.061,24.066,7.0491,26.048,21.517,8.904,7.7281,20.803,17.752,21.927,8.012,6.0678,23.116,18.484,54.666,47.487,79.155,16.557,39.591,72.423,48.832,14.254,34.444,6.9814,4.2514,7.5816,10.415,15.931,5.182,24.933,22.32,29.236,41.398,47.846,36.569,12.702,51.41
7.38,15.354,21.871,44.094,24.065,7.0615,26.049,21.507,8.9367,7.72,20.798,17.75,21.913,8.0061,6.0796,23.086,18.488,54.661,47.4,79.144,16.539,39.68,72.547,48.734,14.297,34.596,6.9933,4.2493,7.5845,10.41,15.892,5.1782,24.852,22.327,29.199,41.359,47.739,36.64,12.687,51.358
7.39,15.336,21.9,44.125,24.062,7.0739,26.048,21.498,8.9696,7.7119,20.793,17.748,21.899,8.0002,6.0908,23.056,18.492,54.656,47.312,79.134,16.522,39.77,72.667,48.635,14.34,34.746,7.0051,4.2472,7.5873,10.405,15.853,5.1742,24.773,22.333,29.163,41.318,47.628,36.712,12.672,51.303
7.4,15.319,21.926,44.155,24.058,7.0863,26.046,21.488,9.0025,7.7039,20.788,17.745,21.885,7.9943,6.1014,23.026,18.495,54.651,47.225,79.123,16.505,39.86,72.785,48.534,14.383,34.895,7.0167,4.2451,7.5901,10.4,15.813,5.1699,24.694,22.338,29.126,41.276,47.516,36.784,12.656,51.247
7.41,15.302,21.95,44.183,24.052,7.0987,26.043,21.478,9.0351,7.6959,20.783,17.743,21.871,7.9884,6.1114,22.995,18.499,54.645,47.137,79.111,16.488,39.952,72.901,48.433,14.425,35.042,7.0282,4.2431,7.5927,10.394,15.774,5.1655,24.617,22.343,29.09,41.232,47.401,36.857,12.641,51.189
7.42,15.284,21.971,44.21,24.044,7.111,26.04,21.469,9.0675,7.6879,20.778,17.74,21.857,7.9825,6.1212,22.965,18.503,54.639,47.049,79.1,16.471,40.043,73.013,48.331,14.468,35.188,7.0396,4.241,7.5953,10.389,15.735,5.161,24.54,22.346,29.053,41.187,47.283,36.929,12.626,51.13
7.43,15.267,21.991,44.236,24.034,7.1232,26.035,21.459,9.0997,7.68,20.773,17.738,21.844,7.9766,6.1305,22.935,18.506,54.632,46.962,79.088,16.455,40.134,73.123,48.227,14.512,35.332,7.051,4.239,7.5977,10.384,15.697,5.1562,24.466,22.349,29.016,41.141,47.163,37.002,12.61,51.07
7.44,15.249,22.008,44.26,24.023,7.1353,26.03,21.449,9.1316,7.6721,20.768,17.735,21.83,7.9708,6.1392,22.905,18.51,54.624,46.874,79.076,16.438,40.226,73.23,48.122,14.556,35.475,7.0622,4.237,7.6001,10.378,15.658,5.1512,24.392,22.351,28.979,41.093,47.041,37.075,12.595,51.008
7.45,15.232,22.023,44.283,24.011,7.1472,26.024,21.44,9.1633,7.6642,20.763,17.733,21.816,7.9649,6.1474,22.875,18.513,54.616,46.787,79.063,16.422,40.316,73.334,48.017,14.6,35.616,7.0732,4.235,7.6024,10.371,15.62,5.146,24.32,22.353,28.943,41.043,46.916,37.147,12.579,50.946
7.46,15.214,22.035,44.305,23.996,7.1591,26.016,21.43,9.1947,7.6564,20.759,17.731,21.802,7.9591,6.1549,22.845,18.516,54.608,46.7,79.05,16.406,40.407,73.435,47.91,14.644,35.756,7.0842,4.2331,7.6045,10.364,15.581,5.1406,24.249,22.353,28.906,40.993,46.789,37.218,12.564,50.882
7.47,15.197,22.046,44.325,23.981,7.1707,26.008,21.42,9.2259,7.6486,20.754,17.728,21.788,7.9532,6.1619,22.816,18.52,54.599,46.614,79.038,16.39,40.497,73.534,47.802,14.688,35.894,7.0951,4.2312,7.6067,10.356,15.543,5.1351,24.179,22.353,28.87,40.94,46.659,37.289,12.549,50.817
7.48,15.179,22.055,44.345,23.963,7.1822,25.999,21.411,9.2568,7.6408,20.749,17.726,21.774,7.9474,6.1683,22.786,18.523,54.59,46.528,79.024,16.374,40.586,73.629,47.693,14.733,36.03,7.1059,4.2293,7.6089,10.348,15.505,5.1294,24.111,22.352,28.833,40.887,46.527,37.359,12.533,50.752
7.49,15.162,22.061,44.363,23.944,7.1936,25.989,21.401,9.2875,7.6331,20.744,17.723,21.76,7.9416,6.1746,22.756,18.526,54.58,46.442,79.011,16.359,40.676,73.722,47.582,14.78,36.165,7.1166,4.2274,7.6153,10.338,15.467,5.1235,24.045,22.351,28.797,40.832,46.394,37.429,12.518,50.684
7.5,15.144,22.066,44.38,23.924,7.2048,25.978,21.392,9.3178,7.6254,20.739,17.721,21.746,7.9359,6.1803,22.726,18.529,54.57,46.357,78.997,16.344,40.765,73.813,47.471,14.827,36.298,7.1272,4.2255,7.6217,10.329,15.43,5.1175,23.979,22.349,28.761,40.775,46.257,37.499,12.502,50.617
7.51,15.127,22.068,44.395,23.902,7.2158,25.967,21.382,9.348,7.6178,20.734,17.719,21.732,7.9301,6.1854,22.696,18.532,54.559,46.273,78.982,16.328,40.853,73.9,47.358,14.875,36.43,7.1377,4.2237,7.628,10.318,15.392,5.1112,23.915,22.345,28.725,40.717,46.222,37.57,12.487,50.548
7.52,15.109,22.068,44.41,23.879,7.2266,25.954,21.373,9.3778,7.6101,20.729,17.716,21.718,7.9243,6.19,22.667,18.535,54.548,46.189,78.968,16.313,40.942,73.985,47.244,14.921,36.56,7.1481,4.2249,7.6342,10.307,15.355,5.1048,23.853,22.359,28.69,40.658,46.192,37.642,12.471,50.479
7.53,15.092,22.067,44.423,23.854,7.2372,25.94,21.363,9.4074,7.6026,20.724,17.714,21.705,7.9186,6.194,22.637,18.538,54.536,46.105,78.954,16.299,41.03,74.067,47.129,14.968,36.688,7.1584,4.2395,7.6403,10.295,15.317,5.0982,23.792,22.433,28.655,40.598,46.161,37.717,12.456,50.408
7.54,15.074,22.064,44.436,23.828,7.2476,25.926,21.353,9.4366,7.595,20.719,17.712,21.691,7.9128,6.1975,22.608,18.541,54.523,46.022,78.939,16.284,41.119,74.147,47.012,15.014,36.815,7.1686,4.2539,7.6463,10.283,15.28,5.0915,23.732,22.503,28.62,40.536,46.128,37.794,12.44,50.337
7.55,15.056,22.06,44.447,23.801,7.2577,25.911,21.344,9.4656,7.5875,20.714,17.709,21.677,7.9071,6.2007,22.578,18.544,54.51,45.939,78.923,16.27,41.207,74.224,46.895,15.06,36.94,7.1787,4.268,7.6522,10.27,15.243,5.0846,23.675,22.569,28.585,40.473,46.094,37.875,12.425,50.265
7.56,15.039,22.054,44.457,23.786,7.2677,25.895,21.334,9.4944,7.58,20.71,17.707,21.663,7.9014,6.2035,22.549,18.547,54.497,45.856,78.908,16.256,41.295,74.298,46.776,15.105,37.064,7.1887,4.2818,7.658,10.257,15.207,5.0776,23.618,22.631,28.55,40.408,46.058,37.96,12.409,50.276
7.57,15.021,22.084,44.466,23.808,7.2775,25.878,21.325,9.5228,7.5726,20.705,17.705,21.649,7.8957,6.2057,22.519,18.55,54.483,45.774,78.892,16.242,41.383,74.37,46.657,15.15,37.186,7.1986,4.2954,7.6637,10.243,15.17,5.0705,23.563,22.69,28.516,40.342,46.021,38.075,12.394,50.308
7.58,15.004,22.158,44.474,23.829,7.2871,25.86,21.315,9.5509,7.5652,20.7,17.702,21.635,7.89,6.2075,22.49,18.553,54.468,45.692,78.876,16.228,41.471,74.439,46.536,15.194,37.307,7.2084,4.3088,7.6693,10.229,15.133,5.0631,23.51,22.744,28.482,40.275,45.982,38.232,12.378,50.338
7.59,14.986,22.233,44.481,23.85,7.2965,25.842,21.306,9.5788,7.5578,20.695,17.7,21.621,7.8843,6.2086,22.46,18.555,54.453,45.61,78.86,16.215,41.559,74.506,46.414,15.238,37.425,7.2181,4.3219,7.6748,10.214,15.097,5.0556,23.458,22.795,28.448,40.207,45.942,38.389,12.363,50.369
7.6,14.969,22.308,44.487,23.87,7.3056,25.822,21.296,9.6063,7.5505,20.69,17.697,21.607,7.8787,6.2093,22.431,18.558,54.437,45.529,78.843,16.201,41.646,74.57,46.291,15.282,37.543,7.2277,4.3347,7.6801,10.198,15.061,5.048,23.407,22.842,28.414,40.138,45.901,38.544,12.347,50.398
7.61,14.951,22.383,44.491,23.889,7.3146,25.802,21.287,9.6335,7.5432,20.685,17.695,21.594,7.873,6.2097,22.402,18.561,54.421,45.448,78.826,16.188,41.733,74.631,46.167,15.324,37.659,7.2372,4.3473,7.6854,10.182,15.025,5.0402,23.358,22.886,28.381,40.067,45.858,38.698,12.332,50.427
7.62,14.933,22.458,44.494,23.909,7.3233,25.781,21.277,9.6605,7.536,20.68,17.693,21.58,7.8674,6.2097,22.373,18.563,54.404,45.367,78.809,16.175,41.819,74.69,46.169,15.367,37.773,7.2466,4.3597,7.6906,10.165,14.989,5.0322,23.311,22.926,28.347,39.995,45.813,38.851,12.316,50.456
7.63,14.916,22.534,44.496,23.928,7.3318,25.76,21.267,9.6871,7.5288,20.675,17.691,21.566,7.8617,6.2092,22.343,18.566,54.387,45.287,78.791,16.163,41.904,74.746,46.185,15.409,37.886,7.2559,4.3718,7.6957,10.147,14.954,5.0242,23.265,22.962,28.315,39.922,45.767,39.003,12.301,50.483
7.64,14.898,22.61,44.497,23.946,7.3401,25.738,21.258,9.7134,7.5216,20.67,17.688,21.552,7.8561,6.2081,22.315,18.568,54.368,45.207,78.773,16.15,41.989,74.799,46.2,15.45,37.997,7.265,4.3836,7.7007,10.129,14.918,5.0161,23.221,22.994,28.282,39.848,45.72,39.154,12.285,50.511
7.65,14.88,22.685,44.496,23.965,7.3481,25.715,21.248,9.7395,7.5144,20.665,17.686,21.538,7.8505,6.2065,22.286,18.571,54.349,45.127,78.755,16.138,42.074,74.85,46.215,15.492,38.107,7.274,4.3952,7.7056,10.11,14.883,5.0079,23.178,23.023,28.25,39.772,45.671,39.304,12.27,50.538
7.66,14.863,22.76,44.495,23.983,7.3558,25.691,21.239,9.7656,7.5073,20.661,17.684,21.524,7.8449,6.2048,22.257,18.573,54.33,45.048,78.736,16.126,42.157,74.899,46.229,15.532,38.216,7.2829,4.4066,7.7104,10.09,14.848,4.9995,23.136,23.048,28.217,39.696,45.621,39.453,12.254,50.565
7.67,14.845,22.834,44.492,24.001,7.3633,25.667,21.229,9.7918,7.5002,20.656,17.681,21.51,7.8394,6.2026,22.228,18.575,54.309,44.969,78.718,16.114,42.24,74.945,46.242,15.572,38.323,7.2916,4.4177,7.7151,10.069,14.813,4.991,23.097,23.07,28.186,39.618,45.57,39.601,12.238,50.59
7.68,14.828,22.909,44.488,24.018,7.3706,25.642,21.22,9.8176,7.4932,20.651,17.679,21.497,7.8338,6.1998,22.199,18.578,54.288,44.891,78.699,16.102,42.322,74.988,46.255,15.612,38.428,7.3002,4.4286,7.7197,10.048,14.778,4.9824,23.058,23.088,28.154,39.539,45.517,39.748,12.223,50.616
7.69,14.81,22.983,44.483,24.036,7.3775,25.617,21.211,9.8431,7.4862,20.646,17.677,21.483,7.8282,6.1966,22.171,18.58,54.267,44.812,78.68,16.091,42.403,75.029,46.267,15.65,38.531,7.3086,4.4392,7.7242,10.026,14.743,4.9736,23.022,23.102,28.122,39.458,45.463,39.896,12.207,50.641
7.7,14.792,23.057,44.477,24.053,7.3842,25.591,21.201,9.8682,7.4792,20.641,17.674,21.469,7.8227,6.1931,22.142,18.582,54.244,44.734,78.66,16.079,42.483,75.067,46.279,15.689,38.633,7.3168,4.4496,7.7286,10.004,14.709,4.9648,22.986,23.114,28.091,39.376,45.407,40.043,12.192,50.665
7.71,14.775,23.131,44.47,24.072,7.3905,25.566,21.192,9.8931,7.4723,20.636,17.672,21.455,7.8172,6.1892,22.114,18.584,54.221,44.656,78.64,16.068,42.563,75.102,46.29,15.727,38.734,7.3249,4.4597,7.7331,9.9807,14.675,4.9558,22.953,23.121,28.06,39.293,45.349,40.191,12.176,50.689
7.72,14.757,23.205,44.461,24.09,7.3965,25.541,21.182,9.9176,7.4654,20.632,17.67,21.442,7.8117,6.1849,22.085,18.586,54.197,44.579,78.62,16.057,42.641,75.135,46.301,15.764,38.832,7.3327,4.4696,7.7375,9.957,14.641,4.9467,22.921,23.125,28.029,39.209,45.291,40.339,12.161,50.713
7.73,14.74,23.278,44.452,24.109,7.4022,25.516,21.173,9.9418,7.4585,20.627,17.668,21.428,7.8061,6.1801,22.057,18.588,54.172,44.502,78.599,16.046,42.718,75.166,46.311,15.802,38.929,7.3405,4.4792,7.7418,9.9327,14.607,4.9375,22.89,23.126,27.998,39.123,45.231,40.488,12.145,50.736
7.74,14.722,23.351,44.442,24.129,7.4076,25.493,21.163,9.9657,7.4517,20.622,17.665,21.414,7.8007,6.1749,22.028,18.59,54.147,44.425,78.578,16.036,42.795,75.193,46.32,15.838,39.025,7.348,4.4887,7.7461,9.9078,14.573,4.9282,22.861,23.123,27.967,39.037,45.169,40.638,12.129,50.759
7.75,14.704,23.423,44.43,24.149,7.4126,25.469,21.154,9.9893,7.4449,20.617,17.663,21.401,7.7952,6.1695,22,18.592,54.121,44.349,78.557,16.025,42.871,75.218,46.329,15.875,39.118,7.3554,4.4979,7.7502,9.8823,14.539,4.919,22.833,23.116,27.937,38.948,45.107,40.788,12.114,50.781
7.76,14.687,23.495,44.418,24.17,7.4172,25.445,21.145,10.012,7.4381,20.612,17.661,21.387,7.7897,6.1636,21.971,18.594,54.095,44.272,78.535,16.015,42.945,75.241,46.337,15.911,39.21,7.3627,4.5068,7.7542,9.8565,14.506,4.9096,22.807,23.107,27.906,38.859,45.042,40.937,12.098,50.803
7.77,14.669,23.565,44.405,24.191,7.4216,25.421,21.135,10.035,7.4314,20.607,17.659,21.373,7.7842,6.1572,21.943,18.596,54.068,44.196,78.514,16.005,43.019,75.261,46.344,15.947,39.301,7.3697,4.5155,7.7581,9.8302,14.473,4.9001,22.782,23.094,27.875,38.768,44.977,41.086,12.083,50.824
7.78,14.651,23.635,44.39,24.211,7.4255,25.396,21.126,10.058,7.4247,20.602,17.656,21.36,7.7788,6.1505,21.915,18.598,54.04,44.12,78.492,15.995,43.091,75.279,46.351,15.982,39.389,7.3766,4.5239,7.762,9.8037,14.439,4.8905,22.758,23.078,27.845,38.676,44.91,41.233,12.067,50.846
7.79,14.634,23.703,44.376,24.231,7.429,25.371,21.116,10.08,7.418,20.598,17.654,21.346,7.7734,6.1436,21.887,18.6,54.011,44.045,78.469,15.985,43.163,75.294,46.358,16.017,39.476,7.3833,4.5322,7.7657,9.7769,14.407,4.8809,22.736,23.059,27.815,38.582,44.842,41.379,12.051,50.866
7.8,14.616,23.771,44.361,24.25,7.4322,25.345,21.107,10.102,7.4114,20.593,17.652,21.332,7.7679,6.1362,21.859,18.602,53.982,43.97,78.446,15.975,43.234,75.306,46.364,16.052,39.561,7.3899,4.5402,7.7693,9.7497,14.374,4.8712,22.716,23.037,27.784,38.487,44.772,41.525,12.036,50.886
7.81,14.598,23.838,44.345,24.268,7.4349,25.318,21.098,10.123,7.4048,20.588,17.65,21.319,7.7625,6.1283,21.831,18.604,53.953,43.894,78.423,15.966,43.303,75.316,46.37,16.087,39.645,7.3963,4.5479,7.7729,9.722,14.341,4.8614,22.697,23.012,27.754,38.391,44.701,41.669,12.02,50.905
7.82,14.581,23.904,44.329,24.286,7.4373,25.291,21.088,10.145,7.3983,20.583,17.647,21.305,7.7571,6.12,21.803,18.605,53.923,43.819,78.4,15.956,43.372,75.324,46.375,16.122,39.726,7.4025,4.5554,7.7764,9.6939,14.309,4.8515,22.679,22.984,27.724,38.294,44.629,41.811,12.005,50.924
7.83,14.563,23.969,44.313,24.304,7.4393,25.263,21.079,10.165,7.3917,20.578,17.645,21.291,7.7518,6.1116,21.775,18.607,53.892,43.744,78.376,15.947,43.439,75.329,46.38,16.156,39.806,7.4086,4.5627,7.7797,9.6653,14.277,4.8416,22.662,22.952,27.694,38.195,44.556,41.953,11.989,50.943
7.84,14.546,24.033,44.296,24.321,7.4409,25.234,21.07,10.186,7.3853,20.573,17.643,21.278,7.7464,6.1028,21.747,18.609,53.861,43.669,78.352,15.938,43.506,75.332,46.385,16.19,39.885,7.4144,4.5698,7.783,9.6362,14.245,4.8315,22.647,22.918,27.663,38.095,44.481,42.093,11.974,50.96
7.85,14.528,24.096,44.278,24.338,7.442,25.205,21.06,10.206,7.3788,20.569,17.641,21.264,7.741,6.0935,21.719,18.61,53.829,43.594,78.327,15.929,43.572,75.333,46.389,16.224,39.961,7.4201,4.5766,7.7862,9.6067,14.213,4.8215,22.633,22.881,27.633,37.994,44.405,42.231,11.958,50.977
7.86,14.51,24.16,44.26,24.355,7.4428,25.175,21.051,10.226,7.3724,20.564,17.639,21.251,7.7357,6.0837,21.691,18.612,53.797,43.52,78.302,15.92,43.636,75.332,46.393,16.257,40.036,7.4257,4.5831,7.7893,9.5768,14.181,4.8113,22.621,22.841,27.603,37.891,44.328,42.367,11.943,50.994
7.87,14.493,24.223,44.241,24.372,7.4431,25.144,21.042,10.245,7.366,20.559,17.636,21.237,7.7303,6.0736,21.664,18.613,53.764,43.445,78.277,15.911,43.7,75.329,46.397,16.289,40.109,7.431,4.5895,7.7923,9.5465,14.15,4.8011,22.61,22.798,27.573,37.787,44.249,42.502,11.927,51.01
7.88,14.475,24.285,44.222,24.387,7.4431,25.112,21.033,10.265,7.3597,20.554,17.634,21.224,7.725,6.0634,21.636,18.615,53.731,43.371,78.252,15.902,43.762,75.324,46.401,16.321,40.181,7.4362,4.5957,7.7952,9.516,14.118,4.7909,22.6,22.752,27.543,37.682,44.17,42.636,11.911,51.025
7.89,14.458,24.347,44.202,24.403,7.4426,25.08,21.023,10.284,7.3533,20.55,17.632,21.21,7.7197,6.0527,21.608,18.616,53.698,43.296,78.226,15.894,43.824,75.317,46.404,16.353,40.25,7.4412,4.6016,7.7981,9.4856,14.087,4.7807,22.591,22.704,27.514,37.576,44.088,42.767,11.896,51.041
7.9,14.44,24.408,44.181,24.417,7.4416,25.047,21.014,10.303,7.3471,20.545,17.63,21.196,7.7144,6.0415,21.581,18.618,53.664,43.222,78.2,15.885,43.884,75.308,46.407,16.384,40.319,7.4461,4.6072,7.8008,9.4556,14.056,4.7704,22.584,22.653,27.484,37.469,44.006,42.897,11.88,51.055
7.91,14.422,24.468,44.159,24.431,7.4403,25.013,21.005,10.322,7.3408,20.54,17.628,21.183,7.7091,6.0318,21.553,18.619,53.63,43.147,78.173,15.877,43.943,75.297,46.41,16.415,40.385,7.4508,4.6127,7.8035,9.4257,14.026,4.7601,22.577,22.599,27.454,37.36,43.922,43.026,11.865,51.069
7.92,14.405,24.527,44.137,24.444,7.4385,24.978,20.996,10.341,7.3346,20.535,17.625,21.169,7.7038,6.048,21.526,18.62,53.596,43.073,78.146,15.868,44.002,75.285,46.413,16.445,40.449,7.4554,4.6179,7.806,9.4015,13.995,4.7497,22.572,22.553,27.425,37.251,43.838,43.152,11.849,51.083
7.93,14.387,24.584,44.114,24.457,7.4363,24.943,20.987,10.359,7.3284,20.531,17.623,21.156,7.6986,6.0639,21.499,18.622,53.562,42.999,78.118,15.86,44.059,75.271,46.415,16.474,40.512,7.4598,4.6229,7.8085,9.387,13.965,4.7393,22.568,22.582,27.395,37.14,43.751,43.277,11.834,51.095
7.94,14.37,24.64,44.09,24.468,7.4336,24.907,20.977,10.376,7.3223,20.526,17.621,21.142,7.6933,6.0796,21.471,18.623,53.527,42.925,78.091,15.852,44.115,75.256,46.417,16.503,40.574,7.4641,4.6277,7.8109,9.372,13.934,4.7289,22.566,22.609,27.365,37.028,43.664,43.4,11.818,51.108
7.95,14.352,24.694,44.066,24.479,7.4306,24.87,20.968,10.394,7.3162,20.521,17.619,21.129,7.6881,6.095,21.444,18.624,53.492,42.85,78.063,15.844,44.171,75.241,46.419,16.531,40.633,7.4683,4.6322,7.8132,9.3566,13.904,4.7185,22.564,22.634,27.336,36.915,43.575,43.521,11.803,51.12
7.96,14.334,24.748,44.041,24.489,7.4492,24.833,20.959,10.411,7.3101,20.516,17.617,21.115,7.6828,6.1101,21.417,18.625,53.457,42.776,78.034,15.835,44.225,75.224,46.42,16.559,40.691,7.4725,4.6366,7.8154,9.3407,13.874,4.708,22.563,22.657,27.306,36.801,43.485,43.64,11.787,51.132
7.97,14.317,24.799,44.016,24.498,7.4688,24.795,20.95,10.427,7.304,20.512,17.615,21.102,7.6776,6.125,21.39,18.627,53.422,42.702,78.006,15.828,44.279,75.207,46.421,16.587,40.748,7.4768,4.6407,7.8176,9.3244,13.845,4.6974,22.564,22.677,27.277,36.685,43.394,43.758,11.772,51.144
7.98,14.299,24.849,43.99,24.507,7.488,24.757,20.941,10.444,7.298,20.507,17.612,21.088,7.6724,6.1398,21.362,18.628,53.386,42.628,77.976,15.82,44.331,75.189,46.422,16.613,40.803,7.4813,4.6446,7.8196,9.3076,13.815,4.6869,22.565,22.695,27.247,36.569,43.302,43.874,11.756,51.155
7.99,14.282,24.898,43.963,24.515,7.5067,24.717,20.932,10.46,7.292,20.502,17.61,21.075,7.6672,6.1543,21.335,18.629,53.35,42.553,77.946,15.812,44.383,75.171,46.423,16.639,40.856,7.4877,4.6483,7.8216,9.2903,13.786,4.6763,22.568,22.711,27.218,36.451,43.208,43.988,11.741,51.166
8,14.264,24.945,43.936,24.522,7.5248,24.677,20.922,10.475,7.2861,20.497,17.608,21.061,7.662,6.1686,21.308,18.63,53.314,42.479,77.917,15.804,44.433,75.151,46.424,16.665,40.908,7.4942,4.6518,7.8234,9.2727,13.757,4.6658,22.572,22.724,27.188,36.333,43.113,44.101,11.725,51.177
