       1     250.000      8.000
       2     250.000      7.250
       3     250.000      6.500
       4     250.000      5.750
       5     250.000      5.000
       6     250.000      4.250
       7     250.000      3.500
       8     250.000      2.750
       9     250.000      2.000
      10     250.000      1.250
      11     250.000      0.500
      12     250.000     -0.250
      13     250.000     -1.000
      14     250.000     -1.750
      15     250.000     -2.500
      16     250.000     -3.250
      17     250.000     -4.000
      18     250.000     -4.500
      19     250.000     -5.000
      20     250.000     -5.500
      21     250.000     -6.000
      22     250.000     -6.500
      23     250.000     -7.000
      24     250.000     -7.500
      25     250.000     -8.000
      26     250.000     -8.500
      27     250.000     -9.000
      28     250.000     -9.500
      29     250.000    -10.000
      30     250.000    -10.500
      31     250.000    -11.000
      32     250.000    -11.500
      33     250.000    -12.000
      34     250.000    -12.500
      35     250.000    -13.000
      36     250.000    -13.500
      37     250.000    -14.000
      38     250.000    -14.500
      39     250.000    -15.000
      40     250.000    -15.500
      41     250.000    -16.000
      42     250.000    -16.500
      43     250.000    -17.000
      44     250.000    -17.500
      45     250.000    -18.000
      46     250.000    -18.500
      47     250.000    -19.000
      48     250.000    -19.500
      49     250.000    -20.000
      50     250.000    -20.500
      51     250.000    -21.000
      52     250.000    -21.500
      53     250.000    -22.000
      54     250.000    -22.500
      55     250.000    -23.000
      56     250.000    -23.500
      57     250.000    -24.000
      58     200.000      8.000
      59     200.000      7.250
      60     200.000      6.500
      61     200.000      5.750
      62     200.000      5.000
      63     200.000      4.250
      64     200.000      3.500
      65     200.000      2.750
      66     200.000      2.000
      67     200.000      1.250
      68     200.000      0.500
      69     200.000     -0.250
      70     200.000     -1.000
      71     200.000     -1.750
      72     200.000     -2.500
      73     200.000     -3.250
      74     200.000     -4.000
      75     200.000     -4.500
      76     200.000     -5.000
      77     200.000     -5.500
      78     200.000     -6.000
      79     200.000     -6.500
      80     200.000     -7.000
      81     200.000     -7.500
      82     200.000     -8.000
      83     200.000     -8.500
      84     200.000     -9.000
      85     200.000     -9.500
      86     200.000    -10.000
      87     200.000    -10.500
      88     200.000    -11.000
      89     200.000    -11.500
      90     200.000    -12.000
      91     200.000    -12.500
      92     200.000    -13.000
      93     200.000    -13.500
      94     200.000    -14.000
      95     200.000    -14.500
      96     200.000    -15.000
      97     200.000    -15.500
      98     194.587      8.000
      99     194.587      7.250
     100     194.587      6.500
     101     194.587      5.750
     102     200.000    -16.000
     103     194.587      5.000
     104     194.587      4.250
     105     194.587      3.500
     106     194.587      2.750
     107     200.000    -16.500
     108     194.587      2.000
     109     194.587      1.250
     110     200.000    -17.000
     111     194.587      0.500
     112     194.587     -0.250
     113     200.000    -17.500
     114     194.587     -1.000
     115     194.587     -1.750
     116     200.000    -18.000
     117     194.587     -2.500
     118     194.587     -3.250
     119     200.000    -18.500
     120     194.587     -4.000
     121     194.587     -4.500
     122     200.000    -19.000
     123     194.587     -5.000
     124     194.587     -5.500
     125     200.000    -19.500
     126     194.587     -6.000
     127     194.587     -6.500
     128     200.000    -20.000
     129     194.587     -7.000
     130     194.587     -7.500
     131     200.000    -20.500
     132     194.587     -8.000
     133     200.000    -21.000
     134     194.587     -8.500
     135     194.587     -9.000
     136     200.000    -21.500
     137     194.587     -9.500
     138     194.587    -10.000
     139     200.000    -22.000
     140     194.587    -10.500
     141     200.000    -22.500
     142     194.587    -11.000
     143     194.587    -11.500
     144     200.000    -23.000
     145     194.587    -12.000
     146     194.587    -12.500
     147     200.000    -23.500
     148     194.587    -13.000
     149     200.000    -24.000
     150     194.587    -13.500
     151     194.587    -14.000
     152     194.587    -14.500
     153     194.587    -15.000
     154     194.587    -15.500
     155     194.587    -16.000
     156     194.587    -16.500
     157     189.381      8.000
     158     189.381      7.250
     159     189.381      6.500
     160     189.381      5.750
     161     189.381      5.000
     162     189.381      4.250
     163     189.381      3.500
     164     194.587    -17.000
     165     189.381      2.750
     166     189.381      2.000
     167     189.381      1.250
     168     194.587    -17.500
     169     189.381      0.500
     170     189.381     -0.250
     171     194.587    -18.000
     172     189.381     -1.000
     173     189.381     -1.750
     174     194.587    -18.500
     175     189.381     -2.500
     176     194.587    -19.000
     177     189.381     -3.250
     178     189.381     -4.000
     179     194.587    -19.500
     180     189.381     -4.500
     181     189.381     -5.000
     182     194.587    -20.000
     183     189.381     -5.500
     184     189.381     -6.000
     185     194.587    -20.500
     186     189.381     -6.500
     187     189.381     -7.000
     188     194.587    -21.000
     189     189.381     -7.500
     190     189.381     -8.000
     191     194.587    -21.500
     192     189.381     -8.500
     193     189.381     -9.000
     194     194.587    -22.000
     195     189.381     -9.500
     196     189.381    -10.000
     197     194.587    -22.500
     198     189.381    -10.500
     199     194.587    -23.000
     200     189.381    -11.000
     201     189.381    -11.500
     202     194.587    -23.500
     203     189.381    -12.000
     204     194.587    -24.000
     205     189.381    -12.500
     206     189.381    -13.000
     207     189.381    -13.500
     208     189.381    -14.000
     209     189.381    -14.500
     210     189.381    -15.000
     211     189.381    -15.500
     212     189.381    -16.000
     213     189.381    -16.500
     214     189.381    -17.000
     215     184.372      8.000
     216     184.372      7.250
     217     184.372      6.500
     218     184.372      5.750
     219     184.372      5.000
     220     184.372      4.250
     221     189.381    -17.500
     222     184.372      3.500
     223     184.372      2.750
     224     184.372      2.000
     225     189.381    -18.000
     226     184.372      1.250
     227     184.372      0.500
     228     184.372     -0.250
     229     189.381    -18.500
     230     184.372     -1.000
     231     184.372     -1.750
     232     189.381    -19.000
     233     184.372     -2.500
     234     189.381    -19.500
     235     184.372     -3.250
     236     184.372     -4.000
     237     189.381    -20.000
     238     184.372     -4.500
     239     184.372     -5.000
     240     189.381    -20.500
     241     184.372     -5.500
     242     184.372     -6.000
     243     189.381    -21.000
     244     184.372     -6.500
     245     184.372     -7.000
     246     189.381    -21.500
     247     184.372     -7.500
     248     184.372     -8.000
     249     189.381    -22.000
     250     184.372     -8.500
     251     184.372     -9.000
     252     189.381    -22.500
     253     184.372     -9.500
     254     184.372    -10.000
     255     189.381    -23.000
     256     184.372    -10.500
     257     189.381    -23.500
     258     184.372    -11.000
     259     184.372    -11.500
     260     189.381    -24.000
     261     184.372    -12.000
     262     184.372    -12.500
     263     184.372    -13.000
     264     184.372    -13.500
     265     184.372    -14.000
     266     184.372    -14.500
     267     184.372    -15.000
     268     184.372    -15.500
     269     184.372    -16.000
     270     184.372    -16.500
     271     184.372    -17.000
     272     184.372    -17.500
     273     179.551      8.000
     274     179.551      7.250
     275     179.551      6.500
     276     179.551      5.750
     277     179.551      5.000
     278     179.551      4.250
     279     184.372    -18.000
     280     179.551      3.500
     281     179.551      2.750
     282     179.551      2.000
     283     179.551      1.250
     284     184.372    -18.500
     285     179.551      0.500
     286     179.551     -0.250
     287     184.372    -19.000
     288     179.551     -1.000
     289     179.551     -1.750
     290     184.372    -19.500
     291     179.551     -2.500
     292     179.551     -3.250
     293     184.372    -20.000
     294     179.551     -4.000
     295     184.372    -20.500
     296     179.551     -4.500
     297     179.551     -5.000
     298     179.551     -5.500
     299     184.372    -21.000
     300     179.551     -6.000
     301     179.551     -6.500
     302     184.372    -21.500
     303     179.551     -7.000
     304     179.551     -7.500
     305     184.372    -22.000
     306     179.551     -8.000
     307     179.551     -8.500
     308     184.372    -22.500
     309     179.551     -9.000
     310     184.372    -23.000
     311     179.551     -9.500
     312     179.551    -10.000
     313     184.372    -23.500
     314     179.551    -10.500
     315     179.551    -11.000
     316     184.372    -24.000
     317     179.551    -11.500
     318     179.551    -12.000
     319     179.551    -12.500
     320     179.551    -13.000
     321     179.551    -13.500
     322     179.551    -14.000
     323     179.551    -14.500
     324     179.551    -15.000
     325     179.551    -15.500
     326     179.551    -16.000
     327     179.551    -16.500
     328     179.551    -17.000
     329     179.551    -17.500
     330     174.910      8.000
     331     179.551    -18.000
     332     174.910      7.250
     333     174.910      6.500
     334     174.910      5.750
     335     174.910      5.000
     336     174.910      4.250
     337     174.910      3.500
     338     179.551    -18.500
     339     174.910      2.750
     340     174.910      2.000
     341     174.910      1.250
     342     179.551    -19.000
     343     174.910      0.500
     344     174.910     -0.250
     345     179.551    -19.500
     346     174.910     -1.000
     347     174.910     -1.750
     348     179.551    -20.000
     349     174.910     -2.500
     350     174.910     -3.250
     351     179.551    -20.500
     352     174.910     -4.000
     353     174.910     -4.500
     354     179.551    -21.000
     355     174.910     -5.000
     356     174.910     -5.500
     357     179.551    -21.500
     358     174.910     -6.000
     359     174.910     -6.500
     360     179.551    -22.000
     361     174.910     -7.000
     362     174.910     -7.500
     363     179.551    -22.500
     364     174.910     -8.000
     365     174.910     -8.500
     366     179.551    -23.000
     367     174.910     -9.000
     368     174.910     -9.500
     369     179.551    -23.500
     370     174.910    -10.000
     371     174.910    -10.500
     372     179.551    -24.000
     373     174.910    -11.000
     374     174.910    -11.500
     375     174.910    -12.000
     376     174.910    -12.500
     377     174.910    -13.000
     378     174.910    -13.500
     379     174.910    -14.000
     380     174.910    -14.500
     381     174.910    -15.000
     382     174.910    -15.500
     383     174.910    -16.000
     384     174.910    -16.500
     385     174.910    -17.000
     386     174.910    -17.500
     387     174.910    -18.000
     388     170.439      8.000
     389     170.439      7.250
     390     170.439      6.500
     391     170.439      5.750
     392     170.439      5.000
     393     174.910    -18.500
     394     170.439      4.250
     395     170.439      3.500
     396     170.439      2.750
     397     170.439      2.000
     398     174.910    -19.000
     399     170.439      1.250
     400     170.439      0.500
     401     174.910    -19.500
     402     170.439     -0.250
     403     170.439     -1.000
     404     174.910    -20.000
     405     170.439     -1.750
     406     170.439     -2.500
     407     174.910    -20.500
     408     170.439     -3.250
     409     170.439     -4.000
     410     174.910    -21.000
     411     170.439     -4.500
     412     170.439     -5.000
     413     174.910    -21.500
     414     170.439     -5.500
     415     170.439     -6.000
     416     174.910    -22.000
     417     170.439     -6.500
     418     170.439     -7.000
     419     174.910    -22.500
     420     170.439     -7.500
     421     170.439     -8.000
     422     174.910    -23.000
     423     170.439     -8.500
     424     170.439     -9.000
     425     174.910    -23.500
     426     170.439     -9.500
     427     170.439    -10.000
     428     174.910    -24.000
     429     170.439    -10.500
     430     170.439    -11.000
     431     170.439    -11.500
     432     170.439    -12.000
     433     170.439    -12.500
     434     170.439    -13.000
     435     170.439    -13.500
     436     170.439    -14.000
     437     170.439    -14.500
     438     170.439    -15.000
     439     170.439    -15.500
     440     170.439    -16.000
     441     170.439    -16.500
     442     170.439    -17.000
     443     170.439    -17.500
     444     170.439    -18.000
     445     170.439    -18.500
     446     166.133      8.000
     447     166.133      7.250
     448     166.133      6.500
     449     166.133      5.750
     450     166.133      5.000
     451     166.133      4.250
     452     166.133      3.500
     453     170.439    -19.000
     454     166.133      2.750
     455     166.133      2.000
     456     166.133      1.250
     457     170.439    -19.500
     458     166.133      0.500
     459     166.133     -0.250
     460     170.439    -20.000
     461     166.133     -1.000
     462     166.133     -1.750
     463     170.439    -20.500
     464     166.133     -2.500
     465     166.133     -3.250
     466     170.439    -21.000
     467     166.133     -4.000
     468     166.133     -4.500
     469     170.439    -21.500
     470     166.133     -5.000
     471     166.133     -5.500
     472     166.133     -6.000
     473     170.439    -22.000
     474     166.133     -6.500
     475     166.133     -7.000
     476     170.439    -22.500
     477     166.133     -7.500
     478     166.133     -8.000
     479     170.439    -23.000
     480     166.133     -8.500
     481     170.439    -23.500
     482     166.133     -9.000
     483     166.133     -9.500
     484     170.439    -24.000
     485     166.133    -10.000
     486     166.133    -10.500
     487     166.133    -11.000
     488     166.133    -11.500
     489     166.133    -12.000
     490     166.133    -12.500
     491     166.133    -13.000
     492     166.133    -13.500
     493     166.133    -14.000
     494     166.133    -14.500
     495     166.133    -15.000
     496     166.133    -15.500
     497     166.133    -16.000
     498     166.133    -16.500
     499     166.133    -17.000
     500     166.133    -17.500
     501     166.133    -18.000
     502     166.133    -18.500
     503     161.982      8.000
     504     161.982      7.250
     505     161.982      6.500
     506     161.982      5.750
     507     161.982      5.000
     508     161.982      4.250
     509     166.133    -19.000
     510     161.982      3.500
     511     161.982      2.750
     512     161.982      2.000
     513     166.133    -19.500
     514     161.982      1.250
     515     161.982      0.500
     516     161.982     -0.250
     517     166.133    -20.000
     518     161.982     -1.000
     519     161.982     -1.750
     520     166.133    -20.500
     521     161.982     -2.500
     522     161.982     -3.250
     523     166.133    -21.000
     524     161.982     -4.000
     525     161.982     -4.500
     526     166.133    -21.500
     527     161.982     -5.000
     528     161.982     -5.500
     529     166.133    -22.000
     530     161.982     -6.000
     531     161.982     -6.500
     532     166.133    -22.500
     533     161.982     -7.000
     534     161.982     -7.500
     535     166.133    -23.000
     536     161.982     -8.000
     537     161.982     -8.500
     538     166.133    -23.500
     539     161.982     -9.000
     540     161.982     -9.500
     541     166.133    -24.000
     542     161.982    -10.000
     543     161.982    -10.500
     544     161.982    -11.000
     545     161.982    -11.500
     546     161.982    -12.000
     547     161.982    -12.500
     548     161.982    -13.000
     549     161.982    -13.500
     550     161.982    -14.000
     551     161.982    -14.500
     552     161.982    -15.000
     553     161.982    -15.500
     554     161.982    -16.000
     555     161.982    -16.500
     556     161.982    -17.000
     557     161.982    -17.500
     558     161.982    -18.000
     559     161.982    -18.500
     560     157.982      8.000
     561     157.982      7.250
     562     157.982      6.500
     563     157.982      5.750
     564     161.982    -19.000
     565     157.982      5.000
     566     157.982      4.250
     567     157.982      3.500
     568     157.982      2.750
     569     161.982    -19.500
     570     157.982      2.000
     571     157.982      1.250
     572     157.982      0.500
     573     161.982    -20.000
     574     157.982     -0.250
     575     157.982     -1.000
     576     161.982    -20.500
     577     157.982     -1.750
     578     157.982     -2.500
     579     161.982    -21.000
     580     157.982     -3.250
     581     157.982     -4.000
     582     161.982    -21.500
     583     157.982     -4.500
     584     157.982     -5.000
     585     161.982    -22.000
     586     157.982     -5.500
     587     157.982     -6.000
     588     161.982    -22.500
     589     157.982     -6.500
     590     157.982     -7.000
     591     157.982     -7.500
     592     161.982    -23.000
     593     157.982     -8.000
     594     161.982    -23.500
     595     157.982     -8.500
     596     157.982     -9.000
     597     161.982    -24.000
     598     157.982     -9.500
     599     157.982    -10.000
     600     157.982    -10.500
     601     157.982    -11.000
     602     157.982    -11.500
     603     157.982    -12.000
     604     157.982    -12.500
     605     157.982    -13.000
     606     157.982    -13.500
     607     157.982    -14.000
     608     157.982    -14.500
     609     157.982    -15.000
     610     157.982    -15.500
     611     157.982    -16.000
     612     157.982    -16.500
     613     157.982    -17.000
     614     157.982    -17.500
     615     157.982    -18.000
     616     157.982    -18.500
     617     154.123      8.000
     618     154.123      7.250
     619     154.123      6.500
     620     157.982    -19.000
     621     154.123      5.750
     622     154.123      5.000
     623     154.123      4.250
     624     154.123      3.500
     625     154.123      2.750
     626     157.982    -19.500
     627     154.123      2.000
     628     154.123      1.250
     629     154.123      0.500
     630     157.982    -20.000
     631     154.123     -0.250
     632     154.123     -1.000
     633     157.982    -20.500
     634     154.123     -1.750
     635     154.123     -2.500
     636     157.982    -21.000
     637     154.123     -3.250
     638     154.123     -4.000
     639     157.982    -21.500
     640     154.123     -4.500
     641     154.123     -5.000
     642     157.982    -22.000
     643     154.123     -5.500
     644     154.123     -6.000
     645     157.982    -22.500
     646     154.123     -6.500
     647     154.123     -7.000
     648     157.982    -23.000
     649     154.123     -7.500
     650     154.123     -8.000
     651     157.982    -23.500
     652     154.123     -8.500
     653     154.123     -9.000
     654     157.982    -24.000
     655     154.123     -9.500
     656     154.123    -10.000
     657     154.123    -10.500
     658     154.123    -11.000
     659     154.123    -11.500
     660     154.123    -12.000
     661     154.123    -12.500
     662     154.123    -13.000
     663     154.123    -13.500
     664     154.123    -14.000
     665     154.123    -14.500
     666     154.123    -15.000
     667     154.123    -15.500
     668     154.123    -16.000
     669     154.123    -16.500
     670     154.123    -17.000
     671     154.123    -17.500
     672     154.123    -18.000
     673     154.123    -18.500
     674     150.402      8.000
     675     150.402      7.250
     676     154.123    -19.000
     677     150.402      6.500
     678     150.402      5.750
     679     150.402      5.000
     680     150.402      4.250
     681     150.402      3.500
     682     150.402      2.750
     683     154.123    -19.500
     684     150.402      2.000
     685     150.402      1.250
     686     150.402      0.500
     687     154.123    -20.000
     688     150.402     -0.250
     689     150.402     -1.000
     690     154.123    -20.500
     691     150.402     -1.750
     692     150.402     -2.500
     693     154.123    -21.000
     694     150.402     -3.250
     695     154.123    -21.500
     696     150.402     -4.000
     697     150.402     -4.500
     698     150.402     -5.000
     699     154.123    -22.000
     700     150.402     -5.500
     701     150.402     -6.000
     702     154.123    -22.500
     703     150.402     -6.500
     704     150.402     -7.000
     705     154.123    -23.000
     706     150.402     -7.500
     707     150.402     -8.000
     708     154.123    -23.500
     709     150.402     -8.500
     710     150.402     -9.000
     711     154.123    -24.000
     712     150.402     -9.500
     713     150.402    -10.000
     714     150.402    -10.500
     715     150.402    -11.000
     716     150.402    -11.500
     717     150.402    -12.000
     718     150.402    -12.500
     719     150.402    -13.000
     720     150.402    -13.500
     721     150.402    -14.000
     722     150.402    -14.500
     723     150.402    -15.000
     724     150.402    -15.500
     725     150.402    -16.000
     726     150.402    -16.500
     727     150.402    -17.000
     728     150.402    -17.500
     729     150.402    -18.000
     730     150.402    -18.500
     731     146.811      8.000
     732     146.811      7.250
     733     150.402    -19.000
     734     146.811      6.500
     735     146.811      5.750
     736     146.811      5.000
     737     146.811      4.250
     738     146.811      3.500
     739     146.811      2.750
     740     150.402    -19.500
     741     146.811      2.000
     742     146.811      1.250
     743     150.402    -20.000
     744     146.811      0.500
     745     146.811     -0.250
     746     146.811     -1.000
     747     150.402    -20.500
     748     146.811     -1.750
     749     146.811     -2.500
     750     150.402    -21.000
     751     146.811     -3.250
     752     150.402    -21.500
     753     146.811     -4.000
     754     146.811     -4.500
     755     146.811     -5.000
     756     150.402    -22.000
     757     146.811     -5.500
     758     146.811     -6.000
     759     150.402    -22.500
     760     146.811     -6.500
     761     146.811     -7.000
     762     150.402    -23.000
     763     146.811     -7.500
     764     146.811     -8.000
     765     150.402    -23.500
     766     146.811     -8.500
     767     146.811     -9.000
     768     150.402    -24.000
     769     146.811     -9.500
     770     146.811    -10.000
     771     146.811    -10.500
     772     146.811    -11.000
     773     146.811    -11.500
     774     146.811    -12.000
     775     146.811    -12.500
     776     146.811    -13.000
     777     146.811    -13.500
     778     146.811    -14.000
     779     146.811    -14.500
     780     146.811    -15.000
     781     146.811    -15.500
     782     146.811    -16.000
     783     146.811    -16.500
     784     146.811    -17.000
     785     146.811    -17.500
     786     146.811    -18.000
     787     146.811    -18.500
     788     143.344      8.000
     789     143.344      7.250
     790     146.811    -19.000
     791     143.344      6.500
     792     143.344      5.750
     793     143.344      5.000
     794     143.344      4.250
     795     143.344      3.500
     796     143.344      2.750
     797     146.811    -19.500
     798     143.344      2.000
     799     143.344      1.250
     800     143.344      0.500
     801     146.811    -20.000
     802     143.344     -0.250
     803     143.344     -1.000
     804     146.811    -20.500
     805     143.344     -1.750
     806     143.344     -2.500
     807     146.811    -21.000
     808     143.344     -3.250
     809     146.811    -21.500
     810     143.344     -4.000
     811     143.344     -4.500
     812     143.344     -5.000
     813     146.811    -22.000
     814     143.344     -5.500
     815     143.344     -6.000
     816     146.811    -22.500
     817     143.344     -6.500
     818     143.344     -7.000
     819     146.811    -23.000
     820     143.344     -7.500
     821     143.344     -8.000
     822     146.811    -23.500
     823     143.344     -8.500
     824     143.344     -9.000
     825     146.811    -24.000
     826     143.344     -9.500
     827     143.344    -10.000
     828     143.344    -10.500
     829     143.344    -11.000
     830     143.344    -11.500
     831     143.344    -12.000
     832     143.344    -12.500
     833     143.344    -13.000
     834     143.344    -13.500
     835     143.344    -14.000
     836     143.344    -14.500
     837     143.344    -15.000
     838     143.344    -15.500
     839     143.344    -16.000
     840     143.344    -16.500
     841     143.344    -17.000
     842     143.344    -17.500
     843     143.344    -18.000
     844     143.344    -18.500
     845     139.997      8.000
     846     139.997      7.250
     847     139.997      6.500
     848     143.344    -19.000
     849     139.997      5.750
     850     139.997      5.000
     851     139.997      4.250
     852     139.997      3.500
     853     139.997      2.750
     854     143.344    -19.500
     855     139.997      2.000
     856     139.997      1.250
     857     139.997      0.500
     858     143.344    -20.000
     859     139.997     -0.250
     860     139.997     -1.000
     861     143.344    -20.500
     862     139.997     -1.750
     863     139.997     -2.500
     864     143.344    -21.000
     865     139.997     -3.250
     866     139.997     -4.000
     867     143.344    -21.500
     868     139.997     -4.500
     869     139.997     -5.000
     870     143.344    -22.000
     871     139.997     -5.500
     872     139.997     -6.000
     873     143.344    -22.500
     874     139.997     -6.500
     875     139.997     -7.000
     876     143.344    -23.000
     877     139.997     -7.500
     878     139.997     -8.000
     879     143.344    -23.500
     880     139.997     -8.500
     881     139.997     -9.000
     882     143.344    -24.000
     883     139.997     -9.500
     884     139.997    -10.000
     885     139.997    -10.500
     886     139.997    -11.000
     887     139.997    -11.500
     888     139.997    -12.000
     889     139.997    -12.500
     890     139.997    -13.000
     891     139.997    -13.500
     892     139.997    -14.000
     893     139.997    -14.500
     894     139.997    -15.000
     895     139.997    -15.500
     896     139.997    -16.000
     897     139.997    -16.500
     898     139.997    -17.000
     899     139.997    -17.500
     900     139.997    -18.000
     901     139.997    -18.500
     902     136.764      8.000
     903     136.764      7.250
     904     136.764      6.500
     905     136.764      5.750
     906     139.997    -19.000
     907     136.764      5.000
     908     136.764      4.250
     909     136.764      3.500
     910     136.764      2.750
     911     139.997    -19.500
     912     136.764      2.000
     913     136.764      1.250
     914     136.764      0.500
     915     139.997    -20.000
     916     136.764     -0.250
     917     136.764     -1.000
     918     139.997    -20.500
     919     136.764     -1.750
     920     136.764     -2.500
     921     139.997    -21.000
     922     136.764     -3.250
     923     136.764     -4.000
     924     139.997    -21.500
     925     136.764     -4.500
     926     136.764     -5.000
     927     139.997    -22.000
     928     136.764     -5.500
     929     136.764     -6.000
     930     139.997    -22.500
     931     136.764     -6.500
     932     136.764     -7.000
     933     139.997    -23.000
     934     136.764     -7.500
     935     136.764     -8.000
     936     139.997    -23.500
     937     136.764     -8.500
     938     136.764     -9.000
     939     139.997    -24.000
     940     136.764     -9.500
     941     136.764    -10.000
     942     136.764    -10.500
     943     136.764    -11.000
     944     136.764    -11.500
     945     136.764    -12.000
     946     136.764    -12.500
     947     136.764    -13.000
     948     136.764    -13.500
     949     136.764    -14.000
     950     136.764    -14.500
     951     136.764    -15.000
     952     136.764    -15.500
     953     136.764    -16.000
     954     136.764    -16.500
     955     136.764    -17.000
     956     136.764    -17.500
     957     136.764    -18.000
     958     136.764    -18.500
     959     133.641      8.000
     960     133.641      7.250
     961     133.641      6.500
     962     133.641      5.750
     963     133.641      5.000
     964     136.764    -19.000
     965     133.641      4.250
     966     133.641      3.500
     967     133.641      2.750
     968     133.641      2.000
     969     136.764    -19.500
     970     133.641      1.250
     971     133.641      0.500
     972     136.764    -20.000
     973     133.641     -0.250
     974     133.641     -1.000
     975     133.641     -1.750
     976     136.764    -20.500
     977     133.641     -2.500
     978     136.764    -21.000
     979     133.641     -3.250
     980     133.641     -4.000
     981     136.764    -21.500
     982     133.641     -4.500
     983     133.641     -5.000
     984     133.641     -5.500
     985     136.764    -22.000
     986     133.641     -6.000
     987     133.641     -6.500
     988     136.764    -22.500
     989     133.641     -7.000
     990     133.641     -7.500
     991     136.764    -23.000
     992     133.641     -8.000
     993     133.641     -8.500
     994     136.764    -23.500
     995     133.641     -9.000
     996     133.641     -9.500
     997     136.764    -24.000
     998     133.641    -10.000
     999     133.641    -10.500
    1000     133.641    -11.000
    1001     133.641    -11.500
    1002     133.641    -12.000
    1003     133.641    -12.500
    1004     133.641    -13.000
    1005     133.641    -13.500
    1006     133.641    -14.000
    1007     133.641    -14.500
    1008     133.641    -15.000
    1009     133.641    -15.500
    1010     133.641    -16.000
    1011     133.641    -16.500
    1012     133.641    -17.000
    1013     133.641    -17.500
    1014     133.641    -18.000
    1015     133.641    -18.500
    1016     130.622      8.000
    1017     130.622      7.250
    1018     130.622      6.500
    1019     130.622      5.750
    1020     130.622      5.000
    1021     130.622      4.250
    1022     133.641    -19.000
    1023     130.622      3.500
    1024     130.622      2.750
    1025     130.622      2.000
    1026     133.641    -19.500
    1027     130.622      1.250
    1028     130.622      0.500
    1029     130.622     -0.250
    1030     133.641    -20.000
    1031     130.622     -1.000
    1032     130.622     -1.750
    1033     133.641    -20.500
    1034     130.622     -2.500
    1035     130.622     -3.250
    1036     133.641    -21.000
    1037     130.622     -4.000
    1038     130.622     -4.500
    1039     133.641    -21.500
    1040     130.622     -5.000
    1041     130.622     -5.500
    1042     133.641    -22.000
    1043     130.622     -6.000
    1044     130.622     -6.500
    1045     133.641    -22.500
    1046     130.622     -7.000
    1047     130.622     -7.500
    1048     133.641    -23.000
    1049     130.622     -8.000
    1050     130.622     -8.500
    1051     133.641    -23.500
    1052     130.622     -9.000
    1053     130.622     -9.500
    1054     133.641    -24.000
    1055     130.622    -10.000
    1056     130.622    -10.500
    1057     130.622    -11.000
    1058     130.622    -11.500
    1059     130.622    -12.000
    1060     130.622    -12.500
    1061     130.622    -13.000
    1062     130.622    -13.500
    1063     130.622    -14.000
    1064     130.622    -14.500
    1065     130.622    -15.000
    1066     130.622    -15.500
    1067     130.622    -16.000
    1068     130.622    -16.500
    1069     130.622    -17.000
    1070     130.622    -17.500
    1071     130.622    -18.000
    1072     130.622    -18.500
    1073     127.703      8.000
    1074     127.703      7.250
    1075     127.703      6.500
    1076     127.703      5.750
    1077     127.703      5.000
    1078     127.703      4.250
    1079     127.703      3.500
    1080     130.622    -19.000
    1081     127.703      2.750
    1082     127.703      2.000
    1083     127.703      1.250
    1084     130.622    -19.500
    1085     127.703      0.500
    1086     127.703     -0.250
    1087     130.622    -20.000
    1088     127.703     -1.000
    1089     127.703     -1.750
    1090     130.622    -20.500
    1091     127.703     -2.500
    1092     127.703     -3.250
    1093     130.622    -21.000
    1094     127.703     -4.000
    1095     127.703     -4.500
    1096     130.622    -21.500
    1097     127.703     -5.000
    1098     127.703     -5.500
    1099     130.622    -22.000
    1100     127.703     -6.000
    1101     127.703     -6.500
    1102     130.622    -22.500
    1103     127.703     -7.000
    1104     127.703     -7.500
    1105     130.622    -23.000
    1106     127.703     -8.000
    1107     127.703     -8.500
    1108     130.622    -23.500
    1109     127.703     -9.000
    1110     127.703     -9.500
    1111     130.622    -24.000
    1112     127.703    -10.000
    1113     127.703    -10.500
    1114     127.703    -11.000
    1115     127.703    -11.500
    1116     127.703    -12.000
    1117     127.703    -12.500
    1118     127.703    -13.000
    1119     127.703    -13.500
    1120     127.703    -14.000
    1121     127.703    -14.500
    1122     127.703    -15.000
    1123     127.703    -15.500
    1124     127.703    -16.000
    1125     127.703    -16.500
    1126     127.703    -17.000
    1127     127.703    -17.500
    1128     127.703    -18.000
    1129     124.881      8.000
    1130     124.881      7.250
    1131     124.881      6.500
    1132     127.703    -18.500
    1133     124.881      5.750
    1134     124.881      5.000
    1135     124.881      4.250
    1136     124.881      3.500
    1137     124.881      2.750
    1138     127.703    -19.000
    1139     124.881      2.000
    1140     124.881      1.250
    1141     124.881      0.500
    1142     127.703    -19.500
    1143     124.881     -0.250
    1144     124.881     -1.000
    1145     127.703    -20.000
    1146     124.881     -1.750
    1147     124.881     -2.500
    1148     127.703    -20.500
    1149     124.881     -3.250
    1150     127.703    -21.000
    1151     124.881     -4.000
    1152     124.881     -4.500
    1153     124.881     -5.000
    1154     127.703    -21.500
    1155     124.881     -5.500
    1156     124.881     -6.000
    1157     127.703    -22.000
    1158     124.881     -6.500
    1159     124.881     -7.000
    1160     127.703    -22.500
    1161     124.881     -7.500
    1162     124.881     -8.000
    1163     127.703    -23.000
    1164     124.881     -8.500
    1165     124.881     -9.000
    1166     127.703    -23.500
    1167     124.881     -9.500
    1168     124.881    -10.000
    1169     127.703    -24.000
    1170     124.881    -10.500
    1171     124.881    -11.000
    1172     124.881    -11.500
    1173     124.881    -12.000
    1174     124.881    -12.500
    1175     124.881    -13.000
    1176     124.881    -13.500
    1177     124.881    -14.000
    1178     124.881    -14.500
    1179     124.881    -15.000
    1180     124.881    -15.500
    1181     124.881    -16.000
    1182     124.881    -16.500
    1183     124.881    -17.000
    1184     124.881    -17.500
    1185     124.881    -18.000
    1186     122.150      8.000
    1187     122.150      7.250
    1188     122.150      6.500
    1189     122.150      5.750
    1190     122.150      5.000
    1191     124.881    -18.500
    1192     122.150      4.250
    1193     122.150      3.500
    1194     122.150      2.750
    1195     122.150      2.000
    1196     124.881    -19.000
    1197     122.150      1.250
    1198     122.150      0.500
    1199     124.881    -19.500
    1200     122.150     -0.250
    1201     122.150     -1.000
    1202     124.881    -20.000
    1203     122.150     -1.750
    1204     122.150     -2.500
    1205     124.881    -20.500
    1206     122.150     -3.250
    1207     122.150     -4.000
    1208     124.881    -21.000
    1209     122.150     -4.500
    1210     122.150     -5.000
    1211     124.881    -21.500
    1212     122.150     -5.500
    1213     122.150     -6.000
    1214     124.881    -22.000
    1215     122.150     -6.500
    1216     122.150     -7.000
    1217     124.881    -22.500
    1218     122.150     -7.500
    1219     122.150     -8.000
    1220     124.881    -23.000
    1221     122.150     -8.500
    1222     122.150     -9.000
    1223     124.881    -23.500
    1224     122.150     -9.500
    1225     122.150    -10.000
    1226     124.881    -24.000
    1227     122.150    -10.500
    1228     122.150    -11.000
    1229     122.150    -11.500
    1230     122.150    -12.000
    1231     122.150    -12.500
    1232     122.150    -13.000
    1233     122.150    -13.500
    1234     122.150    -14.000
    1235     122.150    -14.500
    1236     122.150    -15.000
    1237     122.150    -15.500
    1238     122.150    -16.000
    1239     122.150    -16.500
    1240     122.150    -17.000
    1241     122.150    -17.500
    1242     122.150    -18.000
    1243     119.507      8.000
    1244     119.507      7.250
    1245     119.507      6.500
    1246     119.507      5.750
    1247     119.507      5.000
    1248     119.507      4.250
    1249     122.150    -18.500
    1250     119.507      3.500
    1251     119.507      2.750
    1252     119.507      2.000
    1253     119.507      1.250
    1254     122.150    -19.000
    1255     119.507      0.500
    1256     119.507     -0.250
    1257     122.150    -19.500
    1258     119.507     -1.000
    1259     119.507     -1.750
    1260     122.150    -20.000
    1261     119.507     -2.500
    1262     119.507     -3.250
    1263     122.150    -20.500
    1264     119.507     -4.000
    1265     119.507     -4.500
    1266     122.150    -21.000
    1267     119.507     -5.000
    1268     119.507     -5.500
    1269     122.150    -21.500
    1270     119.507     -6.000
    1271     119.507     -6.500
    1272     122.150    -22.000
    1273     119.507     -7.000
    1274     119.507     -7.500
    1275     122.150    -22.500
    1276     119.507     -8.000
    1277     119.507     -8.500
    1278     122.150    -23.000
    1279     119.507     -9.000
    1280     119.507     -9.500
    1281     122.150    -23.500
    1282     119.507    -10.000
    1283     122.150    -24.000
    1284     119.507    -10.500
    1285     119.507    -11.000
    1286     119.507    -11.500
    1287     119.507    -12.000
    1288     119.507    -12.500
    1289     119.507    -13.000
    1290     119.507    -13.500
    1291     119.507    -14.000
    1292     119.507    -14.500
    1293     119.507    -15.000
    1294     119.507    -15.500
    1295     119.507    -16.000
    1296     119.507    -16.500
    1297     119.507    -17.000
    1298     119.507    -17.500
    1299     116.949      8.000
    1300     116.949      7.250
    1301     119.507    -18.000
    1302     116.949      6.500
    1303     116.949      5.750
    1304     116.949      5.000
    1305     116.949      4.250
    1306     116.949      3.500
    1307     116.949      2.750
    1308     119.507    -18.500
    1309     116.949      2.000
    1310     116.949      1.250
    1311     119.507    -19.000
    1312     116.949      0.500
    1313     116.949     -0.250
    1314     116.949     -1.000
    1315     119.507    -19.500
    1316     116.949     -1.750
    1317     119.507    -20.000
    1318     116.949     -2.500
    1319     116.949     -3.250
    1320     119.507    -20.500
    1321     116.949     -4.000
    1322     116.949     -4.500
    1323     119.507    -21.000
    1324     116.949     -5.000
    1325     116.949     -5.500
    1326     116.949     -6.000
    1327     119.507    -21.500
    1328     116.949     -6.500
    1329     116.949     -7.000
    1330     119.507    -22.000
    1331     116.949     -7.500
    1332     116.949     -8.000
    1333     119.507    -22.500
    1334     116.949     -8.500
    1335     119.507    -23.000
    1336     116.949     -9.000
    1337     116.949     -9.500
    1338     119.507    -23.500
    1339     116.949    -10.000
    1340     116.949    -10.500
    1341     119.507    -24.000
    1342     116.949    -11.000
    1343     116.949    -11.500
    1344     116.949    -12.000
    1345     116.949    -12.500
    1346     116.949    -13.000
    1347     116.949    -13.500
    1348     116.949    -14.000
    1349     116.949    -14.500
    1350     116.949    -15.000
    1351     116.949    -15.500
    1352     116.949    -16.000
    1353     116.949    -16.500
    1354     116.949    -17.000
    1355     116.949    -17.500
    1356     114.472      8.000
    1357     114.472      7.250
    1358     114.472      6.500
    1359     114.472      5.750
    1360     114.472      5.000
    1361     116.949    -18.000
    1362     114.472      4.250
    1363     114.472      3.500
    1364     114.472      2.750
    1365     114.472      2.000
    1366     116.949    -18.500
    1367     114.472      1.250
    1368     114.472      0.500
    1369     116.949    -19.000
    1370     114.472     -0.250
    1371     114.472     -1.000
    1372     116.949    -19.500
    1373     114.472     -1.750
    1374     114.472     -2.500
    1375     116.949    -20.000
    1376     114.472     -3.250
    1377     114.472     -4.000
    1378     116.949    -20.500
    1379     114.472     -4.500
    1380     114.472     -5.000
    1381     116.949    -21.000
    1382     114.472     -5.500
    1383     114.472     -6.000
    1384     116.949    -21.500
    1385     114.472     -6.500
    1386     114.472     -7.000
    1387     116.949    -22.000
    1388     114.472     -7.500
    1389     114.472     -8.000
    1390     116.949    -22.500
    1391     114.472     -8.500
    1392     114.472     -9.000
    1393     116.949    -23.000
    1394     114.472     -9.500
    1395     114.472    -10.000
    1396     116.949    -23.500
    1397     114.472    -10.500
    1398     116.949    -24.000
    1399     114.472    -11.000
    1400     114.472    -11.500
    1401     114.472    -12.000
    1402     114.472    -12.500
    1403     114.472    -13.000
    1404     114.472    -13.500
    1405     114.472    -14.000
    1406     114.472    -14.500
    1407     114.472    -15.000
    1408     114.472    -15.500
    1409     114.472    -16.000
    1410     114.472    -16.500
    1411     114.472    -17.000
    1412     114.472    -17.500
    1413     112.072      8.000
    1414     112.072      7.250
    1415     112.072      6.500
    1416     112.072      5.750
    1417     112.072      5.000
    1418     112.072      4.250
    1419     114.472    -18.000
    1420     112.072      3.500
    1421     112.072      2.750
    1422     112.072      2.000
    1423     112.072      1.250
    1424     114.472    -18.500
    1425     112.072      0.500
    1426     112.072     -0.250
    1427     114.472    -19.000
    1428     112.072     -1.000
    1429     112.072     -1.750
    1430     114.472    -19.500
    1431     112.072     -2.500
    1432     112.072     -3.250
    1433     114.472    -20.000
    1434     112.072     -4.000
    1435     114.472    -20.500
    1436     112.072     -4.500
    1437     112.072     -5.000
    1438     112.072     -5.500
    1439     114.472    -21.000
    1440     112.072     -6.000
    1441     112.072     -6.500
    1442     114.472    -21.500
    1443     112.072     -7.000
    1444     112.072     -7.500
    1445     114.472    -22.000
    1446     112.072     -8.000
    1447     112.072     -8.500
    1448     114.472    -22.500
    1449     112.072     -9.000
    1450     114.472    -23.000
    1451     112.072     -9.500
    1452     112.072    -10.000
    1453     114.472    -23.500
    1454     112.072    -10.500
    1455     112.072    -11.000
    1456     114.472    -24.000
    1457     112.072    -11.500
    1458     112.072    -12.000
    1459     112.072    -12.500
    1460     112.072    -13.000
    1461     112.072    -13.500
    1462     112.072    -14.000
    1463     112.072    -14.500
    1464     112.072    -15.000
    1465     112.072    -15.500
    1466     112.072    -16.000
    1467     112.072    -16.500
    1468     112.072    -17.000
    1469     109.747      8.000
    1470     109.747      7.250
    1471     109.747      6.500
    1472     112.072    -17.500
    1473     109.747      5.750
    1474     109.747      5.000
    1475     109.747      4.250
    1476     109.747      3.500
    1477     109.747      2.750
    1478     112.072    -18.000
    1479     109.747      2.000
    1480     109.747      1.250
    1481     112.072    -18.500
    1482     109.747      0.500
    1483     109.747     -0.250
    1484     109.747     -1.000
    1485     112.072    -19.000
    1486     109.747     -1.750
    1487     112.072    -19.500
    1488     109.747     -2.500
    1489     109.747     -3.250
    1490     112.072    -20.000
    1491     109.747     -4.000
    1492     109.747     -4.500
    1493     112.072    -20.500
    1494     109.747     -5.000
    1495     109.747     -5.500
    1496     112.072    -21.000
    1497     109.747     -6.000
    1498     109.747     -6.500
    1499     112.072    -21.500
    1500     109.747     -7.000
    1501     109.747     -7.500
    1502     112.072    -22.000
    1503     109.747     -8.000
    1504     109.747     -8.500
    1505     112.072    -22.500
    1506     109.747     -9.000
    1507     109.747     -9.500
    1508     112.072    -23.000
    1509     109.747    -10.000
    1510     109.747    -10.500
    1511     112.072    -23.500
    1512     109.747    -11.000
    1513     112.072    -24.000
    1514     109.747    -11.500
    1515     109.747    -12.000
    1516     109.747    -12.500
    1517     109.747    -13.000
    1518     109.747    -13.500
    1519     109.747    -14.000
    1520     109.747    -14.500
    1521     109.747    -15.000
    1522     109.747    -15.500
    1523     109.747    -16.000
    1524     109.747    -16.500
    1525     109.747    -17.000
    1526     107.493      8.000
    1527     107.493      7.250
    1528     107.493      6.500
    1529     107.493      5.750
    1530     107.493      5.000
    1531     109.747    -17.500
    1532     107.493      4.250
    1533     107.493      3.500
    1534     107.493      2.750
    1535     107.493      2.000
    1536     109.747    -18.000
    1537     107.493      1.250
    1538     107.493      0.500
    1539     109.747    -18.500
    1540     107.493     -0.250
    1541     107.493     -1.000
    1542     109.747    -19.000
    1543     107.493     -1.750
    1544     107.493     -2.500
    1545     109.747    -19.500
    1546     107.493     -3.250
    1547     107.493     -4.000
    1548     109.747    -20.000
    1549     107.493     -4.500
    1550     107.493     -5.000
    1551     109.747    -20.500
    1552     107.493     -5.500
    1553     107.493     -6.000
    1554     109.747    -21.000
    1555     107.493     -6.500
    1556     107.493     -7.000
    1557     109.747    -21.500
    1558     107.493     -7.500
    1559     107.493     -8.000
    1560     109.747    -22.000
    1561     107.493     -8.500
    1562     107.493     -9.000
    1563     109.747    -22.500
    1564     107.493     -9.500
    1565     109.747    -23.000
    1566     107.493    -10.000
    1567     107.493    -10.500
    1568     109.747    -23.500
    1569     107.493    -11.000
    1570     107.493    -11.500
    1571     109.747    -24.000
    1572     107.493    -12.000
    1573     107.493    -12.500
    1574     107.493    -13.000
    1575     107.493    -13.500
    1576     107.493    -14.000
    1577     107.493    -14.500
    1578     107.493    -15.000
    1579     107.493    -15.500
    1580     107.493    -16.000
    1581     107.493    -16.500
    1582     107.493    -17.000
    1583     105.308      8.000
    1584     105.308      7.250
    1585     105.308      6.500
    1586     105.308      5.750
    1587     105.308      5.000
    1588     105.308      4.250
    1589     105.308      3.500
    1590     107.493    -17.500
    1591     105.308      2.750
    1592     105.308      2.000
    1593     105.308      1.250
    1594     107.493    -18.000
    1595     105.308      0.500
    1596     105.308     -0.250
    1597     107.493    -18.500
    1598     105.308     -1.000
    1599     105.308     -1.750
    1600     107.493    -19.000
    1601     105.308     -2.500
    1602     105.308     -3.250
    1603     107.493    -19.500
    1604     105.308     -4.000
    1605     105.308     -4.500
    1606     107.493    -20.000
    1607     105.308     -5.000
    1608     105.308     -5.500
    1609     107.493    -20.500
    1610     105.308     -6.000
    1611     105.308     -6.500
    1612     107.493    -21.000
    1613     105.308     -7.000
    1614     105.308     -7.500
    1615     107.493    -21.500
    1616     105.308     -8.000
    1617     105.308     -8.500
    1618     107.493    -22.000
    1619     105.308     -9.000
    1620     107.493    -22.500
    1621     105.308     -9.500
    1622     105.308    -10.000
    1623     107.493    -23.000
    1624     105.308    -10.500
    1625     105.308    -11.000
    1626     107.493    -23.500
    1627     105.308    -11.500
    1628     107.493    -24.000
    1629     105.308    -12.000
    1630     105.308    -12.500
    1631     105.308    -13.000
    1632     105.308    -13.500
    1633     105.308    -14.000
    1634     105.308    -14.500
    1635     105.308    -15.000
    1636     105.308    -15.500
    1637     105.308    -16.000
    1638     105.308    -16.500
    1639     103.188      8.000
    1640     103.188      7.250
    1641     103.188      6.500
    1642     103.188      5.750
    1643     105.308    -17.000
    1644     103.188      5.000
    1645     103.188      4.250
    1646     103.188      3.500
    1647     103.188      2.750
    1648     105.308    -17.500
    1649     103.188      2.000
    1650     103.188      1.250
    1651     103.188      0.500
    1652     105.308    -18.000
    1653     103.188     -0.250
    1654     103.188     -1.000
    1655     105.308    -18.500
    1656     103.188     -1.750
    1657     103.188     -2.500
    1658     105.308    -19.000
    1659     103.188     -3.250
    1660     105.308    -19.500
    1661     103.188     -4.000
    1662     103.188     -4.500
    1663     105.308    -20.000
    1664     103.188     -5.000
    1665     103.188     -5.500
    1666     105.308    -20.500
    1667     103.188     -6.000
    1668     103.188     -6.500
    1669     105.308    -21.000
    1670     103.188     -7.000
    1671     103.188     -7.500
    1672     105.308    -21.500
    1673     103.188     -8.000
    1674     103.188     -8.500
    1675     105.308    -22.000
    1676     103.188     -9.000
    1677     103.188     -9.500
    1678     105.308    -22.500
    1679     103.188    -10.000
    1680     103.188    -10.500
    1681     105.308    -23.000
    1682     103.188    -11.000
    1683     105.308    -23.500
    1684     103.188    -11.500
    1685     103.188    -12.000
    1686     105.308    -24.000
    1687     103.188    -12.500
    1688     103.188    -13.000
    1689     103.188    -13.500
    1690     103.188    -14.000
    1691     103.188    -14.500
    1692     103.188    -15.000
    1693     103.188    -15.500
    1694     103.188    -16.000
    1695     103.188    -16.500
    1696     101.131      8.000
    1697     101.131      7.250
    1698     101.131      6.500
    1699     101.131      5.750
    1700     101.131      5.000
    1701     101.131      4.250
    1702     103.188    -17.000
    1703     101.131      3.500
    1704     101.131      2.750
    1705     101.131      2.000
    1706     103.188    -17.500
    1707     101.131      1.250
    1708     101.131      0.500
    1709     103.188    -18.000
    1710     101.131     -0.250
    1711     101.131     -1.000
    1712     103.188    -18.500
    1713     101.131     -1.750
    1714     101.131     -2.500
    1715     103.188    -19.000
    1716     101.131     -3.250
    1717     101.131     -4.000
    1718     103.188    -19.500
    1719     101.131     -4.500
    1720     101.131     -5.000
    1721     103.188    -20.000
    1722     101.131     -5.500
    1723     101.131     -6.000
    1724     103.188    -20.500
    1725     101.131     -6.500
    1726     101.131     -7.000
    1727     103.188    -21.000
    1728     101.131     -7.500
    1729     101.131     -8.000
    1730     103.188    -21.500
    1731     101.131     -8.500
    1732     101.131     -9.000
    1733     103.188    -22.000
    1734     101.131     -9.500
    1735     103.188    -22.500
    1736     101.131    -10.000
    1737     101.131    -10.500
    1738     103.188    -23.000
    1739     101.131    -11.000
    1740     101.131    -11.500
    1741     103.188    -23.500
    1742     101.131    -12.000
    1743     103.188    -24.000
    1744     101.131    -12.500
    1745     101.131    -13.000
    1746     101.131    -13.500
    1747     101.131    -14.000
    1748     101.131    -14.500
    1749     101.131    -15.000
    1750     101.131    -15.500
    1751     101.131    -16.000
    1752      99.135      8.000
    1753      99.135      7.250
    1754     101.131    -16.500
    1755      99.135      6.500
    1756      99.135      5.750
    1757      99.135      5.000
    1758      99.135      4.250
    1759      99.135      3.500
    1760     101.131    -17.000
    1761      99.135      2.750
    1762      99.135      2.000
    1763      99.135      1.250
    1764     101.131    -17.500
    1765      99.135      0.500
    1766      99.135     -0.250
    1767     101.131    -18.000
    1768      99.135     -1.000
    1769      99.135     -1.750
    1770     101.131    -18.500
    1771      99.135     -2.500
    1772      99.135     -3.250
    1773     101.131    -19.000
    1774      99.135     -4.000
    1775      99.135     -4.500
    1776     101.131    -19.500
    1777      99.135     -5.000
    1778      99.135     -5.500
    1779     101.131    -20.000
    1780      99.135     -6.000
    1781      99.135     -6.500
    1782     101.131    -20.500
    1783      99.135     -7.000
    1784      99.135     -7.500
    1785     101.131    -21.000
    1786      99.135     -8.000
    1787     101.131    -21.500
    1788      99.135     -8.500
    1789      99.135     -9.000
    1790     101.131    -22.000
    1791      99.135     -9.500
    1792      99.135    -10.000
    1793     101.131    -22.500
    1794      99.135    -10.500
    1795      99.135    -11.000
    1796     101.131    -23.000
    1797      99.135    -11.500
    1798     101.131    -23.500
    1799      99.135    -12.000
    1800      99.135    -12.500
    1801     101.131    -24.000
    1802      99.135    -13.000
    1803      99.135    -13.500
    1804      99.135    -14.000
    1805      99.135    -14.500
    1806      99.135    -15.000
    1807      99.135    -15.500
    1808      99.135    -16.000
    1809      97.197      8.000
    1810      97.197      7.250
    1811      97.197      6.500
    1812      97.197      5.750
    1813      97.197      5.000
    1814      99.135    -16.500
    1815      97.197      4.250
    1816      97.197      3.500
    1817      97.197      2.750
    1818      97.197      2.000
    1819      99.135    -17.000
    1820      97.197      1.250
    1821      97.197      0.500
    1822      99.135    -17.500
    1823      97.197     -0.250
    1824      97.197     -1.000
    1825      99.135    -18.000
    1826      97.197     -1.750
    1827      97.197     -2.500
    1828      99.135    -18.500
    1829      97.197     -3.250
    1830      99.135    -19.000
    1831      97.197     -4.000
    1832      97.197     -4.500
    1833      99.135    -19.500
    1834      97.197     -5.000
    1835      97.197     -5.500
    1836      99.135    -20.000
    1837      97.197     -6.000
    1838      97.197     -6.500
    1839      99.135    -20.500
    1840      97.197     -7.000
    1841      97.197     -7.500
    1842      99.135    -21.000
    1843      97.197     -8.000
    1844      97.197     -8.500
    1845      99.135    -21.500
    1846      97.197     -9.000
    1847      97.197     -9.500
    1848      99.135    -22.000
    1849      97.197    -10.000
    1850      99.135    -22.500
    1851      97.197    -10.500
    1852      97.197    -11.000
    1853      99.135    -23.000
    1854      97.197    -11.500
    1855      97.197    -12.000
    1856      99.135    -23.500
    1857      97.197    -12.500
    1858      99.135    -24.000
    1859      97.197    -13.000
    1860      97.197    -13.500
    1861      97.197    -14.000
    1862      97.197    -14.500
    1863      97.197    -15.000
    1864      97.197    -15.500
    1865      97.197    -16.000
    1866      95.315      8.000
    1867      95.315      7.250
    1868      95.315      6.500
    1869      95.315      5.750
    1870      95.315      5.000
    1871      95.315      4.250
    1872      95.315      3.500
    1873      97.197    -16.500
    1874      95.315      2.750
    1875      95.315      2.000
    1876      95.315      1.250
    1877      97.197    -17.000
    1878      95.315      0.500
    1879      95.315     -0.250
    1880      97.197    -17.500
    1881      95.315     -1.000
    1882      95.315     -1.750
    1883      97.197    -18.000
    1884      95.315     -2.500
    1885      97.197    -18.500
    1886      95.315     -3.250
    1887      95.315     -4.000
    1888      97.197    -19.000
    1889      95.315     -4.500
    1890      95.315     -5.000
    1891      97.197    -19.500
    1892      95.315     -5.500
    1893      95.315     -6.000
    1894      97.197    -20.000
    1895      95.315     -6.500
    1896      95.315     -7.000
    1897      97.197    -20.500
    1898      95.315     -7.500
    1899      95.315     -8.000
    1900      97.197    -21.000
    1901      95.315     -8.500
    1902      95.315     -9.000
    1903      97.197    -21.500
    1904      95.315     -9.500
    1905      97.197    -22.000
    1906      95.315    -10.000
    1907      95.315    -10.500
    1908      97.197    -22.500
    1909      95.315    -11.000
    1910      95.315    -11.500
    1911      97.197    -23.000
    1912      95.315    -12.000
    1913      97.197    -23.500
    1914      95.315    -12.500
    1915      95.315    -13.000
    1916      97.197    -24.000
    1917      95.315    -13.500
    1918      95.315    -14.000
    1919      95.315    -14.500
    1920      95.315    -15.000
    1921      95.315    -15.500
    1922      93.486      8.000
    1923      93.486      7.250
    1924      93.486      6.500
    1925      93.486      5.750
    1926      95.315    -16.000
    1927      93.486      5.000
    1928      93.486      4.250
    1929      93.486      3.500
    1930      93.486      2.750
    1931      95.315    -16.500
    1932      93.486      2.000
    1933      93.486      1.250
    1934      95.315    -17.000
    1935      93.486      0.500
    1936      93.486     -0.250
    1937      93.486     -1.000
    1938      95.315    -17.500
    1939      93.486     -1.750
    1940      95.315    -18.000
    1941      93.486     -2.500
    1942      93.486     -3.250
    1943      95.315    -18.500
    1944      93.486     -4.000
    1945      93.486     -4.500
    1946      95.315    -19.000
    1947      93.486     -5.000
    1948      93.486     -5.500
    1949      95.315    -19.500
    1950      93.486     -6.000
    1951      93.486     -6.500
    1952      95.315    -20.000
    1953      93.486     -7.000
    1954      93.486     -7.500
    1955      95.315    -20.500
    1956      93.486     -8.000
    1957      95.315    -21.000
    1958      93.486     -8.500
    1959      93.486     -9.000
    1960      95.315    -21.500
    1961      93.486     -9.500
    1962      93.486    -10.000
    1963      95.315    -22.000
    1964      93.486    -10.500
    1965      93.486    -11.000
    1966      95.315    -22.500
    1967      93.486    -11.500
    1968      95.315    -23.000
    1969      93.486    -12.000
    1970      93.486    -12.500
    1971      95.315    -23.500
    1972      93.486    -13.000
    1973      95.315    -24.000
    1974      93.486    -13.500
    1975      93.486    -14.000
    1976      93.486    -14.500
    1977      93.486    -15.000
    1978      93.486    -15.500
    1979      91.710      8.000
    1980      91.710      7.250
    1981      91.710      6.500
    1982      91.710      5.750
    1983      91.710      5.000
    1984      91.710      4.250
    1985      93.486    -16.000
    1986      91.710      3.500
    1987      91.710      2.750
    1988      91.710      2.000
    1989      93.486    -16.500
    1990      91.710      1.250
    1991      91.710      0.500
    1992      93.486    -17.000
    1993      91.710     -0.250
    1994      91.710     -1.000
    1995      93.486    -17.500
    1996      91.710     -1.750
    1997      91.710     -2.500
    1998      93.486    -18.000
    1999      91.710     -3.250
    2000      93.486    -18.500
    2001      91.710     -4.000
    2002      91.710     -4.500
    2003      91.710     -5.000
    2004      93.486    -19.000
    2005      91.710     -5.500
    2006      91.710     -6.000
    2007      93.486    -19.500
    2008      91.710     -6.500
    2009      93.486    -20.000
    2010      91.710     -7.000
    2011      91.710     -7.500
    2012      93.486    -20.500
    2013      91.710     -8.000
    2014      91.710     -8.500
    2015      93.486    -21.000
    2016      91.710     -9.000
    2017      91.710     -9.500
    2018      93.486    -21.500
    2019      91.710    -10.000
    2020      93.486    -22.000
    2021      91.710    -10.500
    2022      91.710    -11.000
    2023      93.486    -22.500
    2024      91.710    -11.500
    2025      91.710    -12.000
    2026      93.486    -23.000
    2027      91.710    -12.500
    2028      93.486    -23.500
    2029      91.710    -13.000
    2030      91.710    -13.500
    2031      93.486    -24.000
    2032      91.710    -14.000
    2033      91.710    -14.500
    2034      91.710    -15.000
    2035      89.982      8.000
    2036      89.982      7.250
    2037      89.982      6.500
    2038      91.710    -15.500
    2039      89.982      5.750
    2040      89.982      5.000
    2041      89.982      4.250
    2042      89.982      3.500
    2043      91.710    -16.000
    2044      89.982      2.750
    2045      89.982      2.000
    2046      89.982      1.250
    2047      91.710    -16.500
    2048      89.982      0.500
    2049      89.982     -0.250
    2050      91.710    -17.000
    2051      89.982     -1.000
    2052      89.982     -1.750
    2053      91.710    -17.500
    2054      89.982     -2.500
    2055      91.710    -18.000
    2056      89.982     -3.250
    2057      89.982     -4.000
    2058      91.710    -18.500
    2059      89.982     -4.500
    2060      89.982     -5.000
    2061      91.710    -19.000
    2062      89.982     -5.500
    2063      89.982     -6.000
    2064      91.710    -19.500
    2065      89.982     -6.500
    2066      89.982     -7.000
    2067      91.710    -20.000
    2068      89.982     -7.500
    2069      89.982     -8.000
    2070      91.710    -20.500
    2071      89.982     -8.500
    2072      89.982     -9.000
    2073      91.710    -21.000
    2074      89.982     -9.500
    2075      91.710    -21.500
    2076      89.982    -10.000
    2077      89.982    -10.500
    2078      91.710    -22.000
    2079      89.982    -11.000
    2080      89.982    -11.500
    2081      91.710    -22.500
    2082      89.982    -12.000
    2083      91.710    -23.000
    2084      89.982    -12.500
    2085      89.982    -13.000
    2086      91.710    -23.500
    2087      89.982    -13.500
    2088      91.710    -24.000
    2089      89.982    -14.000
    2090      89.982    -14.500
    2091      89.982    -15.000
    2092      88.302      8.000
    2093      88.302      7.250
    2094      88.302      6.500
    2095      88.302      5.750
    2096      88.302      5.000
    2097      89.982    -15.500
    2098      88.302      4.250
    2099      88.302      3.500
    2100      88.302      2.750
    2101      89.982    -16.000
    2102      88.302      2.000
    2103      88.302      1.250
    2104      88.302      0.500
    2105      89.982    -16.500
    2106      88.302     -0.250
    2107      88.302     -1.000
    2108      89.982    -17.000
    2109      88.302     -1.750
    2110      89.982    -17.500
    2111      88.302     -2.500
    2112      88.302     -3.250
    2113      89.982    -18.000
    2114      88.302     -4.000
    2115      88.302     -4.500
    2116      89.982    -18.500
    2117      88.302     -5.000
    2118      88.302     -5.500
    2119      89.982    -19.000
    2120      88.302     -6.000
    2121      88.302     -6.500
    2122      89.982    -19.500
    2123      88.302     -7.000
    2124      88.302     -7.500
    2125      89.982    -20.000
    2126      88.302     -8.000
    2127      89.982    -20.500
    2128      88.302     -8.500
    2129      88.302     -9.000
    2130      89.982    -21.000
    2131      88.302     -9.500
    2132      88.302    -10.000
    2133      89.982    -21.500
    2134      88.302    -10.500
    2135      89.982    -22.000
    2136      88.302    -11.000
    2137      88.302    -11.500
    2138      89.982    -22.500
    2139      88.302    -12.000
    2140      88.302    -12.500
    2141      89.982    -23.000
    2142      88.302    -13.000
    2143      89.982    -23.500
    2144      88.302    -13.500
    2145      89.982    -24.000
    2146      88.302    -14.000
    2147      88.302    -14.500
    2148      88.302    -15.000
    2149      86.668      8.000
    2150      86.668      7.250
    2151      86.668      6.500
    2152      86.668      5.750
    2153      86.668      5.000
    2154      86.668      4.250
    2155      86.668      3.500
    2156      88.302    -15.500
    2157      86.668      2.750
    2158      86.668      2.000
    2159      88.302    -16.000
    2160      86.668      1.250
    2161      86.668      0.500
    2162      86.668     -0.250
    2163      88.302    -16.500
    2164      86.668     -1.000
    2165      88.302    -17.000
    2166      86.668     -1.750
    2167      86.668     -2.500
    2168      88.302    -17.500
    2169      86.668     -3.250
    2170      86.668     -4.000
    2171      88.302    -18.000
    2172      86.668     -4.500
    2173      86.668     -5.000
    2174      88.302    -18.500
    2175      86.668     -5.500
    2176      86.668     -6.000
    2177      88.302    -19.000
    2178      86.668     -6.500
    2179      86.668     -7.000
    2180      88.302    -19.500
    2181      86.668     -7.500
    2182      88.302    -20.000
    2183      86.668     -8.000
    2184      86.668     -8.500
    2185      88.302    -20.500
    2186      86.668     -9.000
    2187      86.668     -9.500
    2188      88.302    -21.000
    2189      86.668    -10.000
    2190      88.302    -21.500
    2191      86.668    -10.500
    2192      86.668    -11.000
    2193      88.302    -22.000
    2194      86.668    -11.500
    2195      88.302    -22.500
    2196      86.668    -12.000
    2197      86.668    -12.500
    2198      88.302    -23.000
    2199      86.668    -13.000
    2200      88.302    -23.500
    2201      86.668    -13.500
    2202      86.668    -14.000
    2203      88.302    -24.000
    2204      86.668    -14.500
    2205      85.078      8.000
    2206      85.078      7.250
    2207      85.078      6.500
    2208      85.078      5.750
    2209      86.668    -15.000
    2210      85.078      5.000
    2211      85.078      4.250
    2212      85.078      3.500
    2213      85.078      2.750
    2214      86.668    -15.500
    2215      85.078      2.000
    2216      85.078      1.250
    2217      86.668    -16.000
    2218      85.078      0.500
    2219      85.078     -0.250
    2220      86.668    -16.500
    2221      85.078     -1.000
    2222      85.078     -1.750
    2223      86.668    -17.000
    2224      85.078     -2.500
    2225      85.078     -3.250
    2226      86.668    -17.500
    2227      85.078     -4.000
    2228      86.668    -18.000
    2229      85.078     -4.500
    2230      85.078     -5.000
    2231      86.668    -18.500
    2232      85.078     -5.500
    2233      85.078     -6.000
    2234      86.668    -19.000
    2235      85.078     -6.500
    2236      85.078     -7.000
    2237      86.668    -19.500
    2238      85.078     -7.500
    2239      85.078     -8.000
    2240      86.668    -20.000
    2241      85.078     -8.500
    2242      85.078     -9.000
    2243      86.668    -20.500
    2244      85.078     -9.500
    2245      86.668    -21.000
    2246      85.078    -10.000
    2247      85.078    -10.500
    2248      86.668    -21.500
    2249      85.078    -11.000
    2250      86.668    -22.000
    2251      85.078    -11.500
    2252      85.078    -12.000
    2253      86.668    -22.500
    2254      85.078    -12.500
    2255      86.668    -23.000
    2256      85.078    -13.000
    2257      85.078    -13.500
    2258      86.668    -23.500
    2259      85.078    -14.000
    2260      86.668    -24.000
    2261      85.078    -14.500
    2262      83.530      8.000
    2263      83.530      7.250
    2264      83.530      6.500
    2265      83.530      5.750
    2266      83.530      5.000
    2267      83.530      4.250
    2268      85.078    -15.000
    2269      83.530      3.500
    2270      83.530      2.750
    2271      83.530      2.000
    2272      85.078    -15.500
    2273      83.530      1.250
    2274      83.530      0.500
    2275      85.078    -16.000
    2276      83.530     -0.250
    2277      83.530     -1.000
    2278      85.078    -16.500
    2279      83.530     -1.750
    2280      83.530     -2.500
    2281      85.078    -17.000
    2282      83.530     -3.250
    2283      85.078    -17.500
    2284      83.530     -4.000
    2285      83.530     -4.500
    2286      85.078    -18.000
    2287      83.530     -5.000
    2288      83.530     -5.500
    2289      85.078    -18.500
    2290      83.530     -6.000
    2291      83.530     -6.500
    2292      85.078    -19.000
    2293      83.530     -7.000
    2294      83.530     -7.500
    2295      85.078    -19.500
    2296      83.530     -8.000
    2297      85.078    -20.000
    2298      83.530     -8.500
    2299      83.530     -9.000
    2300      85.078    -20.500
    2301      83.530     -9.500
    2302      83.530    -10.000
    2303      85.078    -21.000
    2304      83.530    -10.500
    2305      85.078    -21.500
    2306      83.530    -11.000
    2307      83.530    -11.500
    2308      85.078    -22.000
    2309      83.530    -12.000
    2310      85.078    -22.500
    2311      83.530    -12.500
    2312      83.530    -13.000
    2313      85.078    -23.000
    2314      83.530    -13.500
    2315      85.078    -23.500
    2316      83.530    -14.000
    2317      82.023      8.000
    2318      82.023      7.250
    2319      83.530    -14.500
    2320      82.023      6.500
    2321      82.023      5.750
    2322      85.078    -24.000
    2323      82.023      5.000
    2324      82.023      4.250
    2325      82.023      3.500
    2326      83.530    -15.000
    2327      82.023      2.750
    2328      82.023      2.000
    2329      82.023      1.250
    2330      83.530    -15.500
    2331      82.023      0.500
    2332      82.023     -0.250
    2333      83.530    -16.000
    2334      82.023     -1.000
    2335      82.023     -1.750
    2336      83.530    -16.500
    2337      82.023     -2.500
    2338      83.530    -17.000
    2339      82.023     -3.250
    2340      82.023     -4.000
    2341      83.530    -17.500
    2342      82.023     -4.500
    2343      82.023     -5.000
    2344      83.530    -18.000
    2345      82.023     -5.500
    2346      82.023     -6.000
    2347      83.530    -18.500
    2348      82.023     -6.500
    2349      83.530    -19.000
    2350      82.023     -7.000
    2351      82.023     -7.500
    2352      83.530    -19.500
    2353      82.023     -8.000
    2354      82.023     -8.500
    2355      83.530    -20.000
    2356      82.023     -9.000
    2357      82.023     -9.500
    2358      83.530    -20.500
    2359      82.023    -10.000
    2360      83.530    -21.000
    2361      82.023    -10.500
    2362      82.023    -11.000
    2363      83.530    -21.500
    2364      82.023    -11.500
    2365      83.530    -22.000
    2366      82.023    -12.000
    2367      82.023    -12.500
    2368      83.530    -22.500
    2369      82.023    -13.000
    2370      83.530    -23.000
    2371      82.023    -13.500
    2372      82.023    -14.000
    2373      83.530    -23.500
    2374      80.555      8.000
    2375      80.555      7.250
    2376      80.555      6.500
    2377      80.555      5.750
    2378      80.555      5.000
    2379      82.023    -14.500
    2380      80.555      4.250
    2381      80.555      3.500
    2382      83.530    -24.000
    2383      80.555      2.750
    2384      82.023    -15.000
    2385      80.555      2.000
    2386      80.555      1.250
    2387      80.555      0.500
    2388      82.023    -15.500
    2389      80.555     -0.250
    2390      82.023    -16.000
    2391      80.555     -1.000
    2392      80.555     -1.750
    2393      82.023    -16.500
    2394      80.555     -2.500
    2395      80.555     -3.250
    2396      82.023    -17.000
    2397      80.555     -4.000
    2398      82.023    -17.500
    2399      80.555     -4.500
    2400      80.555     -5.000
    2401      82.023    -18.000
    2402      80.555     -5.500
    2403      80.555     -6.000
    2404      82.023    -18.500
    2405      80.555     -6.500
    2406      80.555     -7.000
    2407      82.023    -19.000
    2408      80.555     -7.500
    2409      80.555     -8.000
    2410      82.023    -19.500
    2411      80.555     -8.500
    2412      82.023    -20.000
    2413      80.555     -9.000
    2414      80.555     -9.500
    2415      82.023    -20.500
    2416      80.555    -10.000
    2417      80.555    -10.500
    2418      82.023    -21.000
    2419      80.555    -11.000
    2420      82.023    -21.500
    2421      80.555    -11.500
    2422      80.555    -12.000
    2423      82.023    -22.000
    2424      80.555    -12.500
    2425      82.023    -22.500
    2426      80.555    -13.000
    2427      80.555    -13.500
    2428      82.023    -23.000
    2429      80.555    -14.000
    2430      79.125      8.000
    2431      79.125      7.250
    2432      79.125      6.500
    2433      79.125      5.750
    2434      79.125      5.000
    2435      82.023    -23.500
    2436      79.125      4.250
    2437      80.555    -14.500
    2438      79.125      3.500
    2439      79.125      2.750
    2440      79.125      2.000
    2441      82.023    -24.000
    2442      80.555    -15.000
    2443      79.125      1.250
    2444      79.125      0.500
    2445      80.555    -15.500
    2446      79.125     -0.250
    2447      79.125     -1.000
    2448      80.555    -16.000
    2449      79.125     -1.750
    2450      79.125     -2.500
    2451      80.555    -16.500
    2452      79.125     -3.250
    2453      80.555    -17.000
    2454      79.125     -4.000
    2455      79.125     -4.500
    2456      80.555    -17.500
    2457      79.125     -5.000
    2458      79.125     -5.500
    2459      80.555    -18.000
    2460      79.125     -6.000
    2461      79.125     -6.500
    2462      80.555    -18.500
    2463      79.125     -7.000
    2464      79.125     -7.500
    2465      80.555    -19.000
    2466      79.125     -8.000
    2467      80.555    -19.500
    2468      79.125     -8.500
    2469      79.125     -9.000
    2470      80.555    -20.000
    2471      79.125     -9.500
    2472      79.125    -10.000
    2473      80.555    -20.500
    2474      79.125    -10.500
    2475      80.555    -21.000
    2476      79.125    -11.000
    2477      79.125    -11.500
    2478      80.555    -21.500
    2479      79.125    -12.000
    2480      80.555    -22.000
    2481      79.125    -12.500
    2482      79.125    -13.000
    2483      80.555    -22.500
    2484      79.125    -13.500
    2485      80.555    -23.000
    2486      77.731      8.000
    2487      77.731      7.250
    2488      77.731      6.500
    2489      77.731      5.750
    2490      79.125    -14.000
    2491      77.731      5.000
    2492      77.731      4.250
    2493      77.731      3.500
    2494      80.555    -23.500
    2495      77.731      2.750
    2496      79.125    -14.500
    2497      77.731      2.000
    2498      77.731      1.250
    2499      79.125    -15.000
    2500      77.731      0.500
    2501      80.555    -24.000
    2502      77.731     -0.250
    2503      79.125    -15.500
    2504      77.731     -1.000
    2505      77.731     -1.750
    2506      79.125    -16.000
    2507      77.731     -2.500
    2508      79.125    -16.500
    2509      77.731     -3.250
    2510      77.731     -4.000
    2511      79.125    -17.000
    2512      77.731     -4.500
    2513      77.731     -5.000
    2514      79.125    -17.500
    2515      77.731     -5.500
    2516      77.731     -6.000
    2517      79.125    -18.000
    2518      77.731     -6.500
    2519      79.125    -18.500
    2520      77.731     -7.000
    2521      77.731     -7.500
    2522      79.125    -19.000
    2523      77.731     -8.000
    2524      77.731     -8.500
    2525      79.125    -19.500
    2526      77.731     -9.000
    2527      79.125    -20.000
    2528      77.731     -9.500
    2529      77.731    -10.000
    2530      79.125    -20.500
    2531      77.731    -10.500
    2532      77.731    -11.000
    2533      79.125    -21.000
    2534      77.731    -11.500
    2535      79.125    -21.500
    2536      77.731    -12.000
    2537      77.731    -12.500
    2538      79.125    -22.000
    2539      77.731    -13.000
    2540      79.125    -22.500
    2541      77.731    -13.500
    2542      76.372      8.000
    2543      76.372      7.250
    2544      76.372      6.500
    2545      76.372      5.750
    2546      76.372      5.000
    2547      79.125    -23.000
    2548      77.731    -14.000
    2549      76.372      4.250
    2550      76.372      3.500
    2551      76.372      2.750
    2552      76.372      2.000
    2553      77.731    -14.500
    2554      79.125    -23.500
    2555      76.372      1.250
    2556      76.372      0.500
    2557      77.731    -15.000
    2558      76.372     -0.250
    2559      79.125    -24.000
    2560      76.372     -1.000
    2561      77.731    -15.500
    2562      76.372     -1.750
    2563      77.731    -16.000
    2564      76.372     -2.500
    2565      76.372     -3.250
    2566      77.731    -16.500
    2567      76.372     -4.000
    2568      77.731    -17.000
    2569      76.372     -4.500
    2570      76.372     -5.000
    2571      77.731    -17.500
    2572      76.372     -5.500
    2573      76.372     -6.000
    2574      77.731    -18.000
    2575      76.372     -6.500
    2576      76.372     -7.000
    2577      77.731    -18.500
    2578      76.372     -7.500
    2579      76.372     -8.000
    2580      77.731    -19.000
    2581      76.372     -8.500
    2582      77.731    -19.500
    2583      76.372     -9.000
    2584      76.372     -9.500
    2585      77.731    -20.000
    2586      76.372    -10.000
    2587      77.731    -20.500
    2588      76.372    -10.500
    2589      76.372    -11.000
    2590      77.731    -21.000
    2591      76.372    -11.500
    2592      76.372    -12.000
    2593      77.731    -21.500
    2594      76.372    -12.500
    2595      77.731    -22.000
    2596      76.372    -13.000
    2597      77.731    -22.500
    2598      75.046      8.000
    2599      76.372    -13.500
    2600      75.046      7.250
    2601      75.046      6.500
    2602      75.046      5.750
    2603      75.046      5.000
    2604      75.046      4.250
    2605      75.046      3.500
    2606      76.372    -14.000
    2607      75.046      2.750
    2608      77.731    -23.000
    2609      75.046      2.000
    2610      76.372    -14.500
    2611      75.046      1.250
    2612      75.046      0.500
    2613      77.731    -23.500
    2614      76.372    -15.000
    2615      75.046     -0.250
    2616      75.046     -1.000
    2617      76.372    -15.500
    2618      77.731    -24.000
    2619      75.046     -1.750
    2620      75.046     -2.500
    2621      76.372    -16.000
    2622      75.046     -3.250
    2623      76.372    -16.500
    2624      75.046     -4.000
    2625      75.046     -4.500
    2626      76.372    -17.000
    2627      75.046     -5.000
    2628      75.046     -5.500
    2629      76.372    -17.500
    2630      75.046     -6.000
    2631      75.046     -6.500
    2632      76.372    -18.000
    2633      75.046     -7.000
    2634      76.372    -18.500
    2635      75.046     -7.500
    2636      75.046     -8.000
    2637      76.372    -19.000
    2638      75.046     -8.500
    2639      75.046     -9.000
    2640      76.372    -19.500
    2641      75.046     -9.500
    2642      76.372    -20.000
    2643      75.046    -10.000
    2644      75.046    -10.500
    2645      76.372    -20.500
    2646      75.046    -11.000
    2647      76.372    -21.000
    2648      75.046    -11.500
    2649      75.046    -12.000
    2650      76.372    -21.500
    2651      75.046    -12.500
    2652      76.372    -22.000
    2653      75.046    -13.000
    2654      73.753      8.000
    2655      73.753      7.250
    2656      73.753      6.500
    2657      73.753      5.750
    2658      75.046    -13.500
    2659      73.753      5.000
    2660      76.372    -22.500
    2661      73.753      4.250
    2662      73.753      3.500
    2663      73.753      2.750
    2664      75.046    -14.000
    2665      73.753      2.000
    2666      76.372    -23.000
    2667      73.753      1.250
    2668      75.046    -14.500
    2669      73.753      0.500
    2670      73.753     -0.250
    2671      75.046    -15.000
    2672      76.372    -23.500
    2673      73.753     -1.000
    2674      73.753     -1.750
    2675      75.046    -15.500
    2676      76.372    -24.000
    2677      73.753     -2.500
    2678      75.046    -16.000
    2679      73.753     -3.250
    2680      73.753     -4.000
    2681      75.046    -16.500
    2682      73.753     -4.500
    2683      73.753     -5.000
    2684      75.046    -17.000
    2685      73.753     -5.500
    2686      73.753     -6.000
    2687      75.046    -17.500
    2688      73.753     -6.500
    2689      75.046    -18.000
    2690      73.753     -7.000
    2691      73.753     -7.500
    2692      75.046    -18.500
    2693      73.753     -8.000
    2694      73.753     -8.500
    2695      75.046    -19.000
    2696      73.753     -9.000
    2697      75.046    -19.500
    2698      73.753     -9.500
    2699      73.753    -10.000
    2700      75.046    -20.000
    2701      73.753    -10.500
    2702      75.046    -20.500
    2703      73.753    -11.000
    2704      73.753    -11.500
    2705      75.046    -21.000
    2706      73.753    -12.000
    2707      75.046    -21.500
    2708      73.753    -12.500
    2709      73.753    -13.000
    2710      75.046    -22.000
    2711      72.491      8.000
    2712      72.491      7.250
    2713      72.491      6.500
    2714      72.491      5.750
    2715      72.491      5.000
    2716      72.491      4.250
    2717      73.753    -13.500
    2718      72.491      3.500
    2719      72.491      2.750
    2720      75.046    -22.500
    2721      72.491      2.000
    2722      73.753    -14.000
    2723      72.491      1.250
    2724      72.491      0.500
    2725      73.753    -14.500
    2726      75.046    -23.000
    2727      72.491     -0.250
    2728      72.491     -1.000
    2729      73.753    -15.000
    2730      75.046    -23.500
    2731      72.491     -1.750
    2732      73.753    -15.500
    2733      72.491     -2.500
    2734      75.046    -24.000
    2735      72.491     -3.250
    2736      73.753    -16.000
    2737      72.491     -4.000
    2738      73.753    -16.500
    2739      72.491     -4.500
    2740      72.491     -5.000
    2741      73.753    -17.000
    2742      72.491     -5.500
    2743      72.491     -6.000
    2744      73.753    -17.500
    2745      72.491     -6.500
    2746      72.491     -7.000
    2747      73.753    -18.000
    2748      72.491     -7.500
    2749      73.753    -18.500
    2750      72.491     -8.000
    2751      72.491     -8.500
    2752      73.753    -19.000
    2753      72.491     -9.000
    2754      72.491     -9.500
    2755      73.753    -19.500
    2756      72.491    -10.000
    2757      73.753    -20.000
    2758      72.491    -10.500
    2759      72.491    -11.000
    2760      73.753    -20.500
    2761      72.491    -11.500
    2762      73.753    -21.000
    2763      72.491    -12.000
    2764      72.491    -12.500
    2765      73.753    -21.500
    2766      71.259      8.000
    2767      71.259      7.250
    2768      72.491    -13.000
    2769      71.259      6.500
    2770      71.259      5.750
    2771      71.259      5.000
    2772      71.259      4.250
    2773      73.753    -22.000
    2774      71.259      3.500
    2775      72.491    -13.500
    2776      71.259      2.750
    2777      71.259      2.000
    2778      73.753    -22.500
    2779      72.491    -14.000
    2780      71.259      1.250
    2781      71.259      0.500
    2782      72.491    -14.500
    2783      71.259     -0.250
    2784      73.753    -23.000
    2785      71.259     -1.000
    2786      72.491    -15.000
    2787      71.259     -1.750
    2788      73.753    -23.500
    2789      71.259     -2.500
    2790      72.491    -15.500
    2791      71.259     -3.250
    2792      72.491    -16.000
    2793      73.753    -24.000
    2794      71.259     -4.000
    2795      71.259     -4.500
    2796      72.491    -16.500
    2797      71.259     -5.000
    2798      71.259     -5.500
    2799      72.491    -17.000
    2800      71.259     -6.000
    2801      71.259     -6.500
    2802      72.491    -17.500
    2803      71.259     -7.000
    2804      72.491    -18.000
    2805      71.259     -7.500
    2806      71.259     -8.000
    2807      72.491    -18.500
    2808      71.259     -8.500
    2809      71.259     -9.000
    2810      72.491    -19.000
    2811      71.259     -9.500
    2812      72.491    -19.500
    2813      71.259    -10.000
    2814      71.259    -10.500
    2815      72.491    -20.000
    2816      71.259    -11.000
    2817      72.491    -20.500
    2818      71.259    -11.500
    2819      71.259    -12.000
    2820      72.491    -21.000
    2821      71.259    -12.500
    2822      72.491    -21.500
    2823      70.055      8.000
    2824      70.055      7.250
    2825      70.055      6.500
    2826      70.055      5.750
    2827      70.055      5.000
    2828      71.259    -13.000
    2829      70.055      4.250
    2830      70.055      3.500
    2831      70.055      2.750
    2832      72.491    -22.000
    2833      71.259    -13.500
    2834      70.055      2.000
    2835      70.055      1.250
    2836      71.259    -14.000
    2837      70.055      0.500
    2838      72.491    -22.500
    2839      70.055     -0.250
    2840      71.259    -14.500
    2841      70.055     -1.000
    2842      72.491    -23.000
    2843      70.055     -1.750
    2844      71.259    -15.000
    2845      70.055     -2.500
    2846      71.259    -15.500
    2847      72.491    -23.500
    2848      70.055     -3.250
    2849      70.055     -4.000
    2850      71.259    -16.000
    2851      72.491    -24.000
    2852      70.055     -4.500
    2853      71.259    -16.500
    2854      70.055     -5.000
    2855      70.055     -5.500
    2856      71.259    -17.000
    2857      70.055     -6.000
    2858      70.055     -6.500
    2859      71.259    -17.500
    2860      70.055     -7.000
    2861      70.055     -7.500
    2862      71.259    -18.000
    2863      70.055     -8.000
    2864      71.259    -18.500
    2865      70.055     -8.500
    2866      70.055     -9.000
    2867      71.259    -19.000
    2868      70.055     -9.500
    2869      70.055    -10.000
    2870      71.259    -19.500
    2871      70.055    -10.500
    2872      71.259    -20.000
    2873      70.055    -11.000
    2874      70.055    -11.500
    2875      71.259    -20.500
    2876      70.055    -12.000
    2877      71.259    -21.000
    2878      70.055    -12.500
    2879      68.880      8.000
    2880      68.880      7.250
    2881      68.880      6.500
    2882      68.880      5.750
    2883      68.880      5.000
    2884      68.880      4.250
    2885      71.259    -21.500
    2886      70.055    -13.000
    2887      68.880      3.500
    2888      68.880      2.750
    2889      68.880      2.000
    2890      70.055    -13.500
    2891      71.259    -22.000
    2892      68.880      1.250
    2893      68.880      0.500
    2894      70.055    -14.000
    2895      68.880     -0.250
    2896      71.259    -22.500
    2897      68.880     -1.000
    2898      70.055    -14.500
    2899      68.880     -1.750
    2900      70.055    -15.000
    2901      71.259    -23.000
    2902      68.880     -2.500
    2903      68.880     -3.250
    2904      70.055    -15.500
    2905      71.259    -23.500
    2906      68.880     -4.000
    2907      70.055    -16.000
    2908      68.880     -4.500
    2909      71.259    -24.000
    2910      68.880     -5.000
    2911      70.055    -16.500
    2912      68.880     -5.500
    2913      68.880     -6.000
    2914      70.055    -17.000
    2915      68.880     -6.500
    2916      68.880     -7.000
    2917      70.055    -17.500
    2918      68.880     -7.500
    2919      70.055    -18.000
    2920      68.880     -8.000
    2921      68.880     -8.500
    2922      70.055    -18.500
    2923      68.880     -9.000
    2924      70.055    -19.000
    2925      68.880     -9.500
    2926      68.880    -10.000
    2927      70.055    -19.500
    2928      68.880    -10.500
    2929      70.055    -20.000
    2930      68.880    -11.000
    2931      68.880    -11.500
    2932      70.055    -20.500
    2933      68.880    -12.000
    2934      70.055    -21.000
    2935      67.731      8.000
    2936      67.731      7.250
    2937      67.731      6.500
    2938      68.880    -12.500
    2939      67.731      5.750
    2940      67.731      5.000
    2941      67.731      4.250
    2942      67.731      3.500
    2943      68.880    -13.000
    2944      67.731      2.750
    2945      70.055    -21.500
    2946      67.731      2.000
    2947      68.880    -13.500
    2948      67.731      1.250
    2949      67.731      0.500
    2950      70.055    -22.000
    2951      68.880    -14.000
    2952      67.731     -0.250
    2953      67.731     -1.000
    2954      70.055    -22.500
    2955      68.880    -14.500
    2956      67.731     -1.750
    2957      67.731     -2.500
    2958      68.880    -15.000
    2959      70.055    -23.000
    2960      67.731     -3.250
    2961      68.880    -15.500
    2962      67.731     -4.000
    2963      70.055    -23.500
    2964      67.731     -4.500
    2965      68.880    -16.000
    2966      67.731     -5.000
    2967      70.055    -24.000
    2968      67.731     -5.500
    2969      68.880    -16.500
    2970      67.731     -6.000
    2971      68.880    -17.000
    2972      67.731     -6.500
    2973      67.731     -7.000
    2974      68.880    -17.500
    2975      67.731     -7.500
    2976      67.731     -8.000
    2977      68.880    -18.000
    2978      67.731     -8.500
    2979      68.880    -18.500
    2980      67.731     -9.000
    2981      67.731     -9.500
    2982      68.880    -19.000
    2983      67.731    -10.000
    2984      68.880    -19.500
    2985      67.731    -10.500
    2986      67.731    -11.000
    2987      68.880    -20.000
    2988      67.731    -11.500
    2989      68.880    -20.500
    2990      67.731    -12.000
    2991      66.608      8.000
    2992      66.608      7.250
    2993      66.608      6.500
    2994      66.608      5.750
    2995      66.608      5.000
    2996      67.731    -12.500
    2997      68.880    -21.000
    2998      66.608      4.250
    2999      66.608      3.500
    3000      66.608      2.750
    3001      67.731    -13.000
    3002      66.608      2.000
    3003      68.880    -21.500
    3004      66.608      1.250
    3005      67.731    -13.500
    3006      66.608      0.500
    3007      66.608     -0.250
    3008      68.880    -22.000
    3009      67.731    -14.000
    3010      66.608     -1.000
    3011      66.608     -1.750
    3012      67.731    -14.500
    3013      68.880    -22.500
    3014      66.608     -2.500
    3015      67.731    -15.000
    3016      66.608     -3.250
    3017      68.880    -23.000
    3018      67.731    -15.500
    3019      66.608     -4.000
    3020      66.608     -4.500
    3021      68.880    -23.500
    3022      67.731    -16.000
    3023      66.608     -5.000
    3024      66.608     -5.500
    3025      67.731    -16.500
    3026      66.608     -6.000
    3027      68.880    -24.000
    3028      66.608     -6.500
    3029      67.731    -17.000
    3030      66.608     -7.000
    3031      67.731    -17.500
    3032      66.608     -7.500
    3033      66.608     -8.000
    3034      67.731    -18.000
    3035      66.608     -8.500
    3036      66.608     -9.000
    3037      67.731    -18.500
    3038      66.608     -9.500
    3039      67.731    -19.000
    3040      66.608    -10.000
    3041      66.608    -10.500
    3042      67.731    -19.500
    3043      66.608    -11.000
    3044      67.731    -20.000
    3045      66.608    -11.500
    3046      66.608    -12.000
    3047      67.731    -20.500
    3048      65.511      8.000
    3049      65.511      7.250
    3050      65.511      6.500
    3051      65.511      5.750
    3052      65.511      5.000
    3053      65.511      4.250
    3054      66.608    -12.500
    3055      65.511      3.500
    3056      67.731    -21.000
    3057      65.511      2.750
    3058      65.511      2.000
    3059      66.608    -13.000
    3060      65.511      1.250
    3061      67.731    -21.500
    3062      65.511      0.500
    3063      66.608    -13.500
    3064      65.511     -0.250
    3065      66.608    -14.000
    3066      65.511     -1.000
    3067      67.731    -22.000
    3068      65.511     -1.750
    3069      66.608    -14.500
    3070      65.511     -2.500
    3071      67.731    -22.500
    3072      66.608    -15.000
    3073      65.511     -3.250
    3074      65.511     -4.000
    3075      67.731    -23.000
    3076      66.608    -15.500
    3077      65.511     -4.500
    3078      65.511     -5.000
    3079      66.608    -16.000
    3080      67.731    -23.500
    3081      65.511     -5.500
    3082      65.511     -6.000
    3083      66.608    -16.500
    3084      67.731    -24.000
    3085      65.511     -6.500
    3086      66.608    -17.000
    3087      65.511     -7.000
    3088      65.511     -7.500
    3089      66.608    -17.500
    3090      65.511     -8.000
    3091      66.608    -18.000
    3092      65.511     -8.500
    3093      65.511     -9.000
    3094      66.608    -18.500
    3095      65.511     -9.500
    3096      65.511    -10.000
    3097      66.608    -19.000
    3098      65.511    -10.500
    3099      66.608    -19.500
    3100      65.511    -11.000
    3101      66.608    -20.000
    3102      65.511    -11.500
    3103      64.437      8.000
    3104      64.437      7.250
    3105      64.437      6.500
    3106      65.511    -12.000
    3107      64.437      5.750
    3108      64.437      5.000
    3109      66.608    -20.500
    3110      64.437      4.250
    3111      64.437      3.500
    3112      65.511    -12.500
    3113      64.437      2.750
    3114      64.437      2.000
    3115      66.608    -21.000
    3116      65.511    -13.000
    3117      64.437      1.250
    3118      64.437      0.500
    3119      65.511    -13.500
    3120      64.437     -0.250
    3121      66.608    -21.500
    3122      64.437     -1.000
    3123      65.511    -14.000
    3124      64.437     -1.750
    3125      66.608    -22.000
    3126      65.511    -14.500
    3127      64.437     -2.500
    3128      64.437     -3.250
    3129      66.608    -22.500
    3130      65.511    -15.000
    3131      64.437     -4.000
    3132      65.511    -15.500
    3133      64.437     -4.500
    3134      66.608    -23.000
    3135      64.437     -5.000
    3136      65.511    -16.000
    3137      64.437     -5.500
    3138      66.608    -23.500
    3139      64.437     -6.000
    3140      65.511    -16.500
    3141      64.437     -6.500
    3142      66.608    -24.000
    3143      64.437     -7.000
    3144      65.511    -17.000
    3145      64.437     -7.500
    3146      65.511    -17.500
    3147      64.437     -8.000
    3148      64.437     -8.500
    3149      65.511    -18.000
    3150      64.437     -9.000
    3151      65.511    -18.500
    3152      64.437     -9.500
    3153      64.437    -10.000
    3154      65.511    -19.000
    3155      64.437    -10.500
    3156      65.511    -19.500
    3157      64.437    -11.000
    3158      64.437    -11.500
    3159      65.511    -20.000
    3160      63.386      8.000
    3161      63.386      7.250
    3162      63.386      6.500
    3163      63.386      5.750
    3164      64.437    -12.000
    3165      63.386      5.000
    3166      63.386      4.250
    3167      63.386      3.500
    3168      65.511    -20.500
    3169      63.386      2.750
    3170      64.437    -12.500
    3171      63.386      2.000
    3172      63.386      1.250
    3173      64.437    -13.000
    3174      65.511    -21.000
    3175      63.386      0.500
    3176      63.386     -0.250
    3177      64.437    -13.500
    3178      63.386     -1.000
    3179      65.511    -21.500
    3180      64.437    -14.000
    3181      63.386     -1.750
    3182      63.386     -2.500
    3183      65.511    -22.000
    3184      64.437    -14.500
    3185      63.386     -3.250
    3186      64.437    -15.000
    3187      65.511    -22.500
    3188      63.386     -4.000
    3189      63.386     -4.500
    3190      64.437    -15.500
    3191      63.386     -5.000
    3192      65.511    -23.000
    3193      63.386     -5.500
    3194      64.437    -16.000
    3195      63.386     -6.000
    3196      65.511    -23.500
    3197      64.437    -16.500
    3198      63.386     -6.500
    3199      63.386     -7.000
    3200      64.437    -17.000
    3201      65.511    -24.000
    3202      63.386     -7.500
    3203      63.386     -8.000
    3204      64.437    -17.500
    3205      63.386     -8.500
    3206      64.437    -18.000
    3207      63.386     -9.000
    3208      63.386     -9.500
    3209      64.437    -18.500
    3210      63.386    -10.000
    3211      64.437    -19.000
    3212      63.386    -10.500
    3213      63.386    -11.000
    3214      64.437    -19.500
    3215      63.386    -11.500
    3216      62.357      8.000
    3217      62.357      7.250
    3218      62.357      6.500
    3219      62.357      5.750
    3220      64.437    -20.000
    3221      62.357      5.000
    3222      62.357      4.250
    3223      63.386    -12.000
    3224      62.357      3.500
    3225      62.357      2.750
    3226      63.386    -12.500
    3227      62.357      2.000
    3228      64.437    -20.500
    3229      62.357      1.250
    3230      63.386    -13.000
    3231      62.357      0.500
    3232      64.437    -21.000
    3233      62.357     -0.250
    3234      63.386    -13.500
    3235      62.357     -1.000
    3236      64.437    -21.500
    3237      62.357     -1.750
    3238      63.386    -14.000
    3239      62.357     -2.500
    3240      63.386    -14.500
    3241      64.437    -22.000
    3242      62.357     -3.250
    3243      62.357     -4.000
    3244      63.386    -15.000
    3245      64.437    -22.500
    3246      62.357     -4.500
    3247      63.386    -15.500
    3248      62.357     -5.000
    3249      62.357     -5.500
    3250      64.437    -23.000
    3251      63.386    -16.000
    3252      62.357     -6.000
    3253      62.357     -6.500
    3254      63.386    -16.500
    3255      64.437    -23.500
    3256      62.357     -7.000
    3257      63.386    -17.000
    3258      62.357     -7.500
    3259      64.437    -24.000
    3260      62.357     -8.000
    3261      63.386    -17.500
    3262      62.357     -8.500
    3263      62.357     -9.000
    3264      63.386    -18.000
    3265      62.357     -9.500
    3266      63.386    -18.500
    3267      62.357    -10.000
    3268      62.357    -10.500
    3269      63.386    -19.000
    3270      62.357    -11.000
    3271      63.386    -19.500
    3272      61.350      8.000
    3273      61.350      7.250
    3274      62.357    -11.500
    3275      61.350      6.500
    3276      61.350      5.750
    3277      61.350      5.000
    3278      61.350      4.250
    3279      63.386    -20.000
    3280      61.350      3.500
    3281      62.357    -12.000
    3282      61.350      2.750
    3283      61.350      2.000
    3284      62.357    -12.500
    3285      61.350      1.250
    3286      63.386    -20.500
    3287      61.350      0.500
    3288      62.357    -13.000
    3289      61.350     -0.250
    3290      63.386    -21.000
    3291      61.350     -1.000
    3292      62.357    -13.500
    3293      61.350     -1.750
    3294      62.357    -14.000
    3295      63.386    -21.500
    3296      61.350     -2.500
    3297      61.350     -3.250
    3298      62.357    -14.500
    3299      63.386    -22.000
    3300      61.350     -4.000
    3301      62.357    -15.000
    3302      61.350     -4.500
    3303      63.386    -22.500
    3304      61.350     -5.000
    3305      62.357    -15.500
    3306      61.350     -5.500
    3307      61.350     -6.000
    3308      62.357    -16.000
    3309      63.386    -23.000
    3310      61.350     -6.500
    3311      62.357    -16.500
    3312      61.350     -7.000
    3313      63.386    -23.500
    3314      61.350     -7.500
    3315      62.357    -17.000
    3316      61.350     -8.000
    3317      63.386    -24.000
    3318      62.357    -17.500
    3319      61.350     -8.500
    3320      61.350     -9.000
    3321      62.357    -18.000
    3322      61.350     -9.500
    3323      62.357    -18.500
    3324      61.350    -10.000
    3325      61.350    -10.500
    3326      62.357    -19.000
    3327      61.350    -11.000
    3328      60.364      8.000
    3329      60.364      7.250
    3330      60.364      6.500
    3331      62.357    -19.500
    3332      60.364      5.750
    3333      61.350    -11.500
    3334      60.364      5.000
    3335      60.364      4.250
    3336      60.364      3.500
    3337      61.350    -12.000
    3338      60.364      2.750
    3339      62.357    -20.000
    3340      60.364      2.000
    3341      60.364      1.250
    3342      61.350    -12.500
    3343      60.364      0.500
    3344      62.357    -20.500
    3345      61.350    -13.000
    3346      60.364     -0.250
    3347      60.364     -1.000
    3348      62.357    -21.000
    3349      61.350    -13.500
    3350      60.364     -1.750
    3351      60.364     -2.500
    3352      61.350    -14.000
    3353      62.357    -21.500
    3354      60.364     -3.250
    3355      61.350    -14.500
    3356      60.364     -4.000
    3357      62.357    -22.000
    3358      61.350    -15.000
    3359      60.364     -4.500
    3360      60.364     -5.000
    3361      62.357    -22.500
    3362      61.350    -15.500
    3363      60.364     -5.500
    3364      60.364     -6.000
    3365      61.350    -16.000
    3366      62.357    -23.000
    3367      60.364     -6.500
    3368      60.364     -7.000
    3369      61.350    -16.500
    3370      62.357    -23.500
    3371      60.364     -7.500
    3372      61.350    -17.000
    3373      60.364     -8.000
    3374      62.357    -24.000
    3375      60.364     -8.500
    3376      61.350    -17.500
    3377      60.364     -9.000
    3378      61.350    -18.000
    3379      60.364     -9.500
    3380      60.364    -10.000
    3381      61.350    -18.500
    3382      60.364    -10.500
    3383      61.350    -19.000
    3384      60.364    -11.000
    3385      59.397      8.000
    3386      59.397      7.250
    3387      59.397      6.500
    3388      59.397      5.750
    3389      59.397      5.000
    3390      60.364    -11.500
    3391      59.397      4.250
    3392      61.350    -19.500
    3393      59.397      3.500
    3394      59.397      2.750
    3395      60.364    -12.000
    3396      59.397      2.000
    3397      61.350    -20.000
    3398      59.397      1.250
    3399      60.364    -12.500
    3400      59.397      0.500
    3401      59.397     -0.250
    3402      61.350    -20.500
    3403      60.364    -13.000
    3404      59.397     -1.000
    3405      60.364    -13.500
    3406      59.397     -1.750
    3407      61.350    -21.000
    3408      59.397     -2.500
    3409      60.364    -14.000
    3410      59.397     -3.250
    3411      61.350    -21.500
    3412      60.364    -14.500
    3413      59.397     -4.000
    3414      59.397     -4.500
    3415      61.350    -22.000
    3416      60.364    -15.000
    3417      59.397     -5.000
    3418      59.397     -5.500
    3419      60.364    -15.500
    3420      61.350    -22.500
    3421      59.397     -6.000
    3422      60.364    -16.000
    3423      59.397     -6.500
    3424      61.350    -23.000
    3425      59.397     -7.000
    3426      60.364    -16.500
    3427      59.397     -7.500
    3428      61.350    -23.500
    3429      59.397     -8.000
    3430      60.364    -17.000
    3431      59.397     -8.500
    3432      60.364    -17.500
    3433      61.350    -24.000
    3434      59.397     -9.000
    3435      59.397     -9.500
    3436      60.364    -18.000
    3437      59.397    -10.000
    3438      60.364    -18.500
    3439      59.397    -10.500
    3440      59.397    -11.000
    3441      60.364    -19.000
    3442      58.450      8.000
    3443      58.450      7.250
    3444      58.450      6.500
    3445      58.450      5.750
    3446      58.450      5.000
    3447      58.450      4.250
    3448      59.397    -11.500
    3449      58.450      3.500
    3450      60.364    -19.500
    3451      58.450      2.750
    3452      58.450      2.000
    3453      59.397    -12.000
    3454      58.450      1.250
    3455      60.364    -20.000
    3456      58.450      0.500
    3457      59.397    -12.500
    3458      58.450     -0.250
    3459      59.397    -13.000
    3460      58.450     -1.000
    3461      60.364    -20.500
    3462      58.450     -1.750
    3463      59.397    -13.500
    3464      58.450     -2.500
    3465      60.364    -21.000
    3466      59.397    -14.000
    3467      58.450     -3.250
    3468      60.364    -21.500
    3469      58.450     -4.000
    3470      59.397    -14.500
    3471      58.450     -4.500
    3472      59.397    -15.000
    3473      58.450     -5.000
    3474      60.364    -22.000
    3475      58.450     -5.500
    3476      59.397    -15.500
    3477      58.450     -6.000
    3478      60.364    -22.500
    3479      58.450     -6.500
    3480      59.397    -16.000
    3481      58.450     -7.000
    3482      60.364    -23.000
    3483      59.397    -16.500
    3484      58.450     -7.500
    3485      58.450     -8.000
    3486      60.364    -23.500
    3487      59.397    -17.000
    3488      58.450     -8.500
    3489      59.397    -17.500
    3490      58.450     -9.000
    3491      60.364    -24.000
    3492      58.450     -9.500
    3493      59.397    -18.000
    3494      58.450    -10.000
    3495      59.397    -18.500
    3496      58.450    -10.500
    3497      57.522      8.000
    3498      57.522      7.250
    3499      57.522      6.500
    3500      58.450    -11.000
    3501      57.522      5.750
    3502      57.522      5.000
    3503      59.397    -19.000
    3504      57.522      4.250
    3505      57.522      3.500
    3506      58.450    -11.500
    3507      57.522      2.750
    3508      57.522      2.000
    3509      59.397    -19.500
    3510      58.450    -12.000
    3511      57.522      1.250
    3512      57.522      0.500
    3513      58.450    -12.500
    3514      59.397    -20.000
    3515      57.522     -0.250
    3516      57.522     -1.000
    3517      58.450    -13.000
    3518      59.397    -20.500
    3519      57.522     -1.750
    3520      58.450    -13.500
    3521      57.522     -2.500
    3522      59.397    -21.000
    3523      57.522     -3.250
    3524      58.450    -14.000
    3525      57.522     -4.000
    3526      58.450    -14.500
    3527      59.397    -21.500
    3528      57.522     -4.500
    3529      57.522     -5.000
    3530      58.450    -15.000
    3531      59.397    -22.000
    3532      57.522     -5.500
    3533      58.450    -15.500
    3534      57.522     -6.000
    3535      57.522     -6.500
    3536      59.397    -22.500
    3537      58.450    -16.000
    3538      57.522     -7.000
    3539      57.522     -7.500
    3540      59.397    -23.000
    3541      58.450    -16.500
    3542      57.522     -8.000
    3543      58.450    -17.000
    3544      57.522     -8.500
    3545      59.397    -23.500
    3546      57.522     -9.000
    3547      58.450    -17.500
    3548      59.397    -24.000
    3549      57.522     -9.500
    3550      58.450    -18.000
    3551      57.522    -10.000
    3552      57.522    -10.500
    3553      58.450    -18.500
    3554      56.611      8.000
    3555      56.611      7.250
    3556      56.611      6.500
    3557      56.611      5.750
    3558      56.611      5.000
    3559      57.522    -11.000
    3560      56.611      4.250
    3561      56.611      3.500
    3562      58.450    -19.000
    3563      56.611      2.750
    3564      57.522    -11.500
    3565      56.611      2.000
    3566      56.611      1.250
    3567      58.450    -19.500
    3568      57.522    -12.000
    3569      56.611      0.500
    3570      56.611     -0.250
    3571      57.522    -12.500
    3572      58.450    -20.000
    3573      56.611     -1.000
    3574      57.522    -13.000
    3575      56.611     -1.750
    3576      58.450    -20.500
    3577      56.611     -2.500
    3578      57.522    -13.500
    3579      56.611     -3.250
    3580      57.522    -14.000
    3581      58.450    -21.000
    3582      56.611     -4.000
    3583      57.522    -14.500
    3584      56.611     -4.500
    3585      58.450    -21.500
    3586      56.611     -5.000
    3587      57.522    -15.000
    3588      56.611     -5.500
    3589      58.450    -22.000
    3590      56.611     -6.000
    3591      57.522    -15.500
    3592      56.611     -6.500
    3593      58.450    -22.500
    3594      57.522    -16.000
    3595      56.611     -7.000
    3596      56.611     -7.500
    3597      57.522    -16.500
    3598      58.450    -23.000
    3599      56.611     -8.000
    3600      56.611     -8.500
    3601      57.522    -17.000
    3602      58.450    -23.500
    3603      56.611     -9.000
    3604      57.522    -17.500
    3605      56.611     -9.500
    3606      58.450    -24.000
    3607      56.611    -10.000
    3608      57.522    -18.000
    3609      56.611    -10.500
    3610      55.718      8.000
    3611      55.718      7.250
    3612      55.718      6.500
    3613      57.522    -18.500
    3614      55.718      5.750
    3615      55.718      5.000
    3616      55.718      4.250
    3617      56.611    -11.000
    3618      55.718      3.500
    3619      55.718      2.750
    3620      57.522    -19.000
    3621      56.611    -11.500
    3622      55.718      2.000
    3623      55.718      1.250
    3624      56.611    -12.000
    3625      55.718      0.500
    3626      57.522    -19.500
    3627      55.718     -0.250
    3628      56.611    -12.500
    3629      55.718     -1.000
    3630      57.522    -20.000
    3631      56.611    -13.000
    3632      55.718     -1.750
    3633      55.718     -2.500
    3634      57.522    -20.500
    3635      56.611    -13.500
    3636      55.718     -3.250
    3637      56.611    -14.000
    3638      57.522    -21.000
    3639      55.718     -4.000
    3640      55.718     -4.500
    3641      56.611    -14.500
    3642      55.718     -5.000
    3643      57.522    -21.500
    3644      55.718     -5.500
    3645      56.611    -15.000
    3646      55.718     -6.000
    3647      57.522    -22.000
    3648      56.611    -15.500
    3649      55.718     -6.500
    3650      55.718     -7.000
    3651      56.611    -16.000
    3652      57.522    -22.500
    3653      55.718     -7.500
    3654      56.611    -16.500
    3655      55.718     -8.000
    3656      57.522    -23.000
    3657      55.718     -8.500
    3658      56.611    -17.000
    3659      55.718     -9.000
    3660      57.522    -23.500
    3661      56.611    -17.500
    3662      55.718     -9.500
    3663      55.718    -10.000
    3664      57.522    -24.000
    3665      56.611    -18.000
    3666      54.841      8.000
    3667      54.841      7.250
    3668      55.718    -10.500
    3669      54.841      6.500
    3670      54.841      5.750
    3671      54.841      5.000
    3672      54.841      4.250
    3673      56.611    -18.500
    3674      55.718    -11.000
    3675      54.841      3.500
    3676      54.841      2.750
    3677      54.841      2.000
    3678      55.718    -11.500
    3679      56.611    -19.000
    3680      54.841      1.250
    3681      54.841      0.500
    3682      55.718    -12.000
    3683      54.841     -0.250
    3684      56.611    -19.500
    3685      55.718    -12.500
    3686      54.841     -1.000
    3687      54.841     -1.750
    3688      56.611    -20.000
    3689      55.718    -13.000
    3690      54.841     -2.500
    3691      55.718    -13.500
    3692      56.611    -20.500
    3693      54.841     -3.250
    3694      55.718    -14.000
    3695      54.841     -4.000
    3696      56.611    -21.000
    3697      54.841     -4.500
    3698      55.718    -14.500
    3699      54.841     -5.000
    3700      54.841     -5.500
    3701      56.611    -21.500
    3702      55.718    -15.000
    3703      54.841     -6.000
    3704      54.841     -6.500
    3705      55.718    -15.500
    3706      56.611    -22.000
    3707      54.841     -7.000
    3708      55.718    -16.000
    3709      54.841     -7.500
    3710      56.611    -22.500
    3711      54.841     -8.000
    3712      55.718    -16.500
    3713      54.841     -8.500
    3714      56.611    -23.000
    3715      55.718    -17.000
    3716      54.841     -9.000
    3717      56.611    -23.500
    3718      54.841     -9.500
    3719      55.718    -17.500
    3720      54.841    -10.000
    3721      55.718    -18.000
    3722      56.611    -24.000
    3723      53.981      8.000
    3724      53.981      7.250
    3725      53.981      6.500
    3726      53.981      5.750
    3727      54.841    -10.500
    3728      53.981      5.000
    3729      53.981      4.250
    3730      53.981      3.500
    3731      55.718    -18.500
    3732      54.841    -11.000
    3733      53.981      2.750
    3734      53.981      2.000
    3735      54.841    -11.500
    3736      53.981      1.250
    3737      55.718    -19.000
    3738      53.981      0.500
    3739      54.841    -12.000
    3740      53.981     -0.250
    3741      55.718    -19.500
    3742      53.981     -1.000
    3743      54.841    -12.500
    3744      53.981     -1.750
    3745      54.841    -13.000
    3746      55.718    -20.000
    3747      53.981     -2.500
    3748      54.841    -13.500
    3749      53.981     -3.250
    3750      55.718    -20.500
    3751      53.981     -4.000
    3752      54.841    -14.000
    3753      53.981     -4.500
    3754      55.718    -21.000
    3755      53.981     -5.000
    3756      54.841    -14.500
    3757      53.981     -5.500
    3758      55.718    -21.500
    3759      54.841    -15.000
    3760      53.981     -6.000
    3761      53.981     -6.500
    3762      54.841    -15.500
    3763      55.718    -22.000
    3764      53.981     -7.000
    3765      54.841    -16.000
    3766      53.981     -7.500
    3767      55.718    -22.500
    3768      53.981     -8.000
    3769      54.841    -16.500
    3770      53.981     -8.500
    3771      55.718    -23.000
    3772      54.841    -17.000
    3773      53.981     -9.000
    3774      53.981     -9.500
    3775      54.841    -17.500
    3776      55.718    -23.500
    3777      53.981    -10.000
    3778      53.135      8.000
    3779      53.135      7.250
    3780      53.135      6.500
    3781      53.135      5.750
    3782      54.841    -18.000
    3783      53.135      5.000
    3784      53.981    -10.500
    3785      55.718    -24.000
    3786      53.135      4.250
    3787      53.135      3.500
    3788      53.135      2.750
    3789      53.981    -11.000
    3790      54.841    -18.500
    3791      53.135      2.000
    3792      53.135      1.250
    3793      53.981    -11.500
    3794      53.135      0.500
    3795      54.841    -19.000
    3796      53.981    -12.000
    3797      53.135     -0.250
    3798      53.135     -1.000
    3799      54.841    -19.500
    3800      53.981    -12.500
    3801      53.135     -1.750
    3802      53.981    -13.000
    3803      53.135     -2.500
    3804      54.841    -20.000
    3805      53.135     -3.250
    3806      53.981    -13.500
    3807      54.841    -20.500
    3808      53.135     -4.000
    3809      53.981    -14.000
    3810      53.135     -4.500
    3811      53.135     -5.000
    3812      54.841    -21.000
    3813      53.981    -14.500
    3814      53.135     -5.500
    3815      53.135     -6.000
    3816      53.981    -15.000
    3817      54.841    -21.500
    3818      53.135     -6.500
    3819      53.981    -15.500
    3820      53.135     -7.000
    3821      54.841    -22.000
    3822      53.135     -7.500
    3823      53.981    -16.000
    3824      53.135     -8.000
    3825      54.841    -22.500
    3826      53.981    -16.500
    3827      53.135     -8.500
    3828      53.135     -9.000
    3829      54.841    -23.000
    3830      53.981    -17.000
    3831      53.135     -9.500
    3832      53.981    -17.500
    3833      54.841    -23.500
    3834      53.135    -10.000
    3835      52.305      8.000
    3836      52.305      7.250
    3837      52.305      6.500
    3838      52.305      5.750
    3839      52.305      5.000
    3840      52.305      4.250
    3841      53.135    -10.500
    3842      53.981    -18.000
    3843      52.305      3.500
    3844      52.305      2.750
    3845      54.841    -24.000
    3846      53.135    -11.000
    3847      52.305      2.000
    3848      53.981    -18.500
    3849      52.305      1.250
    3850      53.135    -11.500
    3851      52.305      0.500
    3852      52.305     -0.250
    3853      53.981    -19.000
    3854      53.135    -12.000
    3855      52.305     -1.000
    3856      53.135    -12.500
    3857      52.305     -1.750
    3858      53.981    -19.500
    3859      52.305     -2.500
    3860      53.135    -13.000
    3861      53.981    -20.000
    3862      52.305     -3.250
    3863      53.135    -13.500
    3864      52.305     -4.000
    3865      53.981    -20.500
    3866      52.305     -4.500
    3867      53.135    -14.000
    3868      52.305     -5.000
    3869      53.135    -14.500
    3870      53.981    -21.000
    3871      52.305     -5.500
    3872      52.305     -6.000
    3873      53.135    -15.000
    3874      52.305     -6.500
    3875      53.981    -21.500
    3876      53.135    -15.500
    3877      52.305     -7.000
    3878      52.305     -7.500
    3879      53.981    -22.000
    3880      53.135    -16.000
    3881      52.305     -8.000
    3882      53.981    -22.500
    3883      52.305     -8.500
    3884      53.135    -16.500
    3885      52.305     -9.000
    3886      53.135    -17.000
    3887      53.981    -23.000
    3888      52.305     -9.500
    3889      53.135    -17.500
    3890      51.489      8.000
    3891      51.489      7.250
    3892      52.305    -10.000
    3893      51.489      6.500
    3894      51.489      5.750
    3895      51.489      5.000
    3896      53.981    -23.500
    3897      51.489      4.250
    3898      52.305    -10.500
    3899      51.489      3.500
    3900      53.135    -18.000
    3901      51.489      2.750
    3902      51.489      2.000
    3903      52.305    -11.000
    3904      53.981    -24.000
    3905      51.489      1.250
    3906      53.135    -18.500
    3907      51.489      0.500
    3908      52.305    -11.500
    3909      51.489     -0.250
    3910      52.305    -12.000
    3911      53.135    -19.000
    3912      51.489     -1.000
    3913      51.489     -1.750
    3914      52.305    -12.500
    3915      53.135    -19.500
    3916      51.489     -2.500
    3917      52.305    -13.000
    3918      51.489     -3.250
    3919      53.135    -20.000
    3920      52.305    -13.500
    3921      51.489     -4.000
    3922      51.489     -4.500
    3923      52.305    -14.000
    3924      53.135    -20.500
    3925      51.489     -5.000
    3926      51.489     -5.500
    3927      52.305    -14.500
    3928      53.135    -21.000
    3929      51.489     -6.000
    3930      52.305    -15.000
    3931      51.489     -6.500
    3932      53.135    -21.500
    3933      51.489     -7.000
    3934      52.305    -15.500
    3935      51.489     -7.500
    3936      53.135    -22.000
    3937      52.305    -16.000
    3938      51.489     -8.000
    3939      51.489     -8.500
    3940      52.305    -16.500
    3941      53.135    -22.500
    3942      51.489     -9.000
    3943      52.305    -17.000
    3944      51.489     -9.500
    3945      53.135    -23.000
    3946      50.687      8.000
    3947      50.687      7.250
    3948      50.687      6.500
    3949      51.489    -10.000
    3950      50.687      5.750
    3951      52.305    -17.500
    3952      50.687      5.000
    3953      50.687      4.250
    3954      50.687      3.500
    3955      53.135    -23.500
    3956      51.489    -10.500
    3957      50.687      2.750
    3958      52.305    -18.000
    3959      50.687      2.000
    3960      51.489    -11.000
    3961      50.687      1.250
    3962      53.135    -24.000
    3963      50.687      0.500
    3964      52.305    -18.500
    3965      51.489    -11.500
    3966      50.687     -0.250
    3967      51.489    -12.000
    3968      50.687     -1.000
    3969      52.305    -19.000
    3970      50.687     -1.750
    3971      51.489    -12.500
    3972      50.687     -2.500
    3973      52.305    -19.500
    3974      51.489    -13.000
    3975      50.687     -3.250
    3976      52.305    -20.000
    3977      51.489    -13.500
    3978      50.687     -4.000
    3979      50.687     -4.500
    3980      51.489    -14.000
    3981      50.687     -5.000
    3982      52.305    -20.500
    3983      50.687     -5.500
    3984      51.489    -14.500
    3985      50.687     -6.000
    3986      52.305    -21.000
    3987      51.489    -15.000
    3988      50.687     -6.500
    3989      50.687     -7.000
    3990      52.305    -21.500
    3991      51.489    -15.500
    3992      50.687     -7.500
    3993      50.687     -8.000
    3994      51.489    -16.000
    3995      52.305    -22.000
    3996      50.687     -8.500
    3997      51.489    -16.500
    3998      52.305    -22.500
    3999      50.687     -9.000
    4000      51.489    -17.000
    4001      50.687     -9.500
    4002      49.899      8.000
    4003      49.899      7.250
    4004      49.899      6.500
    4005      52.305    -23.000
    4006      49.899      5.750
    4007      49.899      5.000
    4008      50.687    -10.000
    4009      49.899      4.250
    4010      51.489    -17.500
    4011      49.899      3.500
    4012      50.687    -10.500
    4013      49.899      2.750
    4014      52.305    -23.500
    4015      49.899      2.000
    4016      51.489    -18.000
    4017      49.899      1.250
    4018      50.687    -11.000
    4019      49.899      0.500
    4020      50.687    -11.500
    4021      52.305    -24.000
    4022      49.899     -0.250
    4023      51.489    -18.500
    4024      49.899     -1.000
    4025      50.687    -12.000
    4026      51.489    -19.000
    4027      49.899     -1.750
    4028      50.687    -12.500
    4029      49.899     -2.500
    4030      51.489    -19.500
    4031      50.687    -13.000
    4032      49.899     -3.250
    4033      49.899     -4.000
    4034      50.687    -13.500
    4035      51.489    -20.000
    4036      49.899     -4.500
    4037      49.899     -5.000
    4038      50.687    -14.000
    4039      51.489    -20.500
    4040      49.899     -5.500
    4041      50.687    -14.500
    4042      49.899     -6.000
    4043      51.489    -21.000
    4044      49.899     -6.500
    4045      50.687    -15.000
    4046      49.899     -7.000
    4047      51.489    -21.500
    4048      50.687    -15.500
    4049      49.899     -7.500
    4050      49.899     -8.000
    4051      50.687    -16.000
    4052      51.489    -22.000
    4053      49.899     -8.500
    4054      50.687    -16.500
    4055      49.899     -9.000
    4056      51.489    -22.500
    4057      49.899     -9.500
    4058      50.687    -17.000
    4059      49.123      8.000
    4060      49.123      7.250
    4061      49.123      6.500
    4062      49.123      5.750
    4063      49.123      5.000
    4064      49.899    -10.000
    4065      49.123      4.250
    4066      51.489    -23.000
    4067      49.123      3.500
    4068      50.687    -17.500
    4069      49.123      2.750
    4070      49.899    -10.500
    4071      49.123      2.000
    4072      49.123      1.250
    4073      51.489    -23.500
    4074      49.899    -11.000
    4075      50.687    -18.000
    4076      49.123      0.500
    4077      49.123     -0.250
    4078      49.899    -11.500
    4079      50.687    -18.500
    4080      51.489    -24.000
    4081      49.123     -1.000
    4082      49.899    -12.000
    4083      49.123     -1.750
    4084      50.687    -19.000
    4085      49.899    -12.500
    4086      49.123     -2.500
    4087      49.123     -3.250
    4088      49.899    -13.000
    4089      50.687    -19.500
    4090      49.123     -4.000
    4091      49.899    -13.500
    4092      49.123     -4.500
    4093      50.687    -20.000
    4094      49.123     -5.000
    4095      49.899    -14.000
    4096      49.123     -5.500
    4097      50.687    -20.500
    4098      49.899    -14.500
    4099      49.123     -6.000
    4100      49.123     -6.500
    4101      50.687    -21.000
    4102      49.899    -15.000
    4103      49.123     -7.000
    4104      49.123     -7.500
    4105      49.899    -15.500
    4106      50.687    -21.500
    4107      49.123     -8.000
    4108      49.899    -16.000
    4109      49.123     -8.500
    4110      50.687    -22.000
    4111      49.123     -9.000
    4112      49.899    -16.500
    4113      50.687    -22.500
    4114      49.123     -9.500
    4115      48.360      8.000
    4116      48.360      7.250
    4117      48.360      6.500
    4118      48.360      5.750
    4119      49.899    -17.000
    4120      48.360      5.000
    4121      48.360      4.250
    4122      49.123    -10.000
    4123      48.360      3.500
    4124      48.360      2.750
    4125      50.687    -23.000
    4126      49.899    -17.500
    4127      49.123    -10.500
    4128      48.360      2.000
    4129      48.360      1.250
    4130      49.123    -11.000
    4131      48.360      0.500
    4132      49.899    -18.000
    4133      50.687    -23.500
    4134      48.360     -0.250
    4135      49.123    -11.500
    4136      48.360     -1.000
    4137      49.899    -18.500
    4138      50.687    -24.000
    4139      49.123    -12.000
    4140      48.360     -1.750
    4141      48.360     -2.500
    4142      49.899    -19.000
    4143      49.123    -12.500
    4144      48.360     -3.250
    4145      49.123    -13.000
    4146      49.899    -19.500
    4147      48.360     -4.000
    4148      49.123    -13.500
    4149      48.360     -4.500
    4150      49.899    -20.000
    4151      48.360     -5.000
    4152      49.123    -14.000
    4153      48.360     -5.500
    4154      49.899    -20.500
    4155      48.360     -6.000
    4156      49.123    -14.500
    4157      48.360     -6.500
    4158      49.123    -15.000
    4159      49.899    -21.000
    4160      48.360     -7.000
    4161      48.360     -7.500
    4162      49.123    -15.500
    4163      49.899    -21.500
    4164      48.360     -8.000
    4165      49.123    -16.000
    4166      48.360     -8.500
    4167      49.899    -22.000
    4168      48.360     -9.000
    4169      49.123    -16.500
    4170      47.609      8.000
    4171      47.609      7.250
    4172      47.609      6.500
    4173      48.360     -9.500
    4174      47.609      5.750
    4175      49.899    -22.500
    4176      47.609      5.000
    4177      47.609      4.250
    4178      49.123    -17.000
    4179      47.609      3.500
    4180      48.360    -10.000
    4181      47.609      2.750
    4182      47.609      2.000
    4183      48.360    -10.500
    4184      49.899    -23.000
    4185      49.123    -17.500
    4186      47.609      1.250
    4187      47.609      0.500
    4188      48.360    -11.000
    4189      49.123    -18.000
    4190      47.609     -0.250
    4191      49.899    -23.500
    4192      48.360    -11.500
    4193      47.609     -1.000
    4194      49.123    -18.500
    4195      47.609     -1.750
    4196      48.360    -12.000
    4197      49.899    -24.000
    4198      47.609     -2.500
    4199      48.360    -12.500
    4200      49.123    -19.000
    4201      47.609     -3.250
    4202      48.360    -13.000
    4203      47.609     -4.000
    4204      49.123    -19.500
    4205      47.609     -4.500
    4206      48.360    -13.500
    4207      47.609     -5.000
    4208      49.123    -20.000
    4209      48.360    -14.000
    4210      47.609     -5.500
    4211      47.609     -6.000
    4212      49.123    -20.500
    4213      48.360    -14.500
    4214      47.609     -6.500
    4215      47.609     -7.000
    4216      48.360    -15.000
    4217      49.123    -21.000
    4218      47.609     -7.500
    4219      48.360    -15.500
    4220      47.609     -8.000
    4221      49.123    -21.500
    4222      47.609     -8.500
    4223      48.360    -16.000
    4224      47.609     -9.000
    4225      49.123    -22.000
    4226      48.360    -16.500
    4227      46.870      8.000
    4228      46.870      7.250
    4229      46.870      6.500
    4230      46.870      5.750
    4231      47.609     -9.500
    4232      46.870      5.000
    4233      46.870      4.250
    4234      49.123    -22.500
    4235      46.870      3.500
    4236      48.360    -17.000
    4237      47.609    -10.000
    4238      46.870      2.750
    4239      46.870      2.000
    4240      47.609    -10.500
    4241      46.870      1.250
    4242      48.360    -17.500
    4243      49.123    -23.000
    4244      46.870      0.500
    4245      47.609    -11.000
    4246      46.870     -0.250
    4247      48.360    -18.000
    4248      47.609    -11.500
    4249      46.870     -1.000
    4250      49.123    -23.500
    4251      46.870     -1.750
    4252      48.360    -18.500
    4253      47.609    -12.000
    4254      46.870     -2.500
    4255      49.123    -24.000
    4256      47.609    -12.500
    4257      48.360    -19.000
    4258      46.870     -3.250
    4259      47.609    -13.000
    4260      46.870     -4.000
    4261      48.360    -19.500
    4262      46.870     -4.500
    4263      47.609    -13.500
    4264      46.870     -5.000
    4265      48.360    -20.000
    4266      46.870     -5.500
    4267      47.609    -14.000
    4268      46.870     -6.000
    4269      47.609    -14.500
    4270      48.360    -20.500
    4271      46.870     -6.500
    4272      46.870     -7.000
    4273      47.609    -15.000
    4274      48.360    -21.000
    4275      46.870     -7.500
    4276      47.609    -15.500
    4277      46.870     -8.000
    4278      48.360    -21.500
    4279      46.870     -8.500
    4280      47.609    -16.000
    4281      46.870     -9.000
    4282      46.141      8.000
    4283      48.360    -22.000
    4284      46.141      7.250
    4285      46.141      6.500
    4286      47.609    -16.500
    4287      46.141      5.750
    4288      46.141      5.000
    4289      46.870     -9.500
    4290      46.141      4.250
    4291      46.141      3.500
    4292      46.141      2.750
    4293      46.870    -10.000
    4294      47.609    -17.000
    4295      48.360    -22.500
    4296      46.141      2.000
    4297      46.141      1.250
    4298      46.870    -10.500
    4299      47.609    -17.500
    4300      46.141      0.500
    4301      48.360    -23.000
    4302      46.870    -11.000
    4303      46.141     -0.250
    4304      47.609    -18.000
    4305      46.141     -1.000
    4306      46.870    -11.500
    4307      48.360    -23.500
    4308      46.141     -1.750
    4309      46.870    -12.000
    4310      47.609    -18.500
    4311      46.141     -2.500
    4312      46.870    -12.500
    4313      48.360    -24.000
    4314      46.141     -3.250
    4315      47.609    -19.000
    4316      46.141     -4.000
    4317      46.870    -13.000
    4318      46.141     -4.500
    4319      47.609    -19.500
    4320      46.870    -13.500
    4321      46.141     -5.000
    4322      46.141     -5.500
    4323      46.870    -14.000
    4324      47.609    -20.000
    4325      46.141     -6.000
    4326      46.870    -14.500
    4327      46.141     -6.500
    4328      47.609    -20.500
    4329      46.141     -7.000
    4330      46.870    -15.000
    4331      46.141     -7.500
    4332      47.609    -21.000
    4333      46.870    -15.500
    4334      46.141     -8.000
    4335      46.141     -8.500
    4336      47.609    -21.500
    4337      46.870    -16.000
    4338      46.141     -9.000
    4339      45.424      8.000
    4340      45.424      7.250
    4341      45.424      6.500
    4342      45.424      5.750
    4343      45.424      5.000
    4344      47.609    -22.000
    4345      46.870    -16.500
    4346      46.141     -9.500
    4347      45.424      4.250
    4348      45.424      3.500
    4349      45.424      2.750
    4350      46.141    -10.000
    4351      46.870    -17.000
    4352      45.424      2.000
    4353      47.609    -22.500
    4354      45.424      1.250
    4355      46.141    -10.500
    4356      45.424      0.500
    4357      46.870    -17.500
    4358      46.141    -11.000
    4359      45.424     -0.250
    4360      47.609    -23.000
    4361      45.424     -1.000
    4362      46.870    -18.000
    4363      46.141    -11.500
    4364      45.424     -1.750
    4365      47.609    -23.500
    4366      46.141    -12.000
    4367      45.424     -2.500
    4368      46.870    -18.500
    4369      45.424     -3.250
    4370      46.141    -12.500
    4371      47.609    -24.000
    4372      46.870    -19.000
    4373      45.424     -4.000
    4374      46.141    -13.000
    4375      45.424     -4.500
    4376      46.870    -19.500
    4377      45.424     -5.000
    4378      46.141    -13.500
    4379      45.424     -5.500
    4380      46.141    -14.000
    4381      46.870    -20.000
    4382      45.424     -6.000
    4383      45.424     -6.500
    4384      46.141    -14.500
    4385      46.870    -20.500
    4386      45.424     -7.000
    4387      46.141    -15.000
    4388      45.424     -7.500
    4389      46.870    -21.000
    4390      45.424     -8.000
    4391      46.141    -15.500
    4392      45.424     -8.500
    4393      46.870    -21.500
    4394      46.141    -16.000
    4395      45.424     -9.000
    4396      44.717      8.000
    4397      44.717      7.250
    4398      44.717      6.500
    4399      44.717      5.750
    4400      44.717      5.000
    4401      44.717      4.250
    4402      45.424     -9.500
    4403      46.141    -16.500
    4404      44.717      3.500
    4405      46.870    -22.000
    4406      44.717      2.750
    4407      45.424    -10.000
    4408      44.717      2.000
    4409      46.141    -17.000
    4410      44.717      1.250
    4411      46.870    -22.500
    4412      45.424    -10.500
    4413      44.717      0.500
    4414      46.141    -17.500
    4415      44.717     -0.250
    4416      45.424    -11.000
    4417      44.717     -1.000
    4418      46.870    -23.000
    4419      45.424    -11.500
    4420      46.141    -18.000
    4421      44.717     -1.750
    4422      45.424    -12.000
    4423      44.717     -2.500
    4424      46.870    -23.500
    4425      46.141    -18.500
    4426      44.717     -3.250
    4427      45.424    -12.500
    4428      44.717     -4.000
    4429      46.870    -24.000
    4430      46.141    -19.000
    4431      45.424    -13.000
    4432      44.717     -4.500
    4433      44.717     -5.000
    4434      45.424    -13.500
    4435      46.141    -19.500
    4436      44.717     -5.500
    4437      45.424    -14.000
    4438      44.717     -6.000
    4439      46.141    -20.000
    4440      44.717     -6.500
    4441      45.424    -14.500
    4442      44.717     -7.000
    4443      46.141    -20.500
    4444      45.424    -15.000
    4445      44.717     -7.500
    4446      44.717     -8.000
    4447      46.141    -21.000
    4448      45.424    -15.500
    4449      44.717     -8.500
    4450      45.424    -16.000
    4451      44.020      8.000
    4452      44.020      7.250
    4453      46.141    -21.500
    4454      44.020      6.500
    4455      44.717     -9.000
    4456      44.020      5.750
    4457      44.020      5.000
    4458      44.020      4.250
    4459      44.717     -9.500
    4460      44.020      3.500
    4461      45.424    -16.500
    4462      44.020      2.750
    4463      46.141    -22.000
    4464      44.020      2.000
    4465      44.717    -10.000
    4466      44.020      1.250
    4467      45.424    -17.000
    4468      44.717    -10.500
    4469      44.020      0.500
    4470      46.141    -22.500
    4471      44.020     -0.250
    4472      45.424    -17.500
    4473      44.717    -11.000
    4474      44.020     -1.000
    4475      46.141    -23.000
    4476      44.717    -11.500
    4477      44.020     -1.750
    4478      45.424    -18.000
    4479      44.020     -2.500
    4480      44.717    -12.000
    4481      46.141    -23.500
    4482      45.424    -18.500
    4483      44.020     -3.250
    4484      44.717    -12.500
    4485      44.020     -4.000
    4486      45.424    -19.000
    4487      44.717    -13.000
    4488      46.141    -24.000
    4489      44.020     -4.500
    4490      44.020     -5.000
    4491      44.717    -13.500
    4492      45.424    -19.500
    4493      44.020     -5.500
    4494      44.020     -6.000
    4495      44.717    -14.000
    4496      45.424    -20.000
    4497      44.020     -6.500
    4498      44.717    -14.500
    4499      44.020     -7.000
    4500      45.424    -20.500
    4501      44.020     -7.500
    4502      44.717    -15.000
    4503      44.020     -8.000
    4504      45.424    -21.000
    4505      44.717    -15.500
    4506      44.020     -8.500
    4507      43.332      8.000
    4508      43.332      7.250
    4509      43.332      6.500
    4510      43.332      5.750
    4511      44.020     -9.000
    4512      44.717    -16.000
    4513      43.332      5.000
    4514      45.424    -21.500
    4515      43.332      4.250
    4516      43.332      3.500
    4517      44.020     -9.500
    4518      43.332      2.750
    4519      44.717    -16.500
    4520      43.332      2.000
    4521      45.424    -22.000
    4522      44.020    -10.000
    4523      43.332      1.250
    4524      44.717    -17.000
    4525      43.332      0.500
    4526      44.020    -10.500
    4527      43.332     -0.250
    4528      45.424    -22.500
    4529      44.020    -11.000
    4530      44.717    -17.500
    4531      43.332     -1.000
    4532      43.332     -1.750
    4533      44.020    -11.500
    4534      45.424    -23.000
    4535      44.717    -18.000
    4536      43.332     -2.500
    4537      44.020    -12.000
    4538      43.332     -3.250
    4539      44.717    -18.500
    4540      45.424    -23.500
    4541      44.020    -12.500
    4542      43.332     -4.000
    4543      43.332     -4.500
    4544      44.020    -13.000
    4545      44.717    -19.000
    4546      45.424    -24.000
    4547      43.332     -5.000
    4548      44.020    -13.500
    4549      43.332     -5.500
    4550      44.717    -19.500
    4551      43.332     -6.000
    4552      44.020    -14.000
    4553      43.332     -6.500
    4554      44.717    -20.000
    4555      44.020    -14.500
    4556      43.332     -7.000
    4557      43.332     -7.500
    4558      44.717    -20.500
    4559      44.020    -15.000
    4560      43.332     -8.000
    4561      44.020    -15.500
    4562      44.717    -21.000
    4563      43.332     -8.500
    4564      42.654      8.000
    4565      42.654      7.250
    4566      42.654      6.500
    4567      42.654      5.750
    4568      43.332     -9.000
    4569      42.654      5.000
    4570      44.020    -16.000
    4571      42.654      4.250
    4572      44.717    -21.500
    4573      42.654      3.500
    4574      43.332     -9.500
    4575      42.654      2.750
    4576      44.020    -16.500
    4577      42.654      2.000
    4578      43.332    -10.000
    4579      42.654      1.250
    4580      44.717    -22.000
    4581      42.654      0.500
    4582      44.020    -17.000
    4583      43.332    -10.500
    4584      42.654     -0.250
    4585      44.717    -22.500
    4586      43.332    -11.000
    4587      42.654     -1.000
    4588      44.020    -17.500
    4589      42.654     -1.750
    4590      43.332    -11.500
    4591      44.717    -23.000
    4592      42.654     -2.500
    4593      44.020    -18.000
    4594      43.332    -12.000
    4595      42.654     -3.250
    4596      44.020    -18.500
    4597      43.332    -12.500
    4598      44.717    -23.500
    4599      42.654     -4.000
    4600      42.654     -4.500
    4601      43.332    -13.000
    4602      44.020    -19.000
    4603      42.654     -5.000
    4604      44.717    -24.000
    4605      43.332    -13.500
    4606      42.654     -5.500
    4607      44.020    -19.500
    4608      42.654     -6.000
    4609      43.332    -14.000
    4610      42.654     -6.500
    4611      44.020    -20.000
    4612      42.654     -7.000
    4613      43.332    -14.500
    4614      42.654     -7.500
    4615      44.020    -20.500
    4616      43.332    -15.000
    4617      42.654     -8.000
    4618      43.332    -15.500
    4619      42.654     -8.500
    4620      44.020    -21.000
    4621      41.984      8.000
    4622      41.984      7.250
    4623      41.984      6.500
    4624      41.984      5.750
    4625      41.984      5.000
    4626      42.654     -9.000
    4627      41.984      4.250
    4628      43.332    -16.000
    4629      41.984      3.500
    4630      41.984      2.750
    4631      44.020    -21.500
    4632      42.654     -9.500
    4633      41.984      2.000
    4634      43.332    -16.500
    4635      41.984      1.250
    4636      42.654    -10.000
    4637      41.984      0.500
    4638      44.020    -22.000
    4639      42.654    -10.500
    4640      43.332    -17.000
    4641      41.984     -0.250
    4642      41.984     -1.000
    4643      42.654    -11.000
    4644      44.020    -22.500
    4645      43.332    -17.500
    4646      41.984     -1.750
    4647      42.654    -11.500
    4648      41.984     -2.500
    4649      43.332    -18.000
    4650      44.020    -23.000
    4651      42.654    -12.000
    4652      41.984     -3.250
    4653      42.654    -12.500
    4654      43.332    -18.500
    4655      41.984     -4.000
    4656      44.020    -23.500
    4657      41.984     -4.500
    4658      42.654    -13.000
    4659      41.984     -5.000
    4660      43.332    -19.000
    4661      44.020    -24.000
    4662      41.984     -5.500
    4663      42.654    -13.500
    4664      41.984     -6.000
    4665      43.332    -19.500
    4666      42.654    -14.000
    4667      41.984     -6.500
    4668      41.984     -7.000
    4669      43.332    -20.000
    4670      42.654    -14.500
    4671      41.984     -7.500
    4672      42.654    -15.000
    4673      43.332    -20.500
    4674      41.984     -8.000
    4675      41.984     -8.500
    4676      42.654    -15.500
    4677      41.324      8.000
    4678      41.324      7.250
    4679      41.324      6.500
    4680      41.324      5.750
    4681      43.332    -21.000
    4682      41.324      5.000
    4683      41.984     -9.000
    4684      41.324      4.250
    4685      41.324      3.500
    4686      42.654    -16.000
    4687      41.324      2.750
    4688      41.984     -9.500
    4689      41.324      2.000
    4690      43.332    -21.500
    4691      41.324      1.250
    4692      42.654    -16.500
    4693      41.984    -10.000
    4694      41.324      0.500
    4695      43.332    -22.000
    4696      41.984    -10.500
    4697      41.324     -0.250
    4698      42.654    -17.000
    4699      41.324     -1.000
    4700      41.984    -11.000
    4701      41.324     -1.750
    4702      43.332    -22.500
    4703      42.654    -17.500
    4704      41.984    -11.500
    4705      41.324     -2.500
    4706      42.654    -18.000
    4707      41.984    -12.000
    4708      41.324     -3.250
    4709      43.332    -23.000
    4710      41.324     -4.000
    4711      41.984    -12.500
    4712      42.654    -18.500
    4713      41.324     -4.500
    4714      43.332    -23.500
    4715      41.984    -13.000
    4716      41.324     -5.000
    4717      42.654    -19.000
    4718      41.324     -5.500
    4719      41.984    -13.500
    4720      43.332    -24.000
    4721      41.324     -6.000
    4722      42.654    -19.500
    4723      41.984    -14.000
    4724      41.324     -6.500
    4725      41.324     -7.000
    4726      42.654    -20.000
    4727      41.984    -14.500
    4728      41.324     -7.500
    4729      41.984    -15.000
    4730      41.324     -8.000
    4731      42.654    -20.500
    4732      41.324     -8.500
    4733      40.671      8.000
    4734      40.671      7.250
    4735      40.671      6.500
    4736      41.984    -15.500
    4737      40.671      5.750
    4738      40.671      5.000
    4739      40.671      4.250
    4740      42.654    -21.000
    4741      41.324     -9.000
    4742      40.671      3.500
    4743      40.671      2.750
    4744      41.984    -16.000
    4745      41.324     -9.500
    4746      40.671      2.000
    4747      42.654    -21.500
    4748      40.671      1.250
    4749      41.324    -10.000
    4750      41.984    -16.500
    4751      40.671      0.500
    4752      40.671     -0.250
    4753      41.324    -10.500
    4754      42.654    -22.000
    4755      41.984    -17.000
    4756      40.671     -1.000
    4757      41.324    -11.000
    4758      40.671     -1.750
    4759      41.984    -17.500
    4760      42.654    -22.500
    4761      41.324    -11.500
    4762      40.671     -2.500
    4763      40.671     -3.250
    4764      41.324    -12.000
    4765      41.984    -18.000
    4766      42.654    -23.000
    4767      40.671     -4.000
    4768      41.324    -12.500
    4769      41.984    -18.500
    4770      40.671     -4.500
    4771      42.654    -23.500
    4772      41.324    -13.000
    4773      40.671     -5.000
    4774      41.984    -19.000
    4775      40.671     -5.500
    4776      41.324    -13.500
    4777      40.671     -6.000
    4778      42.654    -24.000
    4779      41.984    -19.500
    4780      40.671     -6.500
    4781      41.324    -14.000
    4782      40.671     -7.000
    4783      41.324    -14.500
    4784      41.984    -20.000
    4785      40.671     -7.500
    4786      40.671     -8.000
    4787      41.324    -15.000
    4788      41.984    -20.500
    4789      40.026      8.000
    4790      40.026      7.250
    4791      40.671     -8.500
    4792      40.026      6.500
    4793      40.026      5.750
    4794      40.026      5.000
    4795      41.324    -15.500
    4796      40.026      4.250
    4797      40.671     -9.000
    4798      40.026      3.500
    4799      41.984    -21.000
    4800      40.026      2.750
    4801      41.324    -16.000
    4802      40.671     -9.500
    4803      40.026      2.000
    4804      40.026      1.250
    4805      41.984    -21.500
    4806      40.671    -10.000
    4807      40.026      0.500
    4808      41.324    -16.500
    4809      40.026     -0.250
    4810      40.671    -10.500
    4811      40.026     -1.000
    4812      41.984    -22.000
    4813      41.324    -17.000
    4814      40.671    -11.000
    4815      40.026     -1.750
    4816      41.324    -17.500
    4817      40.671    -11.500
    4818      40.026     -2.500
    4819      41.984    -22.500
    4820      40.026     -3.250
    4821      40.671    -12.000
    4822      41.324    -18.000
    4823      41.984    -23.000
    4824      40.026     -4.000
    4825      40.671    -12.500
    4826      40.026     -4.500
    4827      41.324    -18.500
    4828      40.026     -5.000
    4829      40.671    -13.000
    4830      41.984    -23.500
    4831      40.026     -5.500
    4832      41.324    -19.000
    4833      40.671    -13.500
    4834      40.026     -6.000
    4835      41.984    -24.000
    4836      40.026     -6.500
    4837      41.324    -19.500
    4838      40.671    -14.000
    4839      40.026     -7.000
    4840      40.671    -14.500
    4841      40.026     -7.500
    4842      41.324    -20.000
    4843      40.026     -8.000
    4844      40.671    -15.000
    4845      39.389      8.000
    4846      39.389      7.250
    4847      41.324    -20.500
    4848      39.389      6.500
    4849      40.026     -8.500
    4850      39.389      5.750
    4851      39.389      5.000
    4852      39.389      4.250
    4853      40.671    -15.500
    4854      39.389      3.500
    4855      40.026     -9.000
    4856      39.389      2.750
    4857      41.324    -21.000
    4858      39.389      2.000
    4859      40.671    -16.000
    4860      40.026     -9.500
    4861      39.389      1.250
    4862      40.026    -10.000
    4863      39.389      0.500
    4864      41.324    -21.500
    4865      40.671    -16.500
    4866      39.389     -0.250
    4867      40.026    -10.500
    4868      39.389     -1.000
    4869      40.671    -17.000
    4870      41.324    -22.000
    4871      40.026    -11.000
    4872      39.389     -1.750
    4873      39.389     -2.500
    4874      40.671    -17.500
    4875      40.026    -11.500
    4876      41.324    -22.500
    4877      39.389     -3.250
    4878      40.026    -12.000
    4879      40.671    -18.000
    4880      39.389     -4.000
    4881      41.324    -23.000
    4882      40.026    -12.500
    4883      39.389     -4.500
    4884      40.671    -18.500
    4885      39.389     -5.000
    4886      40.026    -13.000
    4887      41.324    -23.500
    4888      39.389     -5.500
    4889      40.671    -19.000
    4890      40.026    -13.500
    4891      39.389     -6.000
    4892      39.389     -6.500
    4893      41.324    -24.000
    4894      40.026    -14.000
    4895      40.671    -19.500
    4896      39.389     -7.000
    4897      40.026    -14.500
    4898      39.389     -7.500
    4899      40.671    -20.000
    4900      39.389     -8.000
    4901      40.026    -15.000
    4902      38.760      8.000
    4903      38.760      7.250
    4904      38.760      6.500
    4905      38.760      5.750
    4906      39.389     -8.500
    4907      40.671    -20.500
    4908      38.760      5.000
    4909      38.760      4.250
    4910      40.026    -15.500
    4911      38.760      3.500
    4912      39.389     -9.000
    4913      38.760      2.750
    4914      38.760      2.000
    4915      40.671    -21.000
    4916      39.389     -9.500
    4917      40.026    -16.000
    4918      38.760      1.250
    4919      38.760      0.500
    4920      39.389    -10.000
    4921      40.671    -21.500
    4922      40.026    -16.500
    4923      38.760     -0.250
    4924      39.389    -10.500
    4925      38.760     -1.000
    4926      40.026    -17.000
    4927      38.760     -1.750
    4928      39.389    -11.000
    4929      40.671    -22.000
    4930      38.760     -2.500
    4931      39.389    -11.500
    4932      40.026    -17.500
    4933      40.671    -22.500
    4934      38.760     -3.250
    4935      39.389    -12.000
    4936      40.026    -18.000
    4937      38.760     -4.000
    4938      39.389    -12.500
    4939      38.760     -4.500
    4940      40.671    -23.000
    4941      40.026    -18.500
    4942      38.760     -5.000
    4943      39.389    -13.000
    4944      38.760     -5.500
    4945      40.671    -23.500
    4946      40.026    -19.000
    4947      38.760     -6.000
    4948      39.389    -13.500
    4949      38.760     -6.500
    4950      39.389    -14.000
    4951      40.671    -24.000
    4952      40.026    -19.500
    4953      38.760     -7.000
    4954      38.760     -7.500
    4955      39.389    -14.500
    4956      40.026    -20.000
    4957      38.760     -8.000
    4958      38.137      8.000
    4959      39.389    -15.000
    4960      38.137      7.250
    4961      38.137      6.500
    4962      38.137      5.750
    4963      38.760     -8.500
    4964      38.137      5.000
    4965      38.137      4.250
    4966      40.026    -20.500
    4967      38.137      3.500
    4968      39.389    -15.500
    4969      38.760     -9.000
    4970      38.137      2.750
    4971      38.137      2.000
    4972      38.760     -9.500
    4973      40.026    -21.000
    4974      38.137      1.250
    4975      39.389    -16.000
    4976      38.137      0.500
    4977      38.760    -10.000
    4978      38.137     -0.250
    4979      39.389    -16.500
    4980      40.026    -21.500
    4981      38.760    -10.500
    4982      38.137     -1.000
    4983      38.137     -1.750
    4984      39.389    -17.000
    4985      38.760    -11.000
    4986      40.026    -22.000
    4987      38.137     -2.500
    4988      38.760    -11.500
    4989      39.389    -17.500
    4990      38.137     -3.250
    4991      40.026    -22.500
    4992      38.760    -12.000
    4993      38.137     -4.000
    4994      39.389    -18.000
    4995      38.137     -4.500
    4996      38.760    -12.500
    4997      40.026    -23.000
    4998      38.137     -5.000
    4999      39.389    -18.500
    5000      38.760    -13.000
    5001      38.137     -5.500
    5002      40.026    -23.500
    5003      38.137     -6.000
    5004      38.760    -13.500
    5005      39.389    -19.000
    5006      38.137     -6.500
    5007      38.760    -14.000
    5008      38.137     -7.000
    5009      40.026    -24.000
    5010      39.389    -19.500
    5011      38.137     -7.500
    5012      38.760    -14.500
    5013      39.389    -20.000
    5014      38.137     -8.000
    5015      37.522      8.000
    5016      37.522      7.250
    5017      37.522      6.500
    5018      38.760    -15.000
    5019      37.522      5.750
    5020      37.522      5.000
    5021      38.137     -8.500
    5022      37.522      4.250
    5023      37.522      3.500
    5024      39.389    -20.500
    5025      37.522      2.750
    5026      38.760    -15.500
    5027      38.137     -9.000
    5028      37.522      2.000
    5029      38.137     -9.500
    5030      37.522      1.250
    5031      39.389    -21.000
    5032      38.760    -16.000
    5033      37.522      0.500
    5034      38.137    -10.000
    5035      37.522     -0.250
    5036      38.760    -16.500
    5037      39.389    -21.500
    5038      38.137    -10.500
    5039      37.522     -1.000
    5040      37.522     -1.750
    5041      38.137    -11.000
    5042      38.760    -17.000
    5043      39.389    -22.000
    5044      37.522     -2.500
    5045      38.137    -11.500
    5046      38.760    -17.500
    5047      37.522     -3.250
    5048      38.137    -12.000
    5049      39.389    -22.500
    5050      37.522     -4.000
    5051      38.760    -18.000
    5052      37.522     -4.500
    5053      38.137    -12.500
    5054      37.522     -5.000
    5055      39.389    -23.000
    5056      38.760    -18.500
    5057      38.137    -13.000
    5058      37.522     -5.500
    5059      37.522     -6.000
    5060      38.137    -13.500
    5061      39.389    -23.500
    5062      38.760    -19.000
    5063      37.522     -6.500
    5064      38.137    -14.000
    5065      37.522     -7.000
    5066      38.760    -19.500
    5067      39.389    -24.000
    5068      37.522     -7.500
    5069      38.137    -14.500
    5070      37.522     -8.000
    5071      36.912      8.000
    5072      38.760    -20.000
    5073      36.912      7.250
    5074      36.912      6.500
    5075      36.912      5.750
    5076      38.137    -15.000
    5077      36.912      5.000
    5078      37.522     -8.500
    5079      36.912      4.250
    5080      36.912      3.500
    5081      36.912      2.750
    5082      38.760    -20.500
    5083      37.522     -9.000
    5084      38.137    -15.500
    5085      36.912      2.000
    5086      36.912      1.250
    5087      37.522     -9.500
    5088      38.137    -16.000
    5089      36.912      0.500
    5090      38.760    -21.000
    5091      37.522    -10.000
    5092      36.912     -0.250
    5093      38.137    -16.500
    5094      36.912     -1.000
    5095      37.522    -10.500
    5096      38.760    -21.500
    5097      36.912     -1.750
    5098      37.522    -11.000
    5099      38.137    -17.000
    5100      36.912     -2.500
    5101      38.760    -22.000
    5102      37.522    -11.500
    5103      36.912     -3.250
    5104      38.137    -17.500
    5105      37.522    -12.000
    5106      36.912     -4.000
    5107      38.760    -22.500
    5108      38.137    -18.000
    5109      36.912     -4.500
    5110      37.522    -12.500
    5111      36.912     -5.000
    5112      38.760    -23.000
    5113      38.137    -18.500
    5114      37.522    -13.000
    5115      36.912     -5.500
    5116      36.912     -6.000
    5117      37.522    -13.500
    5118      38.760    -23.500
    5119      38.137    -19.000
    5120      36.912     -6.500
    5121      37.522    -14.000
    5122      36.912     -7.000
    5123      38.137    -19.500
    5124      38.760    -24.000
    5125      36.912     -7.500
    5126      37.522    -14.500
    5127      36.912     -8.000
    5128      36.309      8.000
    5129      36.309      7.250
    5130      36.309      6.500
    5131      36.309      5.750
    5132      38.137    -20.000
    5133      36.309      5.000
    5134      37.522    -15.000
    5135      36.309      4.250
    5136      36.912     -8.500
    5137      36.309      3.500
    5138      36.309      2.750
    5139      36.912     -9.000
    5140      38.137    -20.500
    5141      37.522    -15.500
    5142      36.309      2.000
    5143      36.309      1.250
    5144      36.912     -9.500
    5145      36.309      0.500
    5146      37.522    -16.000
    5147      38.137    -21.000
    5148      36.912    -10.000
    5149      36.309     -0.250
    5150      36.309     -1.000
    5151      37.522    -16.500
    5152      36.912    -10.500
    5153      38.137    -21.500
    5154      36.309     -1.750
    5155      36.912    -11.000
    5156      37.522    -17.000
    5157      36.309     -2.500
    5158      38.137    -22.000
    5159      36.912    -11.500
    5160      36.309     -3.250
    5161      37.522    -17.500
    5162      36.912    -12.000
    5163      36.309     -4.000
    5164      38.137    -22.500
    5165      36.309     -4.500
    5166      37.522    -18.000
    5167      36.912    -12.500
    5168      36.309     -5.000
    5169      36.309     -5.500
    5170      38.137    -23.000
    5171      36.912    -13.000
    5172      37.522    -18.500
    5173      36.309     -6.000
    5174      36.912    -13.500
    5175      36.309     -6.500
    5176      37.522    -19.000
    5177      38.137    -23.500
    5178      36.309     -7.000
    5179      36.912    -14.000
    5180      37.522    -19.500
    5181      36.309     -7.500
    5182      38.137    -24.000
    5183      36.912    -14.500
    5184      35.712      8.000
    5185      36.309     -8.000
    5186      35.712      7.250
    5187      35.712      6.500
    5188      35.712      5.750
    5189      35.712      5.000
    5190      37.522    -20.000
    5191      35.712      4.250
    5192      36.912    -15.000
    5193      36.309     -8.500
    5194      35.712      3.500
    5195      35.712      2.750
    5196      36.309     -9.000
    5197      35.712      2.000
    5198      36.912    -15.500
    5199      37.522    -20.500
    5200      35.712      1.250
    5201      36.309     -9.500
    5202      35.712      0.500
    5203      36.912    -16.000
    5204      35.712     -0.250
    5205      36.309    -10.000
    5206      37.522    -21.000
    5207      35.712     -1.000
    5208      36.309    -10.500
    5209      36.912    -16.500
    5210      35.712     -1.750
    5211      37.522    -21.500
    5212      36.309    -11.000
    5213      35.712     -2.500
    5214      36.912    -17.000
    5215      36.309    -11.500
    5216      35.712     -3.250
    5217      37.522    -22.000
    5218      36.912    -17.500
    5219      35.712     -4.000
    5220      36.309    -12.000
    5221      35.712     -4.500
    5222      37.522    -22.500
    5223      36.912    -18.000
    5224      36.309    -12.500
    5225      35.712     -5.000
    5226      35.712     -5.500
    5227      36.309    -13.000
    5228      37.522    -23.000
    5229      36.912    -18.500
    5230      35.712     -6.000
    5231      36.309    -13.500
    5232      35.712     -6.500
    5233      36.912    -19.000
    5234      37.522    -23.500
    5235      35.712     -7.000
    5236      36.309    -14.000
    5237      35.712     -7.500
    5238      36.912    -19.500
    5239      36.309    -14.500
    5240      37.522    -24.000
    5241      35.121      8.000
    5242      35.121      7.250
    5243      35.712     -8.000
    5244      35.121      6.500
    5245      35.121      5.750
    5246      35.121      5.000
    5247      35.121      4.250
    5248      36.912    -20.000
    5249      35.712     -8.500
    5250      36.309    -15.000
    5251      35.121      3.500
    5252      35.121      2.750
    5253      35.712     -9.000
    5254      35.121      2.000
    5255      36.309    -15.500
    5256      35.121      1.250
    5257      36.912    -20.500
    5258      35.712     -9.500
    5259      35.121      0.500
    5260      36.309    -16.000
    5261      35.121     -0.250
    5262      35.712    -10.000
    5263      36.912    -21.000
    5264      35.121     -1.000
    5265      35.712    -10.500
    5266      36.309    -16.500
    5267      35.121     -1.750
    5268      36.912    -21.500
    5269      35.712    -11.000
    5270      35.121     -2.500
    5271      36.309    -17.000
    5272      35.712    -11.500
    5273      35.121     -3.250
    5274      36.912    -22.000
    5275      36.309    -17.500
    5276      35.121     -4.000
    5277      35.712    -12.000
    5278      35.121     -4.500
    5279      36.912    -22.500
    5280      35.712    -12.500
    5281      36.309    -18.000
    5282      35.121     -5.000
    5283      35.121     -5.500
    5284      35.712    -13.000
    5285      36.309    -18.500
    5286      36.912    -23.000
    5287      35.121     -6.000
    5288      35.712    -13.500
    5289      35.121     -6.500
    5290      36.309    -19.000
    5291      35.121     -7.000
    5292      36.912    -23.500
    5293      35.712    -14.000
    5294      35.121     -7.500
    5295      36.309    -19.500
    5296      34.535      8.000
    5297      35.712    -14.500
    5298      34.535      7.250
    5299      34.535      6.500
    5300      35.121     -8.000
    5301      34.535      5.750
    5302      36.912    -24.000
    5303      34.535      5.000
    5304      34.535      4.250
    5305      35.121     -8.500
    5306      34.535      3.500
    5307      36.309    -20.000
    5308      35.712    -15.000
    5309      34.535      2.750
    5310      34.535      2.000
    5311      35.121     -9.000
    5312      34.535      1.250
    5313      35.712    -15.500
    5314      36.309    -20.500
    5315      35.121     -9.500
    5316      34.535      0.500
    5317      34.535     -0.250
    5318      35.712    -16.000
    5319      35.121    -10.000
    5320      36.309    -21.000
    5321      34.535     -1.000
    5322      35.121    -10.500
    5323      35.712    -16.500
    5324      34.535     -1.750
    5325      36.309    -21.500
    5326      35.121    -11.000
    5327      34.535     -2.500
    5328      35.712    -17.000
    5329      34.535     -3.250
    5330      35.121    -11.500
    5331      36.309    -22.000
    5332      34.535     -4.000
    5333      35.712    -17.500
    5334      35.121    -12.000
    5335      34.535     -4.500
    5336      35.121    -12.500
    5337      36.309    -22.500
    5338      34.535     -5.000
    5339      35.712    -18.000
    5340      34.535     -5.500
    5341      35.121    -13.000
    5342      34.535     -6.000
    5343      35.712    -18.500
    5344      36.309    -23.000
    5345      35.121    -13.500
    5346      34.535     -6.500
    5347      35.712    -19.000
    5348      34.535     -7.000
    5349      36.309    -23.500
    5350      35.121    -14.000
    5351      34.535     -7.500
    5352      35.712    -19.500
    5353      33.954      8.000
    5354      33.954      7.250
    5355      33.954      6.500
    5356      35.121    -14.500
    5357      33.954      5.750
    5358      34.535     -8.000
    5359      33.954      5.000
    5360      36.309    -24.000
    5361      33.954      4.250
    5362      33.954      3.500
    5363      34.535     -8.500
    5364      35.121    -15.000
    5365      35.712    -20.000
    5366      33.954      2.750
    5367      33.954      2.000
    5368      34.535     -9.000
    5369      33.954      1.250
    5370      35.121    -15.500
    5371      34.535     -9.500
    5372      35.712    -20.500
    5373      33.954      0.500
    5374      33.954     -0.250
    5375      35.121    -16.000
    5376      34.535    -10.000
    5377      33.954     -1.000
    5378      35.712    -21.000
    5379      34.535    -10.500
    5380      33.954     -1.750
    5381      35.121    -16.500
    5382      33.954     -2.500
    5383      34.535    -11.000
    5384      35.712    -21.500
    5385      35.121    -17.000
    5386      33.954     -3.250
    5387      34.535    -11.500
    5388      35.712    -22.000
    5389      33.954     -4.000
    5390      35.121    -17.500
    5391      34.535    -12.000
    5392      33.954     -4.500
    5393      33.954     -5.000
    5394      34.535    -12.500
    5395      35.121    -18.000
    5396      35.712    -22.500
    5397      33.954     -5.500
    5398      34.535    -13.000
    5399      33.954     -6.000
    5400      35.121    -18.500
    5401      35.712    -23.000
    5402      33.954     -6.500
    5403      34.535    -13.500
    5404      33.954     -7.000
    5405      35.121    -19.000
    5406      34.535    -14.000
    5407      35.712    -23.500
    5408      33.954     -7.500
    5409      33.379      8.000
    5410      33.379      7.250
    5411      33.379      6.500
    5412      35.121    -19.500
    5413      33.379      5.750
    5414      34.535    -14.500
    5415      33.954     -8.000
    5416      33.379      5.000
    5417      33.379      4.250
    5418      35.712    -24.000
    5419      33.379      3.500
    5420      33.954     -8.500
    5421      33.379      2.750
    5422      34.535    -15.000
    5423      35.121    -20.000
    5424      33.379      2.000
    5425      33.954     -9.000
    5426      33.379      1.250
    5427      34.535    -15.500
    5428      33.379      0.500
    5429      33.954     -9.500
    5430      35.121    -20.500
    5431      33.379     -0.250
    5432      33.954    -10.000
    5433      34.535    -16.000
    5434      33.379     -1.000
    5435      35.121    -21.000
    5436      33.954    -10.500
    5437      33.379     -1.750
    5438      34.535    -16.500
    5439      33.379     -2.500
    5440      33.954    -11.000
    5441      35.121    -21.500
    5442      34.535    -17.000
    5443      33.379     -3.250
    5444      33.954    -11.500
    5445      33.379     -4.000
    5446      35.121    -22.000
    5447      34.535    -17.500
    5448      33.954    -12.000
    5449      33.379     -4.500
    5450      33.379     -5.000
    5451      33.954    -12.500
    5452      34.535    -18.000
    5453      35.121    -22.500
    5454      33.379     -5.500
    5455      33.954    -13.000
    5456      33.379     -6.000
    5457      34.535    -18.500
    5458      35.121    -23.000
    5459      33.379     -6.500
    5460      33.954    -13.500
    5461      33.379     -7.000
    5462      34.535    -19.000
    5463      33.954    -14.000
    5464      33.379     -7.500
    5465      35.121    -23.500
    5466      32.808      8.000
    5467      32.808      7.250
    5468      32.808      6.500
    5469      32.808      5.750
    5470      33.379     -8.000
    5471      34.535    -19.500
    5472      32.808      5.000
    5473      33.954    -14.500
    5474      32.808      4.250
    5475      32.808      3.500
    5476      33.379     -8.500
    5477      35.121    -24.000
    5478      32.808      2.750
    5479      33.954    -15.000
    5480      32.808      2.000
    5481      34.535    -20.000
    5482      33.379     -9.000
    5483      32.808      1.250
    5484      33.954    -15.500
    5485      32.808      0.500
    5486      33.379     -9.500
    5487      34.535    -20.500
    5488      32.808     -0.250
    5489      33.379    -10.000
    5490      33.954    -16.000
    5491      32.808     -1.000
    5492      34.535    -21.000
    5493      33.379    -10.500
    5494      32.808     -1.750
    5495      33.954    -16.500
    5496      32.808     -2.500
    5497      33.379    -11.000
    5498      34.535    -21.500
    5499      32.808     -3.250
    5500      33.954    -17.000
    5501      33.379    -11.500
    5502      32.808     -4.000
    5503      33.379    -12.000
    5504      34.535    -22.000
    5505      33.954    -17.500
    5506      32.808     -4.500
    5507      32.808     -5.000
    5508      33.379    -12.500
    5509      33.954    -18.000
    5510      32.808     -5.500
    5511      34.535    -22.500
    5512      33.379    -13.000
    5513      32.808     -6.000
    5514      33.954    -18.500
    5515      32.808     -6.500
    5516      34.535    -23.000
    5517      33.379    -13.500
    5518      32.808     -7.000
    5519      33.954    -19.000
    5520      33.379    -14.000
    5521      32.808     -7.500
    5522      34.535    -23.500
    5523      32.242      8.000
    5524      32.242      7.250
    5525      32.242      6.500
    5526      32.242      5.750
    5527      32.242      5.000
    5528      32.808     -8.000
    5529      33.379    -14.500
    5530      33.954    -19.500
    5531      32.242      4.250
    5532      32.242      3.500
    5533      32.808     -8.500
    5534      32.242      2.750
    5535      34.535    -24.000
    5536      33.379    -15.000
    5537      32.242      2.000
    5538      33.954    -20.000
    5539      32.808     -9.000
    5540      32.242      1.250
    5541      32.242      0.500
    5542      33.379    -15.500
    5543      32.808     -9.500
    5544      32.242     -0.250
    5545      33.954    -20.500
    5546      32.808    -10.000
    5547      32.242     -1.000
    5548      33.379    -16.000
    5549      32.242     -1.750
    5550      32.808    -10.500
    5551      33.954    -21.000
    5552      33.379    -16.500
    5553      32.242     -2.500
    5554      32.808    -11.000
    5555      32.242     -3.250
    5556      33.954    -21.500
    5557      33.379    -17.000
    5558      32.808    -11.500
    5559      32.242     -4.000
    5560      32.808    -12.000
    5561      33.379    -17.500
    5562      32.242     -4.500
    5563      33.954    -22.000
    5564      32.242     -5.000
    5565      32.808    -12.500
    5566      33.379    -18.000
    5567      32.242     -5.500
    5568      33.954    -22.500
    5569      32.808    -13.000
    5570      32.242     -6.000
    5571      33.379    -18.500
    5572      32.242     -6.500
    5573      32.808    -13.500
    5574      33.954    -23.000
    5575      32.242     -7.000
    5576      33.379    -19.000
    5577      32.808    -14.000
    5578      32.242     -7.500
    5579      31.680      8.000
    5580      31.680      7.250
    5581      31.680      6.500
    5582      33.954    -23.500
    5583      31.680      5.750
    5584      31.680      5.000
    5585      32.242     -8.000
    5586      31.680      4.250
    5587      32.808    -14.500
    5588      33.379    -19.500
    5589      31.680      3.500
    5590      32.242     -8.500
    5591      31.680      2.750
    5592      33.954    -24.000
    5593      31.680      2.000
    5594      32.808    -15.000
    5595      32.242     -9.000
    5596      33.379    -20.000
    5597      31.680      1.250
    5598      31.680      0.500
    5599      32.808    -15.500
    5600      32.242     -9.500
    5601      31.680     -0.250
    5602      33.379    -20.500
    5603      32.242    -10.000
    5604      31.680     -1.000
    5605      32.808    -16.000
    5606      31.680     -1.750
    5607      32.242    -10.500
    5608      33.379    -21.000
    5609      32.808    -16.500
    5610      31.680     -2.500
    5611      32.242    -11.000
    5612      31.680     -3.250
    5613      33.379    -21.500
    5614      32.808    -17.000
    5615      32.242    -11.500
    5616      31.680     -4.000
    5617      32.242    -12.000
    5618      31.680     -4.500
    5619      32.808    -17.500
    5620      33.379    -22.000
    5621      31.680     -5.000
    5622      32.242    -12.500
    5623      31.680     -5.500
    5624      32.808    -18.000
    5625      33.379    -22.500
    5626      32.242    -13.000
    5627      31.680     -6.000
    5628      31.680     -6.500
    5629      32.808    -18.500
    5630      32.242    -13.500
    5631      33.379    -23.000
    5632      31.680     -7.000
    5633      32.808    -19.000
    5634      32.242    -14.000
    5635      31.680     -7.500
    5636      31.122      8.000
    5637      31.122      7.250
    5638      31.122      6.500
    5639      31.122      5.750
    5640      31.122      5.000
    5641      33.379    -23.500
    5642      31.680     -8.000
    5643      31.122      4.250
    5644      32.242    -14.500
    5645      31.122      3.500
    5646      32.808    -19.500
    5647      31.122      2.750
    5648      31.680     -8.500
    5649      31.122      2.000
    5650      32.242    -15.000
    5651      33.379    -24.000
    5652      31.680     -9.000
    5653      31.122      1.250
    5654      32.808    -20.000
    5655      31.122      0.500
    5656      31.680     -9.500
    5657      32.242    -15.500
    5658      31.122     -0.250
    5659      32.808    -20.500
    5660      31.680    -10.000
    5661      31.122     -1.000
    5662      32.242    -16.000
    5663      31.122     -1.750
    5664      31.680    -10.500
    5665      32.808    -21.000
    5666      31.122     -2.500
    5667      32.242    -16.500
    5668      31.680    -11.000
    5669      31.122     -3.250
    5670      32.808    -21.500
    5671      32.242    -17.000
    5672      31.680    -11.500
    5673      31.122     -4.000
    5674      31.680    -12.000
    5675      31.122     -4.500
    5676      32.242    -17.500
    5677      32.808    -22.000
    5678      31.122     -5.000
    5679      31.680    -12.500
    5680      31.122     -5.500
    5681      32.242    -18.000
    5682      32.808    -22.500
    5683      31.122     -6.000
    5684      31.680    -13.000
    5685      31.122     -6.500
    5686      32.242    -18.500
    5687      31.680    -13.500
    5688      31.122     -7.000
    5689      32.808    -23.000
    5690      32.242    -19.000
    5691      31.680    -14.000
    5692      31.122     -7.500
    5693      30.567      8.000
    5694      30.567      7.250
    5695      30.567      6.500
    5696      30.567      5.750
    5697      30.567      5.000
    5698      31.122     -8.000
    5699      32.808    -23.500
    5700      30.567      4.250
    5701      31.680    -14.500
    5702      30.567      3.500
    5703      32.242    -19.500
    5704      30.567      2.750
    5705      31.122     -8.500
    5706      30.567      2.000
    5707      31.680    -15.000
    5708      30.567      1.250
    5709      32.808    -24.000
    5710      31.122     -9.000
    5711      32.242    -20.000
    5712      30.567      0.500
    5713      31.122     -9.500
    5714      31.680    -15.500
    5715      30.567     -0.250
    5716      32.242    -20.500
    5717      30.567     -1.000
    5718      31.122    -10.000
    5719      31.680    -16.000
    5720      30.567     -1.750
    5721      31.122    -10.500
    5722      32.242    -21.000
    5723      30.567     -2.500
    5724      31.680    -16.500
    5725      31.122    -11.000
    5726      30.567     -3.250
    5727      31.122    -11.500
    5728      31.680    -17.000
    5729      32.242    -21.500
    5730      30.567     -4.000
    5731      30.567     -4.500
    5732      31.122    -12.000
    5733      31.680    -17.500
    5734      32.242    -22.000
    5735      30.567     -5.000
    5736      31.122    -12.500
    5737      30.567     -5.500
    5738      31.680    -18.000
    5739      30.567     -6.000
    5740      31.122    -13.000
    5741      32.242    -22.500
    5742      30.567     -6.500
    5743      31.680    -18.500
    5744      31.122    -13.500
    5745      30.567     -7.000
    5746      32.242    -23.000
    5747      30.567     -7.500
    5748      31.122    -14.000
    5749      30.017      8.000
    5750      31.680    -19.000
    5751      30.017      7.250
    5752      30.017      6.500
    5753      30.017      5.750
    5754      30.017      5.000
    5755      30.017      4.250
    5756      30.567     -8.000
    5757      32.242    -23.500
    5758      30.017      3.500
    5759      31.122    -14.500
    5760      30.017      2.750
    5761      31.680    -19.500
    5762      30.567     -8.500
    5763      30.017      2.000
    5764      31.122    -15.000
    5765      30.017      1.250
    5766      30.567     -9.000
    5767      32.242    -24.000
    5768      31.680    -20.000
    5769      30.017      0.500
    5770      30.567     -9.500
    5771      31.122    -15.500
    5772      30.017     -0.250
    5773      30.017     -1.000
    5774      30.567    -10.000
    5775      31.680    -20.500
    5776      31.122    -16.000
    5777      30.017     -1.750
    5778      30.567    -10.500
    5779      30.017     -2.500
    5780      31.680    -21.000
    5781      31.122    -16.500
    5782      30.567    -11.000
    5783      30.017     -3.250
    5784      30.567    -11.500
    5785      31.122    -17.000
    5786      31.680    -21.500
    5787      30.017     -4.000
    5788      30.017     -4.500
    5789      30.567    -12.000
    5790      31.122    -17.500
    5791      30.017     -5.000
    5792      31.680    -22.000
    5793      30.567    -12.500
    5794      30.017     -5.500
    5795      31.122    -18.000
    5796      30.017     -6.000
    5797      30.567    -13.000
    5798      31.680    -22.500
    5799      30.017     -6.500
    5800      31.122    -18.500
    5801      30.567    -13.500
    5802      30.017     -7.000
    5803      31.680    -23.000
    5804      30.017     -7.500
    5805      29.470      8.000
    5806      29.470      7.250
    5807      30.567    -14.000
    5808      29.470      6.500
    5809      31.122    -19.000
    5810      29.470      5.750
    5811      29.470      5.000
    5812      29.470      4.250
    5813      30.017     -8.000
    5814      29.470      3.500
    5815      31.680    -23.500
    5816      30.567    -14.500
    5817      29.470      2.750
    5818      31.122    -19.500
    5819      30.017     -8.500
    5820      29.470      2.000
    5821      29.470      1.250
    5822      30.567    -15.000
    5823      30.017     -9.000
    5824      31.680    -24.000
    5825      29.470      0.500
    5826      31.122    -20.000
    5827      30.017     -9.500
    5828      29.470     -0.250
    5829      30.567    -15.500
    5830      29.470     -1.000
    5831      30.017    -10.000
    5832      31.122    -20.500
    5833      30.567    -16.000
    5834      29.470     -1.750
    5835      30.017    -10.500
    5836      29.470     -2.500
    5837      31.122    -21.000
    5838      30.567    -16.500
    5839      30.017    -11.000
    5840      29.470     -3.250
    5841      30.017    -11.500
    5842      30.567    -17.000
    5843      29.470     -4.000
    5844      31.122    -21.500
    5845      29.470     -4.500
    5846      30.017    -12.000
    5847      30.567    -17.500
    5848      29.470     -5.000
    5849      31.122    -22.000
    5850      30.017    -12.500
    5851      29.470     -5.500
    5852      30.567    -18.000
    5853      29.470     -6.000
    5854      30.017    -13.000
    5855      31.122    -22.500
    5856      29.470     -6.500
    5857      30.567    -18.500
    5858      30.017    -13.500
    5859      29.470     -7.000
    5860      31.122    -23.000
    5861      28.926      8.000
    5862      29.470     -7.500
    5863      28.926      7.250
    5864      28.926      6.500
    5865      30.017    -14.000
    5866      28.926      5.750
    5867      30.567    -19.000
    5868      28.926      5.000
    5869      28.926      4.250
    5870      29.470     -8.000
    5871      28.926      3.500
    5872      30.017    -14.500
    5873      31.122    -23.500
    5874      28.926      2.750
    5875      29.470     -8.500
    5876      30.567    -19.500
    5877      28.926      2.000
    5878      28.926      1.250
    5879      30.017    -15.000
    5880      29.470     -9.000
    5881      28.926      0.500
    5882      31.122    -24.000
    5883      30.567    -20.000
    5884      29.470     -9.500
    5885      28.926     -0.250
    5886      30.017    -15.500
    5887      28.926     -1.000
    5888      29.470    -10.000
    5889      30.567    -20.500
    5890      30.017    -16.000
    5891      28.926     -1.750
    5892      29.470    -10.500
    5893      28.926     -2.500
    5894      30.567    -21.000
    5895      30.017    -16.500
    5896      29.470    -11.000
    5897      28.926     -3.250
    5898      29.470    -11.500
    5899      30.017    -17.000
    5900      28.926     -4.000
    5901      30.567    -21.500
    5902      28.926     -4.500
    5903      29.470    -12.000
    5904      28.926     -5.000
    5905      30.017    -17.500
    5906      30.567    -22.000
    5907      29.470    -12.500
    5908      28.926     -5.500
    5909      30.017    -18.000
    5910      28.926     -6.000
    5911      29.470    -13.000
    5912      30.567    -22.500
    5913      28.926     -6.500
    5914      30.017    -18.500
    5915      29.470    -13.500
    5916      28.926     -7.000
    5917      30.567    -23.000
    5918      28.386      8.000
    5919      28.386      7.250
    5920      28.926     -7.500
    5921      28.386      6.500
    5922      29.470    -14.000
    5923      28.386      5.750
    5924      30.017    -19.000
    5925      28.386      5.000
    5926      28.386      4.250
    5927      28.926     -8.000
    5928      28.386      3.500
    5929      29.470    -14.500
    5930      28.386      2.750
    5931      30.567    -23.500
    5932      28.926     -8.500
    5933      30.017    -19.500
    5934      28.386      2.000
    5935      28.386      1.250
    5936      29.470    -15.000
    5937      28.926     -9.000
    5938      28.386      0.500
    5939      30.567    -24.000
    5940      30.017    -20.000
    5941      28.926     -9.500
    5942      28.386     -0.250
    5943      29.470    -15.500
    5944      28.386     -1.000
    5945      28.926    -10.000
    5946      30.017    -20.500
    5947      28.386     -1.750
    5948      29.470    -16.000
    5949      28.926    -10.500
    5950      28.386     -2.500
    5951      30.017    -21.000
    5952      29.470    -16.500
    5953      28.926    -11.000
    5954      28.386     -3.250
    5955      28.926    -11.500
    5956      28.386     -4.000
    5957      29.470    -17.000
    5958      30.017    -21.500
    5959      28.386     -4.500
    5960      28.926    -12.000
    5961      28.386     -5.000
    5962      29.470    -17.500
    5963      30.017    -22.000
    5964      28.926    -12.500
    5965      28.386     -5.500
    5966      28.386     -6.000
    5967      29.470    -18.000
    5968      28.926    -13.000
    5969      30.017    -22.500
    5970      28.386     -6.500
    5971      29.470    -18.500
    5972      28.926    -13.500
    5973      28.386     -7.000
    5974      27.848      8.000
    5975      27.848      7.250
    5976      28.386     -7.500
    5977      30.017    -23.000
    5978      27.848      6.500
    5979      27.848      5.750
    5980      28.926    -14.000
    5981      27.848      5.000
    5982      29.470    -19.000
    5983      27.848      4.250
    5984      28.386     -8.000
    5985      27.848      3.500
    5986      27.848      2.750
    5987      28.926    -14.500
    5988      30.017    -23.500
    5989      28.386     -8.500
    5990      27.848      2.000
    5991      29.470    -19.500
    5992      27.848      1.250
    5993      28.386     -9.000
    5994      28.926    -15.000
    5995      27.848      0.500
    5996      30.017    -24.000
    5997      29.470    -20.000
    5998      28.386     -9.500
    5999      27.848     -0.250
    6000      28.926    -15.500
    6001      27.848     -1.000
    6002      28.386    -10.000
    6003      29.470    -20.500
    6004      27.848     -1.750
    6005      28.926    -16.000
    6006      28.386    -10.500
    6007      27.848     -2.500
    6008      28.926    -16.500
    6009      28.386    -11.000
    6010      29.470    -21.000
    6011      27.848     -3.250
    6012      28.386    -11.500
    6013      27.848     -4.000
    6014      28.926    -17.000
    6015      29.470    -21.500
    6016      27.848     -4.500
    6017      28.386    -12.000
    6018      27.848     -5.000
    6019      28.926    -17.500
    6020      28.386    -12.500
    6021      29.470    -22.000
    6022      27.848     -5.500
    6023      27.848     -6.000
    6024      28.926    -18.000
    6025      28.386    -13.000
    6026      27.848     -6.500
    6027      29.470    -22.500
    6028      28.386    -13.500
    6029      28.926    -18.500
    6030      27.848     -7.000
    6031      27.313      8.000
    6032      27.313      7.250
    6033      27.848     -7.500
    6034      27.313      6.500
    6035      29.470    -23.000
    6036      27.313      5.750
    6037      28.386    -14.000
    6038      27.313      5.000
    6039      28.926    -19.000
    6040      27.313      4.250
    6041      27.848     -8.000
    6042      27.313      3.500
    6043      27.313      2.750
    6044      28.386    -14.500
    6045      27.848     -8.500
    6046      27.313      2.000
    6047      29.470    -23.500
    6048      28.926    -19.500
    6049      27.313      1.250
    6050      27.848     -9.000
    6051      28.386    -15.000
    6052      27.313      0.500
    6053      29.470    -24.000
    6054      28.926    -20.000
    6055      27.313     -0.250
    6056      27.848     -9.500
    6057      28.386    -15.500
    6058      27.313     -1.000
    6059      27.848    -10.000
    6060      27.313     -1.750
    6061      28.926    -20.500
    6062      28.386    -16.000
    6063      27.848    -10.500
    6064      27.313     -2.500
    6065      27.848    -11.000
    6066      28.386    -16.500
    6067      28.926    -21.000
    6068      27.313     -3.250
    6069      27.848    -11.500
    6070      27.313     -4.000
    6071      28.386    -17.000
    6072      28.926    -21.500
    6073      27.313     -4.500
    6074      27.848    -12.000
    6075      27.313     -5.000
    6076      28.386    -17.500
    6077      27.848    -12.500
    6078      27.313     -5.500
    6079      28.926    -22.000
    6080      27.313     -6.000
    6081      28.386    -18.000
    6082      27.848    -13.000
    6083      27.313     -6.500
    6084      28.926    -22.500
    6085      27.848    -13.500
    6086      27.313     -7.000
    6087      28.386    -18.500
    6088      26.780      8.000
    6089      26.780      7.250
    6090      26.780      6.500
    6091      27.313     -7.500
    6092      26.780      5.750
    6093      28.926    -23.000
    6094      27.848    -14.000
    6095      26.780      5.000
    6096      26.780      4.250
    6097      28.386    -19.000
    6098      27.313     -8.000
    6099      26.780      3.500
    6100      26.780      2.750
    6101      27.848    -14.500
    6102      27.313     -8.500
    6103      26.780      2.000
    6104      28.926    -23.500
    6105      28.386    -19.500
    6106      26.780      1.250
    6107      27.313     -9.000
    6108      27.848    -15.000
    6109      26.780      0.500
    6110      26.780     -0.250
    6111      27.313     -9.500
    6112      28.386    -20.000
    6113      28.926    -24.000
    6114      27.848    -15.500
    6115      26.780     -1.000
    6116      27.313    -10.000
    6117      26.780     -1.750
    6118      28.386    -20.500
    6119      27.848    -16.000
    6120      27.313    -10.500
    6121      26.780     -2.500
    6122      27.313    -11.000
    6123      27.848    -16.500
    6124      26.780     -3.250
    6125      28.386    -21.000
    6126      27.313    -11.500
    6127      26.780     -4.000
    6128      27.848    -17.000
    6129      28.386    -21.500
    6130      26.780     -4.500
    6131      27.313    -12.000
    6132      26.780     -5.000
    6133      27.848    -17.500
    6134      26.780     -5.500
    6135      27.313    -12.500
    6136      28.386    -22.000
    6137      26.780     -6.000
    6138      27.848    -18.000
    6139      27.313    -13.000
    6140      26.780     -6.500
    6141      28.386    -22.500
    6142      27.313    -13.500
    6143      26.780     -7.000
    6144      27.848    -18.500
    6145      26.250      8.000
    6146      26.250      7.250
    6147      26.250      6.500
    6148      26.780     -7.500
    6149      26.250      5.750
    6150      26.250      5.000
    6151      27.313    -14.000
    6152      28.386    -23.000
    6153      26.250      4.250
    6154      27.848    -19.000
    6155      26.780     -8.000
    6156      26.250      3.500
    6157      26.250      2.750
    6158      27.313    -14.500
    6159      26.780     -8.500
    6160      26.250      2.000
    6161      28.386    -23.500
    6162      27.848    -19.500
    6163      26.250      1.250
    6164      26.780     -9.000
    6165      27.313    -15.000
    6166      26.250      0.500
    6167      26.250     -0.250
    6168      26.780     -9.500
    6169      27.848    -20.000
    6170      28.386    -24.000
    6171      27.313    -15.500
    6172      26.250     -1.000
    6173      26.780    -10.000
    6174      26.250     -1.750
    6175      27.848    -20.500
    6176      27.313    -16.000
    6177      26.780    -10.500
    6178      26.250     -2.500
    6179      26.780    -11.000
    6180      27.313    -16.500
    6181      26.250     -3.250
    6182      27.848    -21.000
    6183      26.780    -11.500
    6184      26.250     -4.000
    6185      27.313    -17.000
    6186      26.250     -4.500
    6187      27.848    -21.500
    6188      26.780    -12.000
    6189      26.250     -5.000
    6190      27.313    -17.500
    6191      26.250     -5.500
    6192      26.780    -12.500
    6193      27.848    -22.000
    6194      26.250     -6.000
    6195      27.313    -18.000
    6196      26.780    -13.000
    6197      26.250     -6.500
    6198      27.848    -22.500
    6199      26.250     -7.000
    6200      26.780    -13.500
    6201      27.313    -18.500
    6202      25.722      8.000
    6203      25.722      7.250
    6204      25.722      6.500
    6205      26.250     -7.500
    6206      25.722      5.750
    6207      25.722      5.000
    6208      26.780    -14.000
    6209      27.848    -23.000
    6210      25.722      4.250
    6211      27.313    -19.000
    6212      26.250     -8.000
    6213      25.722      3.500
    6214      25.722      2.750
    6215      26.780    -14.500
    6216      26.250     -8.500
    6217      25.722      2.000
    6218      27.848    -23.500
    6219      27.313    -19.500
    6220      25.722      1.250
    6221      26.250     -9.000
    6222      26.780    -15.000
    6223      25.722      0.500
    6224      25.722     -0.250
    6225      26.250     -9.500
    6226      27.313    -20.000
    6227      27.848    -24.000
    6228      26.780    -15.500
    6229      25.722     -1.000
    6230      26.250    -10.000
    6231      25.722     -1.750
    6232      27.313    -20.500
    6233      26.780    -16.000
    6234      26.250    -10.500
    6235      25.722     -2.500
    6236      26.250    -11.000
    6237      25.722     -3.250
    6238      26.780    -16.500
    6239      27.313    -21.000
    6240      26.250    -11.500
    6241      25.722     -4.000
    6242      26.780    -17.000
    6243      25.722     -4.500
    6244      27.313    -21.500
    6245      26.250    -12.000
    6246      25.722     -5.000
    6247      26.780    -17.500
    6248      25.722     -5.500
    6249      26.250    -12.500
    6250      27.313    -22.000
    6251      25.722     -6.000
    6252      26.780    -18.000
    6253      26.250    -13.000
    6254      25.722     -6.500
    6255      27.313    -22.500
    6256      25.722     -7.000
    6257      26.250    -13.500
    6258      26.780    -18.500
    6259      25.196      8.000
    6260      25.196      7.250
    6261      25.196      6.500
    6262      25.722     -7.500
    6263      25.196      5.750
    6264      25.196      5.000
    6265      26.250    -14.000
    6266      27.313    -23.000
    6267      25.196      4.250
    6268      26.780    -19.000
    6269      25.722     -8.000
    6270      25.196      3.500
    6271      25.196      2.750
    6272      26.250    -14.500
    6273      25.722     -8.500
    6274      25.196      2.000
    6275      27.313    -23.500
    6276      25.196      1.250
    6277      26.780    -19.500
    6278      25.722     -9.000
    6279      26.250    -15.000
    6280      25.196      0.500
    6281      25.196     -0.250
    6282      25.722     -9.500
    6283      26.780    -20.000
    6284      27.313    -24.000
    6285      26.250    -15.500
    6286      25.196     -1.000
    6287      25.722    -10.000
    6288      25.196     -1.750
    6289      26.780    -20.500
    6290      26.250    -16.000
    6291      25.722    -10.500
    6292      25.196     -2.500
    6293      25.722    -11.000
    6294      25.196     -3.250
    6295      26.250    -16.500
    6296      26.780    -21.000
    6297      25.722    -11.500
    6298      25.196     -4.000
    6299      26.250    -17.000
    6300      25.196     -4.500
    6301      26.780    -21.500
    6302      25.722    -12.000
    6303      25.196     -5.000
    6304      26.250    -17.500
    6305      25.196     -5.500
    6306      25.722    -12.500
    6307      26.780    -22.000
    6308      25.196     -6.000
    6309      26.250    -18.000
    6310      25.722    -13.000
    6311      25.196     -6.500
    6312      26.780    -22.500
    6313      25.196     -7.000
    6314      25.722    -13.500
    6315      26.250    -18.500
    6316      24.671      8.000
    6317      24.671      7.250
    6318      24.671      6.500
    6319      25.196     -7.500
    6320      24.671      5.750
    6321      24.671      5.000
    6322      25.722    -14.000
    6323      24.671      4.250
    6324      26.780    -23.000
    6325      25.196     -8.000
    6326      26.250    -19.000
    6327      24.671      3.500
    6328      24.671      2.750
    6329      25.722    -14.500
    6330      24.671      2.000
    6331      25.196     -8.500
    6332      24.671      1.250
    6333      26.780    -23.500
    6334      26.250    -19.500
    6335      25.196     -9.000
    6336      24.671      0.500
    6337      25.722    -15.000
    6338      24.671     -0.250
    6339      25.196     -9.500
    6340      26.250    -20.000
    6341      26.780    -24.000
    6342      25.722    -15.500
    6343      24.671     -1.000
    6344      25.196    -10.000
    6345      24.671     -1.750
    6346      26.250    -20.500
    6347      25.722    -16.000
    6348      25.196    -10.500
    6349      24.671     -2.500
    6350      25.196    -11.000
    6351      24.671     -3.250
    6352      25.722    -16.500
    6353      26.250    -21.000
    6354      24.671     -4.000
    6355      25.196    -11.500
    6356      25.722    -17.000
    6357      24.671     -4.500
    6358      26.250    -21.500
    6359      25.196    -12.000
    6360      24.671     -5.000
    6361      25.722    -17.500
    6362      24.671     -5.500
    6363      25.196    -12.500
    6364      26.250    -22.000
    6365      24.671     -6.000
    6366      25.722    -18.000
    6367      25.196    -13.000
    6368      24.671     -6.500
    6369      26.250    -22.500
    6370      24.671     -7.000
    6371      25.196    -13.500
    6372      25.722    -18.500
    6373      24.148      8.000
    6374      24.148      7.250
    6375      24.148      6.500
    6376      24.671     -7.500
    6377      24.148      5.750
    6378      24.148      5.000
    6379      25.196    -14.000
    6380      24.148      4.250
    6381      26.250    -23.000
    6382      24.671     -8.000
    6383      24.148      3.500
    6384      25.722    -19.000
    6385      24.148      2.750
    6386      25.196    -14.500
    6387      24.148      2.000
    6388      24.671     -8.500
    6389      24.148      1.250
    6390      26.250    -23.500
    6391      25.722    -19.500
    6392      24.671     -9.000
    6393      24.148      0.500
    6394      25.196    -15.000
    6395      24.148     -0.250
    6396      24.671     -9.500
    6397      25.722    -20.000
    6398      26.250    -24.000
    6399      25.196    -15.500
    6400      24.148     -1.000
    6401      24.671    -10.000
    6402      24.148     -1.750
    6403      25.722    -20.500
    6404      25.196    -16.000
    6405      24.671    -10.500
    6406      24.148     -2.500
    6407      24.671    -11.000
    6408      24.148     -3.250
    6409      25.196    -16.500
    6410      25.722    -21.000
    6411      24.148     -4.000
    6412      24.671    -11.500
    6413      25.196    -17.000
    6414      24.148     -4.500
    6415      25.722    -21.500
    6416      24.671    -12.000
    6417      24.148     -5.000
    6418      25.196    -17.500
    6419      24.148     -5.500
    6420      24.671    -12.500
    6421      25.722    -22.000
    6422      24.148     -6.000
    6423      25.196    -18.000
    6424      24.671    -13.000
    6425      24.148     -6.500
    6426      25.722    -22.500
    6427      24.148     -7.000
    6428      24.671    -13.500
    6429      25.196    -18.500
    6430      23.627      8.000
    6431      23.627      7.250
    6432      23.627      6.500
    6433      24.148     -7.500
    6434      23.627      5.750
    6435      23.627      5.000
    6436      24.671    -14.000
    6437      23.627      4.250
    6438      25.722    -23.000
    6439      24.148     -8.000
    6440      23.627      3.500
    6441      25.196    -19.000
    6442      23.627      2.750
    6443      24.671    -14.500
    6444      23.627      2.000
    6445      24.148     -8.500
    6446      23.627      1.250
    6447      25.722    -23.500
    6448      25.196    -19.500
    6449      24.148     -9.000
    6450      23.627      0.500
    6451      24.671    -15.000
    6452      23.627     -0.250
    6453      24.148     -9.500
    6454      25.196    -20.000
    6455      25.722    -24.000
    6456      24.671    -15.500
    6457      23.627     -1.000
    6458      24.148    -10.000
    6459      23.627     -1.750
    6460      24.671    -16.000
    6461      25.196    -20.500
    6462      24.148    -10.500
    6463      23.627     -2.500
    6464      24.148    -11.000
    6465      23.627     -3.250
    6466      24.671    -16.500
    6467      25.196    -21.000
    6468      23.627     -4.000
    6469      24.148    -11.500
    6470      24.671    -17.000
    6471      23.627     -4.500
    6472      25.196    -21.500
    6473      24.148    -12.000
    6474      23.627     -5.000
    6475      24.671    -17.500
    6476      23.627     -5.500
    6477      24.148    -12.500
    6478      25.196    -22.000
    6479      23.627     -6.000
    6480      24.671    -18.000
    6481      24.148    -13.000
    6482      23.627     -6.500
    6483      25.196    -22.500
    6484      23.627     -7.000
    6485      24.148    -13.500
    6486      24.671    -18.500
    6487      23.106      8.000
    6488      23.106      7.250
    6489      23.106      6.500
    6490      23.627     -7.500
    6491      23.106      5.750
    6492      23.106      5.000
    6493      24.148    -14.000
    6494      23.106      4.250
    6495      25.196    -23.000
    6496      23.627     -8.000
    6497      23.106      3.500
    6498      24.671    -19.000
    6499      23.106      2.750
    6500      24.148    -14.500
    6501      23.106      2.000
    6502      23.627     -8.500
    6503      23.106      1.250
    6504      25.196    -23.500
    6505      24.671    -19.500
    6506      23.627     -9.000
    6507      23.106      0.500
    6508      24.148    -15.000
    6509      23.106     -0.250
    6510      23.627     -9.500
    6511      24.671    -20.000
    6512      25.196    -24.000
    6513      24.148    -15.500
    6514      23.106     -1.000
    6515      23.627    -10.000
    6516      23.106     -1.750
    6517      24.148    -16.000
    6518      24.671    -20.500
    6519      23.627    -10.500
    6520      23.106     -2.500
    6521      23.627    -11.000
    6522      23.106     -3.250
    6523      24.148    -16.500
    6524      24.671    -21.000
    6525      23.106     -4.000
    6526      23.627    -11.500
    6527      24.148    -17.000
    6528      23.106     -4.500
    6529      24.671    -21.500
    6530      23.627    -12.000
    6531      23.106     -5.000
    6532      24.148    -17.500
    6533      23.106     -5.500
    6534      23.627    -12.500
    6535      24.671    -22.000
    6536      23.106     -6.000
    6537      24.148    -18.000
    6538      23.627    -13.000
    6539      23.106     -6.500
    6540      24.671    -22.500
    6541      23.106     -7.000
    6542      23.627    -13.500
    6543      24.148    -18.500
    6544      22.587      8.000
    6545      22.587      7.250
    6546      22.587      6.500
    6547      23.106     -7.500
    6548      22.587      5.750
    6549      22.587      5.000
    6550      23.627    -14.000
    6551      22.587      4.250
    6552      24.671    -23.000
    6553      23.106     -8.000
    6554      22.587      3.500
    6555      24.148    -19.000
    6556      22.587      2.750
    6557      23.627    -14.500
    6558      22.587      2.000
    6559      23.106     -8.500
    6560      22.587      1.250
    6561      24.148    -19.500
    6562      24.671    -23.500
    6563      23.106     -9.000
    6564      22.587      0.500
    6565      23.627    -15.000
    6566      22.587     -0.250
    6567      23.106     -9.500
    6568      24.148    -20.000
    6569      24.671    -24.000
    6570      23.627    -15.500
    6571      22.587     -1.000
    6572      23.106    -10.000
    6573      22.587     -1.750
    6574      23.627    -16.000
    6575      24.148    -20.500
    6576      23.106    -10.500
    6577      22.587     -2.500
    6578      23.106    -11.000
    6579      22.587     -3.250
    6580      23.627    -16.500
    6581      24.148    -21.000
    6582      22.587     -4.000
    6583      23.106    -11.500
    6584      23.627    -17.000
    6585      22.587     -4.500
    6586      24.148    -21.500
    6587      23.106    -12.000
    6588      22.587     -5.000
    6589      23.627    -17.500
    6590      22.587     -5.500
    6591      23.106    -12.500
    6592      24.148    -22.000
    6593      22.587     -6.000
    6594      23.627    -18.000
    6595      23.106    -13.000
    6596      22.587     -6.500
    6597      24.148    -22.500
    6598      22.587     -7.000
    6599      23.106    -13.500
    6600      23.627    -18.500
    6601      22.069      8.000
    6602      22.069      7.250
    6603      22.069      6.500
    6604      22.587     -7.500
    6605      22.069      5.750
    6606      22.069      5.000
    6607      23.106    -14.000
    6608      22.069      4.250
    6609      24.148    -23.000
    6610      22.587     -8.000
    6611      22.069      3.500
    6612      23.627    -19.000
    6613      22.069      2.750
    6614      23.106    -14.500
    6615      22.069      2.000
    6616      22.587     -8.500
    6617      22.069      1.250
    6618      23.627    -19.500
    6619      24.148    -23.500
    6620      22.587     -9.000
    6621      22.069      0.500
    6622      23.106    -15.000
    6623      22.069     -0.250
    6624      22.587     -9.500
    6625      23.627    -20.000
    6626      23.106    -15.500
    6627      24.148    -24.000
    6628      22.069     -1.000
    6629      22.587    -10.000
    6630      22.069     -1.750
    6631      23.106    -16.000
    6632      23.627    -20.500
    6633      22.587    -10.500
    6634      22.069     -2.500
    6635      22.587    -11.000
    6636      22.069     -3.250
    6637      23.106    -16.500
    6638      23.627    -21.000
    6639      22.069     -4.000
    6640      22.587    -11.500
    6641      23.106    -17.000
    6642      22.069     -4.500
    6643      23.627    -21.500
    6644      22.587    -12.000
    6645      22.069     -5.000
    6646      23.106    -17.500
    6647      22.069     -5.500
    6648      22.587    -12.500
    6649      23.627    -22.000
    6650      22.069     -6.000
    6651      23.106    -18.000
    6652      22.587    -13.000
    6653      22.069     -6.500
    6654      23.627    -22.500
    6655      22.069     -7.000
    6656      22.587    -13.500
    6657      23.106    -18.500
    6658      21.551      8.000
    6659      21.551      7.250
    6660      21.551      6.500
    6661      22.069     -7.500
    6662      21.551      5.750
    6663      21.551      5.000
    6664      22.587    -14.000
    6665      21.551      4.250
    6666      23.627    -23.000
    6667      22.069     -8.000
    6668      21.551      3.500
    6669      23.106    -19.000
    6670      21.551      2.750
    6671      22.587    -14.500
    6672      22.069     -8.500
    6673      21.551      2.000
    6674      21.551      1.250
    6675      23.106    -19.500
    6676      23.627    -23.500
    6677      22.069     -9.000
    6678      21.551      0.500
    6679      22.587    -15.000
    6680      21.551     -0.250
    6681      22.069     -9.500
    6682      23.106    -20.000
    6683      23.627    -24.000
    6684      22.587    -15.500
    6685      21.551     -1.000
    6686      22.069    -10.000
    6687      21.551     -1.750
    6688      22.587    -16.000
    6689      23.106    -20.500
    6690      22.069    -10.500
    6691      21.551     -2.500
    6692      22.069    -11.000
    6693      21.551     -3.250
    6694      22.587    -16.500
    6695      23.106    -21.000
    6696      22.069    -11.500
    6697      21.551     -4.000
    6698      22.587    -17.000
    6699      21.551     -4.500
    6700      23.106    -21.500
    6701      22.069    -12.000
    6702      21.551     -5.000
    6703      22.587    -17.500
    6704      21.551     -5.500
    6705      22.069    -12.500
    6706      23.106    -22.000
    6707      21.551     -6.000
    6708      22.587    -18.000
    6709      22.069    -13.000
    6710      21.551     -6.500
    6711      23.106    -22.500
    6712      21.551     -7.000
    6713      22.069    -13.500
    6714      22.587    -18.500
    6715      21.034      8.000
    6716      21.034      7.250
    6717      21.034      6.500
    6718      21.551     -7.500
    6719      21.034      5.750
    6720      21.034      5.000
    6721      22.069    -14.000
    6722      21.034      4.250
    6723      23.106    -23.000
    6724      21.551     -8.000
    6725      22.587    -19.000
    6726      21.034      3.500
    6727      21.034      2.750
    6728      22.069    -14.500
    6729      21.551     -8.500
    6730      21.034      2.000
    6731      21.034      1.250
    6732      22.587    -19.500
    6733      23.106    -23.500
    6734      21.551     -9.000
    6735      22.069    -15.000
    6736      21.034      0.500
    6737      21.034     -0.250
    6738      21.551     -9.500
    6739      22.587    -20.000
    6740      23.106    -24.000
    6741      22.069    -15.500
    6742      21.034     -1.000
    6743      21.551    -10.000
    6744      21.034     -1.750
    6745      22.069    -16.000
    6746      22.587    -20.500
    6747      21.551    -10.500
    6748      21.034     -2.500
    6749      21.551    -11.000
    6750      21.034     -3.250
    6751      22.069    -16.500
    6752      22.587    -21.000
    6753      21.551    -11.500
    6754      21.034     -4.000
    6755      22.069    -17.000
    6756      21.034     -4.500
    6757      22.587    -21.500
    6758      21.551    -12.000
    6759      21.034     -5.000
    6760      22.069    -17.500
    6761      21.034     -5.500
    6762      21.551    -12.500
    6763      22.587    -22.000
    6764      21.034     -6.000
    6765      22.069    -18.000
    6766      21.551    -13.000
    6767      21.034     -6.500
    6768      22.587    -22.500
    6769      21.034     -7.000
    6770      21.551    -13.500
    6771      22.069    -18.500
    6772      20.517      8.000
    6773      20.517      7.250
    6774      20.517      6.500
    6775      21.034     -7.500
    6776      20.517      5.750
    6777      20.517      5.000
    6778      21.551    -14.000
    6779      20.517      4.250
    6780      22.587    -23.000
    6781      21.034     -8.000
    6782      22.069    -19.000
    6783      20.517      3.500
    6784      20.517      2.750
    6785      21.551    -14.500
    6786      21.034     -8.500
    6787      20.517      2.000
    6788      20.517      1.250
    6789      22.587    -23.500
    6790      22.069    -19.500
    6791      21.034     -9.000
    6792      21.551    -15.000
    6793      20.517      0.500
    6794      20.517     -0.250
    6795      21.034     -9.500
    6796      22.069    -20.000
    6797      22.587    -24.000
    6798      21.551    -15.500
    6799      20.517     -1.000
    6800      21.034    -10.000
    6801      20.517     -1.750
    6802      22.069    -20.500
    6803      21.551    -16.000
    6804      21.034    -10.500
    6805      20.517     -2.500
    6806      21.034    -11.000
    6807      20.517     -3.250
    6808      21.551    -16.500
    6809      22.069    -21.000
    6810      21.034    -11.500
    6811      20.517     -4.000
    6812      21.551    -17.000
    6813      20.517     -4.500
    6814      22.069    -21.500
    6815      21.034    -12.000
    6816      20.517     -5.000
    6817      21.551    -17.500
    6818      20.517     -5.500
    6819      21.034    -12.500
    6820      22.069    -22.000
    6821      20.517     -6.000
    6822      21.551    -18.000
    6823      21.034    -13.000
    6824      20.517     -6.500
    6825      22.069    -22.500
    6826      20.517     -7.000
    6827      21.034    -13.500
    6828      21.551    -18.500
    6829      20.000      8.000
    6830      20.000      7.250
    6831      20.000      6.500
    6832      20.517     -7.500
    6833      20.000      5.750
    6834      20.000      5.000
    6835      21.034    -14.000
    6836      22.069    -23.000
    6837      20.000      4.250
    6838      21.551    -19.000
    6839      20.517     -8.000
    6840      20.000      3.500
    6841      20.000      2.750
    6842      21.034    -14.500
    6843      20.517     -8.500
    6844      20.000      2.000
    6845      22.069    -23.500
    6846      21.551    -19.500
    6847      20.000      1.250
    6848      20.517     -9.000
    6849      21.034    -15.000
    6850      20.000      0.500
    6851      20.000     -0.250
    6852      20.517     -9.500
    6853      21.551    -20.000
    6854      22.069    -24.000
    6855      21.034    -15.500
    6856      20.000     -1.000
    6857      20.517    -10.000
    6858      20.000     -1.750
    6859      21.551    -20.500
    6860      21.034    -16.000
    6861      20.517    -10.500
    6862      20.000     -2.500
    6863      20.517    -11.000
    6864      21.034    -16.500
    6865      20.000     -3.250
    6866      21.551    -21.000
    6867      20.517    -11.500
    6868      20.000     -4.000
    6869      21.034    -17.000
    6870      20.000     -4.500
    6871      21.551    -21.500
    6872      20.517    -12.000
    6873      20.000     -5.000
    6874      21.034    -17.500
    6875      20.000     -5.500
    6876      20.517    -12.500
    6877      21.551    -22.000
    6878      20.000     -6.000
    6879      21.034    -18.000
    6880      20.517    -13.000
    6881      20.000     -6.500
    6882      21.551    -22.500
    6883      20.517    -13.500
    6884      20.000     -7.000
    6885      21.034    -18.500
    6886      19.500      7.800
    6887      19.500      7.053
    6888      19.500      6.310
    6889      19.500      5.570
    6890      20.000     -7.500
    6891      19.500      4.833
    6892      19.500      4.098
    6893      20.517    -14.000
    6894      21.551    -23.000
    6895      19.500      3.364
    6896      21.034    -19.000
    6897      20.000     -8.000
    6898      19.500      2.632
    6899      19.500      1.900
    6900      20.517    -14.500
    6901      20.000     -8.500
    6902      19.500      1.168
    6903      21.551    -23.500
    6904      21.034    -19.500
    6905      19.500      0.436
    6906      20.000     -9.000
    6907      20.517    -15.000
    6908      19.500     -0.298
    6909      20.000     -9.500
    6910      21.034    -20.000
    6911      19.500     -1.033
    6912      21.551    -24.000
    6913      20.517    -15.500
    6914      20.000    -10.000
    6915      19.500     -1.770
    6916      21.034    -20.500
    6917      20.517    -16.000
    6918      19.500     -2.510
    6919      20.000    -10.500
    6920      19.500     -3.253
    6921      20.000    -11.000
    6922      20.517    -16.500
    6923      21.034    -21.000
    6924      19.500     -4.000
    6925      20.000    -11.500
    6926      19.500     -4.500
    6927      20.517    -17.000
    6928      21.034    -21.500
    6929      19.500     -5.000
    6930      20.000    -12.000
    6931      19.500     -5.500
    6932      20.517    -17.500
    6933      20.000    -12.500
    6934      21.034    -22.000
    6935      19.500     -6.000
    6936      20.517    -18.000
    6937      19.500     -6.500
    6938      20.000    -13.000
    6939      19.500     -7.000
    6940      21.034    -22.500
    6941      19.000      7.600
    6942      20.000    -13.500
    6943      19.000      6.857
    6944      19.000      6.122
    6945      20.517    -18.500
    6946      19.000      5.392
    6947      19.500     -7.500
    6948      19.000      4.668
    6949      19.000      3.947
    6950      19.000      3.230
    6951      20.000    -14.000
    6952      19.500     -8.000
    6953      21.034    -23.000
    6954      19.000      2.514
    6955      20.517    -19.000
    6956      19.000      1.800
    6957      19.500     -8.500
    6958      20.000    -14.500
    6959      19.000      1.086
    6960      21.034    -23.500
    6961      20.517    -19.500
    6962      19.000      0.370
    6963      19.500     -9.000
    6964      20.000    -15.000
    6965      19.000     -0.347
    6966      19.500     -9.500
    6967      19.000     -1.068
    6968      20.517    -20.000
    6969      21.034    -24.000
    6970      20.000    -15.500
    6971      19.500    -10.000
    6972      19.000     -1.792
    6973      19.000     -2.522
    6974      19.500    -10.500
    6975      20.517    -20.500
    6976      20.000    -16.000
    6977      19.000     -3.257
    6978      19.500    -11.000
    6979      20.000    -16.500
    6980      20.517    -21.000
    6981      19.000     -4.000
    6982      19.500    -11.500
    6983      19.000     -4.500
    6984      20.000    -17.000
    6985      19.000     -5.000
    6986      19.500    -12.000
    6987      20.517    -21.500
    6988      19.000     -5.500
    6989      20.000    -17.500
    6990      19.500    -12.500
    6991      19.000     -6.000
    6992      20.517    -22.000
    6993      19.500    -13.000
    6994      19.000     -6.500
    6995      20.000    -18.000
    6996      19.000     -7.000
    6997      19.500    -13.500
    6998      18.500      7.400
    6999      20.517    -22.500
    7000      18.500      6.663
    7001      18.500      5.936
    7002      18.500      5.218
    7003      19.000     -7.500
    7004      20.000    -18.500
    7005      18.500      4.506
    7006      18.500      3.799
    7007      19.500    -14.000
    7008      18.500      3.097
    7009      19.000     -8.000
    7010      20.517    -23.000
    7011      18.500      2.398
    7012      20.000    -19.000
    7013      18.500      1.700
    7014      19.000     -8.500
    7015      19.500    -14.500
    7016      18.500      1.002
    7017      19.000     -9.000
    7018      18.500      0.303
    7019      20.517    -23.500
    7020      20.000    -19.500
    7021      19.500    -15.000
    7022      18.500     -0.399
    7023      19.000     -9.500
    7024      18.500     -1.106
    7025      19.500    -15.500
    7026      20.000    -20.000
    7027      19.000    -10.000
    7028      20.517    -24.000
    7029      18.500     -1.818
    7030      19.000    -10.500
    7031      18.500     -2.536
    7032      19.500    -16.000
    7033      20.000    -20.500
    7034      18.500     -3.263
    7035      19.000    -11.000
    7036      19.500    -16.500
    7037      18.500     -4.000
    7038      20.000    -21.000
    7039      19.000    -11.500
    7040      18.500     -4.500
    7041      19.500    -17.000
    7042      19.000    -12.000
    7043      18.500     -5.000
    7044      20.000    -21.500
    7045      18.500     -5.500
    7046      19.500    -17.500
    7047      19.000    -12.500
    7048      18.500     -6.000
    7049      20.000    -22.000
    7050      19.000    -13.000
    7051      18.500     -6.500
    7052      19.500    -18.000
    7053      18.500     -7.000
    7054      19.000    -13.500
    7055      18.000      7.200
    7056      18.000      6.470
    7057      18.000      5.753
    7058      20.000    -22.500
    7059      19.500    -18.500
    7060      18.500     -7.500
    7061      18.000      5.045
    7062      18.000      4.346
    7063      18.000      3.654
    7064      19.000    -14.000
    7065      18.500     -8.000
    7066      18.000      2.966
    7067      18.000      2.282
    7068      19.500    -19.000
    7069      20.000    -23.000
    7070      18.500     -8.500
    7071      18.000      1.600
    7072      19.000    -14.500
    7073      18.000      0.918
    7074      18.500     -9.000
    7075      18.000      0.234
    7076      19.500    -19.500
    7077      19.000    -15.000
    7078      20.000    -23.500
    7079      18.000     -0.454
    7080      18.500     -9.500
    7081      18.000     -1.146
    7082      19.000    -15.500
    7083      19.500    -20.000
    7084      18.500    -10.000
    7085      18.000     -1.845
    7086      20.000    -24.000
    7087      18.500    -10.500
    7088      18.000     -2.553
    7089      19.000    -16.000
    7090      19.500    -20.500
    7091      18.000     -3.270
    7092      18.500    -11.000
    7093      19.000    -16.500
    7094      18.000     -4.000
    7095      19.500    -21.000
    7096      18.500    -11.500
    7097      18.000     -4.500
    7098      19.000    -17.000
    7099      18.500    -12.000
    7100      18.000     -5.000
    7101      19.500    -21.500
    7102      18.000     -5.500
    7103      19.000    -17.500
    7104      18.500    -12.500
    7105      18.000     -6.000
    7106      19.500    -22.000
    7107      18.500    -13.000
    7108      18.000     -6.500
    7109      19.000    -18.000
    7110      18.000     -7.000
    7111      18.500    -13.500
    7112      17.500      7.000
    7113      17.500      6.279
    7114      19.500    -22.500
    7115      17.500      5.571
    7116      19.000    -18.500
    7117      18.000     -7.500
    7118      17.500      4.875
    7119      17.500      4.188
    7120      18.500    -14.000
    7121      17.500      3.510
    7122      18.000     -8.000
    7123      17.500      2.837
    7124      19.000    -19.000
    7125      17.500      2.167
    7126      19.500    -23.000
    7127      18.000     -8.500
    7128      17.500      1.500
    7129      18.500    -14.500
    7130      17.500      0.833
    7131      18.000     -9.000
    7132      19.000    -19.500
    7133      17.500      0.163
    7134      18.500    -15.000
    7135      19.500    -23.500
    7136      17.500     -0.510
    7137      18.000     -9.500
    7138      17.500     -1.188
    7139      18.500    -15.500
    7140      19.000    -20.000
    7141      18.000    -10.000
    7142      17.500     -1.875
    7143      19.500    -24.000
    7144      18.000    -10.500
    7145      17.500     -2.571
    7146      18.500    -16.000
    7147      19.000    -20.500
    7148      17.500     -3.279
    7149      18.000    -11.000
    7150      18.500    -16.500
    7151      17.500     -4.000
    7152      19.000    -21.000
    7153      18.000    -11.500
    7154      17.500     -4.500
    7155      18.500    -17.000
    7156      18.000    -12.000
    7157      17.500     -5.000
    7158      19.000    -21.500
    7159      17.500     -5.500
    7160      18.500    -17.500
    7161      18.000    -12.500
    7162      17.500     -6.000
    7163      19.000    -22.000
    7164      18.000    -13.000
    7165      17.500     -6.500
    7166      18.500    -18.000
    7167      17.500     -7.000
    7168      18.000    -13.500
    7169      17.000      6.800
    7170      19.000    -22.500
    7171      17.000      6.088
    7172      18.500    -18.500
    7173      17.000      5.391
    7174      17.500     -7.500
    7175      17.000      4.707
    7176      17.000      4.033
    7177      18.000    -14.000
    7178      17.000      3.367
    7179      17.500     -8.000
    7180      17.000      2.708
    7181      18.500    -19.000
    7182      19.000    -23.000
    7183      17.000      2.053
    7184      17.500     -8.500
    7185      18.000    -14.500
    7186      17.000      1.400
    7187      17.000      0.747
    7188      17.500     -9.000
    7189      18.500    -19.500
    7190      17.000      0.092
    7191      18.000    -15.000
    7192      19.000    -23.500
    7193      17.000     -0.567
    7194      17.500     -9.500
    7195      17.000     -1.233
    7196      18.500    -20.000
    7197      18.000    -15.500
    7198      17.500    -10.000
    7199      19.000    -24.000
    7200      17.000     -1.907
    7201      17.500    -10.500
    7202      18.000    -16.000
    7203      17.000     -2.591
    7204      18.500    -20.500
    7205      17.000     -3.288
    7206      17.500    -11.000
    7207      18.000    -16.500
    7208      17.000     -4.000
    7209      18.500    -21.000
    7210      17.500    -11.500
    7211      17.000     -4.500
    7212      18.000    -17.000
    7213      17.500    -12.000
    7214      17.000     -5.000
    7215      18.500    -21.500
    7216      17.000     -5.500
    7217      18.000    -17.500
    7218      17.500    -12.500
    7219      17.000     -6.000
    7220      18.500    -22.000
    7221      17.500    -13.000
    7222      17.000     -6.500
    7223      18.000    -18.000
    7224      17.000     -7.000
    7225      17.500    -13.500
    7226      18.500    -22.500
    7227      16.500      6.600
    7228      18.000    -18.500
    7229      16.500      5.899
    7230      17.000     -7.500
    7231      16.500      5.213
    7232      16.500      4.541
    7233      16.500      3.880
    7234      17.500    -14.000
    7235      17.000     -8.000
    7236      16.500      3.227
    7237      16.500      2.581
    7238      18.000    -19.000
    7239      18.500    -23.000
    7240      16.500      1.939
    7241      17.000     -8.500
    7242      17.500    -14.500
    7243      16.500      1.300
    7244      16.500      0.661
    7245      17.000     -9.000
    7246      18.000    -19.500
    7247      18.500    -23.500
    7248      17.500    -15.000
    7249      16.500      0.019
    7250      17.000     -9.500
    7251      16.500     -0.627
    7252      18.000    -20.000
    7253      16.500     -1.280
    7254      17.500    -15.500
    7255      17.000    -10.000
    7256      18.500    -24.000
    7257      16.500     -1.941
    7258      17.000    -10.500
    7259      17.500    -16.000
    7260      16.500     -2.613
    7261      18.000    -20.500
    7262      16.500     -3.299
    7263      17.000    -11.000
    7264      17.500    -16.500
    7265      18.000    -21.000
    7266      16.500     -4.000
    7267      17.000    -11.500
    7268      16.500     -4.500
    7269      17.500    -17.000
    7270      17.000    -12.000
    7271      16.500     -5.000
    7272      18.000    -21.500
    7273      16.500     -5.500
    7274      17.500    -17.500
    7275      17.000    -12.500
    7276      16.500     -6.000
    7277      18.000    -22.000
    7278      17.000    -13.000
    7279      17.500    -18.000
    7280      16.500     -6.500
    7281      16.500     -7.000
    7282      17.000    -13.500
    7283      18.000    -22.500
    7284      17.500    -18.500
    7285      16.000      6.400
    7286      16.000      5.711
    7287      16.500     -7.500
    7288      16.000      5.037
    7289      16.000      4.377
    7290      17.000    -14.000
    7291      16.000      3.728
    7292      16.500     -8.000
    7293      16.000      3.088
    7294      18.000    -23.000
    7295      17.500    -19.000
    7296      16.000      2.455
    7297      16.000      1.826
    7298      16.500     -8.500
    7299      17.000    -14.500
    7300      16.000      1.200
    7301      16.000      0.574
    7302      16.500     -9.000
    7303      17.500    -19.500
    7304      18.000    -23.500
    7305      17.000    -15.000
    7306      16.000     -0.055
    7307      16.500     -9.500
    7308      16.000     -0.688
    7309      17.500    -20.000
    7310      17.000    -15.500
    7311      16.000     -1.328
    7312      16.500    -10.000
    7313      18.000    -24.000
    7314      16.000     -1.977
    7315      16.500    -10.500
    7316      17.000    -16.000
    7317      17.500    -20.500
    7318      16.000     -2.637
    7319      16.500    -11.000
    7320      16.000     -3.311
    7321      17.000    -16.500
    7322      17.500    -21.000
    7323      16.000     -4.000
    7324      16.500    -11.500
    7325      16.000     -4.500
    7326      17.000    -17.000
    7327      16.500    -12.000
    7328      16.000     -5.000
    7329      17.500    -21.500
    7330      16.000     -5.500
    7331      17.000    -17.500
    7332      16.500    -12.500
    7333      16.000     -6.000
    7334      17.500    -22.000
    7335      16.500    -13.000
    7336      17.000    -18.000
    7337      16.000     -6.500
    7338      16.000     -7.000
    7339      16.500    -13.500
    7340      17.500    -22.500
    7341      17.000    -18.500
    7342      15.500      6.200
    7343      16.000     -7.500
    7344      15.500      5.523
    7345      15.500      4.862
    7346      15.500      4.214
    7347      16.500    -14.000
    7348      15.500      3.578
    7349      16.000     -8.000
    7350      15.500      2.951
    7351      17.500    -23.000
    7352      17.000    -19.000
    7353      15.500      2.330
    7354      16.000     -8.500
    7355      16.500    -14.500
    7356      15.500      1.714
    7357      15.500      1.100
    7358      16.000     -9.000
    7359      17.000    -19.500
    7360      15.500      0.486
    7361      17.500    -23.500
    7362      16.500    -15.000
    7363      15.500     -0.130
    7364      16.000     -9.500
    7365      15.500     -0.751
    7366      17.000    -20.000
    7367      16.500    -15.500
    7368      15.500     -1.378
    7369      16.000    -10.000
    7370      17.500    -24.000
    7371      15.500     -2.014
    7372      16.000    -10.500
    7373      16.500    -16.000
    7374      17.000    -20.500
    7375      15.500     -2.662
    7376      16.000    -11.000
    7377      15.500     -3.323
    7378      16.500    -16.500
    7379      17.000    -21.000
    7380      15.500     -4.000
    7381      16.000    -11.500
    7382      15.500     -4.500
    7383      16.500    -17.000
    7384      16.000    -12.000
    7385      17.000    -21.500
    7386      15.500     -5.000
    7387      15.500     -5.500
    7388      16.500    -17.500
    7389      16.000    -12.500
    7390      15.500     -6.000
    7391      17.000    -22.000
    7392      16.000    -13.000
    7393      16.500    -18.000
    7394      15.500     -6.500
    7395      15.500     -7.000
    7396      16.000    -13.500
    7397      17.000    -22.500
    7398      16.500    -18.500
    7399      15.000      6.000
    7400      15.500     -7.500
    7401      15.000      5.337
    7402      15.000      4.688
    7403      16.000    -14.000
    7404      15.000      4.054
    7405      15.000      3.430
    7406      15.500     -8.000
    7407      17.000    -23.000
    7408      16.500    -19.000
    7409      15.000      2.815
    7410      15.000      2.206
    7411      16.000    -14.500
    7412      15.500     -8.500
    7413      15.000      1.602
    7414      15.000      1.000
    7415      16.500    -19.500
    7416      15.500     -9.000
    7417      17.000    -23.500
    7418      15.000      0.398
    7419      16.000    -15.000
    7420      15.000     -0.206
    7421      15.500     -9.500
    7422      15.000     -0.815
    7423      16.500    -20.000
    7424      16.000    -15.500
    7425      17.000    -24.000
    7426      15.000     -1.430
    7427      15.500    -10.000
    7428      15.000     -2.054
    7429      16.000    -16.000
    7430      15.500    -10.500
    7431      16.500    -20.500
    7432      15.000     -2.688
    7433      15.500    -11.000
    7434      15.000     -3.337
    7435      16.000    -16.500
    7436      16.500    -21.000
    7437      15.000     -4.000
    7438      15.500    -11.500
    7439      16.000    -17.000
    7440      15.000     -4.500
    7441      15.500    -12.000
    7442      16.500    -21.500
    7443      15.000     -5.000
    7444      16.000    -17.500
    7445      15.000     -5.500
    7446      15.500    -12.500
    7447      15.000     -6.000
    7448      16.500    -22.000
    7449      15.500    -13.000
    7450      16.000    -18.000
    7451      15.000     -6.500
    7452      15.000     -7.000
    7453      15.500    -13.500
    7454      16.500    -22.500
    7455      16.000    -18.500
    7456      14.500      5.800
    7457      15.000     -7.500
    7458      14.500      5.151
    7459      14.500      4.516
    7460      15.500    -14.000
    7461      14.500      3.894
    7462      15.000     -8.000
    7463      14.500      3.283
    7464      16.500    -23.000
    7465      16.000    -19.000
    7466      14.500      2.680
    7467      14.500      2.083
    7468      15.500    -14.500
    7469      15.000     -8.500
    7470      14.500      1.490
    7471      14.500      0.900
    7472      16.000    -19.500
    7473      15.000     -9.000
    7474      16.500    -23.500
    7475      15.500    -15.000
    7476      14.500      0.310
    7477      14.500     -0.283
    7478      15.000     -9.500
    7479      14.500     -0.880
    7480      16.000    -20.000
    7481      15.500    -15.500
    7482      16.500    -24.000
    7483      15.000    -10.000
    7484      14.500     -1.483
    7485      14.500     -2.094
    7486      15.500    -16.000
    7487      15.000    -10.500
    7488      16.000    -20.500
    7489      14.500     -2.716
    7490      15.000    -11.000
    7491      14.500     -3.351
    7492      15.500    -16.500
    7493      16.000    -21.000
    7494      14.500     -4.000
    7495      15.000    -11.500
    7496      15.500    -17.000
    7497      14.500     -4.500
    7498      15.000    -12.000
    7499      16.000    -21.500
    7500      14.500     -5.000
    7501      15.500    -17.500
    7502      14.500     -5.500
    7503      15.000    -12.500
    7504      16.000    -22.000
    7505      14.500     -6.000
    7506      15.000    -13.000
    7507      15.500    -18.000
    7508      14.500     -6.500
    7509      14.500     -7.000
    7510      16.000    -22.500
    7511      15.000    -13.500
    7512      15.500    -18.500
    7513      14.500     -7.500
    7514      14.000      5.600
    7515      14.000      4.966
    7516      15.000    -14.000
    7517      14.000      4.345
    7518      14.000      3.736
    7519      14.500     -8.000
    7520      16.000    -23.000
    7521      15.500    -19.000
    7522      14.000      3.137
    7523      14.000      2.546
    7524      15.000    -14.500
    7525      14.000      1.961
    7526      14.500     -8.500
    7527      14.000      1.379
    7528      15.500    -19.500
    7529      14.000      0.800
    7530      16.000    -23.500
    7531      14.500     -9.000
    7532      15.000    -15.000
    7533      14.000      0.221
    7534      14.000     -0.361
    7535      14.500     -9.500
    7536      15.500    -20.000
    7537      14.000     -0.946
    7538      15.000    -15.500
    7539      16.000    -24.000
    7540      14.500    -10.000
    7541      14.000     -1.537
    7542      14.000     -2.136
    7543      15.000    -16.000
    7544      14.500    -10.500
    7545      15.500    -20.500
    7546      14.000     -2.745
    7547      14.500    -11.000
    7548      14.000     -3.366
    7549      15.000    -16.500
    7550      15.500    -21.000
    7551      14.000     -4.000
    7552      14.500    -11.500
    7553      15.000    -17.000
    7554      14.000     -4.500
    7555      14.500    -12.000
    7556      15.500    -21.500
    7557      14.000     -5.000
    7558      15.000    -17.500
    7559      14.000     -5.500
    7560      14.500    -12.500
    7561      15.500    -22.000
    7562      14.000     -6.000
    7563      15.000    -18.000
    7564      14.500    -13.000
    7565      14.000     -6.500
    7566      15.500    -22.500
    7567      14.000     -7.000
    7568      14.500    -13.500
    7569      15.000    -18.500
    7570      14.000     -7.500
    7571      13.500      5.400
    7572      13.500      4.781
    7573      14.500    -14.000
    7574      13.500      4.175
    7575      15.500    -23.000
    7576      13.500      3.579
    7577      14.000     -8.000
    7578      15.000    -19.000
    7579      13.500      2.992
    7580      13.500      2.413
    7581      14.500    -14.500
    7582      14.000     -8.500
    7583      13.500      1.839
    7584      13.500      1.269
    7585      15.000    -19.500
    7586      15.500    -23.500
    7587      14.000     -9.000
    7588      13.500      0.700
    7589      14.500    -15.000
    7590      13.500      0.131
    7591      14.000     -9.500
    7592      13.500     -0.439
    7593      15.000    -20.000
    7594      14.500    -15.500
    7595      13.500     -1.013
    7596      15.500    -24.000
    7597      14.000    -10.000
    7598      13.500     -1.592
    7599      13.500     -2.179
    7600      14.500    -16.000
    7601      15.000    -20.500
    7602      14.000    -10.500
    7603      13.500     -2.775
    7604      14.000    -11.000
    7605      14.500    -16.500
    7606      13.500     -3.381
    7607      15.000    -21.000
    7608      13.500     -4.000
    7609      14.000    -11.500
    7610      14.500    -17.000
    7611      13.500     -4.500
    7612      15.000    -21.500
    7613      14.000    -12.000
    7614      13.500     -5.000
    7615      14.500    -17.500
    7616      13.500     -5.500
    7617      14.000    -12.500
    7618      15.000    -22.000
    7619      13.500     -6.000
    7620      14.500    -18.000
    7621      14.000    -13.000
    7622      13.500     -6.500
    7623      15.000    -22.500
    7624      13.500     -7.000
    7625      14.000    -13.500
    7626      14.500    -18.500
    7627      13.500     -7.500
    7628      13.000      5.200
    7629      14.000    -14.000
    7630      13.000      4.597
    7631      13.000      4.005
    7632      15.000    -23.000
    7633      13.500     -8.000
    7634      14.500    -19.000
    7635      13.000      3.423
    7636      13.000      2.849
    7637      13.000      2.281
    7638      14.000    -14.500
    7639      13.500     -8.500
    7640      13.000      1.718
    7641      13.000      1.158
    7642      14.500    -19.500
    7643      15.000    -23.500
    7644      13.500     -9.000
    7645      13.000      0.600
    7646      14.000    -15.000
    7647      13.000      0.042
    7648      13.500     -9.500
    7649      13.000     -0.518
    7650      14.500    -20.000
    7651      14.000    -15.500
    7652      15.000    -24.000
    7653      13.000     -1.081
    7654      13.500    -10.000
    7655      13.000     -1.649
    7656      14.000    -16.000
    7657      14.500    -20.500
    7658      13.000     -2.223
    7659      13.500    -10.500
    7660      13.000     -2.805
    7661      13.500    -11.000
    7662      14.000    -16.500
    7663      13.000     -3.397
    7664      14.500    -21.000
    7665      13.500    -11.500
    7666      13.000     -4.000
    7667      14.000    -17.000
    7668      13.000     -4.500
    7669      14.500    -21.500
    7670      13.500    -12.000
    7671      13.000     -5.000
    7672      14.000    -17.500
    7673      13.000     -5.500
    7674      13.500    -12.500
    7675      14.500    -22.000
    7676      13.000     -6.000
    7677      14.000    -18.000
    7678      13.500    -13.000
    7679      13.000     -6.500
    7680      14.500    -22.500
    7681      13.000     -7.000
    7682      13.500    -13.500
    7683      14.000    -18.500
    7684      13.000     -7.500
    7685      12.500      5.000
    7686      13.500    -14.000
    7687      12.500      4.413
    7688      14.500    -23.000
    7689      12.500      3.837
    7690      14.000    -19.000
    7691      13.000     -8.000
    7692      12.500      3.268
    7693      12.500      2.706
    7694      13.500    -14.500
    7695      12.500      2.150
    7696      13.000     -8.500
    7697      12.500      1.598
    7698      14.000    -19.500
    7699      14.500    -23.500
    7700      12.500      1.048
    7701      13.000     -9.000
    7702      13.500    -15.000
    7703      12.500      0.500
    7704      12.500     -0.048
    7705      13.000     -9.500
    7706      14.000    -20.000
    7707      12.500     -0.598
    7708      14.500    -24.000
    7709      13.500    -15.500
    7710      12.500     -1.150
    7711      13.000    -10.000
    7712      12.500     -1.706
    7713      14.000    -20.500
    7714      13.500    -16.000
    7715      13.000    -10.500
    7716      12.500     -2.268
    7717      12.500     -2.837
    7718      13.000    -11.000
    7719      13.500    -16.500
    7720      12.500     -3.413
    7721      14.000    -21.000
    7722      13.000    -11.500
    7723      12.500     -4.000
    7724      13.500    -17.000
    7725      12.500     -4.500
    7726      14.000    -21.500
    7727      13.000    -12.000
    7728      12.500     -5.000
    7729      13.500    -17.500
    7730      12.500     -5.500
    7731      13.000    -12.500
    7732      14.000    -22.000
    7733      12.500     -6.000
    7734      13.500    -18.000
    7735      13.000    -13.000
    7736      12.500     -6.500
    7737      14.000    -22.500
    7738      13.000    -13.500
    7739      12.500     -7.000
    7740      13.500    -18.500
    7741      12.500     -7.500
    7742      13.000    -14.000
    7743      12.000      4.800
    7744      14.000    -23.000
    7745      12.000      4.230
    7746      13.500    -19.000
    7747      12.500     -8.000
    7748      12.000      3.668
    7749      12.000      3.113
    7750      12.000      2.564
    7751      13.000    -14.500
    7752      12.500     -8.500
    7753      12.000      2.019
    7754      12.000      1.477
    7755      14.000    -23.500
    7756      13.500    -19.500
    7757      12.000      0.938
    7758      12.500     -9.000
    7759      13.000    -15.000
    7760      12.000      0.400
    7761      12.000     -0.138
    7762      12.500     -9.500
    7763      13.500    -20.000
    7764      12.000     -0.677
    7765      14.000    -24.000
    7766      13.000    -15.500
    7767      12.000     -1.219
    7768      12.500    -10.000
    7769      12.000     -1.764
    7770      13.500    -20.500
    7771      13.000    -16.000
    7772      12.500    -10.500
    7773      12.000     -2.313
    7774      12.000     -2.869
    7775      12.500    -11.000
    7776      13.000    -16.500
    7777      13.500    -21.000
    7778      12.000     -3.430
    7779      12.500    -11.500
    7780      12.000     -4.000
    7781      13.000    -17.000
    7782      12.000     -4.500
    7783      13.500    -21.500
    7784      12.500    -12.000
    7785      12.000     -5.000
    7786      13.000    -17.500
    7787      12.000     -5.500
    7788      12.500    -12.500
    7789      13.500    -22.000
    7790      12.000     -6.000
    7791      13.000    -18.000
    7792      12.500    -13.000
    7793      12.000     -6.500
    7794      13.500    -22.500
    7795      12.500    -13.500
    7796      12.000     -7.000
    7797      13.000    -18.500
    7798      12.000     -7.500
    7799      12.500    -14.000
    7800      13.500    -23.000
    7801      11.500      4.600
    7802      11.500      4.047
    7803      13.000    -19.000
    7804      12.000     -8.000
    7805      11.500      3.501
    7806      11.500      2.960
    7807      12.500    -14.500
    7808      11.500      2.423
    7809      12.000     -8.500
    7810      11.500      1.889
    7811      13.500    -23.500
    7812      13.000    -19.500
    7813      11.500      1.358
    7814      12.000     -9.000
    7815      11.500      0.828
    7816      12.500    -15.000
    7817      11.500      0.300
    7818      11.500     -0.228
    7819      12.000     -9.500
    7820      13.000    -20.000
    7821      13.500    -24.000
    7822      12.500    -15.500
    7823      11.500     -0.758
    7824      12.000    -10.000
    7825      11.500     -1.289
    7826      11.500     -1.823
    7827      13.000    -20.500
    7828      12.500    -16.000
    7829      12.000    -10.500
    7830      11.500     -2.360
    7831      11.500     -2.901
    7832      12.000    -11.000
    7833      12.500    -16.500
    7834      13.000    -21.000
    7835      11.500     -3.447
    7836      12.000    -11.500
    7837      11.500     -4.000
    7838      12.500    -17.000
    7839      11.500     -4.500
    7840      13.000    -21.500
    7841      12.000    -12.000
    7842      11.500     -5.000
    7843      12.500    -17.500
    7844      12.000    -12.500
    7845      11.500     -5.500
    7846      13.000    -22.000
    7847      11.500     -6.000
    7848      12.500    -18.000
    7849      12.000    -13.000
    7850      11.500     -6.500
    7851      13.000    -22.500
    7852      12.000    -13.500
    7853      11.500     -7.000
    7854      12.500    -18.500
    7855      11.500     -7.500
    7856      12.000    -14.000
    7857      13.000    -23.000
    7858      11.000      4.400
    7859      12.500    -19.000
    7860      11.000      3.865
    7861      11.500     -8.000
    7862      11.000      3.334
    7863      11.000      2.806
    7864      12.000    -14.500
    7865      11.000      2.281
    7866      11.500     -8.500
    7867      11.000      1.759
    7868      13.000    -23.500
    7869      12.500    -19.500
    7870      11.000      1.238
    7871      11.500     -9.000
    7872      12.000    -15.000
    7873      11.000      0.719
    7874      11.000      0.200
    7875      11.500     -9.500
    7876      11.000     -0.319
    7877      12.500    -20.000
    7878      13.000    -24.000
    7879      12.000    -15.500
    7880      11.000     -0.838
    7881      11.500    -10.000
    7882      11.000     -1.359
    7883      12.500    -20.500
    7884      11.000     -1.881
    7885      12.000    -16.000
    7886      11.500    -10.500
    7887      11.000     -2.406
    7888      11.000     -2.934
    7889      11.500    -11.000
    7890      12.000    -16.500
    7891      12.500    -21.000
    7892      11.000     -3.465
    7893      11.500    -11.500
    7894      11.000     -4.000
    7895      12.000    -17.000
    7896      12.500    -21.500
    7897      11.000     -4.500
    7898      11.500    -12.000
    7899      11.000     -5.000
    7900      12.000    -17.500
    7901      11.500    -12.500
    7902      11.000     -5.500
    7903      12.500    -22.000
    7904      11.000     -6.000
    7905      12.000    -18.000
    7906      11.500    -13.000
    7907      11.000     -6.500
    7908      12.500    -22.500
    7909      11.500    -13.500
    7910      11.000     -7.000
    7911      12.000    -18.500
    7912      11.000     -7.500
    7913      11.500    -14.000
    7914      12.500    -23.000
    7915      12.000    -19.000
    7916      10.500      4.200
    7917      11.000     -8.000
    7918      10.500      3.682
    7919      10.500      3.167
    7920      11.500    -14.500
    7921      10.500      2.653
    7922      11.000     -8.500
    7923      10.500      2.141
    7924      12.500    -23.500
    7925      12.000    -19.500
    7926      10.500      1.629
    7927      10.500      1.119
    7928      11.000     -9.000
    7929      11.500    -15.000
    7930      10.500      0.609
    7931      10.500      0.100
    7932      11.000     -9.500
    7933      12.000    -20.000
    7934      12.500    -24.000
    7935      10.500     -0.409
    7936      11.500    -15.500
    7937      10.500     -0.919
    7938      11.000    -10.000
    7939      10.500     -1.429
    7940      12.000    -20.500
    7941      11.500    -16.000
    7942      10.500     -1.941
    7943      11.000    -10.500
    7944      10.500     -2.453
    7945      10.500     -2.967
    7946      11.000    -11.000
    7947      11.500    -16.500
    7948      12.000    -21.000
    7949      10.500     -3.482
    7950      11.000    -11.500
    7951      10.500     -4.000
    7952      11.500    -17.000
    7953      12.000    -21.500
    7954      10.500     -4.500
    7955      11.000    -12.000
    7956      10.500     -5.000
    7957      11.500    -17.500
    7958      11.000    -12.500
    7959      10.500     -5.500
    7960      12.000    -22.000
    7961      10.500     -6.000
    7962      11.500    -18.000
    7963      11.000    -13.000
    7964      10.500     -6.500
    7965      12.000    -22.500
    7966      11.000    -13.500
    7967      11.500    -18.500
    7968      10.500     -7.000
    7969      10.500     -7.500
    7970      11.000    -14.000
    7971      12.000    -23.000
    7972      11.500    -19.000
    7973      10.000      4.000
    7974      10.500     -8.000
    7975      10.000      3.500
    7976      10.000      3.000
    7977      11.000    -14.500
    7978      10.000      2.500
    7979      10.500     -8.500
    7980      10.000      2.000
    7981      12.000    -23.500
    7982      11.500    -19.500
    7983      10.000      1.500
    7984      10.000      1.000
    7985      10.500     -9.000
    7986      11.000    -15.000
    7987      10.000      0.500
    7988      10.000      0.000
    7989      11.500    -20.000
    7990      10.500     -9.500
    7991      12.000    -24.000
    7992      10.000     -0.500
    7993      11.000    -15.500
    7994      10.000     -1.000
    7995      10.500    -10.000
    7996      10.000     -1.500
    7997      11.500    -20.500
    7998      11.000    -16.000
    7999      10.000     -2.000
    8000      10.500    -10.500
    8001      10.000     -2.500
    8002      10.000     -3.000
    8003      11.000    -16.500
    8004      10.500    -11.000
    8005      11.500    -21.000
    8006      10.000     -3.500
    8007      10.500    -11.500
    8008      10.000     -4.000
    8009      11.000    -17.000
    8010      11.500    -21.500
    8011      10.000     -4.500
    8012      10.500    -12.000
    8013      10.000     -5.000
    8014      11.000    -17.500
    8015      10.500    -12.500
    8016      10.000     -5.500
    8017      11.500    -22.000
    8018      10.000     -6.000
    8019      11.000    -18.000
    8020      10.500    -13.000
    8021      10.000     -6.500
    8022      11.500    -22.500
    8023      10.500    -13.500
    8024      11.000    -18.500
    8025      10.000     -7.000
    8026      10.000     -7.500
    8027      11.500    -23.000
    8028      10.500    -14.000
    8029      11.000    -19.000
    8030      10.000     -8.000
    8031       9.500      3.800
    8032       9.500      3.318
    8033      10.500    -14.500
    8034       9.500      2.833
    8035       9.500      2.347
    8036      10.000     -8.500
    8037      11.500    -23.500
    8038      11.000    -19.500
    8039       9.500      1.859
    8040       9.500      1.371
    8041      10.000     -9.000
    8042      10.500    -15.000
    8043       9.500      0.881
    8044       9.500      0.391
    8045      11.000    -20.000
    8046       9.500     -0.100
    8047      11.500    -24.000
    8048      10.000     -9.500
    8049      10.500    -15.500
    8050       9.500     -0.591
    8051       9.500     -1.081
    8052      10.000    -10.000
    8053       9.500     -1.571
    8054      11.000    -20.500
    8055      10.500    -16.000
    8056       9.500     -2.059
    8057      10.000    -10.500
    8058       9.500     -2.547
    8059      10.500    -16.500
    8060      10.000    -11.000
    8061       9.500     -3.033
    8062      11.000    -21.000
    8063       9.500     -3.518
    8064      10.000    -11.500
    8065       9.500     -4.000
    8066      10.500    -17.000
    8067      11.000    -21.500
    8068       9.500     -4.500
    8069      10.000    -12.000
    8070       9.500     -5.000
    8071      10.500    -17.500
    8072      10.000    -12.500
    8073      11.000    -22.000
    8074       9.500     -5.500
    8075      10.500    -18.000
    8076       9.500     -6.000
    8077      10.000    -13.000
    8078       9.500     -6.500
    8079      11.000    -22.500
    8080      10.000    -13.500
    8081      10.500    -18.500
    8082       9.500     -7.000
    8083       9.500     -7.500
    8084      11.000    -23.000
    8085      10.000    -14.000
    8086      10.500    -19.000
    8087       9.500     -8.000
    8088       9.000      3.600
    8089       9.000      3.135
    8090      10.000    -14.500
    8091       9.000      2.666
    8092       9.500     -8.500
    8093      11.000    -23.500
    8094       9.000      2.194
    8095      10.500    -19.500
    8096       9.000      1.719
    8097       9.000      1.241
    8098      10.000    -15.000
    8099       9.500     -9.000
    8100       9.000      0.762
    8101       9.000      0.281
    8102      10.500    -20.000
    8103      11.000    -24.000
    8104       9.500     -9.500
    8105       9.000     -0.200
    8106      10.000    -15.500
    8107       9.000     -0.681
    8108       9.500    -10.000
    8109       9.000     -1.162
    8110      10.500    -20.500
    8111       9.000     -1.641
    8112      10.000    -16.000
    8113       9.500    -10.500
    8114       9.000     -2.119
    8115       9.000     -2.594
    8116      10.000    -16.500
    8117      10.500    -21.000
    8118       9.500    -11.000
    8119       9.000     -3.066
    8120       9.000     -3.535
    8121       9.500    -11.500
    8122       9.000     -4.000
    8123      10.000    -17.000
    8124      10.500    -21.500
    8125       9.000     -4.500
    8126       9.500    -12.000
    8127       9.000     -5.000
    8128      10.000    -17.500
    8129      10.500    -22.000
    8130       9.500    -12.500
    8131       9.000     -5.500
    8132      10.000    -18.000
    8133       9.000     -6.000
    8134       9.500    -13.000
    8135      10.500    -22.500
    8136       9.000     -6.500
    8137      10.000    -18.500
    8138       9.500    -13.500
    8139       9.000     -7.000
    8140       9.000     -7.500
    8141      10.500    -23.000
    8142       9.500    -14.000
    8143      10.000    -19.000
    8144       9.000     -8.000
    8145       8.500      3.400
    8146       9.500    -14.500
    8147       8.500      2.953
    8148      10.500    -23.500
    8149       8.500      2.499
    8150       9.000     -8.500
    8151      10.000    -19.500
    8152       8.500      2.040
    8153       8.500      1.577
    8154       9.500    -15.000
    8155       8.500      1.111
    8156       9.000     -9.000
    8157       8.500      0.642
    8158       8.500      0.172
    8159      10.000    -20.000
    8160      10.500    -24.000
    8161       9.000     -9.500
    8162       8.500     -0.300
    8163       9.500    -15.500
    8164       8.500     -0.772
    8165       9.000    -10.000
    8166       8.500     -1.242
    8167      10.000    -20.500
    8168       9.500    -16.000
    8169       8.500     -1.711
    8170       9.000    -10.500
    8171       8.500     -2.177
    8172       8.500     -2.640
    8173       9.500    -16.500
    8174      10.000    -21.000
    8175       9.000    -11.000
    8176       8.500     -3.099
    8177       8.500     -3.553
    8178       9.000    -11.500
    8179       9.500    -17.000
    8180       8.500     -4.000
    8181      10.000    -21.500
    8182       8.500     -4.500
    8183       9.000    -12.000
    8184       9.500    -17.500
    8185       8.500     -5.000
    8186      10.000    -22.000
    8187       9.000    -12.500
    8188       8.500     -5.500
    8189       9.500    -18.000
    8190       8.500     -6.000
    8191       9.000    -13.000
    8192      10.000    -22.500
    8193       8.500     -6.500
    8194       9.500    -18.500
    8195       9.000    -13.500
    8196       8.500     -7.000
    8197      10.000    -23.000
    8198       8.500     -7.500
    8199       9.000    -14.000
    8200       9.500    -19.000
    8201       8.500     -8.000
    8202       8.000      3.200
    8203       9.000    -14.500
    8204       8.000      2.770
    8205      10.000    -23.500
    8206       8.500     -8.500
    8207       8.000      2.331
    8208       9.500    -19.500
    8209       8.000      1.887
    8210       8.000      1.436
    8211       9.000    -15.000
    8212       8.500     -9.000
    8213       8.000      0.981
    8214       8.000      0.522
    8215      10.000    -24.000
    8216       9.500    -20.000
    8217       8.000      0.062
    8218       8.500     -9.500
    8219       9.000    -15.500
    8220       8.000     -0.400
    8221       8.000     -0.862
    8222       8.500    -10.000
    8223       8.000     -1.323
    8224       9.500    -20.500
    8225       9.000    -16.000
    8226       8.000     -1.781
    8227       8.500    -10.500
    8228       8.000     -2.236
    8229       8.000     -2.687
    8230       9.500    -21.000
    8231       9.000    -16.500
    8232       8.500    -11.000
    8233       8.000     -3.131
    8234       8.000     -3.570
    8235       8.500    -11.500
    8236       9.000    -17.000
    8237       8.000     -4.000
    8238       9.500    -21.500
    8239       8.000     -4.500
    8240       8.500    -12.000
    8241       9.000    -17.500
    8242       8.000     -5.000
    8243       9.500    -22.000
    8244       8.500    -12.500
    8245       8.000     -5.500
    8246       9.000    -18.000
    8247       8.000     -6.000
    8248       8.500    -13.000
    8249       9.500    -22.500
    8250       8.000     -6.500
    8251       9.000    -18.500
    8252       8.500    -13.500
    8253       8.000     -7.000
    8254       9.500    -23.000
    8255       8.000     -7.500
    8256       8.500    -14.000
    8257       9.000    -19.000
    8258       8.000     -8.000
    8259       8.500    -14.500
    8260       7.500      3.000
    8261       9.500    -23.500
    8262       7.500      2.587
    8263       8.000     -8.500
    8264       9.000    -19.500
    8265       7.500      2.163
    8266       7.500      1.732
    8267       7.500      1.294
    8268       8.500    -15.000
    8269       8.000     -9.000
    8270       7.500      0.850
    8271       7.500      0.402
    8272       9.500    -24.000
    8273       9.000    -20.000
    8274       8.000     -9.500
    8275       7.500     -0.048
    8276       8.500    -15.500
    8277       7.500     -0.500
    8278       7.500     -0.952
    8279       8.000    -10.000
    8280       9.000    -20.500
    8281       7.500     -1.402
    8282       8.500    -16.000
    8283       7.500     -1.850
    8284       8.000    -10.500
    8285       7.500     -2.294
    8286       7.500     -2.732
    8287       9.000    -21.000
    8288       8.500    -16.500
    8289       8.000    -11.000
    8290       7.500     -3.163
    8291       7.500     -3.587
    8292       8.000    -11.500
    8293       8.500    -17.000
    8294       7.500     -4.000
    8295       9.000    -21.500
    8296       7.500     -4.500
    8297       8.000    -12.000
    8298       8.500    -17.500
    8299       7.500     -5.000
    8300       9.000    -22.000
    8301       8.000    -12.500
    8302       7.500     -5.500
    8303       8.500    -18.000
    8304       7.500     -6.000
    8305       8.000    -13.000
    8306       9.000    -22.500
    8307       7.500     -6.500
    8308       8.500    -18.500
    8309       8.000    -13.500
    8310       7.500     -7.000
    8311       9.000    -23.000
    8312       7.500     -7.500
    8313       8.000    -14.000
    8314       8.500    -19.000
    8315       7.500     -8.000
    8316       8.000    -14.500
    8317       9.000    -23.500
    8318       7.000      2.800
    8319       8.500    -19.500
    8320       7.500     -8.500
    8321       7.000      2.403
    8322       7.000      1.995
    8323       7.000      1.577
    8324       8.000    -15.000
    8325       7.500     -9.000
    8326       7.000      1.151
    8327       7.000      0.719
    8328       9.000    -24.000
    8329       8.500    -20.000
    8330       7.000      0.282
    8331       7.500     -9.500
    8332       7.000     -0.158
    8333       8.000    -15.500
    8334       7.000     -0.600
    8335       7.500    -10.000
    8336       7.000     -1.042
    8337       8.500    -20.500
    8338       7.000     -1.482
    8339       8.000    -16.000
    8340       7.000     -1.919
    8341       7.500    -10.500
    8342       7.000     -2.351
    8343       8.500    -21.000
    8344       8.000    -16.500
    8345       7.000     -2.777
    8346       7.500    -11.000
    8347       7.000     -3.195
    8348       7.000     -3.603
    8349       7.500    -11.500
    8350       8.000    -17.000
    8351       8.500    -21.500
    8352       7.000     -4.000
    8353       7.000     -4.500
    8354       7.500    -12.000
    8355       8.000    -17.500
    8356       7.000     -5.000
    8357       8.500    -22.000
    8358       7.500    -12.500
    8359       7.000     -5.500
    8360       8.000    -18.000
    8361       7.000     -6.000
    8362       7.500    -13.000
    8363       8.500    -22.500
    8364       7.000     -6.500
    8365       8.000    -18.500
    8366       7.500    -13.500
    8367       7.000     -7.000
    8368       8.500    -23.000
    8369       7.000     -7.500
    8370       7.500    -14.000
    8371       8.000    -19.000
    8372       7.000     -8.000
    8373       7.500    -14.500
    8374       8.500    -23.500
    8375       8.000    -19.500
    8376       7.000     -8.500
    8377       6.500      2.600
    8378       6.500      2.219
    8379       6.500      1.825
    8380       7.500    -15.000
    8381       6.500      1.421
    8382       7.000     -9.000
    8383       6.500      1.008
    8384       8.500    -24.000
    8385       6.500      0.587
    8386       8.000    -20.000
    8387       6.500      0.161
    8388       7.000     -9.500
    8389       7.500    -15.500
    8390       6.500     -0.269
    8391       6.500     -0.700
    8392       7.000    -10.000
    8393       6.500     -1.131
    8394       8.000    -20.500
    8395       7.500    -16.000
    8396       6.500     -1.561
    8397       7.000    -10.500
    8398       6.500     -1.987
    8399       6.500     -2.408
    8400       8.000    -21.000
    8401       7.500    -16.500
    8402       6.500     -2.821
    8403       7.000    -11.000
    8404       6.500     -3.225
    8405       6.500     -3.619
    8406       7.000    -11.500
    8407       7.500    -17.000
    8408       8.000    -21.500
    8409       6.500     -4.000
    8410       6.500     -4.500
    8411       7.000    -12.000
    8412       7.500    -17.500
    8413       6.500     -5.000
    8414       8.000    -22.000
    8415       7.000    -12.500
    8416       6.500     -5.500
    8417       7.500    -18.000
    8418       6.500     -6.000
    8419       7.000    -13.000
    8420       8.000    -22.500
    8421       6.500     -6.500
    8422       7.500    -18.500
    8423       7.000    -13.500
    8424       6.500     -7.000
    8425       8.000    -23.000
    8426       6.500     -7.500
    8427       7.000    -14.000
    8428       7.500    -19.000
    8429       6.500     -8.000
    8430       7.000    -14.500
    8431       8.000    -23.500
    8432       7.500    -19.500
    8433       6.500     -8.500
    8434       6.000      2.400
    8435       6.000      2.034
    8436       6.000      1.655
    8437       7.000    -15.000
    8438       6.500     -9.000
    8439       6.000      1.264
    8440       6.000      0.863
    8441       8.000    -24.000
    8442       7.500    -20.000
    8443       6.000      0.454
    8444       6.500     -9.500
    8445       6.000      0.039
    8446       7.000    -15.500
    8447       6.000     -0.379
    8448       6.000     -0.800
    8449       6.500    -10.000
    8450       7.500    -20.500
    8451       6.000     -1.221
    8452       7.000    -16.000
    8453       6.000     -1.639
    8454       6.500    -10.500
    8455       6.000     -2.054
    8456       6.000     -2.463
    8457       7.500    -21.000
    8458       7.000    -16.500
    8459       6.500    -11.000
    8460       6.000     -2.864
    8461       6.000     -3.255
    8462       6.000     -3.634
    8463       6.500    -11.500
    8464       7.000    -17.000
    8465       7.500    -21.500
    8466       6.000     -4.000
    8467       6.500    -12.000
    8468       6.000     -4.500
    8469       7.000    -17.500
    8470       6.000     -5.000
    8471       7.500    -22.000
    8472       6.500    -12.500
    8473       6.000     -5.500
    8474       7.000    -18.000
    8475       6.000     -6.000
    8476       6.500    -13.000
    8477       7.500    -22.500
    8478       6.000     -6.500
    8479       7.000    -18.500
    8480       6.500    -13.500
    8481       6.000     -7.000
    8482       7.500    -23.000
    8483       6.500    -14.000
    8484       6.000     -7.500
    8485       7.000    -19.000
    8486       6.000     -8.000
    8487       7.500    -23.500
    8488       6.500    -14.500
    8489       7.000    -19.500
    8490       6.000     -8.500
    8491       5.500      2.200
    8492       5.500      1.849
    8493       6.500    -15.000
    8494       5.500      1.484
    8495       6.000     -9.000
    8496       5.500      1.106
    8497       7.500    -24.000
    8498       7.000    -20.000
    8499       5.500      0.717
    8500       5.500      0.320
    8501       6.000     -9.500
    8502       6.500    -15.500
    8503       5.500     -0.083
    8504       5.500     -0.490
    8505       5.500     -0.900
    8506       6.000    -10.000
    8507       7.000    -20.500
    8508       5.500     -1.310
    8509       6.500    -16.000
    8510       5.500     -1.717
    8511       6.000    -10.500
    8512       5.500     -2.120
    8513       7.000    -21.000
    8514       5.500     -2.517
    8515       6.500    -16.500
    8516       6.000    -11.000
    8517       5.500     -2.906
    8518       5.500     -3.284
    8519       5.500     -3.649
    8520       6.000    -11.500
    8521       6.500    -17.000
    8522       7.000    -21.500
    8523       5.500     -4.000
    8524       6.000    -12.000
    8525       5.500     -4.500
    8526       6.500    -17.500
    8527       7.000    -22.000
    8528       5.500     -5.000
    8529       6.000    -12.500
    8530       5.500     -5.500
    8531       6.500    -18.000
    8532       5.500     -6.000
    8533       6.000    -13.000
    8534       7.000    -22.500
    8535       5.500     -6.500
    8536       6.500    -18.500
    8537       6.000    -13.500
    8538       5.500     -7.000
    8539       7.000    -23.000
    8540       6.000    -14.000
    8541       5.500     -7.500
    8542       6.500    -19.000
    8543       5.500     -8.000
    8544       7.000    -23.500
    8545       6.000    -14.500
    8546       6.500    -19.500
    8547       5.500     -8.500
    8548       5.000      2.000
    8549       6.000    -15.000
    8550       5.000      1.663
    8551       5.500     -9.000
    8552       5.000      1.312
    8553       7.000    -24.000
    8554       5.000      0.946
    8555       6.500    -20.000
    8556       5.000      0.570
    8557       5.000      0.185
    8558       5.500     -9.500
    8559       6.000    -15.500
    8560       5.000     -0.206
    8561       5.000     -0.602
    8562       5.500    -10.000
    8563       6.500    -20.500
    8564       5.000     -1.000
    8565       6.000    -16.000
    8566       5.000     -1.398
    8567       5.000     -1.794
    8568       5.500    -10.500
    8569       5.000     -2.185
    8570       6.500    -21.000
    8571       6.000    -16.500
    8572       5.000     -2.570
    8573       5.500    -11.000
    8574       5.000     -2.946
    8575       5.000     -3.312
    8576       5.500    -11.500
    8577       6.000    -17.000
    8578       5.000     -3.663
    8579       6.500    -21.500
    8580       5.000     -4.000
    8581       5.500    -12.000
    8582       5.000     -4.500
    8583       6.000    -17.500
    8584       6.500    -22.000
    8585       5.000     -5.000
    8586       5.500    -12.500
    8587       5.000     -5.500
    8588       6.000    -18.000
    8589       5.000     -6.000
    8590       5.500    -13.000
    8591       6.500    -22.500
    8592       5.000     -6.500
    8593       6.000    -18.500
    8594       5.500    -13.500
    8595       5.000     -7.000
    8596       6.500    -23.000
    8597       5.500    -14.000
    8598       6.000    -19.000
    8599       5.000     -7.500
    8600       5.000     -8.000
    8601       6.500    -23.500
    8602       5.500    -14.500
    8603       6.000    -19.500
    8604       5.000     -8.500
    8605       4.500      1.800
    8606       5.500    -15.000
    8607       4.500      1.477
    8608       5.000     -9.000
    8609       6.500    -24.000
    8610       4.500      1.138
    8611       6.000    -20.000
    8612       4.500      0.786
    8613       4.500      0.422
    8614       5.000     -9.500
    8615       5.500    -15.500
    8616       4.500      0.049
    8617       4.500     -0.330
    8618       4.500     -0.714
    8619       6.000    -20.500
    8620       5.000    -10.000
    8621       4.500     -1.100
    8622       5.500    -16.000
    8623       4.500     -1.486
    8624       5.000    -10.500
    8625       4.500     -1.870
    8626       4.500     -2.249
    8627       6.000    -21.000
    8628       5.500    -16.500
    8629       4.500     -2.622
    8630       5.000    -11.000
    8631       4.500     -2.986
    8632       4.500     -3.338
    8633       5.000    -11.500
    8634       5.500    -17.000
    8635       6.000    -21.500
    8636       4.500     -3.677
    8637       4.500     -4.000
    8638       5.000    -12.000
    8639       4.500     -4.500
    8640       5.500    -17.500
    8641       6.000    -22.000
    8642       4.500     -5.000
    8643       5.000    -12.500
    8644       4.500     -5.500
    8645       5.500    -18.000
    8646       5.000    -13.000
    8647       6.000    -22.500
    8648       4.500     -6.000
    8649       4.500     -6.500
    8650       5.500    -18.500
    8651       5.000    -13.500
    8652       4.500     -7.000
    8653       6.000    -23.000
    8654       5.000    -14.000
    8655       5.500    -19.000
    8656       4.500     -7.500
    8657       4.500     -8.000
    8658       6.000    -23.500
    8659       5.000    -14.500
    8660       5.500    -19.500
    8661       4.500     -8.500
    8662       5.000    -15.000
    8663       4.000      1.600
    8664       4.500     -9.000
    8665       6.000    -24.000
    8666       4.000      1.289
    8667       5.500    -20.000
    8668       4.000      0.963
    8669       4.000      0.623
    8670       4.000      0.272
    8671       4.500     -9.500
    8672       5.000    -15.500
    8673       4.000     -0.088
    8674       4.000     -0.455
    8675       5.500    -20.500
    8676       4.000     -0.826
    8677       4.500    -10.000
    8678       4.000     -1.200
    8679       5.000    -16.000
    8680       4.000     -1.574
    8681       4.500    -10.500
    8682       4.000     -1.945
    8683       5.500    -21.000
    8684       4.000     -2.312
    8685       5.000    -16.500
    8686       4.000     -2.672
    8687       4.500    -11.000
    8688       4.000     -3.023
    8689       4.000     -3.363
    8690       5.000    -17.000
    8691       5.500    -21.500
    8692       4.500    -11.500
    8693       4.000     -3.689
    8694       4.000     -4.000
    8695       4.500    -12.000
    8696       4.000     -4.500
    8697       5.000    -17.500
    8698       5.500    -22.000
    8699       4.000     -5.000
    8700       4.500    -12.500
    8701       4.000     -5.500
    8702       5.000    -18.000
    8703       5.500    -22.500
    8704       4.500    -13.000
    8705       4.000     -6.000
    8706       4.000     -6.500
    8707       5.000    -18.500
    8708       4.500    -13.500
    8709       4.000     -7.000
    8710       5.500    -23.000
    8711       5.000    -19.000
    8712       4.500    -14.000
    8713       4.000     -7.500
    8714       4.000     -8.000
    8715       5.500    -23.500
    8716       4.500    -14.500
    8717       5.000    -19.500
    8718       4.000     -8.500
    8719       4.500    -15.000
    8720       5.500    -24.000
    8721       4.000     -9.000
    8722       3.500      1.400
    8723       5.000    -20.000
    8724       3.500      1.101
    8725       3.500      0.787
    8726       3.500      0.459
    8727       4.000     -9.500
    8728       4.500    -15.500
    8729       3.500      0.120
    8730       3.500     -0.227
    8731       3.500     -0.581
    8732       5.000    -20.500
    8733       4.000    -10.000
    8734       3.500     -0.939
    8735       4.500    -16.000
    8736       3.500     -1.300
    8737       3.500     -1.661
    8738       4.000    -10.500
    8739       3.500     -2.019
    8740       5.000    -21.000
    8741       3.500     -2.373
    8742       4.500    -16.500
    8743       4.000    -11.000
    8744       3.500     -2.720
    8745       3.500     -3.059
    8746       3.500     -3.387
    8747       5.000    -21.500
    8748       4.500    -17.000
    8749       4.000    -11.500
    8750       3.500     -3.701
    8751       3.500     -4.000
    8752       4.000    -12.000
    8753       3.500     -4.500
    8754       4.500    -17.500
    8755       5.000    -22.000
    8756       3.500     -5.000
    8757       4.000    -12.500
    8758       3.500     -5.500
    8759       4.500    -18.000
    8760       5.000    -22.500
    8761       4.000    -13.000
    8762       3.500     -6.000
    8763       4.500    -18.500
    8764       3.500     -6.500
    8765       4.000    -13.500
    8766       5.000    -23.000
    8767       3.500     -7.000
    8768       4.500    -19.000
    8769       4.000    -14.000
    8770       3.500     -7.500
    8771       5.000    -23.500
    8772       3.500     -8.000
    8773       4.000    -14.500
    8774       4.500    -19.500
    8775       3.500     -8.500
    8776       4.000    -15.000
    8777       5.000    -24.000
    8778       3.500     -9.000
    8779       4.500    -20.000
    8780       3.000      1.200
    8781       3.000      0.912
    8782       3.000      0.609
    8783       4.000    -15.500
    8784       3.000      0.293
    8785       3.500     -9.500
    8786       3.000     -0.033
    8787       3.000     -0.367
    8788       4.500    -20.500
    8789       3.000     -0.708
    8790       3.500    -10.000
    8791       3.000     -1.053
    8792       4.000    -16.000
    8793       3.000     -1.400
    8794       3.000     -1.747
    8795       3.500    -10.500
    8796       3.000     -2.092
    8797       4.500    -21.000
    8798       4.000    -16.500
    8799       3.000     -2.433
    8800       3.500    -11.000
    8801       3.000     -2.767
    8802       3.000     -3.093
    8803       3.000     -3.409
    8804       4.500    -21.500
    8805       4.000    -17.000
    8806       3.500    -11.500
    8807       3.000     -3.712
    8808       3.000     -4.000
    8809       3.500    -12.000
    8810       3.000     -4.500
    8811       4.000    -17.500
    8812       4.500    -22.000
    8813       3.000     -5.000
    8814       3.500    -12.500
    8815       3.000     -5.500
    8816       4.000    -18.000
    8817       4.500    -22.500
    8818       3.500    -13.000
    8819       3.000     -6.000
    8820       4.000    -18.500
    8821       3.000     -6.500
    8822       3.500    -13.500
    8823       4.500    -23.000
    8824       3.000     -7.000
    8825       4.000    -19.000
    8826       3.500    -14.000
    8827       3.000     -7.500
    8828       4.500    -23.500
    8829       3.000     -8.000
    8830       3.500    -14.500
    8831       4.000    -19.500
    8832       3.000     -8.500
    8833       3.500    -15.000
    8834       4.500    -24.000
    8835       3.000     -9.000
    8836       4.000    -20.000
    8837       2.500      1.000
    8838       2.500      0.721
    8839       2.500      0.429
    8840       3.500    -15.500
    8841       3.000     -9.500
    8842       2.500      0.125
    8843       2.500     -0.188
    8844       4.000    -20.500
    8845       2.500     -0.510
    8846       3.000    -10.000
    8847       2.500     -0.837
    8848       3.500    -16.000
    8849       2.500     -1.167
    8850       2.500     -1.500
    8851       3.000    -10.500
    8852       2.500     -1.833
    8853       4.000    -21.000
    8854       2.500     -2.163
    8855       3.500    -16.500
    8856       2.500     -2.490
    8857       3.000    -11.000
    8858       2.500     -2.812
    8859       2.500     -3.125
    8860       4.000    -21.500
    8861       2.500     -3.429
    8862       3.500    -17.000
    8863       3.000    -11.500
    8864       2.500     -3.721
    8865       2.500     -4.000
    8866       3.000    -12.000
    8867       3.500    -17.500
    8868       2.500     -4.500
    8869       4.000    -22.000
    8870       2.500     -5.000
    8871       3.000    -12.500
    8872       3.500    -18.000
    8873       2.500     -5.500
    8874       4.000    -22.500
    8875       3.000    -13.000
    8876       2.500     -6.000
    8877       3.500    -18.500
    8878       2.500     -6.500
    8879       3.000    -13.500
    8880       4.000    -23.000
    8881       2.500     -7.000
    8882       3.500    -19.000
    8883       3.000    -14.000
    8884       2.500     -7.500
    8885       4.000    -23.500
    8886       2.500     -8.000
    8887       3.000    -14.500
    8888       3.500    -19.500
    8889       2.500     -8.500
    8890       3.000    -15.000
    8891       4.000    -24.000
    8892       2.500     -9.000
    8893       3.500    -20.000
    8894       2.000      0.800
    8895       2.000      0.530
    8896       3.000    -15.500
    8897       2.500     -9.500
    8898       2.000      0.247
    8899       2.000     -0.045
    8900       2.000     -0.346
    8901       3.500    -20.500
    8902       2.000     -0.654
    8903       2.500    -10.000
    8904       2.000     -0.966
    8905       3.000    -16.000
    8906       2.000     -1.282
    8907       2.000     -1.600
    8908       2.500    -10.500
    8909       2.000     -1.918
    8910       3.500    -21.000
    8911       2.000     -2.234
    8912       3.000    -16.500
    8913       2.000     -2.546
    8914       2.500    -11.000
    8915       2.000     -2.854
    8916       2.000     -3.155
    8917       3.500    -21.500
    8918       3.000    -17.000
    8919       2.000     -3.447
    8920       2.500    -11.500
    8921       2.000     -3.730
    8922       2.000     -4.000
    8923       2.500    -12.000
    8924       3.000    -17.500
    8925       2.000     -4.500
    8926       3.500    -22.000
    8927       2.000     -5.000
    8928       2.500    -12.500
    8929       3.000    -18.000
    8930       2.000     -5.500
    8931       3.500    -22.500
    8932       2.500    -13.000
    8933       2.000     -6.000
    8934       3.000    -18.500
    8935       2.000     -6.500
    8936       2.500    -13.500
    8937       3.500    -23.000
    8938       2.000     -7.000
    8939       3.000    -19.000
    8940       2.500    -14.000
    8941       2.000     -7.500
    8942       3.500    -23.500
    8943       2.000     -8.000
    8944       2.500    -14.500
    8945       3.000    -19.500
    8946       2.000     -8.500
    8947       2.500    -15.000
    8948       3.500    -24.000
    8949       3.000    -20.000
    8950       2.000     -9.000
    8951       1.500      0.600
    8952       2.500    -15.500
    8953       2.000     -9.500
    8954       1.500      0.337
    8955       1.500      0.064
    8956       1.500     -0.218
    8957       3.000    -20.500
    8958       1.500     -0.506
    8959       2.000    -10.000
    8960       1.500     -0.799
    8961       2.500    -16.000
    8962       1.500     -1.097
    8963       1.500     -1.398
    8964       2.000    -10.500
    8965       1.500     -1.700
    8966       3.000    -21.000
    8967       1.500     -2.002
    8968       2.500    -16.500
    8969       1.500     -2.303
    8970       1.500     -2.601
    8971       2.000    -11.000
    8972       1.500     -2.894
    8973       1.500     -3.182
    8974       3.000    -21.500
    8975       2.500    -17.000
    8976       1.500     -3.464
    8977       2.000    -11.500
    8978       1.500     -3.737
    8979       1.500     -4.000
    8980       2.000    -12.000
    8981       2.500    -17.500
    8982       1.500     -4.500
    8983       3.000    -22.000
    8984       1.500     -5.000
    8985       2.000    -12.500
    8986       2.500    -18.000
    8987       1.500     -5.500
    8988       3.000    -22.500
    8989       2.000    -13.000
    8990       1.500     -6.000
    8991       2.500    -18.500
    8992       1.500     -6.500
    8993       2.000    -13.500
    8994       3.000    -23.000
    8995       1.500     -7.000
    8996       2.500    -19.000
    8997       2.000    -14.000
    8998       1.500     -7.500
    8999       3.000    -23.500
    9000       1.500     -8.000
    9001       2.000    -14.500
    9002       2.500    -19.500
    9003       1.500     -8.500
    9004       3.000    -24.000
    9005       2.000    -15.000
    9006       2.500    -20.000
    9007       1.500     -9.000
    9008       2.000    -15.500
    9009       1.500     -9.500
    9010       1.000      0.400
    9011       1.000      0.143
    9012       1.000     -0.122
    9013       2.500    -20.500
    9014       1.000     -0.392
    9015       1.000     -0.668
    9016       1.500    -10.000
    9017       2.000    -16.000
    9018       1.000     -0.947
    9019       1.000     -1.230
    9020       1.000     -1.514
    9021       1.500    -10.500
    9022       1.000     -1.800
    9023       2.500    -21.000
    9024       1.000     -2.086
    9025       2.000    -16.500
    9026       1.000     -2.370
    9027       1.500    -11.000
    9028       1.000     -2.653
    9029       1.000     -2.932
    9030       2.500    -21.500
    9031       1.000     -3.208
    9032       2.000    -17.000
    9033       1.500    -11.500
    9034       1.000     -3.478
    9035       1.000     -3.743
    9036       1.000     -4.000
    9037       1.500    -12.000
    9038       2.000    -17.500
    9039       2.500    -22.000
    9040       1.000     -4.500
    9041       1.000     -5.000
    9042       1.500    -12.500
    9043       2.000    -18.000
    9044       1.000     -5.500
    9045       2.500    -22.500
    9046       1.500    -13.000
    9047       1.000     -6.000
    9048       2.000    -18.500
    9049       1.000     -6.500
    9050       1.500    -13.500
    9051       2.500    -23.000
    9052       1.000     -7.000
    9053       2.000    -19.000
    9054       1.500    -14.000
    9055       1.000     -7.500
    9056       2.500    -23.500
    9057       1.000     -8.000
    9058       1.500    -14.500
    9059       2.000    -19.500
    9060       1.000     -8.500
    9061       2.500    -24.000
    9062       1.500    -15.000
    9063       2.000    -20.000
    9064       1.000     -9.000
    9065       1.500    -15.500
    9066       1.000     -9.500
    9067       0.500      0.200
    9068       0.500     -0.053
    9069       2.000    -20.500
    9070       0.500     -0.310
    9071       0.500     -0.570
    9072       1.000    -10.000
    9073       1.500    -16.000
    9074       0.500     -0.833
    9075       0.500     -1.098
    9076       0.500     -1.364
    9077       0.500     -1.632
    9078       1.000    -10.500
    9079       2.000    -21.000
    9080       0.500     -1.900
    9081       1.500    -16.500
    9082       0.500     -2.168
    9083       0.500     -2.436
    9084       1.000    -11.000
    9085       0.500     -2.702
    9086       0.500     -2.967
    9087       2.000    -21.500
    9088       0.500     -3.230
    9089       1.500    -17.000
    9090       1.000    -11.500
    9091       0.500     -3.490
    9092       0.500     -3.747
    9093       0.500     -4.000
    9094       1.000    -12.000
    9095       1.500    -17.500
    9096       2.000    -22.000
    9097       0.500     -4.500
    9098       0.500     -5.000
    9099       1.000    -12.500
    9100       1.500    -18.000
    9101       0.500     -5.500
    9102       2.000    -22.500
    9103       1.000    -13.000
    9104       0.500     -6.000
    9105       1.500    -18.500
    9106       0.500     -6.500
    9107       1.000    -13.500
    9108       2.000    -23.000
    9109       0.500     -7.000
    9110       1.500    -19.000
    9111       1.000    -14.000
    9112       0.500     -7.500
    9113       2.000    -23.500
    9114       0.500     -8.000
    9115       1.000    -14.500
    9116       1.500    -19.500
    9117       0.500     -8.500
    9118       2.000    -24.000
    9119       1.000    -15.000
    9120       1.500    -20.000
    9121       0.500     -9.000
    9122       1.000    -15.500
    9123       0.500     -9.500
    9124       0.000      0.000
    9125       1.500    -20.500
    9126       0.000     -0.250
    9127       0.000     -0.500
    9128       0.500    -10.000
    9129       0.000     -0.750
    9130       1.000    -16.000
    9131       0.000     -1.000
    9132       0.000     -1.250
    9133       0.000     -1.500
    9134       0.500    -10.500
    9135       1.500    -21.000
    9136       0.000     -1.750
    9137       0.000     -2.000
    9138       1.000    -16.500
    9139       0.000     -2.250
    9140       0.000     -2.500
    9141       0.500    -11.000
    9142       0.000     -2.750
    9143       0.000     -3.000
    9144       1.500    -21.500
    9145       1.000    -17.000
    9146       0.000     -3.250
    9147       0.500    -11.500
    9148       0.000     -3.500
    9149       0.000     -3.750
    9150       0.000     -4.000
    9151       0.500    -12.000
    9152       1.000    -17.500
    9153       1.500    -22.000
    9154       0.000     -4.500
    9155       0.000     -5.000
    9156       0.500    -12.500
    9157       1.000    -18.000
    9158       0.000     -5.500
    9159       1.500    -22.500
    9160       0.500    -13.000
    9161       0.000     -6.000
    9162       1.000    -18.500
    9163       0.000     -6.500
    9164       0.500    -13.500
    9165       1.500    -23.000
    9166       0.000     -7.000
    9167       1.000    -19.000
    9168       0.500    -14.000
    9169       0.000     -7.500
    9170       1.500    -23.500
    9171       0.000     -8.000
    9172       0.500    -14.500
    9173       1.000    -19.500
    9174       0.000     -8.500
    9175       1.500    -24.000
    9176       0.500    -15.000
    9177      -0.436      0.000
    9178       1.000    -20.000
    9179      -0.436     -0.250
    9180       0.000     -9.000
    9181      -0.436     -0.500
    9182      -0.436     -0.750
    9183      -0.436     -1.000
    9184       0.500    -15.500
    9185      -0.436     -1.250
    9186       0.000     -9.500
    9187      -0.436     -1.500
    9188      -0.436     -1.750
    9189       1.000    -20.500
    9190      -0.436     -2.000
    9191      -0.436     -2.250
    9192       0.000    -10.000
    9193       0.500    -16.000
    9194      -0.436     -2.500
    9195      -0.436     -2.750
    9196      -0.436     -3.000
    9197       1.000    -21.000
    9198       0.000    -10.500
    9199      -0.436     -3.250
    9200      -0.436     -3.500
    9201       0.500    -16.500
    9202      -0.436     -3.750
    9203       0.000    -11.000
    9204      -0.436     -4.000
    9205       1.000    -21.500
    9206      -0.436     -4.500
    9207       0.500    -17.000
    9208       0.000    -11.500
    9209      -0.436     -5.000
    9210       0.000    -12.000
    9211      -0.436     -5.500
    9212       0.500    -17.500
    9213       1.000    -22.000
    9214      -0.436     -6.000
    9215       0.000    -12.500
    9216       0.500    -18.000
    9217      -0.436     -6.500
    9218       1.000    -22.500
    9219       0.000    -13.000
    9220      -0.436     -7.000
    9221       0.500    -18.500
    9222      -0.436     -7.500
    9223       1.000    -23.000
    9224       0.000    -13.500
    9225      -0.436     -8.000
    9226       0.500    -19.000
    9227       0.000    -14.000
    9228      -0.436     -8.500
    9229       1.000    -23.500
    9230      -0.873      0.000
    9231      -0.873     -0.250
    9232       0.000    -14.500
    9233       0.500    -19.500
    9234      -0.436     -9.000
    9235      -0.873     -0.500
    9236      -0.873     -0.750
    9237      -0.873     -1.000
    9238      -0.873     -1.250
    9239      -0.436     -9.500
    9240       1.000    -24.000
    9241      -0.873     -1.500
    9242       0.000    -15.000
    9243      -0.873     -1.750
    9244       0.500    -20.000
    9245      -0.873     -2.000
    9246      -0.436    -10.000
    9247      -0.873     -2.250
    9248      -0.873     -2.500
    9249       0.000    -15.500
    9250      -0.873     -2.750
    9251      -0.873     -3.000
    9252      -0.436    -10.500
    9253       0.500    -20.500
    9254      -0.873     -3.250
    9255      -0.873     -3.500
    9256      -0.873     -3.750
    9257       0.000    -16.000
    9258      -0.436    -11.000
    9259      -0.873     -4.000
    9260       0.500    -21.000
    9261      -0.873     -4.500
    9262      -0.436    -11.500
    9263       0.000    -16.500
    9264      -0.873     -5.000
    9265      -0.436    -12.000
    9266      -0.873     -5.500
    9267       0.500    -21.500
    9268       0.000    -17.000
    9269      -0.873     -6.000
    9270      -0.436    -12.500
    9271      -0.873     -6.500
    9272       0.500    -22.000
    9273       0.000    -17.500
    9274      -0.436    -13.000
    9275      -0.873     -7.000
    9276       0.000    -18.000
    9277      -0.873     -7.500
    9278      -0.436    -13.500
    9279       0.500    -22.500
    9280      -0.873     -8.000
    9281      -0.436    -14.000
    9282       0.000    -18.500
    9283      -0.873     -8.500
    9284       0.500    -23.000
    9285      -1.316      0.000
    9286      -0.436    -14.500
    9287      -0.873     -9.000
    9288      -1.316     -0.250
    9289       0.000    -19.000
    9290      -1.316     -0.500
    9291      -1.316     -0.750
    9292      -1.316     -1.000
    9293       0.500    -23.500
    9294      -0.873     -9.500
    9295      -1.316     -1.250
    9296      -0.436    -15.000
    9297      -1.316     -1.500
    9298      -1.316     -1.750
    9299       0.000    -19.500
    9300      -1.316     -2.000
    9301      -0.873    -10.000
    9302      -1.316     -2.250
    9303      -1.316     -2.500
    9304      -0.436    -15.500
    9305       0.500    -24.000
    9306      -1.316     -2.750
    9307      -0.873    -10.500
    9308      -1.316     -3.000
    9309       0.000    -20.000
    9310      -1.316     -3.250
    9311      -1.316     -3.500
    9312      -0.436    -16.000
    9313      -1.316     -3.750
    9314      -0.873    -11.000
    9315      -1.316     -4.000
    9316       0.000    -20.500
    9317      -1.316     -4.500
    9318      -0.873    -11.500
    9319      -0.436    -16.500
    9320      -1.316     -5.000
    9321      -0.873    -12.000
    9322       0.000    -21.000
    9323      -1.316     -5.500
    9324      -0.436    -17.000
    9325      -1.316     -6.000
    9326      -0.873    -12.500
    9327      -0.436    -17.500
    9328      -1.316     -6.500
    9329       0.000    -21.500
    9330      -0.873    -13.000
    9331      -1.316     -7.000
    9332      -0.436    -18.000
    9333      -1.316     -7.500
    9334      -0.873    -13.500
    9335       0.000    -22.000
    9336      -1.316     -8.000
    9337      -0.436    -18.500
    9338      -0.873    -14.000
    9339       0.000    -22.500
    9340      -1.316     -8.500
    9341      -0.873    -14.500
    9342      -0.436    -19.000
    9343      -1.316     -9.000
    9344      -1.764      0.000
    9345      -1.764     -0.250
    9346      -1.764     -0.500
    9347       0.000    -23.000
    9348      -1.764     -0.750
    9349      -1.316     -9.500
    9350      -1.764     -1.000
    9351      -0.873    -15.000
    9352      -1.764     -1.250
    9353      -0.436    -19.500
    9354      -1.764     -1.500
    9355      -1.764     -1.750
    9356      -1.316    -10.000
    9357      -1.764     -2.000
    9358      -0.873    -15.500
    9359      -1.764     -2.250
    9360       0.000    -23.500
    9361      -1.764     -2.500
    9362      -1.764     -2.750
    9363      -1.316    -10.500
    9364      -0.436    -20.000
    9365      -1.764     -3.000
    9366      -1.764     -3.250
    9367      -0.873    -16.000
    9368      -1.764     -3.500
    9369      -1.316    -11.000
    9370      -1.764     -3.750
    9371       0.000    -24.000
    9372      -1.764     -4.000
    9373      -0.436    -20.500
    9374      -0.873    -16.500
    9375      -1.316    -11.500
    9376      -1.764     -4.500
    9377      -1.764     -5.000
    9378      -0.436    -21.000
    9379      -1.316    -12.000
    9380      -0.873    -17.000
    9381      -1.764     -5.500
    9382      -1.316    -12.500
    9383      -1.764     -6.000
    9384      -0.873    -17.500
    9385      -0.436    -21.500
    9386      -1.764     -6.500
    9387      -1.316    -13.000
    9388      -1.764     -7.000
    9389      -0.873    -18.000
    9390      -0.436    -22.000
    9391      -1.316    -13.500
    9392      -1.764     -7.500
    9393      -0.873    -18.500
    9394      -1.764     -8.000
    9395      -1.316    -14.000
    9396      -0.436    -22.500
    9397      -1.764     -8.500
    9398      -1.316    -14.500
    9399      -0.873    -19.000
    9400      -1.764     -9.000
    9401      -0.436    -23.000
    9402      -2.221      0.000
    9403      -2.221     -0.250
    9404      -2.221     -0.500
    9405      -1.316    -15.000
    9406      -1.764     -9.500
    9407      -2.221     -0.750
    9408      -0.873    -19.500
    9409      -2.221     -1.000
    9410      -2.221     -1.250
    9411      -2.221     -1.500
    9412      -1.764    -10.000
    9413      -0.436    -23.500
    9414      -2.221     -1.750
    9415      -1.316    -15.500
    9416      -2.221     -2.000
    9417      -2.221     -2.250
    9418      -0.873    -20.000
    9419      -2.221     -2.500
    9420      -1.764    -10.500
    9421      -2.221     -2.750
    9422      -1.316    -16.000
    9423      -2.221     -3.000
    9424      -0.436    -24.000
    9425      -2.221     -3.250
    9426      -1.764    -11.000
    9427      -2.221     -3.500
    9428      -0.873    -20.500
    9429      -2.221     -3.750
    9430      -2.221     -4.000
    9431      -1.316    -16.500
    9432      -1.764    -11.500
    9433      -2.221     -4.500
    9434      -0.873    -21.000
    9435      -1.316    -17.000
    9436      -2.221     -5.000
    9437      -1.764    -12.000
    9438      -2.221     -5.500
    9439      -1.764    -12.500
    9440      -0.873    -21.500
    9441      -1.316    -17.500
    9442      -2.221     -6.000
    9443      -2.221     -6.500
    9444      -1.764    -13.000
    9445      -1.316    -18.000
    9446      -0.873    -22.000
    9447      -2.221     -7.000
    9448      -1.764    -13.500
    9449      -2.221     -7.500
    9450      -1.316    -18.500
    9451      -0.873    -22.500
    9452      -1.764    -14.000
    9453      -2.221     -8.000
    9454      -2.221     -8.500
    9455      -1.316    -19.000
    9456      -1.764    -14.500
    9457      -0.873    -23.000
    9458      -2.221     -9.000
    9459      -1.764    -15.000
    9460      -1.316    -19.500
    9461      -2.690      0.000
    9462      -2.690     -0.250
    9463      -2.221     -9.500
    9464      -2.690     -0.500
    9465      -2.690     -0.750
    9466      -0.873    -23.500
    9467      -2.690     -1.000
    9468      -1.764    -15.500
    9469      -2.690     -1.250
    9470      -2.221    -10.000
    9471      -2.690     -1.500
    9472      -1.316    -20.000
    9473      -2.690     -1.750
    9474      -2.690     -2.000
    9475      -2.690     -2.250
    9476      -2.221    -10.500
    9477      -1.764    -16.000
    9478      -0.873    -24.000
    9479      -2.690     -2.500
    9480      -2.690     -2.750
    9481      -1.316    -20.500
    9482      -2.690     -3.000
    9483      -2.221    -11.000
    9484      -2.690     -3.250
    9485      -2.690     -3.500
    9486      -1.764    -16.500
    9487      -2.690     -3.750
    9488      -2.221    -11.500
    9489      -2.690     -4.000
    9490      -1.316    -21.000
    9491      -2.690     -4.500
    9492      -1.764    -17.000
    9493      -2.221    -12.000
    9494      -2.690     -5.000
    9495      -1.316    -21.500
    9496      -2.690     -5.500
    9497      -1.764    -17.500
    9498      -2.221    -12.500
    9499      -2.690     -6.000
    9500      -2.221    -13.000
    9501      -1.316    -22.000
    9502      -1.764    -18.000
    9503      -2.690     -6.500
    9504      -2.690     -7.000
    9505      -2.221    -13.500
    9506      -1.764    -18.500
    9507      -1.316    -22.500
    9508      -2.690     -7.500
    9509      -2.221    -14.000
    9510      -2.690     -8.000
    9511      -1.764    -19.000
    9512      -1.316    -23.000
    9513      -2.221    -14.500
    9514      -2.690     -8.500
    9515      -2.690     -9.000
    9516      -1.764    -19.500
    9517      -2.221    -15.000
    9518      -1.316    -23.500
    9519      -2.690     -9.500
    9520      -3.172      0.000
    9521      -3.172     -0.250
    9522      -2.221    -15.500
    9523      -3.172     -0.500
    9524      -1.764    -20.000
    9525      -3.172     -0.750
    9526      -2.690    -10.000
    9527      -3.172     -1.000
    9528      -3.172     -1.250
    9529      -1.316    -24.000
    9530      -3.172     -1.500
    9531      -3.172     -1.750
    9532      -2.221    -16.000
    9533      -2.690    -10.500
    9534      -3.172     -2.000
    9535      -1.764    -20.500
    9536      -3.172     -2.250
    9537      -3.172     -2.500
    9538      -3.172     -2.750
    9539      -2.690    -11.000
    9540      -2.221    -16.500
    9541      -3.172     -3.000
    9542      -3.172     -3.250
    9543      -1.764    -21.000
    9544      -3.172     -3.500
    9545      -2.690    -11.500
    9546      -3.172     -3.750
    9547      -3.172     -4.000
    9548      -2.221    -17.000
    9549      -2.690    -12.000
    9550      -3.172     -4.500
    9551      -1.764    -21.500
    9552      -3.172     -5.000
    9553      -2.221    -17.500
    9554      -2.690    -12.500
    9555      -3.172     -5.500
    9556      -1.764    -22.000
    9557      -2.221    -18.000
    9558      -3.172     -6.000
    9559      -2.690    -13.000
    9560      -3.172     -6.500
    9561      -2.690    -13.500
    9562      -1.764    -22.500
    9563      -2.221    -18.500
    9564      -3.172     -7.000
    9565      -2.690    -14.000
    9566      -3.172     -7.500
    9567      -2.221    -19.000
    9568      -1.764    -23.000
    9569      -3.172     -8.000
    9570      -2.690    -14.500
    9571      -3.172     -8.500
    9572      -2.221    -19.500
    9573      -1.764    -23.500
    9574      -2.690    -15.000
    9575      -3.172     -9.000
    9576      -2.221    -20.000
    9577      -3.172     -9.500
    9578      -2.690    -15.500
    9579      -1.764    -24.000
    9580      -3.670      0.000
    9581      -3.670     -0.250
    9582      -3.172    -10.000
    9583      -3.670     -0.500
    9584      -3.670     -0.750
    9585      -2.221    -20.500
    9586      -2.690    -16.000
    9587      -3.670     -1.000
    9588      -3.670     -1.250
    9589      -3.172    -10.500
    9590      -3.670     -1.500
    9591      -3.670     -1.750
    9592      -3.670     -2.000
    9593      -2.690    -16.500
    9594      -3.670     -2.250
    9595      -2.221    -21.000
    9596      -3.172    -11.000
    9597      -3.670     -2.500
    9598      -3.670     -2.750
    9599      -3.670     -3.000
    9600      -3.670     -3.250
    9601      -3.172    -11.500
    9602      -2.690    -17.000
    9603      -3.670     -3.500
    9604      -2.221    -21.500
    9605      -3.670     -3.750
    9606      -3.670     -4.000
    9607      -3.172    -12.000
    9608      -2.690    -17.500
    9609      -3.670     -4.500
    9610      -2.221    -22.000
    9611      -3.172    -12.500
    9612      -3.670     -5.000
    9613      -2.690    -18.000
    9614      -3.670     -5.500
    9615      -3.172    -13.000
    9616      -3.670     -6.000
    9617      -2.221    -22.500
    9618      -2.690    -18.500
    9619      -3.172    -13.500
    9620      -3.670     -6.500
    9621      -3.670     -7.000
    9622      -2.221    -23.000
    9623      -3.172    -14.000
    9624      -2.690    -19.000
    9625      -3.670     -7.500
    9626      -3.172    -14.500
    9627      -3.670     -8.000
    9628      -2.221    -23.500
    9629      -2.690    -19.500
    9630      -3.670     -8.500
    9631      -3.172    -15.000
    9632      -2.690    -20.000
    9633      -3.670     -9.000
    9634      -2.221    -24.000
    9635      -3.172    -15.500
    9636      -3.670     -9.500
    9637      -2.690    -20.500
    9638      -3.172    -16.000
    9639      -3.670    -10.000
    9640      -4.188      0.000
    9641      -4.188     -0.250
    9642      -4.188     -0.500
    9643      -4.188     -0.750
    9644      -3.670    -10.500
    9645      -4.188     -1.000
    9646      -2.690    -21.000
    9647      -3.172    -16.500
    9648      -4.188     -1.250
    9649      -4.188     -1.500
    9650      -4.188     -1.750
    9651      -3.670    -11.000
    9652      -4.188     -2.000
    9653      -4.188     -2.250
    9654      -3.172    -17.000
    9655      -4.188     -2.500
    9656      -2.690    -21.500
    9657      -4.188     -2.750
    9658      -3.670    -11.500
    9659      -4.188     -3.000
    9660      -4.188     -3.250
    9661      -4.188     -3.500
    9662      -3.172    -17.500
    9663      -3.670    -12.000
    9664      -4.188     -3.750
    9665      -2.690    -22.000
    9666      -4.188     -4.000
    9667      -4.188     -4.500
    9668      -3.670    -12.500
    9669      -3.172    -18.000
    9670      -4.188     -5.000
    9671      -2.690    -22.500
    9672      -3.670    -13.000
    9673      -4.188     -5.500
    9674      -3.172    -18.500
    9675      -4.188     -6.000
    9676      -3.670    -13.500
    9677      -2.690    -23.000
    9678      -4.188     -6.500
    9679      -3.172    -19.000
    9680      -3.670    -14.000
    9681      -4.188     -7.000
    9682      -2.690    -23.500
    9683      -4.188     -7.500
    9684      -3.172    -19.500
    9685      -3.670    -14.500
    9686      -4.188     -8.000
    9687      -2.690    -24.000
    9688      -3.670    -15.000
    9689      -3.172    -20.000
    9690      -4.188     -8.500
    9691      -4.188     -9.000
    9692      -3.670    -15.500
    9693      -3.172    -20.500
    9694      -4.188     -9.500
    9695      -3.670    -16.000
    9696      -4.188    -10.000
    9697      -3.172    -21.000
    9698      -3.670    -16.500
    9699      -4.729      0.000
    9700      -4.188    -10.500
    9701      -4.729     -0.250
    9702      -4.729     -0.500
    9703      -4.729     -0.750
    9704      -3.172    -21.500
    9705      -4.729     -1.000
    9706      -4.729     -1.250
    9707      -4.188    -11.000
    9708      -3.670    -17.000
    9709      -4.729     -1.500
    9710      -4.729     -1.750
    9711      -4.729     -2.000
    9712      -4.729     -2.250
    9713      -4.188    -11.500
    9714      -3.172    -22.000
    9715      -4.729     -2.500
    9716      -3.670    -17.500
    9717      -4.729     -2.750
    9718      -4.729     -3.000
    9719      -4.188    -12.000
    9720      -4.729     -3.250
    9721      -4.729     -3.500
    9722      -3.670    -18.000
    9723      -4.729     -3.750
    9724      -3.172    -22.500
    9725      -4.729     -4.000
    9726      -4.188    -12.500
    9727      -4.729     -4.500
    9728      -3.670    -18.500
    9729      -4.188    -13.000
    9730      -4.729     -5.000
    9731      -3.172    -23.000
    9732      -4.729     -5.500
    9733      -4.188    -13.500
    9734      -3.670    -19.000
    9735      -4.729     -6.000
    9736      -3.172    -23.500
    9737      -4.188    -14.000
    9738      -4.729     -6.500
    9739      -3.670    -19.500
    9740      -4.729     -7.000
    9741      -4.188    -14.500
    9742      -3.172    -24.000
    9743      -4.729     -7.500
    9744      -3.670    -20.000
    9745      -4.188    -15.000
    9746      -4.729     -8.000
    9747      -4.729     -8.500
    9748      -3.670    -20.500
    9749      -4.188    -15.500
    9750      -4.729     -9.000
    9751      -4.188    -16.000
    9752      -3.670    -21.000
    9753      -4.729     -9.500
    9754      -4.729    -10.000
    9755      -4.188    -16.500
    9756      -3.670    -21.500
    9757      -4.729    -10.500
    9758      -4.188    -17.000
    9759      -5.296      0.000
    9760      -5.296     -0.250
    9761      -4.729    -11.000
    9762      -5.296     -0.500
    9763      -3.670    -22.000
    9764      -5.296     -0.750
    9765      -5.296     -1.000
    9766      -5.296     -1.250
    9767      -4.188    -17.500
    9768      -5.296     -1.500
    9769      -4.729    -11.500
    9770      -5.296     -1.750
    9771      -5.296     -2.000
    9772      -3.670    -22.500
    9773      -5.296     -2.250
    9774      -5.296     -2.500
    9775      -4.729    -12.000
    9776      -4.188    -18.000
    9777      -5.296     -2.750
    9778      -5.296     -3.000
    9779      -5.296     -3.250
    9780      -4.729    -12.500
    9781      -5.296     -3.500
    9782      -3.670    -23.000
    9783      -4.188    -18.500
    9784      -5.296     -3.750
    9785      -5.296     -4.000
    9786      -4.729    -13.000
    9787      -5.296     -4.500
    9788      -4.188    -19.000
    9789      -3.670    -23.500
    9790      -5.296     -5.000
    9791      -4.729    -13.500
    9792      -5.296     -5.500
    9793      -4.188    -19.500
    9794      -4.729    -14.000
    9795      -5.296     -6.000
    9796      -3.670    -24.000
    9797      -5.296     -6.500
    9798      -4.729    -14.500
    9799      -4.188    -20.000
    9800      -5.296     -7.000
    9801      -4.729    -15.000
    9802      -5.296     -7.500
    9803      -4.188    -20.500
    9804      -5.296     -8.000
    9805      -4.729    -15.500
    9806      -5.296     -8.500
    9807      -4.188    -21.000
    9808      -4.729    -16.000
    9809      -5.296     -9.000
    9810      -4.188    -21.500
    9811      -5.296     -9.500
    9812      -4.729    -16.500
    9813      -5.296    -10.000
    9814      -4.188    -22.000
    9815      -4.729    -17.000
    9816      -5.296    -10.500
    9817      -5.296    -11.000
    9818      -4.729    -17.500
    9819      -4.188    -22.500
    9820      -5.893      0.000
    9821      -5.893     -0.250
    9822      -5.893     -0.500
    9823      -5.296    -11.500
    9824      -5.893     -0.750
    9825      -5.893     -1.000
    9826      -4.729    -18.000
    9827      -5.893     -1.250
    9828      -5.893     -1.500
    9829      -4.188    -23.000
    9830      -5.296    -12.000
    9831      -5.893     -1.750
    9832      -5.893     -2.000
    9833      -5.893     -2.250
    9834      -4.729    -18.500
    9835      -5.893     -2.500
    9836      -5.296    -12.500
    9837      -5.893     -2.750
    9838      -5.893     -3.000
    9839      -4.188    -23.500
    9840      -5.893     -3.250
    9841      -5.893     -3.500
    9842      -4.729    -19.000
    9843      -5.296    -13.000
    9844      -5.893     -3.750
    9845      -5.893     -4.000
    9846      -4.188    -24.000
    9847      -5.893     -4.500
    9848      -5.296    -13.500
    9849      -4.729    -19.500
    9850      -5.893     -5.000
    9851      -5.296    -14.000
    9852      -5.893     -5.500
    9853      -4.729    -20.000
    9854      -5.893     -6.000
    9855      -5.296    -14.500
    9856      -5.893     -6.500
    9857      -4.729    -20.500
    9858      -5.296    -15.000
    9859      -5.893     -7.000
    9860      -5.893     -7.500
    9861      -4.729    -21.000
    9862      -5.296    -15.500
    9863      -5.893     -8.000
    9864      -5.296    -16.000
    9865      -5.893     -8.500
    9866      -4.729    -21.500
    9867      -5.893     -9.000
    9868      -5.296    -16.500
    9869      -4.729    -22.000
    9870      -5.893     -9.500
    9871      -5.296    -17.000
    9872      -5.893    -10.000
    9873      -4.729    -22.500
    9874      -5.893    -10.500
    9875      -5.296    -17.500
    9876      -5.893    -11.000
    9877      -4.729    -23.000
    9878      -5.296    -18.000
    9879      -5.893    -11.500
    9880      -6.526      0.000
    9881      -6.526     -0.250
    9882      -6.526     -0.500
    9883      -5.296    -18.500
    9884      -4.729    -23.500
    9885      -5.893    -12.000
    9886      -6.526     -0.750
    9887      -6.526     -1.000
    9888      -6.526     -1.250
    9889      -6.526     -1.500
    9890      -6.526     -1.750
    9891      -5.893    -12.500
    9892      -5.296    -19.000
    9893      -6.526     -2.000
    9894      -6.526     -2.250
    9895      -4.729    -24.000
    9896      -6.526     -2.500
    9897      -6.526     -2.750
    9898      -5.893    -13.000
    9899      -6.526     -3.000
    9900      -6.526     -3.250
    9901      -5.296    -19.500
    9902      -6.526     -3.500
    9903      -6.526     -3.750
    9904      -5.893    -13.500
    9905      -6.526     -4.000
    9906      -5.296    -20.000
    9907      -6.526     -4.500
    9908      -5.893    -14.000
    9909      -6.526     -5.000
    9910      -5.893    -14.500
    9911      -6.526     -5.500
    9912      -5.296    -20.500
    9913      -6.526     -6.000
    9914      -5.893    -15.000
    9915      -6.526     -6.500
    9916      -5.296    -21.000
    9917      -6.526     -7.000
    9918      -5.893    -15.500
    9919      -6.526     -7.500
    9920      -5.296    -21.500
    9921      -5.893    -16.000
    9922      -6.526     -8.000
    9923      -5.296    -22.000
    9924      -6.526     -8.500
    9925      -5.893    -16.500
    9926      -6.526     -9.000
    9927      -5.296    -22.500
    9928      -5.893    -17.000
    9929      -6.526     -9.500
    9930      -6.526    -10.000
    9931      -5.893    -17.500
    9932      -5.296    -23.000
    9933      -6.526    -10.500
    9934      -5.893    -18.000
    9935      -6.526    -11.000
    9936      -5.296    -23.500
    9937      -5.893    -18.500
    9938      -6.526    -11.500
    9939      -5.296    -24.000
    9940      -6.526    -12.000
    9941      -5.893    -19.000
    9942      -7.198      0.000
    9943      -7.198     -0.250
    9944      -7.198     -0.500
    9945      -6.526    -12.500
    9946      -7.198     -0.750
    9947      -7.198     -1.000
    9948      -7.198     -1.250
    9949      -5.893    -19.500
    9950      -7.198     -1.500
    9951      -7.198     -1.750
    9952      -6.526    -13.000
    9953      -7.198     -2.000
    9954      -7.198     -2.250
    9955      -7.198     -2.500
    9956      -5.893    -20.000
    9957      -7.198     -2.750
    9958      -6.526    -13.500
    9959      -7.198     -3.000
    9960      -7.198     -3.250
    9961      -7.198     -3.500
    9962      -7.198     -3.750
    9963      -6.526    -14.000
    9964      -5.893    -20.500
    9965      -7.198     -4.000
    9966      -7.198     -4.500
    9967      -6.526    -14.500
    9968      -7.198     -5.000
    9969      -5.893    -21.000
    9970      -7.198     -5.500
    9971      -6.526    -15.000
    9972      -7.198     -6.000
    9973      -5.893    -21.500
    9974      -6.526    -15.500
    9975      -7.198     -6.500
    9976      -7.198     -7.000
    9977      -5.893    -22.000
    9978      -6.526    -16.000
    9979      -7.198     -7.500
    9980      -6.526    -16.500
    9981      -7.198     -8.000
    9982      -5.893    -22.500
    9983      -7.198     -8.500
    9984      -6.526    -17.000
    9985      -7.198     -9.000
    9986      -5.893    -23.000
    9987      -6.526    -17.500
    9988      -7.198     -9.500
    9989      -5.893    -23.500
    9990      -7.198    -10.000
    9991      -6.526    -18.000
    9992      -7.198    -10.500
    9993      -5.893    -24.000
    9994      -6.526    -18.500
    9995      -7.198    -11.000
    9996      -7.198    -11.500
    9997      -6.526    -19.000
    9998      -7.198    -12.000
    9999      -6.526    -19.500
   10000      -7.198    -12.500
   10001      -7.916      0.000
   10002      -7.916     -0.250
   10003      -6.526    -20.000
   10004      -7.198    -13.000
   10005      -7.916     -0.500
   10006      -7.916     -0.750
   10007      -7.916     -1.000
   10008      -7.916     -1.250
   10009      -7.916     -1.500
   10010      -7.198    -13.500
   10011      -7.916     -1.750
   10012      -6.526    -20.500
   10013      -7.916     -2.000
   10014      -7.916     -2.250
   10015      -7.916     -2.500
   10016      -7.198    -14.000
   10017      -7.916     -2.750
   10018      -7.916     -3.000
   10019      -6.526    -21.000
   10020      -7.916     -3.250
   10021      -7.916     -3.500
   10022      -7.198    -14.500
   10023      -7.916     -3.750
   10024      -7.916     -4.000
   10025      -6.526    -21.500
   10026      -7.916     -4.500
   10027      -7.198    -15.000
   10028      -7.916     -5.000
   10029      -7.916     -5.500
   10030      -7.198    -15.500
   10031      -6.526    -22.000
   10032      -7.916     -6.000
   10033      -7.198    -16.000
   10034      -7.916     -6.500
   10035      -6.526    -22.500
   10036      -7.916     -7.000
   10037      -7.198    -16.500
   10038      -7.916     -7.500
   10039      -6.526    -23.000
   10040      -7.198    -17.000
   10041      -7.916     -8.000
   10042      -7.916     -8.500
   10043      -6.526    -23.500
   10044      -7.198    -17.500
   10045      -7.916     -9.000
   10046      -7.198    -18.000
   10047      -7.916     -9.500
   10048      -6.526    -24.000
   10049      -7.916    -10.000
   10050      -7.198    -18.500
   10051      -7.916    -10.500
   10052      -7.198    -19.000
   10053      -7.916    -11.000
   10054      -7.916    -11.500
   10055      -7.198    -19.500
   10056      -7.916    -12.000
   10057      -7.198    -20.000
   10058      -7.916    -12.500
   10059      -7.916    -13.000
   10060      -7.198    -20.500
   10061      -8.687      0.000
   10062      -7.916    -13.500
   10063      -8.687     -0.250
   10064      -8.687     -0.500
   10065      -7.198    -21.000
   10066      -8.687     -0.750
   10067      -8.687     -1.000
   10068      -8.687     -1.250
   10069      -7.916    -14.000
   10070      -8.687     -1.500
   10071      -8.687     -1.750
   10072      -8.687     -2.000
   10073      -7.198    -21.500
   10074      -8.687     -2.250
   10075      -7.916    -14.500
   10076      -8.687     -2.500
   10077      -8.687     -2.750
   10078      -8.687     -3.000
   10079      -8.687     -3.250
   10080      -7.916    -15.000
   10081      -7.198    -22.000
   10082      -8.687     -3.500
   10083      -8.687     -3.750
   10084      -8.687     -4.000
   10085      -7.916    -15.500
   10086      -8.687     -4.500
   10087      -7.198    -22.500
   10088      -8.687     -5.000
   10089      -7.916    -16.000
   10090      -8.687     -5.500
   10091      -7.198    -23.000
   10092      -8.687     -6.000
   10093      -7.916    -16.500
   10094      -8.687     -6.500
   10095      -7.198    -23.500
   10096      -8.687     -7.000
   10097      -7.916    -17.000
   10098      -8.687     -7.500
   10099      -7.916    -17.500
   10100      -7.198    -24.000
   10101      -8.687     -8.000
   10102      -8.687     -8.500
   10103      -7.916    -18.000
   10104      -8.687     -9.000
   10105      -7.916    -18.500
   10106      -8.687     -9.500
   10107      -8.687    -10.000
   10108      -7.916    -19.000
   10109      -8.687    -10.500
   10110      -7.916    -19.500
   10111      -8.687    -11.000
   10112      -8.687    -11.500
   10113      -7.916    -20.000
   10114      -8.687    -12.000
   10115      -7.916    -20.500
   10116      -8.687    -12.500
   10117      -8.687    -13.000
   10118      -7.916    -21.000
   10119      -8.687    -13.500
   10120      -7.916    -21.500
   10121      -8.687    -14.000
   10122      -9.518      0.000
   10123      -9.518     -0.250
   10124      -7.916    -22.000
   10125      -9.518     -0.500
   10126      -8.687    -14.500
   10127      -9.518     -0.750
   10128      -9.518     -1.000
   10129      -9.518     -1.250
   10130      -9.518     -1.500
   10131      -9.518     -1.750
   10132      -8.687    -15.000
   10133      -9.518     -2.000
   10134      -7.916    -22.500
   10135      -9.518     -2.250
   10136      -9.518     -2.500
   10137      -9.518     -2.750
   10138      -9.518     -3.000
   10139      -8.687    -15.500
   10140      -9.518     -3.250
   10141      -9.518     -3.500
   10142      -7.916    -23.000
   10143      -9.518     -3.750
   10144      -9.518     -4.000
   10145      -8.687    -16.000
   10146      -9.518     -4.500
   10147      -7.916    -23.500
   10148      -9.518     -5.000
   10149      -8.687    -16.500
   10150      -9.518     -5.500
   10151      -8.687    -17.000
   10152      -7.916    -24.000
   10153      -9.518     -6.000
   10154      -9.518     -6.500
   10155      -8.687    -17.500
   10156      -9.518     -7.000
   10157      -9.518     -7.500
   10158      -8.687    -18.000
   10159      -9.518     -8.000
   10160      -8.687    -18.500
   10161      -9.518     -8.500
   10162      -9.518     -9.000
   10163      -8.687    -19.000
   10164      -9.518     -9.500
   10165      -9.518    -10.000
   10166      -8.687    -19.500
   10167      -9.518    -10.500
   10168      -8.687    -20.000
   10169      -9.518    -11.000
   10170      -9.518    -11.500
   10171      -8.687    -20.500
   10172      -9.518    -12.000
   10173      -8.687    -21.000
   10174      -9.518    -12.500
   10175      -8.687    -21.500
   10176      -9.518    -13.000
   10177      -9.518    -13.500
   10178      -8.687    -22.000
   10179      -9.518    -14.000
   10180      -8.687    -22.500
   10181      -9.518    -14.500
   10182      -9.518    -15.000
   10183      -8.687    -23.000
   10184     -10.417      0.000
   10185     -10.417     -0.250
   10186     -10.417     -0.500
   10187     -10.417     -0.750
   10188     -10.417     -1.000
   10189      -9.518    -15.500
   10190     -10.417     -1.250
   10191     -10.417     -1.500
   10192      -8.687    -23.500
   10193     -10.417     -1.750
   10194     -10.417     -2.000
   10195     -10.417     -2.250
   10196      -9.518    -16.000
   10197     -10.417     -2.500
   10198     -10.417     -2.750
   10199     -10.417     -3.000
   10200      -8.687    -24.000
   10201     -10.417     -3.250
   10202     -10.417     -3.500
   10203      -9.518    -16.500
   10204     -10.417     -3.750
   10205     -10.417     -4.000
   10206     -10.417     -4.500
   10207      -9.518    -17.000
   10208     -10.417     -5.000
   10209     -10.417     -5.500
   10210      -9.518    -17.500
   10211     -10.417     -6.000
   10212      -9.518    -18.000
   10213     -10.417     -6.500
   10214     -10.417     -7.000
   10215      -9.518    -18.500
   10216     -10.417     -7.500
   10217     -10.417     -8.000
   10218      -9.518    -19.000
   10219     -10.417     -8.500
   10220      -9.518    -19.500
   10221     -10.417     -9.000
   10222     -10.417     -9.500
   10223      -9.518    -20.000
   10224     -10.417    -10.000
   10225     -10.417    -10.500
   10226      -9.518    -20.500
   10227     -10.417    -11.000
   10228      -9.518    -21.000
   10229     -10.417    -11.500
   10230     -10.417    -12.000
   10231      -9.518    -21.500
   10232     -10.417    -12.500
   10233      -9.518    -22.000
   10234     -10.417    -13.000
   10235     -10.417    -13.500
   10236      -9.518    -22.500
   10237     -10.417    -14.000
   10238      -9.518    -23.000
   10239     -10.417    -14.500
   10240      -9.518    -23.500
   10241     -10.417    -15.000
   10242     -10.417    -15.500
   10243      -9.518    -24.000
   10244     -11.396      0.000
   10245     -10.417    -16.000
   10246     -11.396     -0.250
   10247     -11.396     -0.500
   10248     -11.396     -0.750
   10249     -11.396     -1.000
   10250     -11.396     -1.250
   10251     -10.417    -16.500
   10252     -11.396     -1.500
   10253     -11.396     -1.750
   10254     -11.396     -2.000
   10255     -11.396     -2.250
   10256     -11.396     -2.500
   10257     -10.417    -17.000
   10258     -11.396     -2.750
   10259     -11.396     -3.000
   10260     -11.396     -3.250
   10261     -11.396     -3.500
   10262     -11.396     -3.750
   10263     -10.417    -17.500
   10264     -11.396     -4.000
   10265     -11.396     -4.500
   10266     -10.417    -18.000
   10267     -11.396     -5.000
   10268     -11.396     -5.500
   10269     -10.417    -18.500
   10270     -11.396     -6.000
   10271     -11.396     -6.500
   10272     -10.417    -19.000
   10273     -11.396     -7.000
   10274     -11.396     -7.500
   10275     -10.417    -19.500
   10276     -11.396     -8.000
   10277     -11.396     -8.500
   10278     -10.417    -20.000
   10279     -11.396     -9.000
   10280     -10.417    -20.500
   10281     -11.396     -9.500
   10282     -11.396    -10.000
   10283     -10.417    -21.000
   10284     -11.396    -10.500
   10285     -10.417    -21.500
   10286     -11.396    -11.000
   10287     -11.396    -11.500
   10288     -10.417    -22.000
   10289     -11.396    -12.000
   10290     -10.417    -22.500
   10291     -11.396    -12.500
   10292     -11.396    -13.000
   10293     -10.417    -23.000
   10294     -11.396    -13.500
   10295     -10.417    -23.500
   10296     -11.396    -14.000
   10297     -11.396    -14.500
   10298     -10.417    -24.000
   10299     -11.396    -15.000
   10300     -11.396    -15.500
   10301     -11.396    -16.000
   10302     -11.396    -16.500
   10303     -12.465      0.000
   10304     -11.396    -17.000
   10305     -12.465     -0.250
   10306     -12.465     -0.500
   10307     -12.465     -0.750
   10308     -12.465     -1.000
   10309     -12.465     -1.250
   10310     -11.396    -17.500
   10311     -12.465     -1.500
   10312     -12.465     -1.750
   10313     -12.465     -2.000
   10314     -12.465     -2.250
   10315     -12.465     -2.500
   10316     -12.465     -2.750
   10317     -11.396    -18.000
   10318     -12.465     -3.000
   10319     -12.465     -3.250
   10320     -12.465     -3.500
   10321     -12.465     -3.750
   10322     -11.396    -18.500
   10323     -12.465     -4.000
   10324     -12.465     -4.500
   10325     -11.396    -19.000
   10326     -12.465     -5.000
   10327     -12.465     -5.500
   10328     -12.465     -6.000
   10329     -11.396    -19.500
   10330     -12.465     -6.500
   10331     -11.396    -20.000
   10332     -12.465     -7.000
   10333     -12.465     -7.500
   10334     -11.396    -20.500
   10335     -12.465     -8.000
   10336     -12.465     -8.500
   10337     -11.396    -21.000
   10338     -12.465     -9.000
   10339     -12.465     -9.500
   10340     -11.396    -21.500
   10341     -12.465    -10.000
   10342     -11.396    -22.000
   10343     -12.465    -10.500
   10344     -12.465    -11.000
   10345     -11.396    -22.500
   10346     -12.465    -11.500
   10347     -12.465    -12.000
   10348     -11.396    -23.000
   10349     -12.465    -12.500
   10350     -11.396    -23.500
   10351     -12.465    -13.000
   10352     -12.465    -13.500
   10353     -11.396    -24.000
   10354     -12.465    -14.000
   10355     -12.465    -14.500
   10356     -12.465    -15.000
   10357     -12.465    -15.500
   10358     -12.465    -16.000
   10359     -12.465    -16.500
   10360     -12.465    -17.000
   10361     -12.465    -17.500
   10362     -12.465    -18.000
   10363     -13.638      0.000
   10364     -13.638     -0.250
   10365     -13.638     -0.500
   10366     -13.638     -0.750
   10367     -13.638     -1.000
   10368     -12.465    -18.500
   10369     -13.638     -1.250
   10370     -13.638     -1.500
   10371     -13.638     -1.750
   10372     -13.638     -2.000
   10373     -13.638     -2.250
   10374     -13.638     -2.500
   10375     -12.465    -19.000
   10376     -13.638     -2.750
   10377     -13.638     -3.000
   10378     -13.638     -3.250
   10379     -13.638     -3.500
   10380     -13.638     -3.750
   10381     -12.465    -19.500
   10382     -13.638     -4.000
   10383     -13.638     -4.500
   10384     -12.465    -20.000
   10385     -13.638     -5.000
   10386     -13.638     -5.500
   10387     -12.465    -20.500
   10388     -13.638     -6.000
   10389     -13.638     -6.500
   10390     -12.465    -21.000
   10391     -13.638     -7.000
   10392     -13.638     -7.500
   10393     -12.465    -21.500
   10394     -13.638     -8.000
   10395     -13.638     -8.500
   10396     -12.465    -22.000
   10397     -13.638     -9.000
   10398     -13.638     -9.500
   10399     -12.465    -22.500
   10400     -13.638    -10.000
   10401     -13.638    -10.500
   10402     -12.465    -23.000
   10403     -13.638    -11.000
   10404     -12.465    -23.500
   10405     -13.638    -11.500
   10406     -13.638    -12.000
   10407     -12.465    -24.000
   10408     -13.638    -12.500
   10409     -13.638    -13.000
   10410     -13.638    -13.500
   10411     -13.638    -14.000
   10412     -13.638    -14.500
   10413     -13.638    -15.000
   10414     -13.638    -15.500
   10415     -13.638    -16.000
   10416     -13.638    -16.500
   10417     -13.638    -17.000
   10418     -13.638    -17.500
   10419     -13.638    -18.000
   10420     -13.638    -18.500
   10421     -13.638    -19.000
   10422     -14.931      0.000
   10423     -14.931     -0.250
   10424     -14.931     -0.500
   10425     -13.638    -19.500
   10426     -14.931     -0.750
   10427     -14.931     -1.000
   10428     -14.931     -1.250
   10429     -14.931     -1.500
   10430     -14.931     -1.750
   10431     -14.931     -2.000
   10432     -13.638    -20.000
   10433     -14.931     -2.250
   10434     -14.931     -2.500
   10435     -14.931     -2.750
   10436     -14.931     -3.000
   10437     -14.931     -3.250
   10438     -13.638    -20.500
   10439     -14.931     -3.500
   10440     -14.931     -3.750
   10441     -14.931     -4.000
   10442     -14.931     -4.500
   10443     -13.638    -21.000
   10444     -14.931     -5.000
   10445     -14.931     -5.500
   10446     -13.638    -21.500
   10447     -14.931     -6.000
   10448     -14.931     -6.500
   10449     -13.638    -22.000
   10450     -14.931     -7.000
   10451     -14.931     -7.500
   10452     -13.638    -22.500
   10453     -14.931     -8.000
   10454     -14.931     -8.500
   10455     -13.638    -23.000
   10456     -14.931     -9.000
   10457     -14.931     -9.500
   10458     -13.638    -23.500
   10459     -14.931    -10.000
   10460     -13.638    -24.000
   10461     -14.931    -10.500
   10462     -14.931    -11.000
   10463     -14.931    -11.500
   10464     -14.931    -12.000
   10465     -14.931    -12.500
   10466     -14.931    -13.000
   10467     -14.931    -13.500
   10468     -14.931    -14.000
   10469     -14.931    -14.500
   10470     -14.931    -15.000
   10471     -14.931    -15.500
   10472     -14.931    -16.000
   10473     -14.931    -16.500
   10474     -14.931    -17.000
   10475     -14.931    -17.500
   10476     -14.931    -18.000
   10477     -14.931    -18.500
   10478     -14.931    -19.000
   10479     -14.931    -19.500
   10480     -14.931    -20.000
   10481     -14.931    -20.500
   10482     -16.363      0.000
   10483     -16.363     -0.250
   10484     -16.363     -0.500
   10485     -16.363     -0.750
   10486     -14.931    -21.000
   10487     -16.363     -1.000
   10488     -16.363     -1.250
   10489     -16.363     -1.500
   10490     -16.363     -1.750
   10491     -16.363     -2.000
   10492     -16.363     -2.250
   10493     -14.931    -21.500
   10494     -16.363     -2.500
   10495     -16.363     -2.750
   10496     -16.363     -3.000
   10497     -16.363     -3.250
   10498     -16.363     -3.500
   10499     -16.363     -3.750
   10500     -14.931    -22.000
   10501     -16.363     -4.000
   10502     -16.363     -4.500
   10503     -16.363     -5.000
   10504     -14.931    -22.500
   10505     -16.363     -5.500
   10506     -16.363     -6.000
   10507     -14.931    -23.000
   10508     -16.363     -6.500
   10509     -16.363     -7.000
   10510     -14.931    -23.500
   10511     -16.363     -7.500
   10512     -16.363     -8.000
   10513     -14.931    -24.000
   10514     -16.363     -8.500
   10515     -16.363     -9.000
   10516     -16.363     -9.500
   10517     -16.363    -10.000
   10518     -16.363    -10.500
   10519     -16.363    -11.000
   10520     -16.363    -11.500
   10521     -16.363    -12.000
   10522     -16.363    -12.500
   10523     -16.363    -13.000
   10524     -16.363    -13.500
   10525     -16.363    -14.000
   10526     -16.363    -14.500
   10527     -16.363    -15.000
   10528     -16.363    -15.500
   10529     -16.363    -16.000
   10530     -16.363    -16.500
   10531     -16.363    -17.000
   10532     -16.363    -17.500
   10533     -16.363    -18.000
   10534     -16.363    -18.500
   10535     -16.363    -19.000
   10536     -16.363    -19.500
   10537     -16.363    -20.000
   10538     -16.363    -20.500
   10539     -16.363    -21.000
   10540     -16.363    -21.500
   10541     -16.363    -22.000
   10542     -17.956      0.000
   10543     -17.956     -0.250
   10544     -17.956     -0.500
   10545     -17.956     -0.750
   10546     -16.363    -22.500
   10547     -17.956     -1.000
   10548     -17.956     -1.250
   10549     -17.956     -1.500
   10550     -17.956     -1.750
   10551     -17.956     -2.000
   10552     -17.956     -2.250
   10553     -16.363    -23.000
   10554     -17.956     -2.500
   10555     -17.956     -2.750
   10556     -17.956     -3.000
   10557     -17.956     -3.250
   10558     -17.956     -3.500
   10559     -17.956     -3.750
   10560     -16.363    -23.500
   10561     -17.956     -4.000
   10562     -17.956     -4.500
   10563     -17.956     -5.000
   10564     -16.363    -24.000
   10565     -17.956     -5.500
   10566     -17.956     -6.000
   10567     -17.956     -6.500
   10568     -17.956     -7.000
   10569     -17.956     -7.500
   10570     -17.956     -8.000
   10571     -17.956     -8.500
   10572     -17.956     -9.000
   10573     -17.956     -9.500
   10574     -17.956    -10.000
   10575     -17.956    -10.500
   10576     -17.956    -11.000
   10577     -17.956    -11.500
   10578     -17.956    -12.000
   10579     -17.956    -12.500
   10580     -17.956    -13.000
   10581     -17.956    -13.500
   10582     -17.956    -14.000
   10583     -17.956    -14.500
   10584     -17.956    -15.000
   10585     -17.956    -15.500
   10586     -17.956    -16.000
   10587     -17.956    -16.500
   10588     -17.956    -17.000
   10589     -17.956    -17.500
   10590     -17.956    -18.000
   10591     -17.956    -18.500
   10592     -17.956    -19.000
   10593     -17.956    -19.500
   10594     -17.956    -20.000
   10595     -17.956    -20.500
   10596     -17.956    -21.000
   10597     -17.956    -21.500
   10598     -17.956    -22.000
   10599     -17.956    -22.500
   10600     -17.956    -23.000
   10601     -17.956    -23.500
   10602     -19.734      0.000
   10603     -17.956    -24.000
   10604     -19.734     -0.250
   10605     -19.734     -0.500
   10606     -19.734     -0.750
   10607     -19.734     -1.000
   10608     -19.734     -1.250
   10609     -19.734     -1.500
   10610     -19.734     -1.750
   10611     -19.734     -2.000
   10612     -19.734     -2.250
   10613     -19.734     -2.500
   10614     -19.734     -2.750
   10615     -19.734     -3.000
   10616     -19.734     -3.250
   10617     -19.734     -3.500
   10618     -19.734     -3.750
   10619     -19.734     -4.000
   10620     -19.734     -4.500
   10621     -19.734     -5.000
   10622     -19.734     -5.500
   10623     -19.734     -6.000
   10624     -19.734     -6.500
   10625     -19.734     -7.000
   10626     -19.734     -7.500
   10627     -19.734     -8.000
   10628     -19.734     -8.500
   10629     -19.734     -9.000
   10630     -19.734     -9.500
   10631     -19.734    -10.000
   10632     -19.734    -10.500
   10633     -19.734    -11.000
   10634     -19.734    -11.500
   10635     -19.734    -12.000
   10636     -19.734    -12.500
   10637     -19.734    -13.000
   10638     -19.734    -13.500
   10639     -19.734    -14.000
   10640     -19.734    -14.500
   10641     -19.734    -15.000
   10642     -19.734    -15.500
   10643     -19.734    -16.000
   10644     -19.734    -16.500
   10645     -19.734    -17.000
   10646     -19.734    -17.500
   10647     -19.734    -18.000
   10648     -19.734    -18.500
   10649     -19.734    -19.000
   10650     -19.734    -19.500
   10651     -19.734    -20.000
   10652     -19.734    -20.500
   10653     -19.734    -21.000
   10654     -19.734    -21.500
   10655     -19.734    -22.000
   10656     -19.734    -22.500
   10657     -19.734    -23.000
   10658     -19.734    -23.500
   10659     -19.734    -24.000
   10660     -21.729      0.000
   10661     -21.729     -0.250
   10662     -21.729     -0.500
   10663     -21.729     -0.750
   10664     -21.729     -1.000
   10665     -21.729     -1.250
   10666     -21.729     -1.500
   10667     -21.729     -1.750
   10668     -21.729     -2.000
   10669     -21.729     -2.250
   10670     -21.729     -2.500
   10671     -21.729     -2.750
   10672     -21.729     -3.000
   10673     -21.729     -3.250
   10674     -21.729     -3.500
   10675     -21.729     -3.750
   10676     -21.729     -4.000
   10677     -21.729     -4.500
   10678     -21.729     -5.000
   10679     -21.729     -5.500
   10680     -21.729     -6.000
   10681     -21.729     -6.500
   10682     -21.729     -7.000
   10683     -21.729     -7.500
   10684     -21.729     -8.000
   10685     -21.729     -8.500
   10686     -21.729     -9.000
   10687     -21.729     -9.500
   10688     -21.729    -10.000
   10689     -21.729    -10.500
   10690     -21.729    -11.000
   10691     -21.729    -11.500
   10692     -21.729    -12.000
   10693     -21.729    -12.500
   10694     -21.729    -13.000
   10695     -21.729    -13.500
   10696     -21.729    -14.000
   10697     -21.729    -14.500
   10698     -21.729    -15.000
   10699     -21.729    -15.500
   10700     -21.729    -16.000
   10701     -21.729    -16.500
   10702     -21.729    -17.000
   10703     -21.729    -17.500
   10704     -21.729    -18.000
   10705     -21.729    -18.500
   10706     -21.729    -19.000
   10707     -21.729    -19.500
   10708     -21.729    -20.000
   10709     -21.729    -20.500
   10710     -21.729    -21.000
   10711     -21.729    -21.500
   10712     -21.729    -22.000
   10713     -21.729    -22.500
   10714     -21.729    -23.000
   10715     -21.729    -23.500
   10716     -21.729    -24.000
   10717     -23.977      0.000
   10718     -23.977     -0.250
   10719     -23.977     -0.500
   10720     -23.977     -0.750
   10721     -23.977     -1.000
   10722     -23.977     -1.250
   10723     -23.977     -1.500
   10724     -23.977     -1.750
   10725     -23.977     -2.000
   10726     -23.977     -2.250
   10727     -23.977     -2.500
   10728     -23.977     -2.750
   10729     -23.977     -3.000
   10730     -23.977     -3.250
   10731     -23.977     -3.500
   10732     -23.977     -3.750
   10733     -23.977     -4.000
   10734     -23.977     -4.500
   10735     -23.977     -5.000
   10736     -23.977     -5.500
   10737     -23.977     -6.000
   10738     -23.977     -6.500
   10739     -23.977     -7.000
   10740     -23.977     -7.500
   10741     -23.977     -8.000
   10742     -23.977     -8.500
   10743     -23.977     -9.000
   10744     -23.977     -9.500
   10745     -23.977    -10.000
   10746     -23.977    -10.500
   10747     -23.977    -11.000
   10748     -23.977    -11.500
   10749     -23.977    -12.000
   10750     -23.977    -12.500
   10751     -23.977    -13.000
   10752     -23.977    -13.500
   10753     -23.977    -14.000
   10754     -23.977    -14.500
   10755     -23.977    -15.000
   10756     -23.977    -15.500
   10757     -23.977    -16.000
   10758     -23.977    -16.500
   10759     -23.977    -17.000
   10760     -23.977    -17.500
   10761     -23.977    -18.000
   10762     -23.977    -18.500
   10763     -23.977    -19.000
   10764     -23.977    -19.500
   10765     -23.977    -20.000
   10766     -23.977    -20.500
   10767     -23.977    -21.000
   10768     -23.977    -21.500
   10769     -23.977    -22.000
   10770     -23.977    -22.500
   10771     -23.977    -23.000
   10772     -23.977    -23.500
   10773     -23.977    -24.000
   10774     -26.520      0.000
   10775     -26.520     -0.250
   10776     -26.520     -0.500
   10777     -26.520     -0.750
   10778     -26.520     -1.000
   10779     -26.520     -1.250
   10780     -26.520     -1.500
   10781     -26.520     -1.750
   10782     -26.520     -2.000
   10783     -26.520     -2.250
   10784     -26.520     -2.500
   10785     -26.520     -2.750
   10786     -26.520     -3.000
   10787     -26.520     -3.250
   10788     -26.520     -3.500
   10789     -26.520     -3.750
   10790     -26.520     -4.000
   10791     -26.520     -4.500
   10792     -26.520     -5.000
   10793     -26.520     -5.500
   10794     -26.520     -6.000
   10795     -26.520     -6.500
   10796     -26.520     -7.000
   10797     -26.520     -7.500
   10798     -26.520     -8.000
   10799     -26.520     -8.500
   10800     -26.520     -9.000
   10801     -26.520     -9.500
   10802     -26.520    -10.000
   10803     -26.520    -10.500
   10804     -26.520    -11.000
   10805     -26.520    -11.500
   10806     -26.520    -12.000
   10807     -26.520    -12.500
   10808     -26.520    -13.000
   10809     -26.520    -13.500
   10810     -26.520    -14.000
   10811     -26.520    -14.500
   10812     -26.520    -15.000
   10813     -26.520    -15.500
   10814     -26.520    -16.000
   10815     -26.520    -16.500
   10816     -26.520    -17.000
   10817     -26.520    -17.500
   10818     -26.520    -18.000
   10819     -26.520    -18.500
   10820     -26.520    -19.000
   10821     -26.520    -19.500
   10822     -26.520    -20.000
   10823     -26.520    -20.500
   10824     -26.520    -21.000
   10825     -26.520    -21.500
   10826     -26.520    -22.000
   10827     -26.520    -22.500
   10828     -26.520    -23.000
   10829     -26.520    -23.500
   10830     -26.520    -24.000
   10831     -29.411      0.000
   10832     -29.411     -0.250
   10833     -29.411     -0.500
   10834     -29.411     -0.750
   10835     -29.411     -1.000
   10836     -29.411     -1.250
   10837     -29.411     -1.500
   10838     -29.411     -1.750
   10839     -29.411     -2.000
   10840     -29.411     -2.250
   10841     -29.411     -2.500
   10842     -29.411     -2.750
   10843     -29.411     -3.000
   10844     -29.411     -3.250
   10845     -29.411     -3.500
   10846     -29.411     -3.750
   10847     -29.411     -4.000
   10848     -29.411     -4.500
   10849     -29.411     -5.000
   10850     -29.411     -5.500
   10851     -29.411     -6.000
   10852     -29.411     -6.500
   10853     -29.411     -7.000
   10854     -29.411     -7.500
   10855     -29.411     -8.000
   10856     -29.411     -8.500
   10857     -29.411     -9.000
   10858     -29.411     -9.500
   10859     -29.411    -10.000
   10860     -29.411    -10.500
   10861     -29.411    -11.000
   10862     -29.411    -11.500
   10863     -29.411    -12.000
   10864     -29.411    -12.500
   10865     -29.411    -13.000
   10866     -29.411    -13.500
   10867     -29.411    -14.000
   10868     -29.411    -14.500
   10869     -29.411    -15.000
   10870     -29.411    -15.500
   10871     -29.411    -16.000
   10872     -29.411    -16.500
   10873     -29.411    -17.000
   10874     -29.411    -17.500
   10875     -29.411    -18.000
   10876     -29.411    -18.500
   10877     -29.411    -19.000
   10878     -29.411    -19.500
   10879     -29.411    -20.000
   10880     -29.411    -20.500
   10881     -29.411    -21.000
   10882     -29.411    -21.500
   10883     -29.411    -22.000
   10884     -29.411    -22.500
   10885     -29.411    -23.000
   10886     -29.411    -23.500
   10887     -29.411    -24.000
   10888     -32.710      0.000
   10889     -32.710     -0.250
   10890     -32.710     -0.500
   10891     -32.710     -0.750
   10892     -32.710     -1.000
   10893     -32.710     -1.250
   10894     -32.710     -1.500
   10895     -32.710     -1.750
   10896     -32.710     -2.000
   10897     -32.710     -2.250
   10898     -32.710     -2.500
   10899     -32.710     -2.750
   10900     -32.710     -3.000
   10901     -32.710     -3.250
   10902     -32.710     -3.500
   10903     -32.710     -3.750
   10904     -32.710     -4.000
   10905     -32.710     -4.500
   10906     -32.710     -5.000
   10907     -32.710     -5.500
   10908     -32.710     -6.000
   10909     -32.710     -6.500
   10910     -32.710     -7.000
   10911     -32.710     -7.500
   10912     -32.710     -8.000
   10913     -32.710     -8.500
   10914     -32.710     -9.000
   10915     -32.710     -9.500
   10916     -32.710    -10.000
   10917     -32.710    -10.500
   10918     -32.710    -11.000
   10919     -32.710    -11.500
   10920     -32.710    -12.000
   10921     -32.710    -12.500
   10922     -32.710    -13.000
   10923     -32.710    -13.500
   10924     -32.710    -14.000
   10925     -32.710    -14.500
   10926     -32.710    -15.000
   10927     -32.710    -15.500
   10928     -32.710    -16.000
   10929     -32.710    -16.500
   10930     -32.710    -17.000
   10931     -32.710    -17.500
   10932     -32.710    -18.000
   10933     -32.710    -18.500
   10934     -32.710    -19.000
   10935     -32.710    -19.500
   10936     -32.710    -20.000
   10937     -32.710    -20.500
   10938     -32.710    -21.000
   10939     -32.710    -21.500
   10940     -32.710    -22.000
   10941     -32.710    -22.500
   10942     -32.710    -23.000
   10943     -32.710    -23.500
   10944     -32.710    -24.000
   10945     -36.491      0.000
   10946     -36.491     -0.250
   10947     -36.491     -0.500
   10948     -36.491     -0.750
   10949     -36.491     -1.000
   10950     -36.491     -1.250
   10951     -36.491     -1.500
   10952     -36.491     -1.750
   10953     -36.491     -2.000
   10954     -36.491     -2.250
   10955     -36.491     -2.500
   10956     -36.491     -2.750
   10957     -36.491     -3.000
   10958     -36.491     -3.250
   10959     -36.491     -3.500
   10960     -36.491     -3.750
   10961     -36.491     -4.000
   10962     -36.491     -4.500
   10963     -36.491     -5.000
   10964     -36.491     -5.500
   10965     -36.491     -6.000
   10966     -36.491     -6.500
   10967     -36.491     -7.000
   10968     -36.491     -7.500
   10969     -36.491     -8.000
   10970     -36.491     -8.500
   10971     -36.491     -9.000
   10972     -36.491     -9.500
   10973     -36.491    -10.000
   10974     -36.491    -10.500
   10975     -36.491    -11.000
   10976     -36.491    -11.500
   10977     -36.491    -12.000
   10978     -36.491    -12.500
   10979     -36.491    -13.000
   10980     -36.491    -13.500
   10981     -36.491    -14.000
   10982     -36.491    -14.500
   10983     -36.491    -15.000
   10984     -36.491    -15.500
   10985     -36.491    -16.000
   10986     -36.491    -16.500
   10987     -36.491    -17.000
   10988     -36.491    -17.500
   10989     -36.491    -18.000
   10990     -36.491    -18.500
   10991     -36.491    -19.000
   10992     -36.491    -19.500
   10993     -36.491    -20.000
   10994     -36.491    -20.500
   10995     -36.491    -21.000
   10996     -36.491    -21.500
   10997     -36.491    -22.000
   10998     -36.491    -22.500
   10999     -36.491    -23.000
   11000     -36.491    -23.500
   11001     -36.491    -24.000
   11002     -40.843      0.000
   11003     -40.843     -0.250
   11004     -40.843     -0.500
   11005     -40.843     -0.750
   11006     -40.843     -1.000
   11007     -40.843     -1.250
   11008     -40.843     -1.500
   11009     -40.843     -1.750
   11010     -40.843     -2.000
   11011     -40.843     -2.250
   11012     -40.843     -2.500
   11013     -40.843     -2.750
   11014     -40.843     -3.000
   11015     -40.843     -3.250
   11016     -40.843     -3.500
   11017     -40.843     -3.750
   11018     -40.843     -4.000
   11019     -40.843     -4.500
   11020     -40.843     -5.000
   11021     -40.843     -5.500
   11022     -40.843     -6.000
   11023     -40.843     -6.500
   11024     -40.843     -7.000
   11025     -40.843     -7.500
   11026     -40.843     -8.000
   11027     -40.843     -8.500
   11028     -40.843     -9.000
   11029     -40.843     -9.500
   11030     -40.843    -10.000
   11031     -40.843    -10.500
   11032     -40.843    -11.000
   11033     -40.843    -11.500
   11034     -40.843    -12.000
   11035     -40.843    -12.500
   11036     -40.843    -13.000
   11037     -40.843    -13.500
   11038     -40.843    -14.000
   11039     -40.843    -14.500
   11040     -40.843    -15.000
   11041     -40.843    -15.500
   11042     -40.843    -16.000
   11043     -40.843    -16.500
   11044     -40.843    -17.000
   11045     -40.843    -17.500
   11046     -40.843    -18.000
   11047     -40.843    -18.500
   11048     -40.843    -19.000
   11049     -40.843    -19.500
   11050     -40.843    -20.000
   11051     -40.843    -20.500
   11052     -40.843    -21.000
   11053     -40.843    -21.500
   11054     -40.843    -22.000
   11055     -40.843    -22.500
   11056     -40.843    -23.000
   11057     -40.843    -23.500
   11058     -40.843    -24.000
   11059     -45.873      0.000
   11060     -45.873     -0.250
   11061     -45.873     -0.500
   11062     -45.873     -0.750
   11063     -45.873     -1.000
   11064     -45.873     -1.250
   11065     -45.873     -1.500
   11066     -45.873     -1.750
   11067     -45.873     -2.000
   11068     -45.873     -2.250
   11069     -45.873     -2.500
   11070     -45.873     -2.750
   11071     -45.873     -3.000
   11072     -45.873     -3.250
   11073     -45.873     -3.500
   11074     -45.873     -3.750
   11075     -45.873     -4.000
   11076     -45.873     -4.500
   11077     -45.873     -5.000
   11078     -45.873     -5.500
   11079     -45.873     -6.000
   11080     -45.873     -6.500
   11081     -45.873     -7.000
   11082     -45.873     -7.500
   11083     -45.873     -8.000
   11084     -45.873     -8.500
   11085     -45.873     -9.000
   11086     -45.873     -9.500
   11087     -45.873    -10.000
   11088     -45.873    -10.500
   11089     -45.873    -11.000
   11090     -45.873    -11.500
   11091     -45.873    -12.000
   11092     -45.873    -12.500
   11093     -45.873    -13.000
   11094     -45.873    -13.500
   11095     -45.873    -14.000
   11096     -45.873    -14.500
   11097     -45.873    -15.000
   11098     -45.873    -15.500
   11099     -45.873    -16.000
   11100     -45.873    -16.500
   11101     -45.873    -17.000
   11102     -45.873    -17.500
   11103     -45.873    -18.000
   11104     -45.873    -18.500
   11105     -45.873    -19.000
   11106     -45.873    -19.500
   11107     -45.873    -20.000
   11108     -45.873    -20.500
   11109     -45.873    -21.000
   11110     -45.873    -21.500
   11111     -45.873    -22.000
   11112     -45.873    -22.500
   11113     -45.873    -23.000
   11114     -45.873    -23.500
   11115     -45.873    -24.000
   11116     -51.712      0.000
   11117     -51.712     -0.250
   11118     -51.712     -0.500
   11119     -51.712     -0.750
   11120     -51.712     -1.000
   11121     -51.712     -1.250
   11122     -51.712     -1.500
   11123     -51.712     -1.750
   11124     -51.712     -2.000
   11125     -51.712     -2.250
   11126     -51.712     -2.500
   11127     -51.712     -2.750
   11128     -51.712     -3.000
   11129     -51.712     -3.250
   11130     -51.712     -3.500
   11131     -51.712     -3.750
   11132     -51.712     -4.000
   11133     -51.712     -4.500
   11134     -51.712     -5.000
   11135     -51.712     -5.500
   11136     -51.712     -6.000
   11137     -51.712     -6.500
   11138     -51.712     -7.000
   11139     -51.712     -7.500
   11140     -51.712     -8.000
   11141     -51.712     -8.500
   11142     -51.712     -9.000
   11143     -51.712     -9.500
   11144     -51.712    -10.000
   11145     -51.712    -10.500
   11146     -51.712    -11.000
   11147     -51.712    -11.500
   11148     -51.712    -12.000
   11149     -51.712    -12.500
   11150     -51.712    -13.000
   11151     -51.712    -13.500
   11152     -51.712    -14.000
   11153     -51.712    -14.500
   11154     -51.712    -15.000
   11155     -51.712    -15.500
   11156     -51.712    -16.000
   11157     -51.712    -16.500
   11158     -51.712    -17.000
   11159     -51.712    -17.500
   11160     -51.712    -18.000
   11161     -51.712    -18.500
   11162     -51.712    -19.000
   11163     -51.712    -19.500
   11164     -51.712    -20.000
   11165     -51.712    -20.500
   11166     -51.712    -21.000
   11167     -51.712    -21.500
   11168     -51.712    -22.000
   11169     -51.712    -22.500
   11170     -51.712    -23.000
   11171     -51.712    -23.500
   11172     -51.712    -24.000
   11173     -58.519      0.000
   11174     -58.519     -0.250
   11175     -58.519     -0.500
   11176     -58.519     -0.750
   11177     -58.519     -1.000
   11178     -58.519     -1.250
   11179     -58.519     -1.500
   11180     -58.519     -1.750
   11181     -58.519     -2.000
   11182     -58.519     -2.250
   11183     -58.519     -2.500
   11184     -58.519     -2.750
   11185     -58.519     -3.000
   11186     -58.519     -3.250
   11187     -58.519     -3.500
   11188     -58.519     -3.750
   11189     -58.519     -4.000
   11190     -58.519     -4.500
   11191     -58.519     -5.000
   11192     -58.519     -5.500
   11193     -58.519     -6.000
   11194     -58.519     -6.500
   11195     -58.519     -7.000
   11196     -58.519     -7.500
   11197     -58.519     -8.000
   11198     -58.519     -8.500
   11199     -58.519     -9.000
   11200     -58.519     -9.500
   11201     -58.519    -10.000
   11202     -58.519    -10.500
   11203     -58.519    -11.000
   11204     -58.519    -11.500
   11205     -58.519    -12.000
   11206     -58.519    -12.500
   11207     -58.519    -13.000
   11208     -58.519    -13.500
   11209     -58.519    -14.000
   11210     -58.519    -14.500
   11211     -58.519    -15.000
   11212     -58.519    -15.500
   11213     -58.519    -16.000
   11214     -58.519    -16.500
   11215     -58.519    -17.000
   11216     -58.519    -17.500
   11217     -58.519    -18.000
   11218     -58.519    -18.500
   11219     -58.519    -19.000
   11220     -58.519    -19.500
   11221     -58.519    -20.000
   11222     -58.519    -20.500
   11223     -58.519    -21.000
   11224     -58.519    -21.500
   11225     -58.519    -22.000
   11226     -58.519    -22.500
   11227     -58.519    -23.000
   11228     -58.519    -23.500
   11229     -58.519    -24.000
   11230     -66.485      0.000
   11231     -66.485     -0.250
   11232     -66.485     -0.500
   11233     -66.485     -0.750
   11234     -66.485     -1.000
   11235     -66.485     -1.250
   11236     -66.485     -1.500
   11237     -66.485     -1.750
   11238     -66.485     -2.000
   11239     -66.485     -2.250
   11240     -66.485     -2.500
   11241     -66.485     -2.750
   11242     -66.485     -3.000
   11243     -66.485     -3.250
   11244     -66.485     -3.500
   11245     -66.485     -3.750
   11246     -66.485     -4.000
   11247     -66.485     -4.500
   11248     -66.485     -5.000
   11249     -66.485     -5.500
   11250     -66.485     -6.000
   11251     -66.485     -6.500
   11252     -66.485     -7.000
   11253     -66.485     -7.500
   11254     -66.485     -8.000
   11255     -66.485     -8.500
   11256     -66.485     -9.000
   11257     -66.485     -9.500
   11258     -66.485    -10.000
   11259     -66.485    -10.500
   11260     -66.485    -11.000
   11261     -66.485    -11.500
   11262     -66.485    -12.000
   11263     -66.485    -12.500
   11264     -66.485    -13.000
   11265     -66.485    -13.500
   11266     -66.485    -14.000
   11267     -66.485    -14.500
   11268     -66.485    -15.000
   11269     -66.485    -15.500
   11270     -66.485    -16.000
   11271     -66.485    -16.500
   11272     -66.485    -17.000
   11273     -66.485    -17.500
   11274     -66.485    -18.000
   11275     -66.485    -18.500
   11276     -66.485    -19.000
   11277     -66.485    -19.500
   11278     -66.485    -20.000
   11279     -66.485    -20.500
   11280     -66.485    -21.000
   11281     -66.485    -21.500
   11282     -66.485    -22.000
   11283     -66.485    -22.500
   11284     -66.485    -23.000
   11285     -66.485    -23.500
   11286     -66.485    -24.000
   11287     -75.850      0.000
   11288     -75.850     -0.250
   11289     -75.850     -0.500
   11290     -75.850     -0.750
   11291     -75.850     -1.000
   11292     -75.850     -1.250
   11293     -75.850     -1.500
   11294     -75.850     -1.750
   11295     -75.850     -2.000
   11296     -75.850     -2.250
   11297     -75.850     -2.500
   11298     -75.850     -2.750
   11299     -75.850     -3.000
   11300     -75.850     -3.250
   11301     -75.850     -3.500
   11302     -75.850     -3.750
   11303     -75.850     -4.000
   11304     -75.850     -4.500
   11305     -75.850     -5.000
   11306     -75.850     -5.500
   11307     -75.850     -6.000
   11308     -75.850     -6.500
   11309     -75.850     -7.000
   11310     -75.850     -7.500
   11311     -75.850     -8.000
   11312     -75.850     -8.500
   11313     -75.850     -9.000
   11314     -75.850     -9.500
   11315     -75.850    -10.000
   11316     -75.850    -10.500
   11317     -75.850    -11.000
   11318     -75.850    -11.500
   11319     -75.850    -12.000
   11320     -75.850    -12.500
   11321     -75.850    -13.000
   11322     -75.850    -13.500
   11323     -75.850    -14.000
   11324     -75.850    -14.500
   11325     -75.850    -15.000
   11326     -75.850    -15.500
   11327     -75.850    -16.000
   11328     -75.850    -16.500
   11329     -75.850    -17.000
   11330     -75.850    -17.500
   11331     -75.850    -18.000
   11332     -75.850    -18.500
   11333     -75.850    -19.000
   11334     -75.850    -19.500
   11335     -75.850    -20.000
   11336     -75.850    -20.500
   11337     -75.850    -21.000
   11338     -75.850    -21.500
   11339     -75.850    -22.000
   11340     -75.850    -22.500
   11341     -75.850    -23.000
   11342     -75.850    -23.500
   11343     -75.850    -24.000
   11344     -86.902      0.000
   11345     -86.902     -0.250
   11346     -86.902     -0.500
   11347     -86.902     -0.750
   11348     -86.902     -1.000
   11349     -86.902     -1.250
   11350     -86.902     -1.500
   11351     -86.902     -1.750
   11352     -86.902     -2.000
   11353     -86.902     -2.250
   11354     -86.902     -2.500
   11355     -86.902     -2.750
   11356     -86.902     -3.000
   11357     -86.902     -3.250
   11358     -86.902     -3.500
   11359     -86.902     -3.750
   11360     -86.902     -4.000
   11361     -86.902     -4.500
   11362     -86.902     -5.000
   11363     -86.902     -5.500
   11364     -86.902     -6.000
   11365     -86.902     -6.500
   11366     -86.902     -7.000
   11367     -86.902     -7.500
   11368     -86.902     -8.000
   11369     -86.902     -8.500
   11370     -86.902     -9.000
   11371     -86.902     -9.500
   11372     -86.902    -10.000
   11373     -86.902    -10.500
   11374     -86.902    -11.000
   11375     -86.902    -11.500
   11376     -86.902    -12.000
   11377     -86.902    -12.500
   11378     -86.902    -13.000
   11379     -86.902    -13.500
   11380     -86.902    -14.000
   11381     -86.902    -14.500
   11382     -86.902    -15.000
   11383     -86.902    -15.500
   11384     -86.902    -16.000
   11385     -86.902    -16.500
   11386     -86.902    -17.000
   11387     -86.902    -17.500
   11388     -86.902    -18.000
   11389     -86.902    -18.500
   11390     -86.902    -19.000
   11391     -86.902    -19.500
   11392     -86.902    -20.000
   11393     -86.902    -20.500
   11394     -86.902    -21.000
   11395     -86.902    -21.500
   11396     -86.902    -22.000
   11397     -86.902    -22.500
   11398     -86.902    -23.000
   11399     -86.902    -23.500
   11400     -86.902    -24.000
   11401    -100.000      0.000
   11402    -100.000     -0.250
   11403    -100.000     -0.500
   11404    -100.000     -0.750
   11405    -100.000     -1.000
   11406    -100.000     -1.250
   11407    -100.000     -1.500
   11408    -100.000     -1.750
   11409    -100.000     -2.000
   11410    -100.000     -2.250
   11411    -100.000     -2.500
   11412    -100.000     -2.750
   11413    -100.000     -3.000
   11414    -100.000     -3.250
   11415    -100.000     -3.500
   11416    -100.000     -3.750
   11417    -100.000     -4.000
   11418    -100.000     -4.500
   11419    -100.000     -5.000
   11420    -100.000     -5.500
   11421    -100.000     -6.000
   11422    -100.000     -6.500
   11423    -100.000     -7.000
   11424    -100.000     -7.500
   11425    -100.000     -8.000
   11426    -100.000     -8.500
   11427    -100.000     -9.000
   11428    -100.000     -9.500
   11429    -100.000    -10.000
   11430    -100.000    -10.500
   11431    -100.000    -11.000
   11432    -100.000    -11.500
   11433    -100.000    -12.000
   11434    -100.000    -12.500
   11435    -100.000    -13.000
   11436    -100.000    -13.500
   11437    -100.000    -14.000
   11438    -100.000    -14.500
   11439    -100.000    -15.000
   11440    -100.000    -15.500
   11441    -100.000    -16.000
   11442    -100.000    -16.500
   11443    -100.000    -17.000
   11444    -100.000    -17.500
   11445    -100.000    -18.000
   11446    -100.000    -18.500
   11447    -100.000    -19.000
   11448    -100.000    -19.500
   11449    -100.000    -20.000
   11450    -100.000    -20.500
   11451    -100.000    -21.000
   11452    -100.000    -21.500
   11453    -100.000    -22.000
   11454    -100.000    -22.500
   11455    -100.000    -23.000
   11456    -100.000    -23.500
   11457    -100.000    -24.000
   11458    -150.000      0.000
   11459    -150.000     -0.250
   11460    -150.000     -0.500
   11461    -150.000     -0.750
   11462    -150.000     -1.000
   11463    -150.000     -1.250
   11464    -150.000     -1.500
   11465    -150.000     -1.750
   11466    -150.000     -2.000
   11467    -150.000     -2.250
   11468    -150.000     -2.500
   11469    -150.000     -2.750
   11470    -150.000     -3.000
   11471    -150.000     -3.250
   11472    -150.000     -3.500
   11473    -150.000     -3.750
   11474    -150.000     -4.000
   11475    -150.000     -4.500
   11476    -150.000     -5.000
   11477    -150.000     -5.500
   11478    -150.000     -6.000
   11479    -150.000     -6.500
   11480    -150.000     -7.000
   11481    -150.000     -7.500
   11482    -150.000     -8.000
   11483    -150.000     -8.500
   11484    -150.000     -9.000
   11485    -150.000     -9.500
   11486    -150.000    -10.000
   11487    -150.000    -10.500
   11488    -150.000    -11.000
   11489    -150.000    -11.500
   11490    -150.000    -12.000
   11491    -150.000    -12.500
   11492    -150.000    -13.000
   11493    -150.000    -13.500
   11494    -150.000    -14.000
   11495    -150.000    -14.500
   11496    -150.000    -15.000
   11497    -150.000    -15.500
   11498    -150.000    -16.000
   11499    -150.000    -16.500
   11500    -150.000    -17.000
   11501    -150.000    -17.500
   11502    -150.000    -18.000
   11503    -150.000    -18.500
   11504    -150.000    -19.000
   11505    -150.000    -19.500
   11506    -150.000    -20.000
   11507    -150.000    -20.500
   11508    -150.000    -21.000
   11509    -150.000    -21.500
   11510    -150.000    -22.000
   11511    -150.000    -22.500
   11512    -150.000    -23.000
   11513    -150.000    -23.500
   11514    -150.000    -24.000
