$MeshFormat
4.1 0 8
$EndMeshFormat
$PhysicalNames
3
1 1 "Fix_110"
1 2 "Fix_100"
2 3 "Soil"
$EndPhysicalNames
$Entities
4 4 1 0
1 0 0 0 0 
2 32 0 0 0 
3 12 10 0 0 
4 0 10 0 0 
1 0 0 0 32 0 0 1 1 2 1 -2 
2 12 0 0 32 10 0 0 2 2 -3 
3 0 10 0 12 10 0 0 2 3 -4 
4 0 0 0 0 10 0 1 2 2 4 -1 
1 0 0 0 32 10 0 1 3 4 1 2 3 4 
$EndEntities
$Nodes
9 1681 1 1681
0 1 0 1
1
0 0 0
0 2 0 1
2
32 0 0
0 3 0 1
3
12 10 0
0 4 0 1
4
0 10 0
1 1 0 39
5
6
7
8
9
10
11
12
13
14
15
16
17
18
19
20
21
22
23
24
25
26
27
28
29
30
31
32
33
34
35
36
37
38
39
40
41
42
43
0.7999999999984876 0 0
1.599999999996781 0 0
2.399999999995278 0 0
3.199999999994052 0 0
3.99999999999274 0 0
4.799999999990492 0 0
5.599999999988157 0 0
6.399999999985821 0 0
7.199999999983486 0 0
7.99999999998115 0 0
8.799999999978816 0 0
9.599999999976481 0 0
10.39999999997415 0 0
11.19999999997181 0 0
11.99999999996948 0 0
12.79999999996714 0 0
13.5999999999648 0 0
14.39999999996247 0 0
15.19999999996013 0 0
15.99999999995815 0 0
16.79999999995991 0 0
17.59999999996202 0 0
18.39999999996413 0 0
19.19999999996624 0 0
19.99999999996835 0 0
20.79999999997046 0 0
21.59999999997257 0 0
22.39999999997468 0 0
23.19999999997679 0 0
23.9999999999789 0 0
24.79999999998101 0 0
25.59999999998312 0 0
26.39999999998523 0 0
27.19999999998734 0 0
27.99999999998945 0 0
28.79999999999156 0 0
29.59999999999367 0 0
30.39999999999578 0 0
31.19999999999789 0 0
1 2 0 39
44
45
46
47
48
49
50
51
52
53
54
55
56
57
58
59
60
61
62
63
64
65
66
67
68
69
70
71
72
73
74
75
76
77
78
79
80
81
82
31.50000000000007 0.2499999999999642 0
31.00000000000018 0.4999999999999111 0
30.50000000000025 0.749999999999874 0
30.00000000000032 0.9999999999998395 0
29.50000000000041 1.249999999999796 0
29.00000000000068 1.49999999999966 0
28.50000000000097 1.749999999999515 0
28.00000000000126 1.99999999999937 0
27.50000000000155 2.249999999999225 0
27.00000000000184 2.49999999999908 0
26.50000000000213 2.749999999998935 0
26.00000000000242 2.999999999998789 0
25.50000000000271 3.249999999998645 0
25.000000000003 3.499999999998499 0
24.50000000000329 3.749999999998354 0
24.00000000000357 3.999999999998216 0
23.50000000000347 4.249999999998265 0
23.00000000000332 4.499999999998342 0
22.50000000000316 4.749999999998419 0
22.00000000000301 4.999999999998495 0
21.50000000000286 5.24999999999857 0
21.00000000000271 5.499999999998646 0
20.50000000000256 5.749999999998722 0
20.00000000000241 5.999999999998797 0
19.50000000000226 6.249999999998872 0
19.00000000000211 6.499999999998947 0
18.50000000000196 6.749999999999021 0
18.0000000000018 6.999999999999098 0
17.50000000000166 7.249999999999172 0
17.00000000000151 7.499999999999247 0
16.50000000000135 7.749999999999323 0
16.0000000000012 7.999999999999398 0
15.50000000000105 8.249999999999474 0
15.0000000000009 8.499999999999549 0
14.50000000000075 8.749999999999623 0
14.0000000000006 8.999999999999698 0
13.50000000000045 9.249999999999774 0
13.0000000000003 9.499999999999849 0
12.50000000000015 9.749999999999924 0
1 3 0 39
83
84
85
86
87
88
89
90
91
92
93
94
95
96
97
98
99
100
101
102
103
104
105
106
107
108
109
110
111
112
113
114
115
116
117
118
119
120
121
11.7000000000036 10 0
11.4000000000072 10 0
11.10000000000858 10 0
10.80000000000774 10 0
10.50000000000724 10 0
10.20000000001049 10 0
9.900000000012845 10 0
9.600000000012002 10 0
9.300000000011163 10 0
9.000000000010321 10 0
8.700000000009481 10 0
8.400000000008639 10 0
8.1000000000078 10 0
7.800000000008554 10 0
7.500000000009931 10 0
7.200000000011308 10 0
6.900000000012687 10 0
6.600000000014065 10 0
6.300000000015443 10 0
6.000000000016648 10 0
5.70000000001598 10 0
5.400000000015139 10 0
5.100000000014298 10 0
4.800000000013457 10 0
4.500000000012617 10 0
4.200000000011776 10 0
3.900000000010934 10 0
3.600000000010095 10 0
3.300000000009252 10 0
3.000000000008411 10 0
2.70000000000757 10 0
2.400000000006729 10 0
2.100000000005888 10 0
1.800000000005047 10 0
1.500000000004206 10 0
1.200000000003365 10 0
0.9000000000025246 10 0
0.6000000000016836 10 0
0.3000000000008409 10 0
1 4 0 39
122
123
124
125
126
127
128
129
130
131
132
133
134
135
136
137
138
139
140
141
142
143
144
145
146
147
148
149
150
151
152
153
154
155
156
157
158
159
160
0 9.75 0
0 9.5 0
0 9.249999999999998 0
0 8.999999999999998 0
0 8.749999999999998 0
0 8.499999999999998 0
0 8.249999999999996 0
0 7.999999999999996 0
0 7.749999999999996 0
0 7.499999999999995 0
0 7.249999999999996 0
0 6.999999999999995 0
0 6.749999999999996 0
0 6.499999999999996 0
0 6.249999999999996 0
0 5.999999999999996 0
0 5.749999999999996 0
0 5.499999999999996 0
0 5.249999999999996 0
0 4.999999999999996 0
0 4.749999999999996 0
0 4.499999999999997 0
0 4.249999999999997 0
0 3.999999999999996 0
0 3.749999999999998 0
0 3.499999999999997 0
0 3.249999999999997 0
0 2.999999999999998 0
0 2.749999999999998 0
0 2.499999999999998 0
0 2.249999999999998 0
0 1.999999999999998 0
0 1.749999999999998 0
0 1.5 0
0 1.249999999999998 0
0 0.9999999999999982 0
0 0.75 0
0 0.5 0
0 0.25 0
2 1 0 1521
161
162
163
164
165
166
167
168
169
170
171
172
173
174
175
176
177
178
179
180
181
182
183
184
185
186
187
188
189
190
191
192
193
194
195
196
197
198
199
200
201
202
203
204
205
206
207
208
209
210
211
212
213
214
215
216
217
218
219
220
221
222
223
224
225
226
227
228
229
230
231
232
233
234
235
236
237
238
239
240
241
242
243
244
245
246
247
248
249
250
251
252
253
254
255
256
257
258
259
260
261
262
263
264
265
266
267
268
269
270
271
272
273
274
275
276
277
278
279
280
281
282
283
284
285
286
287
288
289
290
291
292
293
294
295
296
297
298
299
300
301
302
303
304
305
306
307
308
309
310
311
312
313
314
315
316
317
318
319
320
321
322
323
324
325
326
327
328
329
330
331
332
333
334
335
336
337
338
339
340
341
342
343
344
345
346
347
348
349
350
351
352
353
354
355
356
357
358
359
360
361
362
363
364
365
366
367
368
369
370
371
372
373
374
375
376
377
378
379
380
381
382
383
384
385
386
387
388
389
390
391
392
393
394
395
396
397
398
399
400
401
402
403
404
405
406
407
408
409
410
411
412
413
414
415
416
417
418
419
420
421
422
423
424
425
426
427
428
429
430
431
432
433
434
435
436
437
438
439
440
441
442
443
444
445
446
447
448
449
450
451
452
453
454
455
456
457
458
459
460
461
462
463
464
465
466
467
468
469
470
471
472
473
474
475
476
477
478
479
480
481
482
483
484
485
486
487
488
489
490
491
492
493
494
495
496
497
498
499
500
501
502
503
504
505
506
507
508
509
510
511
512
513
514
515
516
517
518
519
520
521
522
523
524
525
526
527
528
529
530
531
532
533
534
535
536
537
538
539
540
541
542
543
544
545
546
547
548
549
550
551
552
553
554
555
556
557
558
559
560
561
562
563
564
565
566
567
568
569
570
571
572
573
574
575
576
577
578
579
580
581
582
583
584
585
586
587
588
589
590
591
592
593
594
595
596
597
598
599
600
601
602
603
604
605
606
607
608
609
610
611
612
613
614
615
616
617
618
619
620
621
622
623
624
625
626
627
628
629
630
631
632
633
634
635
636
637
638
639
640
641
642
643
644
645
646
647
648
649
650
651
652
653
654
655
656
657
658
659
660
661
662
663
664
665
666
667
668
669
670
671
672
673
674
675
676
677
678
679
680
681
682
683
684
685
686
687
688
689
690
691
692
693
694
695
696
697
698
699
700
701
702
703
704
705
706
707
708
709
710
711
712
713
714
715
716
717
718
719
720
721
722
723
724
725
726
727
728
729
730
731
732
733
734
735
736
737
738
739
740
741
742
743
744
745
746
747
748
749
750
751
752
753
754
755
756
757
758
759
760
761
762
763
764
765
766
767
768
769
770
771
772
773
774
775
776
777
778
779
780
781
782
783
784
785
786
787
788
789
790
791
792
793
794
795
796
797
798
799
800
801
802
803
804
805
806
807
808
809
810
811
812
813
814
815
816
817
818
819
820
821
822
823
824
825
826
827
828
829
830
831
832
833
834
835
836
837
838
839
840
841
842
843
844
845
846
847
848
849
850
851
852
853
854
855
856
857
858
859
860
861
862
863
864
865
866
867
868
869
870
871
872
873
874
875
876
877
878
879
880
881
882
883
884
885
886
887
888
889
890
891
892
893
894
895
896
897
898
899
900
901
902
903
904
905
906
907
908
909
910
911
912
913
914
915
916
917
918
919
920
921
922
923
924
925
926
927
928
929
930
931
932
933
934
935
936
937
938
939
940
941
942
943
944
945
946
947
948
949
950
951
952
953
954
955
956
957
958
959
960
961
962
963
964
965
966
967
968
969
970
971
972
973
974
975
976
977
978
979
980
981
982
983
984
985
986
987
988
989
990
991
992
993
994
995
996
997
998
999
1000
1001
1002
1003
1004
1005
1006
1007
1008
1009
1010
1011
1012
1013
1014
1015
1016
1017
1018
1019
1020
1021
1022
1023
1024
1025
1026
1027
1028
1029
1030
1031
1032
1033
1034
1035
1036
1037
1038
1039
1040
1041
1042
1043
1044
1045
1046
1047
1048
1049
1050
1051
1052
1053
1054
1055
1056
1057
1058
1059
1060
1061
1062
1063
1064
1065
1066
1067
1068
1069
1070
1071
1072
1073
1074
1075
1076
1077
1078
1079
1080
1081
1082
1083
1084
1085
1086
1087
1088
1089
1090
1091
1092
1093
1094
1095
1096
1097
1098
1099
1100
1101
1102
1103
1104
1105
1106
1107
1108
1109
1110
1111
1112
1113
1114
1115
1116
1117
1118
1119
1120
1121
1122
1123
1124
1125
1126
1127
1128
1129
1130
1131
1132
1133
1134
1135
1136
1137
1138
1139
1140
1141
1142
1143
1144
1145
1146
1147
1148
1149
1150
1151
1152
1153
1154
1155
1156
1157
1158
1159
1160
1161
1162
1163
1164
1165
1166
1167
1168
1169
1170
1171
1172
1173
1174
1175
1176
1177
1178
1179
1180
1181
1182
1183
1184
1185
1186
1187
1188
1189
1190
1191
1192
1193
1194
1195
1196
1197
1198
1199
1200
1201
1202
1203
1204
1205
1206
1207
1208
1209
1210
1211
1212
1213
1214
1215
1216
1217
1218
1219
1220
1221
1222
1223
1224
1225
1226
1227
1228
1229
1230
1231
1232
1233
1234
1235
1236
1237
1238
1239
1240
1241
1242
1243
1244
1245
1246
1247
1248
1249
1250
1251
1252
1253
1254
1255
1256
1257
1258
1259
1260
1261
1262
1263
1264
1265
1266
1267
1268
1269
1270
1271
1272
1273
1274
1275
1276
1277
1278
1279
1280
1281
1282
1283
1284
1285
1286
1287
1288
1289
1290
1291
1292
1293
1294
1295
1296
1297
1298
1299
1300
1301
1302
1303
1304
1305
1306
1307
1308
1309
1310
1311
1312
1313
1314
1315
1316
1317
1318
1319
1320
1321
1322
1323
1324
1325
1326
1327
1328
1329
1330
1331
1332
1333
1334
1335
1336
1337
1338
1339
1340
1341
1342
1343
1344
1345
1346
1347
1348
1349
1350
1351
1352
1353
1354
1355
1356
1357
1358
1359
1360
1361
1362
1363
1364
1365
1366
1367
1368
1369
1370
1371
1372
1373
1374
1375
1376
1377
1378
1379
1380
1381
1382
1383
1384
1385
1386
1387
1388
1389
1390
1391
1392
1393
1394
1395
1396
1397
1398
1399
1400
1401
1402
1403
1404
1405
1406
1407
1408
1409
1410
1411
1412
1413
1414
1415
1416
1417
1418
1419
1420
1421
1422
1423
1424
1425
1426
1427
1428
1429
1430
1431
1432
1433
1434
1435
1436
1437
1438
1439
1440
1441
1442
1443
1444
1445
1446
1447
1448
1449
1450
1451
1452
1453
1454
1455
1456
1457
1458
1459
1460
1461
1462
1463
1464
1465
1466
1467
1468
1469
1470
1471
1472
1473
1474
1475
1476
1477
1478
1479
1480
1481
1482
1483
1484
1485
1486
1487
1488
1489
1490
1491
1492
1493
1494
1495
1496
1497
1498
1499
1500
1501
1502
1503
1504
1505
1506
1507
1508
1509
1510
1511
1512
1513
1514
1515
1516
1517
1518
1519
1520
1521
1522
1523
1524
1525
1526
1527
1528
1529
1530
1531
1532
1533
1534
1535
1536
1537
1538
1539
1540
1541
1542
1543
1544
1545
1546
1547
1548
1549
1550
1551
1552
1553
1554
1555
1556
1557
1558
1559
1560
1561
1562
1563
1564
1565
1566
1567
1568
1569
1570
1571
1572
1573
1574
1575
1576
1577
1578
1579
1580
1581
1582
1583
1584
1585
1586
1587
1588
1589
1590
1591
1592
1593
1594
1595
1596
1597
1598
1599
1600
1601
1602
1603
1604
1605
1606
1607
1608
1609
1610
1611
1612
1613
1614
1615
1616
1617
1618
1619
1620
1621
1622
1623
1624
1625
1626
1627
1628
1629
1630
1631
1632
1633
1634
1635
1636
1637
1638
1639
1640
1641
1642
1643
1644
1645
1646
1647
1648
1649
1650
1651
1652
1653
1654
1655
1656
1657
1658
1659
1660
1661
1662
1663
1664
1665
1666
1667
1668
1669
1670
1671
1672
1673
1674
1675
1676
1677
1678
1679
1680
1681
0.7874999999985483 0.2499999999999991 0
0.7749999999986097 0.4999999999999978 0
0.7624999999986705 0.749999999999997 0
0.7499999999987308 0.9999999999999943 0
0.737499999998792 1.249999999999993 0
0.7249999999988574 1.499999999999992 0
0.7124999999989237 1.749999999999986 0
0.6999999999989897 1.999999999999983 0
0.6874999999990556 2.249999999999979 0
0.6749999999991221 2.499999999999976 0
0.6624999999991881 2.749999999999972 0
0.649999999999254 2.999999999999968 0
0.6374999999993199 3.249999999999964 0
0.6249999999993863 3.49999999999996 0
0.6124999999994525 3.749999999999957 0
0.5999999999995181 3.999999999999952 0
0.5874999999995745 4.249999999999953 0
0.5749999999996294 4.499999999999955 0
0.5624999999996845 4.749999999999957 0
0.5499999999997396 4.999999999999959 0
0.5374999999997947 5.24999999999996 0
0.5249999999998497 5.499999999999962 0
0.5124999999999047 5.749999999999964 0
0.4999999999999599 5.999999999999964 0
0.4875000000000148 6.249999999999968 0
0.4750000000000699 6.499999999999971 0
0.462500000000125 6.749999999999972 0
0.45000000000018 6.999999999999972 0
0.4375000000002352 7.249999999999975 0
0.4250000000002903 7.499999999999975 0
0.4125000000003453 7.749999999999979 0
0.4000000000004003 7.999999999999982 0
0.3875000000004555 8.249999999999984 0
0.3750000000005104 8.499999999999989 0
0.3625000000005656 8.749999999999991 0
0.3500000000006206 8.999999999999986 0
0.3375000000006757 9.249999999999991 0
0.3250000000007308 9.499999999999995 0
0.3125000000007859 9.749999999999998 0
1.574999999996907 0.2499999999999982 0
1.549999999997035 0.4999999999999956 0
1.524999999997161 0.7499999999999938 0
1.499999999997287 0.9999999999999902 0
1.474999999997414 1.249999999999988 0
1.44999999999755 1.499999999999983 0
1.424999999997687 1.749999999999974 0
1.399999999997824 1.999999999999967 0
1.374999999997961 2.24999999999996 0
1.349999999998099 2.499999999999952 0
1.324999999998236 2.749999999999944 0
1.299999999998373 2.999999999999938 0
1.27499999999851 3.24999999999993 0
1.249999999998646 3.499999999999922 0
1.224999999998784 3.749999999999917 0
1.19999999999892 3.999999999999907 0
1.174999999999038 4.24999999999991 0
1.149999999999153 4.499999999999916 0
1.124999999999268 4.749999999999917 0
1.099999999999382 4.999999999999921 0
1.074999999999498 5.249999999999925 0
1.049999999999613 5.499999999999929 0
1.024999999999728 5.749999999999932 0
0.999999999999843 5.999999999999936 0
0.9749999999999579 6.249999999999941 0
0.9500000000000729 6.499999999999944 0
0.9250000000001881 6.749999999999948 0
0.9000000000003031 6.99999999999995 0
0.8750000000004181 7.249999999999956 0
0.8500000000005332 7.499999999999957 0
0.8250000000006481 7.749999999999962 0
0.8000000000007632 7.999999999999966 0
0.7750000000008782 8.24999999999997 0
0.7500000000009933 8.499999999999972 0
0.7250000000011083 8.74999999999998 0
0.7000000000012235 8.999999999999984 0
0.6750000000013384 9.249999999999986 0
0.6500000000014536 9.499999999999993 0
0.6250000000015689 9.749999999999998 0
2.362499999995465 0.2499999999999973 0
2.324999999995654 0.4999999999999933 0
2.287499999995841 0.7499999999999906 0
2.249999999996026 0.9999999999999862 0
2.212499999996214 1.249999999999983 0
2.174999999996416 1.499999999999974 0
2.137499999996619 1.749999999999962 0
2.099999999996822 1.999999999999951 0
2.062499999997025 2.24999999999994 0
2.024999999997227 2.499999999999929 0
1.987499999997431 2.749999999999918 0
1.949999999997633 2.999999999999908 0
1.912499999997836 3.249999999999895 0
1.87499999999804 3.499999999999885 0
1.837499999998242 3.749999999999876 0
1.799999999998444 3.999999999999863 0
1.762499999998617 4.249999999999866 0
1.724999999998788 4.499999999999873 0
1.687499999998957 4.749999999999878 0
1.649999999999127 4.999999999999883 0
1.612499999999297 5.249999999999889 0
1.574999999999467 5.499999999999895 0
1.537499999999637 5.7499999999999 0
1.499999999999806 5.999999999999905 0
1.462499999999976 6.24999999999991 0
1.425000000000146 6.499999999999916 0
1.387500000000316 6.749999999999924 0
1.350000000000486 6.999999999999926 0
1.312500000000655 7.249999999999933 0
1.275000000000825 7.499999999999938 0
1.237500000000995 7.749999999999944 0
1.200000000001165 7.99999999999995 0
1.162500000001335 8.249999999999956 0
1.125000000001505 8.499999999999966 0
1.087500000001675 8.74999999999997 0
1.050000000001845 8.999999999999973 0
1.012500000002015 9.24999999999998 0
0.9750000000021851 9.499999999999988 0
0.937500000002355 9.749999999999995 0
3.149999999994292 0.2499999999999964 0
3.099999999994536 0.4999999999999911 0
3.049999999994776 0.7499999999999871 0
2.999999999995016 0.9999999999999823 0
2.949999999995257 1.249999999999978 0
2.899999999995518 1.499999999999965 0
2.849999999995779 1.74999999999995 0
2.799999999996042 1.999999999999936 0
2.749999999996303 2.249999999999921 0
2.699999999996564 2.499999999999906 0
2.649999999996826 2.749999999999891 0
2.599999999997088 2.999999999999877 0
2.54999999999735 3.249999999999861 0
2.499999999997613 3.499999999999847 0
2.449999999997874 3.749999999999834 0
2.399999999998135 3.999999999999819 0
2.349999999998357 4.249999999999823 0
2.299999999998575 4.499999999999829 0
2.249999999998792 4.749999999999837 0
2.19999999999901 4.999999999999846 0
2.149999999999228 5.249999999999853 0
2.099999999999445 5.499999999999862 0
2.049999999999664 5.749999999999869 0
1.999999999999881 5.999999999999875 0
1.950000000000098 6.249999999999883 0
1.900000000000317 6.499999999999893 0
1.850000000000535 6.749999999999899 0
1.800000000000752 6.999999999999904 0
1.75000000000097 7.249999999999913 0
1.700000000001188 7.499999999999919 0
1.650000000001405 7.749999999999929 0
1.600000000001623 7.999999999999936 0
1.550000000001841 8.249999999999945 0
1.500000000002059 8.499999999999952 0
1.450000000002277 8.749999999999963 0
1.400000000002495 8.999999999999966 0
1.350000000002712 9.249999999999977 0
1.30000000000293 9.499999999999986 0
1.250000000003148 9.749999999999991 0
3.937499999993035 0.2499999999999955 0
3.874999999993336 0.4999999999999888 0
3.812499999993632 0.749999999999984 0
3.749999999993927 0.9999999999999784 0
3.687499999994225 1.249999999999973 0
3.624999999994545 1.499999999999957 0
3.562499999994869 1.749999999999938 0
3.499999999995191 1.99999999999992 0
3.437499999995514 2.249999999999901 0
3.374999999995837 2.499999999999883 0
3.31249999999616 2.749999999999865 0
3.249999999996482 2.999999999999847 0
3.187499999996806 3.249999999999828 0
3.124999999997129 3.49999999999981 0
3.06249999999745 3.749999999999792 0
2.999999999997773 3.999999999999774 0
2.937499999998046 4.249999999999782 0
2.874999999998315 4.499999999999791 0
2.812499999998582 4.749999999999798 0
2.749999999998849 4.999999999999806 0
2.687499999999118 5.249999999999819 0
2.624999999999385 5.499999999999827 0
2.562499999999653 5.749999999999837 0
2.499999999999921 5.999999999999845 0
2.437500000000188 6.249999999999857 0
2.375000000000456 6.499999999999865 0
2.312500000000725 6.749999999999874 0
2.250000000000993 6.999999999999883 0
2.18750000000126 7.249999999999893 0
2.125000000001529 7.499999999999901 0
2.062500000001795 7.749999999999911 0
2.000000000002064 7.999999999999922 0
1.937500000002331 8.249999999999932 0
1.875000000002599 8.499999999999941 0
1.812500000002868 8.749999999999948 0
1.750000000003135 8.999999999999961 0
1.687500000003403 9.24999999999997 0
1.625000000003671 9.49999999999998 0
1.562500000003939 9.749999999999989 0
4.724999999990865 0.2499999999999946 0
4.649999999991246 0.4999999999999867 0
4.57499999999162 0.7499999999999809 0
4.499999999991994 0.9999999999999742 0
4.424999999992374 1.249999999999968 0
4.349999999992779 1.499999999999948 0
4.274999999993184 1.749999999999926 0
4.199999999993594 1.999999999999904 0
4.124999999993999 2.249999999999882 0
4.049999999994407 2.49999999999986 0
3.974999999994814 2.749999999999838 0
3.899999999995222 2.999999999999817 0
3.82499999999563 3.249999999999794 0
3.749999999996036 3.499999999999772 0
3.674999999996444 3.749999999999751 0
3.599999999996849 3.99999999999973 0
3.524999999997198 4.249999999999738 0
3.44999999999754 4.499999999999748 0
3.37499999999788 4.749999999999759 0
3.299999999998222 4.999999999999771 0
3.224999999998563 5.249999999999782 0
3.149999999998904 5.499999999999794 0
3.074999999999246 5.749999999999804 0
2.999999999999586 5.999999999999814 0
2.924999999999927 6.249999999999828 0
2.850000000000269 6.499999999999838 0
2.775000000000611 6.749999999999849 0
2.700000000000951 6.999999999999861 0
2.625000000001293 7.249999999999873 0
2.550000000001635 7.499999999999884 0
2.475000000001975 7.749999999999895 0
2.400000000002317 7.999999999999908 0
2.325000000002658 8.24999999999992 0
2.250000000003 8.499999999999931 0
2.175000000003341 8.749999999999941 0
2.100000000003682 8.99999999999995 0
2.025000000004023 9.249999999999964 0
1.950000000004365 9.499999999999979 0
1.875000000004706 9.749999999999989 0
5.512499999988613 0.2499999999999937 0
5.424999999989073 0.4999999999999845 0
5.337499999989531 0.7499999999999779 0
5.249999999989986 0.9999999999999705 0
5.162499999990445 1.249999999999963 0
5.074999999990935 1.49999999999994 0
4.987499999991428 1.749999999999914 0
4.899999999991924 1.999999999999888 0
4.812499999992417 2.249999999999862 0
4.724999999992912 2.499999999999837 0
4.637499999993407 2.749999999999812 0
4.549999999993899 2.999999999999787 0
4.462499999994395 3.24999999999976 0
4.374999999994889 3.499999999999735 0
4.287499999995382 3.74999999999971 0
4.199999999995873 3.999999999999685 0
4.1124999999963 4.249999999999694 0
4.024999999996718 4.499999999999708 0
3.937499999997132 4.74999999999972 0
3.849999999997549 4.999999999999733 0
3.762499999997966 5.249999999999747 0
3.674999999998383 5.499999999999758 0
3.5874999999988 5.749999999999773 0
3.499999999999218 5.999999999999787 0
3.412499999999634 6.249999999999799 0
3.325000000000051 6.499999999999813 0
3.237500000000468 6.749999999999824 0
3.150000000000884 6.999999999999838 0
3.062500000001301 7.249999999999851 0
2.975000000001719 7.499999999999862 0
2.887500000002136 7.749999999999877 0
2.800000000002552 7.999999999999891 0
2.71250000000297 8.249999999999906 0
2.625000000003387 8.49999999999992 0
2.537500000003804 8.749999999999934 0
2.450000000004221 8.999999999999947 0
2.362500000004637 9.249999999999959 0
2.275000000005054 9.499999999999972 0
2.187500000005472 9.749999999999988 0
6.299999999986359 0.2499999999999929 0
6.199999999986902 0.4999999999999822 0
6.09999999998744 0.7499999999999748 0
5.999999999987976 0.9999999999999664 0
5.899999999988517 1.249999999999958 0
5.799999999989094 1.499999999999932 0
5.699999999989676 1.749999999999902 0
5.599999999990255 1.999999999999873 0
5.499999999990836 2.249999999999844 0
5.399999999991417 2.499999999999814 0
5.299999999991997 2.749999999999785 0
5.199999999992578 2.999999999999757 0
5.09999999999316 3.249999999999726 0
4.999999999993738 3.499999999999698 0
4.899999999994319 3.74999999999967 0
4.799999999994898 3.99999999999964 0
4.6999999999954 4.24999999999965 0
4.599999999995894 4.499999999999667 0
4.499999999996385 4.749999999999681 0
4.399999999996878 4.999999999999696 0
4.299999999997372 5.249999999999711 0
4.199999999997861 5.499999999999728 0
4.099999999998355 5.749999999999741 0
3.999999999998848 5.999999999999755 0
3.89999999999934 6.249999999999771 0
3.799999999999832 6.499999999999786 0
3.700000000000325 6.7499999999998 0
3.600000000000818 6.999999999999816 0
3.500000000001311 7.249999999999831 0
3.400000000001803 7.499999999999845 0
3.300000000002296 7.749999999999861 0
3.200000000002788 7.999999999999876 0
3.100000000003281 8.249999999999893 0
3.000000000003773 8.499999999999911 0
2.900000000004266 8.749999999999924 0
2.800000000004759 8.99999999999994 0
2.700000000005252 9.249999999999956 0
2.600000000005743 9.49999999999997 0
2.500000000006236 9.749999999999984 0
7.087499999984105 0.249999999999992 0
6.97499999998473 0.4999999999999801 0
6.862499999985349 0.7499999999999717 0
6.749999999985965 0.9999999999999625 0
6.63749999998659 1.249999999999953 0
6.524999999987253 1.499999999999924 0
6.412499999987919 1.74999999999989 0
6.299999999988587 1.999999999999857 0
6.187499999989253 2.249999999999824 0
6.074999999989919 2.499999999999791 0
5.962499999990587 2.749999999999758 0
5.849999999991256 2.999999999999726 0
5.737499999991925 3.249999999999693 0
5.624999999992591 3.499999999999661 0
5.512499999993258 3.749999999999629 0
5.399999999993923 3.999999999999596 0
5.287499999994504 4.249999999999607 0
5.17499999999507 4.499999999999624 0
5.062499999995637 4.749999999999642 0
4.949999999996206 4.999999999999657 0
4.837499999996774 5.249999999999676 0
4.724999999997341 5.499999999999691 0
4.61249999999791 5.749999999999708 0
4.499999999998479 5.999999999999726 0
4.387499999999047 6.249999999999742 0
4.274999999999615 6.49999999999976 0
4.162500000000183 6.749999999999776 0
4.05000000000075 6.999999999999793 0
3.937500000001319 7.249999999999809 0
3.825000000001888 7.499999999999827 0
3.712500000002456 7.749999999999844 0
3.600000000003025 7.999999999999861 0
3.487500000003592 8.249999999999879 0
3.37500000000416 8.499999999999897 0
3.262500000004729 8.749999999999915 0
3.150000000005297 8.999999999999932 0
3.037500000005866 9.249999999999948 0
2.925000000006435 9.499999999999964 0
2.812500000007003 9.749999999999984 0
7.87499999998185 0.2499999999999911 0
7.749999999982558 0.4999999999999779 0
7.624999999983259 0.7499999999999685 0
7.499999999983956 0.9999999999999586 0
7.374999999984662 1.249999999999948 0
7.249999999985409 1.499999999999915 0
7.124999999986164 1.749999999999877 0
6.999999999986919 1.999999999999841 0
6.874999999987671 2.249999999999805 0
6.749999999988426 2.499999999999769 0
6.62499999998918 2.749999999999733 0
6.499999999989934 2.999999999999696 0
6.374999999990687 3.249999999999659 0
6.249999999991442 3.499999999999623 0
6.124999999992195 3.749999999999587 0
5.999999999992946 3.999999999999551 0
5.874999999993602 4.249999999999565 0
5.749999999994246 4.499999999999583 0
5.624999999994889 4.749999999999603 0
5.499999999995532 4.999999999999623 0
5.374999999996177 5.24999999999964 0
5.24999999999682 5.49999999999966 0
5.124999999997465 5.749999999999678 0
4.99999999999811 5.999999999999695 0
4.874999999998751 6.249999999999716 0
4.749999999999396 6.499999999999734 0
4.625000000000039 6.749999999999753 0
4.500000000000684 6.999999999999771 0
4.375000000001329 7.249999999999791 0
4.250000000001972 7.499999999999809 0
4.125000000002616 7.749999999999828 0
4.00000000000326 7.999999999999845 0
3.875000000003903 8.249999999999867 0
3.750000000004547 8.499999999999888 0
3.625000000005192 8.749999999999908 0
3.500000000005836 8.999999999999924 0
3.375000000006479 9.24999999999994 0
3.250000000007123 9.499999999999961 0
3.125000000007768 9.749999999999982 0
8.662499999979596 0.2499999999999902 0
8.524999999980386 0.4999999999999756 0
8.387499999981168 0.7499999999999655 0
8.249999999981947 0.9999999999999545 0
8.112499999982735 1.249999999999942 0
7.974999999983568 1.499999999999906 0
7.837499999984409 1.749999999999865 0
7.69999999998525 1.999999999999825 0
7.562499999986089 2.249999999999786 0
7.424999999986932 2.499999999999746 0
7.287499999987773 2.749999999999706 0
7.149999999988614 2.999999999999666 0
7.012499999989453 3.249999999999626 0
6.874999999990296 3.499999999999584 0
6.737499999991133 3.749999999999546 0
6.599999999991971 3.999999999999507 0
6.462499999992705 4.249999999999522 0
6.324999999993423 4.499999999999543 0
6.187499999994142 4.749999999999565 0
6.049999999994862 4.999999999999583 0
5.912499999995581 5.249999999999605 0
5.7749999999963 5.499999999999624 0
5.63749999999702 5.749999999999646 0
5.49999999999774 5.999999999999665 0
5.362499999998457 6.249999999999686 0
5.224999999999179 6.499999999999707 0
5.087499999999898 6.749999999999728 0
4.950000000000617 6.999999999999748 0
4.812500000001338 7.249999999999771 0
4.675000000002058 7.499999999999789 0
4.537500000002774 7.74999999999981 0
4.400000000003496 7.999999999999831 0
4.262500000004215 8.249999999999853 0
4.125000000004935 8.499999999999874 0
3.987500000005655 8.749999999999897 0
3.850000000006373 8.999999999999918 0
3.712500000007092 9.249999999999934 0
3.575000000007813 9.499999999999957 0
3.437500000008534 9.749999999999975 0
9.449999999977342 0.2499999999999893 0
9.299999999978214 0.4999999999999734 0
9.149999999979078 0.7499999999999625 0
8.999999999979938 0.9999999999999505 0
8.849999999980806 1.249999999999937 0
8.699999999981729 1.499999999999898 0
8.549999999982651 1.749999999999853 0
8.399999999983581 1.99999999999981 0
8.249999999984508 2.249999999999766 0
8.099999999985439 2.499999999999722 0
7.949999999986365 2.749999999999679 0
7.799999999987293 2.999999999999636 0
7.649999999988219 3.249999999999591 0
7.499999999989146 3.499999999999548 0
7.349999999990072 3.749999999999505 0
7.199999999990995 3.999999999999462 0
7.049999999991808 4.249999999999478 0
6.899999999992604 4.4999999999995 0
6.749999999993396 4.749999999999524 0
6.599999999994193 4.999999999999546 0
6.449999999994985 5.249999999999569 0
6.299999999995782 5.499999999999592 0
6.149999999996576 5.749999999999615 0
5.99999999999737 5.999999999999636 0
5.849999999998166 6.249999999999658 0
5.699999999998962 6.49999999999968 0
5.549999999999756 6.749999999999703 0
5.400000000000551 6.999999999999726 0
5.250000000001348 7.24999999999975 0
5.100000000002142 7.499999999999771 0
4.950000000002939 7.749999999999794 0
4.800000000003735 7.999999999999815 0
4.650000000004527 8.249999999999844 0
4.500000000005322 8.499999999999865 0
4.350000000006118 8.749999999999886 0
4.200000000006914 8.999999999999911 0
4.050000000007708 9.249999999999929 0
3.900000000008504 9.499999999999952 0
3.7500000000093 9.749999999999979 0
10.23749999997509 0.2499999999999883 0
10.07499999997604 0.4999999999999712 0
9.912499999976985 0.7499999999999589 0
9.749999999977929 0.9999999999999465 0
9.587499999978874 1.249999999999933 0
9.424999999979885 1.499999999999889 0
9.262499999980896 1.749999999999841 0
9.099999999981911 1.999999999999794 0
8.937499999982927 2.249999999999747 0
8.77499999998394 2.4999999999997 0
8.612499999984955 2.749999999999653 0
8.449999999985971 2.999999999999606 0
8.287499999986984 3.249999999999558 0
8.124999999987997 3.499999999999511 0
7.96249999998901 3.749999999999464 0
7.79999999999002 3.999999999999418 0
7.637499999990906 4.249999999999433 0
7.474999999991778 4.499999999999459 0
7.312499999992648 4.749999999999484 0
7.149999999993517 4.999999999999509 0
6.987499999994389 5.249999999999534 0
6.82499999999526 5.499999999999557 0
6.66249999999613 5.749999999999583 0
6.499999999997002 5.999999999999606 0
6.337499999997871 6.249999999999631 0
6.174999999998741 6.499999999999654 0
6.012499999999614 6.749999999999679 0
5.850000000000485 6.999999999999703 0
5.687500000001355 7.249999999999728 0
5.525000000002226 7.499999999999752 0
5.362500000003097 7.749999999999776 0
5.200000000003968 7.999999999999801 0
5.037500000004837 8.249999999999828 0
4.875000000005709 8.499999999999854 0
4.71250000000658 8.749999999999879 0
4.550000000007451 8.999999999999902 0
4.387500000008321 9.249999999999925 0
4.225000000009194 9.499999999999952 0
4.062500000010065 9.749999999999977 0
11.02499999997283 0.2499999999999875 0
10.84999999997387 0.4999999999999689 0
10.6749999999749 0.7499999999999558 0
10.49999999997592 0.9999999999999427 0
10.32499999997695 1.249999999999927 0
10.14999999997804 1.499999999999881 0
9.974999999979143 1.749999999999829 0
9.799999999980246 1.999999999999778 0
9.624999999981343 2.249999999999727 0
9.449999999982444 2.499999999999677 0
9.274999999983546 2.749999999999626 0
9.09999999998465 2.999999999999575 0
8.924999999985749 3.249999999999524 0
8.74999999998685 3.499999999999473 0
8.574999999987948 3.749999999999423 0
8.399999999989044 3.999999999999374 0
8.224999999990009 4.24999999999939 0
8.049999999990957 4.499999999999417 0
7.874999999991901 4.749999999999445 0
7.699999999992846 4.999999999999471 0
7.524999999993794 5.249999999999498 0
7.34999999999474 5.499999999999525 0
7.174999999995686 5.74999999999955 0
6.999999999996632 5.999999999999575 0
6.824999999997578 6.249999999999602 0
6.649999999998524 6.499999999999629 0
6.474999999999474 6.749999999999655 0
6.300000000000416 6.999999999999681 0
6.125000000001363 7.249999999999709 0
5.95000000000231 7.499999999999734 0
5.775000000003256 7.74999999999976 0
5.600000000004204 7.999999999999786 0
5.425000000005149 8.249999999999813 0
5.250000000006097 8.499999999999837 0
5.075000000007044 8.74999999999987 0
4.900000000007991 8.999999999999895 0
4.725000000008936 9.249999999999918 0
4.550000000009883 9.499999999999943 0
4.37500000001083 9.749999999999975 0
11.81249999997058 0.2499999999999866 0
11.6249999999717 0.4999999999999667 0
11.43749999997281 0.7499999999999525 0
11.24999999997391 0.9999999999999388 0
11.06249999997502 1.249999999999923 0
10.8749999999762 1.499999999999872 0
10.68749999997739 1.749999999999817 0
10.49999999997858 1.999999999999763 0
10.31249999997976 2.249999999999708 0
10.12499999998095 2.499999999999654 0
9.937499999982139 2.749999999999599 0
9.749999999983327 2.999999999999545 0
9.562499999984514 3.24999999999949 0
9.3749999999857 3.499999999999435 0
9.187499999986889 3.749999999999382 0
8.99999999998807 3.999999999999329 0
8.812499999989111 4.249999999999348 0
8.624999999990132 4.499999999999376 0
8.437499999991154 4.749999999999405 0
8.249999999992173 4.999999999999434 0
8.062499999993195 5.249999999999463 0
7.874999999994218 5.49999999999949 0
7.687499999995241 5.749999999999519 0
7.499999999996264 5.999999999999545 0
7.312499999997284 6.249999999999575 0
7.124999999998306 6.499999999999602 0
6.937499999999329 6.749999999999631 0
6.750000000000351 6.999999999999659 0
6.562500000001375 7.249999999999686 0
6.375000000002396 7.499999999999713 0
6.187500000003418 7.749999999999744 0
6.00000000000444 7.999999999999772 0
5.812500000005461 8.249999999999801 0
5.625000000006484 8.499999999999833 0
5.437500000007507 8.749999999999856 0
5.250000000008528 8.999999999999888 0
5.062500000009551 9.249999999999913 0
4.875000000010572 9.499999999999943 0
4.687500000011593 9.749999999999968 0
12.59999999996833 0.2499999999999857 0
12.39999999996953 0.4999999999999643 0
12.19999999997071 0.7499999999999496 0
11.9999999999719 0.9999999999999347 0
11.7999999999731 1.249999999999918 0
11.59999999997436 1.499999999999864 0
11.39999999997563 1.749999999999805 0
11.1999999999769 1.999999999999747 0
10.99999999997818 2.249999999999688 0
10.79999999997946 2.499999999999631 0
10.59999999998073 2.749999999999573 0
10.399999999982 2.999999999999514 0
10.19999999998327 3.249999999999456 0
9.999999999984551 3.499999999999398 0
9.799999999985824 3.74999999999934 0
9.599999999987091 3.999999999999284 0
9.399999999988211 4.249999999999305 0
9.199999999989313 4.499999999999336 0
8.999999999990404 4.749999999999365 0
8.799999999991499 4.999999999999395 0
8.599999999992598 5.249999999999426 0
8.399999999993696 5.499999999999458 0
8.199999999994795 5.749999999999487 0
7.999999999995895 5.999999999999515 0
7.799999999996991 6.249999999999546 0
7.599999999998089 6.499999999999575 0
7.399999999999187 6.749999999999607 0
7.200000000000284 6.999999999999636 0
7.000000000001382 7.249999999999668 0
6.800000000002481 7.499999999999696 0
6.600000000003576 7.749999999999726 0
6.400000000004674 7.999999999999757 0
6.200000000005772 8.249999999999787 0
6.00000000000687 8.499999999999819 0
5.800000000007969 8.749999999999849 0
5.600000000009065 8.999999999999879 0
5.400000000010163 9.249999999999906 0
5.200000000011261 9.499999999999936 0
5.00000000001236 9.74999999999997 0
13.38749999996607 0.2499999999999848 0
13.17499999996735 0.4999999999999622 0
12.96249999996863 0.7499999999999464 0
12.74999999996989 0.9999999999999307 0
12.53749999997117 1.249999999999913 0
12.32499999997252 1.499999999999855 0
12.11249999997388 1.749999999999793 0
11.89999999997524 1.999999999999731 0
11.6874999999766 2.24999999999967 0
11.47499999997796 2.499999999999607 0
11.26249999997932 2.749999999999546 0
11.04999999998068 2.999999999999485 0
10.83749999998204 3.249999999999423 0
10.6249999999834 3.49999999999936 0
10.41249999998476 3.749999999999299 0
10.19999999998612 3.99999999999924 0
9.987499999987314 4.249999999999261 0
9.77499999998849 4.499999999999293 0
9.562499999989658 4.749999999999326 0
9.349999999990832 4.999999999999359 0
9.137499999992006 5.249999999999392 0
8.924999999993176 5.499999999999421 0
8.71249999999435 5.749999999999455 0
8.499999999995525 5.999999999999487 0
8.287499999996697 6.249999999999519 0
8.074999999997869 6.499999999999551 0
7.862499999999046 6.749999999999581 0
7.650000000000215 6.999999999999613 0
7.437500000001392 7.249999999999647 0
7.225000000002566 7.499999999999677 0
7.012500000003738 7.749999999999709 0
6.800000000004911 7.999999999999742 0
6.587500000006083 8.249999999999776 0
6.375000000007258 8.499999999999808 0
6.16250000000843 8.749999999999838 0
5.950000000009606 8.99999999999987 0
5.737500000010779 9.249999999999904 0
5.525000000011953 9.499999999999938 0
5.312500000013126 9.74999999999997 0
14.17499999996382 0.2499999999999839 0
13.94999999996518 0.49999999999996 0
13.72499999996653 0.7499999999999432 0
13.49999999996788 0.9999999999999269 0
13.27499999996924 1.249999999999907 0
13.04999999997068 1.499999999999847 0
12.82499999997212 1.749999999999781 0
12.59999999997357 1.999999999999716 0
12.37499999997502 2.24999999999965 0
12.14999999997646 2.499999999999585 0
11.92499999997791 2.74999999999952 0
11.69999999997936 2.999999999999455 0
11.47499999998081 3.249999999999389 0
11.24999999998225 3.499999999999323 0
11.0249999999837 3.749999999999258 0
10.79999999998514 3.999999999999195 0
10.57499999998641 4.249999999999218 0
10.34999999998766 4.499999999999251 0
10.12499999998891 4.749999999999286 0
9.899999999990161 4.99999999999932 0
9.674999999991407 5.249999999999356 0
9.449999999992656 5.499999999999389 0
9.224999999993905 5.749999999999423 0
8.999999999995156 5.999999999999455 0
8.774999999996403 6.24999999999949 0
8.549999999997654 6.499999999999524 0
8.324999999998902 6.749999999999558 0
8.100000000000151 6.999999999999591 0
7.8750000000014 7.249999999999623 0
7.650000000002651 7.49999999999966 0
7.425000000003898 7.749999999999693 0
7.200000000005146 7.999999999999728 0
6.975000000006396 8.249999999999764 0
6.750000000007645 8.499999999999796 0
6.525000000008895 8.749999999999828 0
6.300000000010142 8.999999999999865 0
6.075000000011391 9.249999999999897 0
5.850000000012642 9.499999999999929 0
5.625000000013893 9.749999999999964 0
14.96249999996156 0.249999999999983 0
14.72499999996301 0.4999999999999578 0
14.48749999996445 0.74999999999994 0
14.24999999996587 0.9999999999999227 0
14.01249999996731 1.249999999999903 0
13.77499999996884 1.499999999999838 0
13.53749999997037 1.749999999999769 0
13.2999999999719 1.9999999999997 0
13.06249999997343 2.249999999999631 0
12.82499999997497 2.499999999999562 0
12.58749999997651 2.749999999999494 0
12.34999999997804 2.999999999999424 0
12.11249999997957 3.249999999999356 0
11.87499999998111 3.499999999999286 0
11.63749999998264 3.749999999999218 0
11.39999999998417 3.999999999999151 0
11.16249999998551 4.249999999999174 0
10.92499999998684 4.499999999999212 0
10.68749999998816 4.749999999999248 0
10.44999999998949 4.999999999999282 0
10.21249999999081 5.24999999999932 0
9.974999999992136 5.499999999999354 0
9.73749999999346 5.749999999999391 0
9.499999999994785 5.999999999999426 0
9.262499999996109 6.249999999999462 0
9.024999999997435 6.499999999999497 0
8.787499999998762 6.749999999999533 0
8.550000000000082 6.999999999999568 0
8.312500000001407 7.249999999999603 0
8.075000000002737 7.499999999999639 0
7.837500000004058 7.749999999999677 0
7.600000000005385 7.999999999999711 0
7.362500000006706 8.24999999999975 0
7.125000000008033 8.499999999999787 0
6.887500000009358 8.749999999999821 0
6.650000000010683 8.999999999999854 0
6.412500000012007 9.249999999999892 0
6.175000000013331 9.499999999999929 0
5.937500000014658 9.749999999999963 0
15.74999999995965 0.2499999999999821 0
15.49999999996116 0.4999999999999554 0
15.24999999996266 0.7499999999999372 0
14.99999999996415 0.9999999999999188 0
14.74999999996566 1.249999999999897 0
14.49999999996727 1.499999999999829 0
14.24999999996887 1.749999999999757 0
13.99999999997048 1.999999999999684 0
13.74999999997208 2.249999999999611 0
13.49999999997369 2.499999999999539 0
13.2499999999753 2.749999999999466 0
12.99999999997691 2.999999999999393 0
12.74999999997852 3.249999999999321 0
12.49999999998013 3.499999999999249 0
12.24999999998173 3.749999999999176 0
11.99999999998333 3.999999999999106 0
11.74999999998474 4.249999999999131 0
11.49999999998613 4.49999999999917 0
11.24999999998752 4.749999999999209 0
10.9999999999889 4.999999999999246 0
10.74999999999029 5.249999999999282 0
10.49999999999168 5.499999999999323 0
10.24999999999306 5.749999999999359 0
9.999999999994454 5.999999999999396 0
9.74999999999584 6.249999999999434 0
9.499999999997225 6.499999999999472 0
9.249999999998614 6.749999999999509 0
9.000000000000004 6.999999999999545 0
8.750000000001386 7.249999999999584 0
8.500000000002775 7.499999999999622 0
8.250000000004162 7.749999999999659 0
8.000000000005551 7.999999999999696 0
7.750000000006935 8.249999999999737 0
7.500000000008326 8.499999999999776 0
7.250000000009711 8.749999999999812 0
7.0000000000111 8.999999999999847 0
6.750000000012486 9.249999999999885 0
6.500000000013875 9.499999999999924 0
6.250000000015262 9.749999999999963 0
16.53749999996134 0.2499999999999812 0
16.27499999996278 0.4999999999999533 0
16.0124999999642 0.7499999999999338 0
15.74999999996563 0.9999999999999148 0
15.48749999996707 1.249999999999892 0
15.2249999999686 1.499999999999821 0
14.96249999997013 1.749999999999744 0
14.69999999997168 1.999999999999668 0
14.43749999997322 2.249999999999592 0
14.17499999997476 2.499999999999515 0
13.9124999999763 2.74999999999944 0
13.64999999997784 2.999999999999364 0
13.38749999997938 3.249999999999287 0
13.12499999998092 3.499999999999211 0
12.86249999998246 3.749999999999135 0
12.59999999998399 3.999999999999062 0
12.33749999998533 4.249999999999089 0
12.07499999998664 4.499999999999127 0
11.81249999998795 4.74999999999917 0
11.54999999998926 4.999999999999206 0
11.28749999999057 5.249999999999248 0
11.02499999999187 5.499999999999287 0
10.76249999999319 5.749999999999329 0
10.49999999999449 5.999999999999366 0
10.2374999999958 6.249999999999405 0
9.974999999997113 6.499999999999444 0
9.712499999998421 6.749999999999483 0
9.449999999999729 6.999999999999524 0
9.187500000001043 7.249999999999564 0
8.925000000002351 7.499999999999603 0
8.662500000003659 7.749999999999643 0
8.400000000004967 7.999999999999682 0
8.137500000006277 8.249999999999721 0
7.875000000007587 8.49999999999976 0
7.612500000008896 8.749999999999801 0
7.350000000010207 8.99999999999984 0
7.087500000011516 9.249999999999876 0
6.825000000012825 9.499999999999922 0
6.562500000014135 9.749999999999961 0
17.32499999996336 0.2499999999999803 0
17.04999999996472 0.4999999999999511 0
16.77499999996606 0.7499999999999308 0
16.4999999999674 0.999999999999911 0
16.22499999996875 1.249999999999887 0
15.9499999999702 1.499999999999812 0
15.67499999997166 1.749999999999732 0
15.39999999997312 1.999999999999653 0
15.12499999997458 2.249999999999573 0
14.84999999997604 2.499999999999493 0
14.57499999997751 2.749999999999414 0
14.29999999997897 2.999999999999334 0
14.02499999998042 3.249999999999253 0
13.74999999998189 3.499999999999173 0
13.47499999998334 3.749999999999094 0
13.1999999999848 3.999999999999018 0
12.92499999998605 4.249999999999044 0
12.64999999998726 4.499999999999087 0
12.37499999998848 4.74999999999913 0
12.09999999998969 4.999999999999171 0
11.82499999999091 5.249999999999211 0
11.54999999999213 5.499999999999255 0
11.27499999999335 5.749999999999295 0
10.99999999999457 5.999999999999336 0
10.72499999999579 6.249999999999378 0
10.44999999999701 6.499999999999419 0
10.17499999999823 6.74999999999946 0
9.899999999999444 6.999999999999501 0
9.625000000000664 7.249999999999543 0
9.350000000001883 7.499999999999582 0
9.075000000003097 7.749999999999625 0
8.800000000004319 7.999999999999666 0
8.525000000005535 8.249999999999707 0
8.250000000006754 8.499999999999753 0
7.975000000007975 8.749999999999794 0
7.700000000009193 8.999999999999831 0
7.42500000001041 9.249999999999877 0
7.150000000011627 9.499999999999917 0
6.875000000012848 9.749999999999954 0
18.11249999996538 0.2499999999999794 0
17.82499999996666 0.4999999999999488 0
17.53749999996792 0.7499999999999276 0
17.24999999996916 0.9999999999999067 0
16.96249999997043 1.249999999999882 0
16.6749999999718 1.499999999999804 0
16.38749999997319 1.74999999999972 0
16.09999999997457 1.999999999999637 0
15.81249999997594 2.249999999999553 0
15.52499999997733 2.49999999999947 0
15.23749999997871 2.749999999999387 0
14.94999999998009 2.999999999999304 0
14.66249999998147 3.24999999999922 0
14.37499999998285 3.499999999999136 0
14.08749999998423 3.749999999999053 0
13.79999999998561 3.999999999998972 0
13.51249999998676 4.249999999999001 0
13.22499999998789 4.499999999999045 0
12.93749999998901 4.749999999999089 0
12.64999999999014 4.999999999999131 0
12.36249999999127 5.249999999999176 0
12.07499999999239 5.499999999999219 0
11.78749999999352 5.749999999999265 0
11.49999999999465 5.999999999999307 0
11.21249999999578 6.24999999999935 0
10.92499999999691 6.499999999999392 0
10.63749999999803 6.749999999999435 0
10.34999999999916 6.999999999999478 0
10.06250000000028 7.249999999999521 0
9.775000000001413 7.499999999999564 0
9.487500000002543 7.749999999999609 0
9.200000000003667 7.999999999999652 0
8.912500000004794 8.249999999999698 0
8.625000000005922 8.499999999999741 0
8.337500000007051 8.749999999999787 0
8.050000000008179 8.999999999999826 0
7.762500000009306 9.24999999999987 0
7.475000000010434 9.499999999999913 0
7.187500000011561 9.749999999999956 0
18.89999999996741 0.2499999999999785 0
18.5999999999686 0.4999999999999467 0
18.29999999996978 0.7499999999999244 0
17.99999999997094 0.9999999999999027 0
17.69999999997212 1.249999999999877 0
17.39999999997341 1.499999999999796 0
17.09999999997471 1.749999999999708 0
16.79999999997601 1.999999999999621 0
16.49999999997731 2.249999999999534 0
16.19999999997862 2.499999999999448 0
15.89999999997992 2.749999999999361 0
15.59999999998122 2.999999999999273 0
15.29999999998251 3.249999999999186 0
14.99999999998381 3.499999999999098 0
14.69999999998511 3.749999999999011 0
14.3999999999864 3.999999999998929 0
14.09999999998747 4.249999999998956 0
13.79999999998851 4.499999999999003 0
13.49999999998955 4.74999999999905 0
13.19999999999058 4.999999999999096 0
12.89999999999162 5.249999999999139 0
12.59999999999265 5.499999999999187 0
12.29999999999369 5.749999999999233 0
11.99999999999473 5.999999999999274 0
11.69999999999576 6.249999999999321 0
11.3999999999968 6.499999999999366 0
11.09999999999783 6.749999999999412 0
10.79999999999887 6.999999999999456 0
10.49999999999991 7.249999999999501 0
10.20000000000095 7.499999999999547 0
9.900000000001977 7.749999999999591 0
9.600000000003018 7.999999999999637 0
9.300000000004053 8.249999999999682 0
9.000000000005087 8.499999999999734 0
8.700000000006126 8.749999999999771 0
8.400000000007164 8.999999999999819 0
8.100000000008199 9.249999999999863 0
7.800000000009236 9.499999999999909 0
7.500000000010274 9.749999999999954 0
19.68749999996943 0.2499999999999776 0
19.37499999997055 0.4999999999999444 0
19.06249999997163 0.7499999999999213 0
18.74999999997271 0.9999999999998989 0
18.4374999999738 1.249999999999872 0
18.12499999997501 1.499999999999787 0
17.81249999997623 1.749999999999696 0
17.49999999997745 1.999999999999605 0
17.18749999997868 2.249999999999514 0
16.87499999997989 2.499999999999425 0
16.56249999998112 2.749999999999334 0
16.24999999998234 2.999999999999242 0
15.93749999998356 3.249999999999152 0
15.62499999998478 3.499999999999061 0
15.312499999986 3.749999999998971 0
14.99999999998721 3.999999999998884 0
14.68749999998819 4.249999999998914 0
14.37499999998914 4.499999999998963 0
14.06249999999008 4.74999999999901 0
13.74999999999102 4.999999999999058 0
13.43749999999197 5.249999999999104 0
13.12499999999291 5.499999999999152 0
12.81249999999386 5.749999999999201 0
12.49999999999481 5.999999999999246 0
12.18749999999575 6.249999999999293 0
11.87499999999669 6.49999999999934 0
11.56249999999764 6.749999999999387 0
11.24999999999858 6.999999999999435 0
10.93749999999953 7.249999999999481 0
10.62500000000048 7.499999999999528 0
10.31250000000142 7.749999999999575 0
10.00000000000237 7.999999999999622 0
9.687500000003311 8.249999999999671 0
9.375000000004256 8.499999999999718 0
9.062500000005205 8.749999999999766 0
8.750000000006148 8.99999999999981 0
8.437500000007095 9.249999999999854 0
8.125000000008042 9.499999999999904 0
7.812500000008987 9.74999999999995 0
20.47499999997146 0.2499999999999767 0
20.14999999997248 0.4999999999999422 0
19.82499999997348 0.749999999999918 0
19.49999999997447 0.9999999999998949 0
19.17499999997548 1.249999999999867 0
18.84999999997661 1.499999999999779 0
18.52499999997775 1.749999999999684 0
18.19999999997889 1.99999999999959 0
17.87499999998004 2.249999999999496 0
17.54999999998118 2.499999999999401 0
17.22499999998232 2.749999999999307 0
16.89999999998346 2.999999999999212 0
16.5749999999846 3.249999999999118 0
16.24999999998575 3.499999999999023 0
15.92499999998688 3.74999999999893 0
15.59999999998802 3.999999999998839 0
15.2749999999889 4.249999999998872 0
14.94999999998976 4.499999999998921 0
14.62499999999061 4.749999999998971 0
14.29999999999146 4.999999999999019 0
13.97499999999232 5.249999999999069 0
13.64999999999317 5.49999999999912 0
13.32499999999403 5.749999999999169 0
12.99999999999488 5.999999999999217 0
12.67499999999573 6.249999999999266 0
12.34999999999659 6.499999999999314 0
12.02499999999745 6.749999999999362 0
11.6999999999983 6.99999999999941 0
11.37499999999915 7.249999999999461 0
11.05000000000001 7.499999999999508 0
10.72500000000086 7.749999999999559 0
10.40000000000172 7.999999999999607 0
10.07500000000257 8.249999999999659 0
9.750000000003428 8.499999999999703 0
9.42500000000428 8.749999999999757 0
9.100000000005139 8.999999999999805 0
8.775000000005988 9.249999999999851 0
8.450000000006845 9.499999999999902 0
8.125000000007701 9.749999999999948 0
21.2624999999735 0.2499999999999759 0
20.92499999997445 0.49999999999994 0
20.58749999997538 0.7499999999999148 0
20.24999999997631 0.9999999999998911 0
19.91249999997725 1.249999999999862 0
19.57499999997831 1.49999999999977 0
19.23749999997938 1.749999999999672 0
18.89999999998047 1.999999999999574 0
18.56249999998154 2.249999999999476 0
18.22499999998262 2.499999999999378 0
17.8874999999837 2.749999999999281 0
17.54999999998477 2.999999999999182 0
17.21249999998584 3.249999999999085 0
16.87499999998692 3.499999999998985 0
16.537499999988 3.749999999998888 0
16.19999999998907 3.999999999998795 0
15.86249999998989 4.249999999998828 0
15.52499999999066 4.49999999999888 0
15.18749999999144 4.749999999998932 0
14.84999999999221 4.999999999998982 0
14.512499999993 5.249999999999033 0
14.17499999999377 5.499999999999084 0
13.83749999999455 5.749999999999137 0
13.49999999999533 5.999999999999186 0
13.16249999999611 6.249999999999239 0
12.82499999999689 6.499999999999288 0
12.48749999999767 6.749999999999337 0
12.14999999999845 6.999999999999389 0
11.81249999999923 7.24999999999944 0
11.47500000000001 7.499999999999488 0
11.13750000000079 7.749999999999542 0
10.80000000000157 7.999999999999591 0
10.46250000000234 8.249999999999643 0
10.12500000000313 8.499999999999698 0
9.787500000003904 8.749999999999742 0
9.450000000004682 8.999999999999797 0
9.112500000005461 9.249999999999847 0
8.775000000006242 9.499999999999895 0
8.43750000000702 9.749999999999948 0
22.04999999997558 0.2499999999999749 0
21.69999999997651 0.4999999999999378 0
21.34999999997741 0.7499999999999117 0
20.9999999999783 0.9999999999998871 0
20.64999999997921 1.249999999999857 0
20.29999999998025 1.499999999999762 0
19.9499999999813 1.74999999999966 0
19.59999999998235 1.999999999999558 0
19.24999999998341 2.249999999999457 0
18.89999999998446 2.499999999999355 0
18.54999999998551 2.749999999999254 0
18.19999999998656 2.999999999999153 0
17.84999999998762 3.249999999999051 0
17.49999999998867 3.499999999998948 0
17.14999999998972 3.749999999998847 0
16.79999999999076 3.99999999999875 0
16.44999999999154 4.249999999998785 0
16.09999999999228 4.499999999998838 0
15.74999999999302 4.749999999998892 0
15.39999999999377 4.999999999998945 0
15.04999999999451 5.249999999998998 0
14.69999999999525 5.499999999999051 0
14.34999999999599 5.749999999999105 0
13.99999999999674 5.999999999999156 0
13.64999999999748 6.24999999999921 0
13.29999999999823 6.499999999999262 0
12.94999999999897 6.749999999999313 0
12.59999999999972 6.999999999999368 0
12.25000000000046 7.249999999999417 0
11.90000000000121 7.499999999999471 0
11.55000000000194 7.749999999999524 0
11.20000000000269 7.999999999999577 0
10.85000000000343 8.249999999999631 0
10.50000000000418 8.499999999999684 0
10.15000000000492 8.749999999999737 0
9.800000000005666 8.999999999999789 0
9.450000000006407 9.24999999999984 0
9.100000000007151 9.499999999999893 0
8.750000000007898 9.749999999999947 0
22.83749999997766 0.249999999999974 0
22.47499999997856 0.4999999999999355 0
22.11249999997942 0.7499999999999086 0
21.74999999998028 0.9999999999998833 0
21.38749999998117 1.249999999999852 0
21.0249999999822 1.499999999999753 0
20.66249999998322 1.749999999999647 0
20.29999999998424 1.999999999999543 0
19.93749999998527 2.249999999999438 0
19.5749999999863 2.499999999999333 0
19.21249999998733 2.749999999999227 0
18.84999999998835 2.999999999999122 0
18.48749999998939 3.249999999999017 0
18.12499999999041 3.499999999998911 0
17.76249999999143 3.749999999998806 0
17.39999999999245 3.999999999998705 0
17.03749999999319 4.249999999998741 0
16.67499999999391 4.499999999998797 0
16.31249999999461 4.749999999998853 0
15.94999999999531 4.999999999998908 0
15.58749999999602 5.249999999998962 0
15.22499999999673 5.499999999999016 0
14.86249999999744 5.749999999999073 0
14.49999999999815 5.999999999999126 0
14.13749999999886 6.249999999999181 0
13.77499999999957 6.499999999999234 0
13.41250000000027 6.74999999999929 0
13.05000000000098 6.999999999999345 0
12.68750000000169 7.249999999999398 0
12.3250000000024 7.499999999999453 0
11.96250000000311 7.749999999999508 0
11.60000000000382 7.999999999999563 0
11.23750000000452 8.24999999999962 0
10.87500000000523 8.499999999999677 0
10.51250000000594 8.749999999999728 0
10.15000000000665 8.999999999999783 0
9.787500000007357 9.249999999999833 0
9.425000000008067 9.499999999999886 0
9.062500000008773 9.749999999999945 0
23.62499999997974 0.2499999999999731 0
23.24999999998061 0.4999999999999333 0
22.87499999998144 0.7499999999999055 0
22.49999999998228 0.9999999999998792 0
22.12499999998314 1.249999999999847 0
21.74999999998413 1.499999999999745 0
21.37499999998512 1.749999999999635 0
20.99999999998613 1.999999999999527 0
20.62499999998713 2.249999999999418 0
20.24999999998813 2.499999999999309 0
19.87499999998914 2.749999999999201 0
19.49999999999014 2.999999999999091 0
19.12499999999114 3.249999999998983 0
18.74999999999215 3.499999999998873 0
18.37499999999315 3.749999999998765 0
17.99999999999415 3.999999999998661 0
17.62499999999486 4.249999999998697 0
17.24999999999553 4.499999999998755 0
16.8749999999962 4.749999999998814 0
16.49999999999687 4.999999999998869 0
16.12499999999754 5.249999999998926 0
15.74999999999821 5.499999999998984 0
15.37499999999888 5.74999999999904 0
14.99999999999956 5.999999999999098 0
14.62500000000023 6.249999999999153 0
14.25000000000091 6.49999999999921 0
13.87500000000158 6.749999999999265 0
13.50000000000225 6.999999999999321 0
13.12500000000292 7.249999999999379 0
12.7500000000036 7.499999999999432 0
12.37500000000427 7.749999999999492 0
12.00000000000494 7.999999999999548 0
11.62500000000561 8.249999999999604 0
11.25000000000628 8.499999999999661 0
10.87500000000696 8.749999999999718 0
10.50000000000763 8.999999999999776 0
10.1250000000083 9.249999999999829 0
9.750000000008978 9.499999999999888 0
9.375000000009647 9.74999999999994 0
24.41249999998182 0.2499999999999722 0
24.02499999998264 0.499999999999931 0
23.63749999998347 0.7499999999999024 0
23.24999999998427 0.9999999999998754 0
22.86249999998509 1.249999999999842 0
22.47499999998606 1.499999999999736 0
22.08749999998704 1.749999999999623 0
21.69999999998802 1.999999999999511 0
21.31249999998899 2.249999999999399 0
20.92499999998997 2.499999999999286 0
20.53749999999095 2.749999999999174 0
20.14999999999193 2.999999999999062 0
19.7624999999929 3.24999999999895 0
19.37499999999389 3.499999999998836 0
18.98749999999486 3.749999999998725 0
18.59999999999583 3.999999999998616 0
18.21249999999651 4.249999999998655 0
17.82499999999715 4.499999999998715 0
17.43749999999778 4.749999999998776 0
17.04999999999842 4.999999999998833 0
16.66249999999905 5.249999999998892 0
16.27499999999969 5.499999999998949 0
15.88750000000033 5.749999999999009 0
15.50000000000097 5.999999999999065 0
15.1125000000016 6.249999999999124 0
14.72500000000224 6.499999999999183 0
14.33750000000288 6.74999999999924 0
13.95000000000352 6.999999999999299 0
13.56250000000415 7.249999999999358 0
13.17500000000479 7.499999999999415 0
12.78750000000543 7.749999999999474 0
12.40000000000607 7.999999999999533 0
12.0125000000067 8.249999999999595 0
11.62500000000734 8.49999999999965 0
11.23750000000798 8.749999999999707 0
10.85000000000861 8.999999999999767 0
10.46250000000925 9.249999999999826 0
10.07500000000989 9.499999999999879 0
9.687500000010527 9.749999999999941 0
25.1999999999839 0.2499999999999713 0
24.79999999998471 0.4999999999999287 0
24.39999999998549 0.7499999999998993 0
23.99999999998626 0.9999999999998714 0
23.59999999998706 1.249999999999837 0
23.199999999988 1.499999999999728 0
22.79999999998895 1.749999999999612 0
22.39999999998991 1.999999999999496 0
21.99999999999086 2.249999999999379 0
21.59999999999181 2.499999999999263 0
21.19999999999277 2.749999999999147 0
20.79999999999373 2.999999999999032 0
20.39999999999467 3.249999999998916 0
19.99999999999564 3.499999999998799 0
19.59999999999658 3.749999999998684 0
19.19999999999752 3.999999999998572 0
18.79999999999817 4.249999999998613 0
18.39999999999877 4.499999999998672 0
17.99999999999937 4.749999999998734 0
17.59999999999997 4.999999999998794 0
17.20000000000057 5.249999999998855 0
16.80000000000117 5.499999999998917 0
16.40000000000177 5.749999999998976 0
16.00000000000237 5.999999999999037 0
15.60000000000298 6.249999999999096 0
15.20000000000358 6.499999999999156 0
14.80000000000418 6.749999999999218 0
14.40000000000478 6.999999999999276 0
14.00000000000538 7.249999999999337 0
13.60000000000599 7.499999999999396 0
13.20000000000659 7.749999999999456 0
12.80000000000719 7.999999999999517 0
12.40000000000779 8.249999999999579 0
12.00000000000839 8.499999999999639 0
11.60000000000899 8.749999999999702 0
11.2000000000096 8.999999999999762 0
10.80000000001019 9.249999999999821 0
10.4000000000108 9.499999999999879 0
10.00000000001141 9.749999999999938 0
25.98749999998598 0.2499999999999704 0
25.57499999998676 0.4999999999999265 0
25.16249999998752 0.7499999999998962 0
24.74999999998826 0.9999999999998674 0
24.33749999998902 1.249999999999831 0
23.92499999998993 1.499999999999719 0
23.51249999999087 1.749999999999599 0
23.0999999999918 1.99999999999948 0
22.68749999999272 2.24999999999936 0
22.27499999999366 2.49999999999924 0
21.86249999999459 2.749999999999121 0
21.44999999999551 2.999999999999002 0
21.03749999999644 3.249999999998881 0
20.62499999999737 3.499999999998762 0
20.2124999999983 3.749999999998642 0
19.79999999999922 3.999999999998527 0
19.38749999999984 4.249999999998567 0
18.9750000000004 4.499999999998631 0
18.56250000000096 4.749999999998695 0
18.15000000000152 4.999999999998759 0
17.73750000000209 5.24999999999882 0
17.32500000000265 5.499999999998882 0
16.91250000000322 5.749999999998945 0
16.50000000000379 5.999999999999007 0
16.08750000000435 6.249999999999067 0
15.67500000000492 6.499999999999131 0
15.26250000000549 6.749999999999192 0
14.85000000000605 6.999999999999254 0
14.43750000000662 7.249999999999316 0
14.02500000000718 7.499999999999379 0
13.61250000000775 7.74999999999944 0
13.20000000000832 7.999999999999502 0
12.78750000000888 8.249999999999565 0
12.37500000000945 8.499999999999627 0
11.96250000001001 8.749999999999689 0
11.55000000001058 8.999999999999753 0
11.13750000001115 9.249999999999812 0
10.72500000001171 9.499999999999874 0
10.31250000001228 9.749999999999932 0
26.77499999998798 0.2499999999999695 0
26.34999999998865 0.4999999999999244 0
25.92499999998929 0.7499999999998928 0
25.49999999998992 0.9999999999998632 0
25.07499999999059 1.249999999999826 0
24.6499999999914 1.49999999999971 0
24.22499999999222 1.749999999999587 0
23.79999999999304 1.999999999999464 0
23.37499999999386 2.24999999999934 0
22.9499999999947 2.499999999999217 0
22.52499999999552 2.749999999999094 0
22.09999999999635 2.999999999998971 0
21.67499999999717 3.249999999998848 0
21.249999999998 3.499999999998724 0
20.82499999999882 3.7499999999986 0
20.39999999999964 3.999999999998483 0
19.97500000000013 4.249999999998523 0
19.55000000000058 4.49999999999859 0
19.12500000000102 4.749999999998656 0
18.70000000000147 4.99999999999872 0
18.27500000000192 5.249999999998784 0
17.85000000000237 5.49999999999885 0
17.42500000000283 5.749999999998912 0
17.00000000000328 5.999999999998977 0
16.57500000000373 6.249999999999041 0
16.15000000000418 6.499999999999103 0
15.72500000000463 6.749999999999167 0
15.30000000000508 6.999999999999233 0
14.87500000000554 7.249999999999297 0
14.45000000000599 7.499999999999358 0
14.02500000000644 7.749999999999424 0
13.60000000000689 7.999999999999488 0
13.17500000000734 8.249999999999552 0
12.75000000000779 8.499999999999618 0
12.32500000000824 8.749999999999678 0
11.90000000000869 8.999999999999742 0
11.47500000000914 9.249999999999806 0
11.05000000000959 9.499999999999872 0
10.62500000001005 9.749999999999932 0
27.56249999998996 0.2499999999999687 0
27.1249999999905 0.4999999999999222 0
26.68749999999101 0.7499999999998898 0
26.24999999999152 0.9999999999998594 0
25.81249999999203 1.249999999999822 0
25.37499999999272 1.499999999999702 0
24.93749999999341 1.749999999999575 0
24.49999999999412 1.999999999999448 0
24.06249999999481 2.249999999999321 0
23.62499999999551 2.499999999999194 0
23.18749999999621 2.749999999999068 0
22.7499999999969 2.99999999999894 0
22.31249999999761 3.249999999998814 0
21.87499999999831 3.499999999998687 0
21.437499999999 3.749999999998559 0
20.99999999999969 3.999999999998439 0
20.56250000000004 4.24999999999848 0
20.12500000000036 4.499999999998548 0
19.68750000000067 4.749999999998615 0
19.25000000000098 4.999999999998683 0
18.8125000000013 5.249999999998749 0
18.3750000000016 5.499999999998814 0
17.93750000000193 5.749999999998881 0
17.50000000000224 5.999999999998947 0
17.06250000000254 6.249999999999013 0
16.62500000000286 6.499999999999078 0
16.18750000000318 6.749999999999144 0
15.75000000000348 6.99999999999921 0
15.3125000000038 7.249999999999277 0
14.87500000000411 7.499999999999339 0
14.43750000000442 7.749999999999408 0
14.00000000000474 7.999999999999472 0
13.56250000000505 8.24999999999954 0
13.12500000000536 8.499999999999604 0
12.68750000000568 8.749999999999673 0
12.25000000000599 8.999999999999735 0
11.8125000000063 9.249999999999797 0
11.37500000000662 9.499999999999867 0
10.93750000000693 9.749999999999934 0
28.34999999999203 0.2499999999999678 0
27.89999999999252 0.4999999999999199 0
27.449999999993 0.7499999999998863 0
26.99999999999347 0.9999999999998553 0
26.54999999999395 1.249999999999816 0
26.09999999999459 1.499999999999693 0
25.64999999999527 1.749999999999563 0
25.19999999999594 1.999999999999433 0
24.7499999999966 2.249999999999302 0
24.29999999999726 2.499999999999171 0
23.84999999999793 2.749999999999041 0
23.39999999999859 2.99999999999891 0
22.94999999999926 3.24999999999878 0
22.49999999999993 3.499999999998649 0
22.05000000000059 3.749999999998519 0
21.60000000000124 3.999999999998394 0
21.15000000000155 4.249999999998439 0
20.70000000000183 4.499999999998509 0
20.25000000000209 4.749999999998576 0
19.80000000000236 4.999999999998645 0
19.35000000000262 5.249999999998714 0
18.90000000000289 5.499999999998781 0
18.45000000000316 5.749999999998848 0
18.00000000000343 5.999999999998916 0
17.55000000000371 6.249999999998986 0
17.10000000000397 6.499999999999051 0
16.65000000000424 6.749999999999117 0
16.20000000000451 6.999999999999187 0
15.75000000000478 7.249999999999256 0
15.30000000000505 7.499999999999322 0
14.85000000000532 7.74999999999939 0
14.40000000000559 7.999999999999458 0
13.95000000000585 8.249999999999527 0
13.50000000000612 8.499999999999593 0
13.05000000000639 8.749999999999661 0
12.60000000000666 8.999999999999728 0
12.15000000000693 9.249999999999799 0
11.7000000000072 9.499999999999861 0
11.25000000000747 9.749999999999929 0
29.13749999999411 0.2499999999999669 0
28.67499999999458 0.4999999999999177 0
28.21249999999502 0.7499999999998833 0
27.74999999999546 0.9999999999998515 0
27.28749999999592 1.249999999999811 0
26.82499999999654 1.499999999999685 0
26.36249999999718 1.749999999999551 0
25.89999999999781 1.999999999999417 0
25.43749999999845 2.249999999999282 0
24.97499999999911 2.499999999999149 0
24.51249999999974 2.749999999999015 0
24.05000000000038 2.99999999999888 0
23.58750000000102 3.249999999998746 0
23.12500000000167 3.499999999998612 0
22.6625000000023 3.749999999998478 0
22.20000000000293 3.99999999999835 0
21.73750000000321 4.249999999998396 0
21.27500000000345 4.499999999998466 0
20.81250000000368 4.749999999998537 0
20.3500000000039 4.999999999998607 0
19.88750000000415 5.249999999998678 0
19.42500000000437 5.499999999998747 0
18.96250000000461 5.749999999998817 0
18.50000000000484 5.999999999998888 0
18.03750000000507 6.249999999998956 0
17.57500000000531 6.499999999999025 0
17.11250000000554 6.749999999999094 0
16.65000000000578 6.999999999999164 0
16.18750000000601 7.249999999999233 0
15.72500000000625 7.499999999999303 0
15.26250000000648 7.749999999999375 0
14.80000000000671 7.999999999999442 0
14.33750000000694 8.249999999999515 0
13.87500000000718 8.499999999999583 0
13.41250000000741 8.749999999999652 0
12.95000000000765 8.999999999999721 0
12.48750000000788 9.24999999999979 0
12.02500000000811 9.49999999999986 0
11.56250000000835 9.749999999999927 0
29.92499999999614 0.249999999999966 0
29.44999999999651 0.4999999999999155 0
28.97499999999687 0.7499999999998802 0
28.49999999999723 0.9999999999998473 0
28.02499999999759 1.249999999999807 0
27.54999999999814 1.499999999999677 0
27.0749999999987 1.749999999999539 0
26.59999999999926 1.999999999999402 0
26.12499999999983 2.249999999999264 0
25.65000000000039 2.499999999999125 0
25.17500000000095 2.749999999998988 0
24.70000000000151 2.99999999999885 0
24.22500000000207 3.249999999998713 0
23.75000000000263 3.499999999998574 0
23.27500000000319 3.749999999998437 0
22.80000000000373 3.999999999998305 0
22.32500000000393 4.249999999998351 0
21.85000000000407 4.499999999998423 0
21.37500000000421 4.749999999998498 0
20.90000000000434 4.99999999999857 0
20.42500000000449 5.249999999998642 0
19.95000000000464 5.499999999998715 0
19.47500000000478 5.749999999998785 0
19.00000000000492 5.999999999998856 0
18.52500000000506 6.249999999998929 0
18.05000000000521 6.499999999999001 0
17.57500000000535 6.749999999999071 0
17.10000000000549 6.999999999999141 0
16.62500000000563 7.249999999999212 0
16.15000000000577 7.499999999999283 0
15.67500000000592 7.749999999999356 0
15.20000000000606 7.999999999999429 0
14.7250000000062 8.249999999999501 0
14.25000000000635 8.499999999999568 0
13.77500000000649 8.749999999999643 0
13.30000000000663 8.99999999999971 0
12.82500000000677 9.249999999999785 0
12.35000000000692 9.499999999999854 0
11.87500000000706 9.749999999999927 0
30.7124999999981 0.2499999999999651 0
30.22499999999836 0.4999999999999132 0
29.73749999999857 0.7499999999998771 0
29.24999999999877 0.9999999999998435 0
28.762499999999 1.249999999999801 0
28.27499999999942 1.499999999999668 0
27.78749999999983 1.749999999999527 0
27.30000000000027 1.999999999999386 0
26.81250000000069 2.249999999999244 0
26.32500000000111 2.499999999999103 0
25.83750000000154 2.749999999998961 0
25.35000000000197 2.99999999999882 0
24.86250000000239 3.249999999998679 0
24.37500000000282 3.499999999998536 0
23.88750000000324 3.749999999998396 0
23.40000000000364 3.999999999998261 0
22.9125000000037 4.249999999998308 0
22.4250000000037 4.499999999998384 0
21.93750000000369 4.749999999998459 0
21.45000000000368 4.999999999998533 0
20.96250000000368 5.249999999998607 0
20.47500000000367 5.499999999998678 0
19.98750000000366 5.749999999998752 0
19.50000000000367 5.999999999998825 0
19.01250000000366 6.2499999999989 0
18.52500000000366 6.499999999998971 0
18.03750000000365 6.749999999999046 0
17.55000000000365 6.999999999999118 0
17.06250000000365 7.249999999999193 0
16.57500000000364 7.499999999999265 0
16.08750000000363 7.749999999999339 0
15.60000000000363 7.999999999999414 0
15.11250000000362 8.249999999999488 0
14.62500000000362 8.499999999999561 0
14.13750000000362 8.749999999999632 0
13.65000000000362 8.999999999999703 0
13.16250000000361 9.249999999999778 0
12.67500000000361 9.499999999999851 0
12.18750000000361 9.749999999999927 0
$EndNodes
$Elements
3 1680 1 1680
1 1 1 40
1 1 5 
2 5 6 
3 6 7 
4 7 8 
5 8 9 
6 9 10 
7 10 11 
8 11 12 
9 12 13 
10 13 14 
11 14 15 
12 15 16 
13 16 17 
14 17 18 
15 18 19 
16 19 20 
17 20 21 
18 21 22 
19 22 23 
20 23 24 
21 24 25 
22 25 26 
23 26 27 
24 27 28 
25 28 29 
26 29 30 
27 30 31 
28 31 32 
29 32 33 
30 33 34 
31 34 35 
32 35 36 
33 36 37 
34 37 38 
35 38 39 
36 39 40 
37 40 41 
38 41 42 
39 42 43 
40 43 2 
1 4 1 40
41 4 122 
42 122 123 
43 123 124 
44 124 125 
45 125 126 
46 126 127 
47 127 128 
48 128 129 
49 129 130 
50 130 131 
51 131 132 
52 132 133 
53 133 134 
54 134 135 
55 135 136 
56 136 137 
57 137 138 
58 138 139 
59 139 140 
60 140 141 
61 141 142 
62 142 143 
63 143 144 
64 144 145 
65 145 146 
66 146 147 
67 147 148 
68 148 149 
69 149 150 
70 150 151 
71 151 152 
72 152 153 
73 153 154 
74 154 155 
75 155 156 
76 156 157 
77 157 158 
78 158 159 
79 159 160 
80 160 1 
2 1 3 1600
81 1 5 161 160 
82 160 161 162 159 
83 159 162 163 158 
84 158 163 164 157 
85 157 164 165 156 
86 156 165 166 155 
87 155 166 167 154 
88 154 167 168 153 
89 153 168 169 152 
90 152 169 170 151 
91 151 170 171 150 
92 150 171 172 149 
93 149 172 173 148 
94 148 173 174 147 
95 147 174 175 146 
96 146 175 176 145 
97 145 176 177 144 
98 144 177 178 143 
99 143 178 179 142 
100 142 179 180 141 
101 141 180 181 140 
102 140 181 182 139 
103 139 182 183 138 
104 138 183 184 137 
105 137 184 185 136 
106 136 185 186 135 
107 135 186 187 134 
108 134 187 188 133 
109 133 188 189 132 
110 132 189 190 131 
111 131 190 191 130 
112 130 191 192 129 
113 129 192 193 128 
114 128 193 194 127 
115 127 194 195 126 
116 126 195 196 125 
117 125 196 197 124 
118 124 197 198 123 
119 123 198 199 122 
120 122 199 121 4 
121 5 6 200 161 
122 161 200 201 162 
123 162 201 202 163 
124 163 202 203 164 
125 164 203 204 165 
126 165 204 205 166 
127 166 205 206 167 
128 167 206 207 168 
129 168 207 208 169 
130 169 208 209 170 
131 170 209 210 171 
132 171 210 211 172 
133 172 211 212 173 
134 173 212 213 174 
135 174 213 214 175 
136 175 214 215 176 
137 176 215 216 177 
138 177 216 217 178 
139 178 217 218 179 
140 179 218 219 180 
141 180 219 220 181 
142 181 220 221 182 
143 182 221 222 183 
144 183 222 223 184 
145 184 223 224 185 
146 185 224 225 186 
147 186 225 226 187 
148 187 226 227 188 
149 188 227 228 189 
150 189 228 229 190 
151 190 229 230 191 
152 191 230 231 192 
153 192 231 232 193 
154 193 232 233 194 
155 194 233 234 195 
156 195 234 235 196 
157 196 235 236 197 
158 197 236 237 198 
159 198 237 238 199 
160 199 238 120 121 
161 6 7 239 200 
162 200 239 240 201 
163 201 240 241 202 
164 202 241 242 203 
165 203 242 243 204 
166 204 243 244 205 
167 205 244 245 206 
168 206 245 246 207 
169 207 246 247 208 
170 208 247 248 209 
171 209 248 249 210 
172 210 249 250 211 
173 211 250 251 212 
174 212 251 252 213 
175 213 252 253 214 
176 214 253 254 215 
177 215 254 255 216 
178 216 255 256 217 
179 217 256 257 218 
180 218 257 258 219 
181 219 258 259 220 
182 220 259 260 221 
183 221 260 261 222 
184 222 261 262 223 
185 223 262 263 224 
186 224 263 264 225 
187 225 264 265 226 
188 226 265 266 227 
189 227 266 267 228 
190 228 267 268 229 
191 229 268 269 230 
192 230 269 270 231 
193 231 270 271 232 
194 232 271 272 233 
195 233 272 273 234 
196 234 273 274 235 
197 235 274 275 236 
198 236 275 276 237 
199 237 276 277 238 
200 238 277 119 120 
201 7 8 278 239 
202 239 278 279 240 
203 240 279 280 241 
204 241 280 281 242 
205 242 281 282 243 
206 243 282 283 244 
207 244 283 284 245 
208 245 284 285 246 
209 246 285 286 247 
210 247 286 287 248 
211 248 287 288 249 
212 249 288 289 250 
213 250 289 290 251 
214 251 290 291 252 
215 252 291 292 253 
216 253 292 293 254 
217 254 293 294 255 
218 255 294 295 256 
219 256 295 296 257 
220 257 296 297 258 
221 258 297 298 259 
222 259 298 299 260 
223 260 299 300 261 
224 261 300 301 262 
225 262 301 302 263 
226 263 302 303 264 
227 264 303 304 265 
228 265 304 305 266 
229 266 305 306 267 
230 267 306 307 268 
231 268 307 308 269 
232 269 308 309 270 
233 270 309 310 271 
234 271 310 311 272 
235 272 311 312 273 
236 273 312 313 274 
237 274 313 314 275 
238 275 314 315 276 
239 276 315 316 277 
240 277 316 118 119 
241 8 9 317 278 
242 278 317 318 279 
243 279 318 319 280 
244 280 319 320 281 
245 281 320 321 282 
246 282 321 322 283 
247 283 322 323 284 
248 284 323 324 285 
249 285 324 325 286 
250 286 325 326 287 
251 287 326 327 288 
252 288 327 328 289 
253 289 328 329 290 
254 290 329 330 291 
255 291 330 331 292 
256 292 331 332 293 
257 293 332 333 294 
258 294 333 334 295 
259 295 334 335 296 
260 296 335 336 297 
261 297 336 337 298 
262 298 337 338 299 
263 299 338 339 300 
264 300 339 340 301 
265 301 340 341 302 
266 302 341 342 303 
267 303 342 343 304 
268 304 343 344 305 
269 305 344 345 306 
270 306 345 346 307 
271 307 346 347 308 
272 308 347 348 309 
273 309 348 349 310 
274 310 349 350 311 
275 311 350 351 312 
276 312 351 352 313 
277 313 352 353 314 
278 314 353 354 315 
279 315 354 355 316 
280 316 355 117 118 
281 9 10 356 317 
282 317 356 357 318 
283 318 357 358 319 
284 319 358 359 320 
285 320 359 360 321 
286 321 360 361 322 
287 322 361 362 323 
288 323 362 363 324 
289 324 363 364 325 
290 325 364 365 326 
291 326 365 366 327 
292 327 366 367 328 
293 328 367 368 329 
294 329 368 369 330 
295 330 369 370 331 
296 331 370 371 332 
297 332 371 372 333 
298 333 372 373 334 
299 334 373 374 335 
300 335 374 375 336 
301 336 375 376 337 
302 337 376 377 338 
303 338 377 378 339 
304 339 378 379 340 
305 340 379 380 341 
306 341 380 381 342 
307 342 381 382 343 
308 343 382 383 344 
309 344 383 384 345 
310 345 384 385 346 
311 346 385 386 347 
312 347 386 387 348 
313 348 387 388 349 
314 349 388 389 350 
315 350 389 390 351 
316 351 390 391 352 
317 352 391 392 353 
318 353 392 393 354 
319 354 393 394 355 
320 355 394 116 117 
321 10 11 395 356 
322 356 395 396 357 
323 357 396 397 358 
324 358 397 398 359 
325 359 398 399 360 
326 360 399 400 361 
327 361 400 401 362 
328 362 401 402 363 
329 363 402 403 364 
330 364 403 404 365 
331 365 404 405 366 
332 366 405 406 367 
333 367 406 407 368 
334 368 407 408 369 
335 369 408 409 370 
336 370 409 410 371 
337 371 410 411 372 
338 372 411 412 373 
339 373 412 413 374 
340 374 413 414 375 
341 375 414 415 376 
342 376 415 416 377 
343 377 416 417 378 
344 378 417 418 379 
345 379 418 419 380 
346 380 419 420 381 
347 381 420 421 382 
348 382 421 422 383 
349 383 422 423 384 
350 384 423 424 385 
351 385 424 425 386 
352 386 425 426 387 
353 387 426 427 388 
354 388 427 428 389 
355 389 428 429 390 
356 390 429 430 391 
357 391 430 431 392 
358 392 431 432 393 
359 393 432 433 394 
360 394 433 115 116 
361 11 12 434 395 
362 395 434 435 396 
363 396 435 436 397 
364 397 436 437 398 
365 398 437 438 399 
366 399 438 439 400 
367 400 439 440 401 
368 401 440 441 402 
369 402 441 442 403 
370 403 442 443 404 
371 404 443 444 405 
372 405 444 445 406 
373 406 445 446 407 
374 407 446 447 408 
375 408 447 448 409 
376 409 448 449 410 
377 410 449 450 411 
378 411 450 451 412 
379 412 451 452 413 
380 413 452 453 414 
381 414 453 454 415 
382 415 454 455 416 
383 416 455 456 417 
384 417 456 457 418 
385 418 457 458 419 
386 419 458 459 420 
387 420 459 460 421 
388 421 460 461 422 
389 422 461 462 423 
390 423 462 463 424 
391 424 463 464 425 
392 425 464 465 426 
393 426 465 466 427 
394 427 466 467 428 
395 428 467 468 429 
396 429 468 469 430 
397 430 469 470 431 
398 431 470 471 432 
399 432 471 472 433 
400 433 472 114 115 
401 12 13 473 434 
402 434 473 474 435 
403 435 474 475 436 
404 436 475 476 437 
405 437 476 477 438 
406 438 477 478 439 
407 439 478 479 440 
408 440 479 480 441 
409 441 480 481 442 
410 442 481 482 443 
411 443 482 483 444 
412 444 483 484 445 
413 445 484 485 446 
414 446 485 486 447 
415 447 486 487 448 
416 448 487 488 449 
417 449 488 489 450 
418 450 489 490 451 
419 451 490 491 452 
420 452 491 492 453 
421 453 492 493 454 
422 454 493 494 455 
423 455 494 495 456 
424 456 495 496 457 
425 457 496 497 458 
426 458 497 498 459 
427 459 498 499 460 
428 460 499 500 461 
429 461 500 501 462 
430 462 501 502 463 
431 463 502 503 464 
432 464 503 504 465 
433 465 504 505 466 
434 466 505 506 467 
435 467 506 507 468 
436 468 507 508 469 
437 469 508 509 470 
438 470 509 510 471 
439 471 510 511 472 
440 472 511 113 114 
441 13 14 512 473 
442 473 512 513 474 
443 474 513 514 475 
444 475 514 515 476 
445 476 515 516 477 
446 477 516 517 478 
447 478 517 518 479 
448 479 518 519 480 
449 480 519 520 481 
450 481 520 521 482 
451 482 521 522 483 
452 483 522 523 484 
453 484 523 524 485 
454 485 524 525 486 
455 486 525 526 487 
456 487 526 527 488 
457 488 527 528 489 
458 489 528 529 490 
459 490 529 530 491 
460 491 530 531 492 
461 492 531 532 493 
462 493 532 533 494 
463 494 533 534 495 
464 495 534 535 496 
465 496 535 536 497 
466 497 536 537 498 
467 498 537 538 499 
468 499 538 539 500 
469 500 539 540 501 
470 501 540 541 502 
471 502 541 542 503 
472 503 542 543 504 
473 504 543 544 505 
474 505 544 545 506 
475 506 545 546 507 
476 507 546 547 508 
477 508 547 548 509 
478 509 548 549 510 
479 510 549 550 511 
480 511 550 112 113 
481 14 15 551 512 
482 512 551 552 513 
483 513 552 553 514 
484 514 553 554 515 
485 515 554 555 516 
486 516 555 556 517 
487 517 556 557 518 
488 518 557 558 519 
489 519 558 559 520 
490 520 559 560 521 
491 521 560 561 522 
492 522 561 562 523 
493 523 562 563 524 
494 524 563 564 525 
495 525 564 565 526 
496 526 565 566 527 
497 527 566 567 528 
498 528 567 568 529 
499 529 568 569 530 
500 530 569 570 531 
501 531 570 571 532 
502 532 571 572 533 
503 533 572 573 534 
504 534 573 574 535 
505 535 574 575 536 
506 536 575 576 537 
507 537 576 577 538 
508 538 577 578 539 
509 539 578 579 540 
510 540 579 580 541 
511 541 580 581 542 
512 542 581 582 543 
513 543 582 583 544 
514 544 583 584 545 
515 545 584 585 546 
516 546 585 586 547 
517 547 586 587 548 
518 548 587 588 549 
519 549 588 589 550 
520 550 589 111 112 
521 15 16 590 551 
522 551 590 591 552 
523 552 591 592 553 
524 553 592 593 554 
525 554 593 594 555 
526 555 594 595 556 
527 556 595 596 557 
528 557 596 597 558 
529 558 597 598 559 
530 559 598 599 560 
531 560 599 600 561 
532 561 600 601 562 
533 562 601 602 563 
534 563 602 603 564 
535 564 603 604 565 
536 565 604 605 566 
537 566 605 606 567 
538 567 606 607 568 
539 568 607 608 569 
540 569 608 609 570 
541 570 609 610 571 
542 571 610 611 572 
543 572 611 612 573 
544 573 612 613 574 
545 574 613 614 575 
546 575 614 615 576 
547 576 615 616 577 
548 577 616 617 578 
549 578 617 618 579 
550 579 618 619 580 
551 580 619 620 581 
552 581 620 621 582 
553 582 621 622 583 
554 583 622 623 584 
555 584 623 624 585 
556 585 624 625 586 
557 586 625 626 587 
558 587 626 627 588 
559 588 627 628 589 
560 589 628 110 111 
561 16 17 629 590 
562 590 629 630 591 
563 591 630 631 592 
564 592 631 632 593 
565 593 632 633 594 
566 594 633 634 595 
567 595 634 635 596 
568 596 635 636 597 
569 597 636 637 598 
570 598 637 638 599 
571 599 638 639 600 
572 600 639 640 601 
573 601 640 641 602 
574 602 641 642 603 
575 603 642 643 604 
576 604 643 644 605 
577 605 644 645 606 
578 606 645 646 607 
579 607 646 647 608 
580 608 647 648 609 
581 609 648 649 610 
582 610 649 650 611 
583 611 650 651 612 
584 612 651 652 613 
585 613 652 653 614 
586 614 653 654 615 
587 615 654 655 616 
588 616 655 656 617 
589 617 656 657 618 
590 618 657 658 619 
591 619 658 659 620 
592 620 659 660 621 
593 621 660 661 622 
594 622 661 662 623 
595 623 662 663 624 
596 624 663 664 625 
597 625 664 665 626 
598 626 665 666 627 
599 627 666 667 628 
600 628 667 109 110 
601 17 18 668 629 
602 629 668 669 630 
603 630 669 670 631 
604 631 670 671 632 
605 632 671 672 633 
606 633 672 673 634 
607 634 673 674 635 
608 635 674 675 636 
609 636 675 676 637 
610 637 676 677 638 
611 638 677 678 639 
612 639 678 679 640 
613 640 679 680 641 
614 641 680 681 642 
615 642 681 682 643 
616 643 682 683 644 
617 644 683 684 645 
618 645 684 685 646 
619 646 685 686 647 
620 647 686 687 648 
621 648 687 688 649 
622 649 688 689 650 
623 650 689 690 651 
624 651 690 691 652 
625 652 691 692 653 
626 653 692 693 654 
627 654 693 694 655 
628 655 694 695 656 
629 656 695 696 657 
630 657 696 697 658 
631 658 697 698 659 
632 659 698 699 660 
633 660 699 700 661 
634 661 700 701 662 
635 662 701 702 663 
636 663 702 703 664 
637 664 703 704 665 
638 665 704 705 666 
639 666 705 706 667 
640 667 706 108 109 
641 18 19 707 668 
642 668 707 708 669 
643 669 708 709 670 
644 670 709 710 671 
645 671 710 711 672 
646 672 711 712 673 
647 673 712 713 674 
648 674 713 714 675 
649 675 714 715 676 
650 676 715 716 677 
651 677 716 717 678 
652 678 717 718 679 
653 679 718 719 680 
654 680 719 720 681 
655 681 720 721 682 
656 682 721 722 683 
657 683 722 723 684 
658 684 723 724 685 
659 685 724 725 686 
660 686 725 726 687 
661 687 726 727 688 
662 688 727 728 689 
663 689 728 729 690 
664 690 729 730 691 
665 691 730 731 692 
666 692 731 732 693 
667 693 732 733 694 
668 694 733 734 695 
669 695 734 735 696 
670 696 735 736 697 
671 697 736 737 698 
672 698 737 738 699 
673 699 738 739 700 
674 700 739 740 701 
675 701 740 741 702 
676 702 741 742 703 
677 703 742 743 704 
678 704 743 744 705 
679 705 744 745 706 
680 706 745 107 108 
681 19 20 746 707 
682 707 746 747 708 
683 708 747 748 709 
684 709 748 749 710 
685 710 749 750 711 
686 711 750 751 712 
687 712 751 752 713 
688 713 752 753 714 
689 714 753 754 715 
690 715 754 755 716 
691 716 755 756 717 
692 717 756 757 718 
693 718 757 758 719 
694 719 758 759 720 
695 720 759 760 721 
696 721 760 761 722 
697 722 761 762 723 
698 723 762 763 724 
699 724 763 764 725 
700 725 764 765 726 
701 726 765 766 727 
702 727 766 767 728 
703 728 767 768 729 
704 729 768 769 730 
705 730 769 770 731 
706 731 770 771 732 
707 732 771 772 733 
708 733 772 773 734 
709 734 773 774 735 
710 735 774 775 736 
711 736 775 776 737 
712 737 776 777 738 
713 738 777 778 739 
714 739 778 779 740 
715 740 779 780 741 
716 741 780 781 742 
717 742 781 782 743 
718 743 782 783 744 
719 744 783 784 745 
720 745 784 106 107 
721 20 21 785 746 
722 746 785 786 747 
723 747 786 787 748 
724 748 787 788 749 
725 749 788 789 750 
726 750 789 790 751 
727 751 790 791 752 
728 752 791 792 753 
729 753 792 793 754 
730 754 793 794 755 
731 755 794 795 756 
732 756 795 796 757 
733 757 796 797 758 
734 758 797 798 759 
735 759 798 799 760 
736 760 799 800 761 
737 761 800 801 762 
738 762 801 802 763 
739 763 802 803 764 
740 764 803 804 765 
741 765 804 805 766 
742 766 805 806 767 
743 767 806 807 768 
744 768 807 808 769 
745 769 808 809 770 
746 770 809 810 771 
747 771 810 811 772 
748 772 811 812 773 
749 773 812 813 774 
750 774 813 814 775 
751 775 814 815 776 
752 776 815 816 777 
753 777 816 817 778 
754 778 817 818 779 
755 779 818 819 780 
756 780 819 820 781 
757 781 820 821 782 
758 782 821 822 783 
759 783 822 823 784 
760 784 823 105 106 
761 21 22 824 785 
762 785 824 825 786 
763 786 825 826 787 
764 787 826 827 788 
765 788 827 828 789 
766 789 828 829 790 
767 790 829 830 791 
768 791 830 831 792 
769 792 831 832 793 
770 793 832 833 794 
771 794 833 834 795 
772 795 834 835 796 
773 796 835 836 797 
774 797 836 837 798 
775 798 837 838 799 
776 799 838 839 800 
777 800 839 840 801 
778 801 840 841 802 
779 802 841 842 803 
780 803 842 843 804 
781 804 843 844 805 
782 805 844 845 806 
783 806 845 846 807 
784 807 846 847 808 
785 808 847 848 809 
786 809 848 849 810 
787 810 849 850 811 
788 811 850 851 812 
789 812 851 852 813 
790 813 852 853 814 
791 814 853 854 815 
792 815 854 855 816 
793 816 855 856 817 
794 817 856 857 818 
795 818 857 858 819 
796 819 858 859 820 
797 820 859 860 821 
798 821 860 861 822 
799 822 861 862 823 
800 823 862 104 105 
801 22 23 863 824 
802 824 863 864 825 
803 825 864 865 826 
804 826 865 866 827 
805 827 866 867 828 
806 828 867 868 829 
807 829 868 869 830 
808 830 869 870 831 
809 831 870 871 832 
810 832 871 872 833 
811 833 872 873 834 
812 834 873 874 835 
813 835 874 875 836 
814 836 875 876 837 
815 837 876 877 838 
816 838 877 878 839 
817 839 878 879 840 
818 840 879 880 841 
819 841 880 881 842 
820 842 881 882 843 
821 843 882 883 844 
822 844 883 884 845 
823 845 884 885 846 
824 846 885 886 847 
825 847 886 887 848 
826 848 887 888 849 
827 849 888 889 850 
828 850 889 890 851 
829 851 890 891 852 
830 852 891 892 853 
831 853 892 893 854 
832 854 893 894 855 
833 855 894 895 856 
834 856 895 896 857 
835 857 896 897 858 
836 858 897 898 859 
837 859 898 899 860 
838 860 899 900 861 
839 861 900 901 862 
840 862 901 103 104 
841 23 24 902 863 
842 863 902 903 864 
843 864 903 904 865 
844 865 904 905 866 
845 866 905 906 867 
846 867 906 907 868 
847 868 907 908 869 
848 869 908 909 870 
849 870 909 910 871 
850 871 910 911 872 
851 872 911 912 873 
852 873 912 913 874 
853 874 913 914 875 
854 875 914 915 876 
855 876 915 916 877 
856 877 916 917 878 
857 878 917 918 879 
858 879 918 919 880 
859 880 919 920 881 
860 881 920 921 882 
861 882 921 922 883 
862 883 922 923 884 
863 884 923 924 885 
864 885 924 925 886 
865 886 925 926 887 
866 887 926 927 888 
867 888 927 928 889 
868 889 928 929 890 
869 890 929 930 891 
870 891 930 931 892 
871 892 931 932 893 
872 893 932 933 894 
873 894 933 934 895 
874 895 934 935 896 
875 896 935 936 897 
876 897 936 937 898 
877 898 937 938 899 
878 899 938 939 900 
879 900 939 940 901 
880 901 940 102 103 
881 24 25 941 902 
882 902 941 942 903 
883 903 942 943 904 
884 904 943 944 905 
885 905 944 945 906 
886 906 945 946 907 
887 907 946 947 908 
888 908 947 948 909 
889 909 948 949 910 
890 910 949 950 911 
891 911 950 951 912 
892 912 951 952 913 
893 913 952 953 914 
894 914 953 954 915 
895 915 954 955 916 
896 916 955 956 917 
897 917 956 957 918 
898 918 957 958 919 
899 919 958 959 920 
900 920 959 960 921 
901 921 960 961 922 
902 922 961 962 923 
903 923 962 963 924 
904 924 963 964 925 
905 925 964 965 926 
906 926 965 966 927 
907 927 966 967 928 
908 928 967 968 929 
909 929 968 969 930 
910 930 969 970 931 
911 931 970 971 932 
912 932 971 972 933 
913 933 972 973 934 
914 934 973 974 935 
915 935 974 975 936 
916 936 975 976 937 
917 937 976 977 938 
918 938 977 978 939 
919 939 978 979 940 
920 940 979 101 102 
921 25 26 980 941 
922 941 980 981 942 
923 942 981 982 943 
924 943 982 983 944 
925 944 983 984 945 
926 945 984 985 946 
927 946 985 986 947 
928 947 986 987 948 
929 948 987 988 949 
930 949 988 989 950 
931 950 989 990 951 
932 951 990 991 952 
933 952 991 992 953 
934 953 992 993 954 
935 954 993 994 955 
936 955 994 995 956 
937 956 995 996 957 
938 957 996 997 958 
939 958 997 998 959 
940 959 998 999 960 
941 960 999 1000 961 
942 961 1000 1001 962 
943 962 1001 1002 963 
944 963 1002 1003 964 
945 964 1003 1004 965 
946 965 1004 1005 966 
947 966 1005 1006 967 
948 967 1006 1007 968 
949 968 1007 1008 969 
950 969 1008 1009 970 
951 970 1009 1010 971 
952 971 1010 1011 972 
953 972 1011 1012 973 
954 973 1012 1013 974 
955 974 1013 1014 975 
956 975 1014 1015 976 
957 976 1015 1016 977 
958 977 1016 1017 978 
959 978 1017 1018 979 
960 979 1018 100 101 
961 26 27 1019 980 
962 980 1019 1020 981 
963 981 1020 1021 982 
964 982 1021 1022 983 
965 983 1022 1023 984 
966 984 1023 1024 985 
967 985 1024 1025 986 
968 986 1025 1026 987 
969 987 1026 1027 988 
970 988 1027 1028 989 
971 989 1028 1029 990 
972 990 1029 1030 991 
973 991 1030 1031 992 
974 992 1031 1032 993 
975 993 1032 1033 994 
976 994 1033 1034 995 
977 995 1034 1035 996 
978 996 1035 1036 997 
979 997 1036 1037 998 
980 998 1037 1038 999 
981 999 1038 1039 1000 
982 1000 1039 1040 1001 
983 1001 1040 1041 1002 
984 1002 1041 1042 1003 
985 1003 1042 1043 1004 
986 1004 1043 1044 1005 
987 1005 1044 1045 1006 
988 1006 1045 1046 1007 
989 1007 1046 1047 1008 
990 1008 1047 1048 1009 
991 1009 1048 1049 1010 
992 1010 1049 1050 1011 
993 1011 1050 1051 1012 
994 1012 1051 1052 1013 
995 1013 1052 1053 1014 
996 1014 1053 1054 1015 
997 1015 1054 1055 1016 
998 1016 1055 1056 1017 
999 1017 1056 1057 1018 
1000 1018 1057 99 100 
1001 27 28 1058 1019 
1002 1019 1058 1059 1020 
1003 1020 1059 1060 1021 
1004 1021 1060 1061 1022 
1005 1022 1061 1062 1023 
1006 1023 1062 1063 1024 
1007 1024 1063 1064 1025 
1008 1025 1064 1065 1026 
1009 1026 1065 1066 1027 
1010 1027 1066 1067 1028 
1011 1028 1067 1068 1029 
1012 1029 1068 1069 1030 
1013 1030 1069 1070 1031 
1014 1031 1070 1071 1032 
1015 1032 1071 1072 1033 
1016 1033 1072 1073 1034 
1017 1034 1073 1074 1035 
1018 1035 1074 1075 1036 
1019 1036 1075 1076 1037 
1020 1037 1076 1077 1038 
1021 1038 1077 1078 1039 
1022 1039 1078 1079 1040 
1023 1040 1079 1080 1041 
1024 1041 1080 1081 1042 
1025 1042 1081 1082 1043 
1026 1043 1082 1083 1044 
1027 1044 1083 1084 1045 
1028 1045 1084 1085 1046 
1029 1046 1085 1086 1047 
1030 1047 1086 1087 1048 
1031 1048 1087 1088 1049 
1032 1049 1088 1089 1050 
1033 1050 1089 1090 1051 
1034 1051 1090 1091 1052 
1035 1052 1091 1092 1053 
1036 1053 1092 1093 1054 
1037 1054 1093 1094 1055 
1038 1055 1094 1095 1056 
1039 1056 1095 1096 1057 
1040 1057 1096 98 99 
1041 28 29 1097 1058 
1042 1058 1097 1098 1059 
1043 1059 1098 1099 1060 
1044 1060 1099 1100 1061 
1045 1061 1100 1101 1062 
1046 1062 1101 1102 1063 
1047 1063 1102 1103 1064 
1048 1064 1103 1104 1065 
1049 1065 1104 1105 1066 
1050 1066 1105 1106 1067 
1051 1067 1106 1107 1068 
1052 1068 1107 1108 1069 
1053 1069 1108 1109 1070 
1054 1070 1109 1110 1071 
1055 1071 1110 1111 1072 
1056 1072 1111 1112 1073 
1057 1073 1112 1113 1074 
1058 1074 1113 1114 1075 
1059 1075 1114 1115 1076 
1060 1076 1115 1116 1077 
1061 1077 1116 1117 1078 
1062 1078 1117 1118 1079 
1063 1079 1118 1119 1080 
1064 1080 1119 1120 1081 
1065 1081 1120 1121 1082 
1066 1082 1121 1122 1083 
1067 1083 1122 1123 1084 
1068 1084 1123 1124 1085 
1069 1085 1124 1125 1086 
1070 1086 1125 1126 1087 
1071 1087 1126 1127 1088 
1072 1088 1127 1128 1089 
1073 1089 1128 1129 1090 
1074 1090 1129 1130 1091 
1075 1091 1130 1131 1092 
1076 1092 1131 1132 1093 
1077 1093 1132 1133 1094 
1078 1094 1133 1134 1095 
1079 1095 1134 1135 1096 
1080 1096 1135 97 98 
1081 29 30 1136 1097 
1082 1097 1136 1137 1098 
1083 1098 1137 1138 1099 
1084 1099 1138 1139 1100 
1085 1100 1139 1140 1101 
1086 1101 1140 1141 1102 
1087 1102 1141 1142 1103 
1088 1103 1142 1143 1104 
1089 1104 1143 1144 1105 
1090 1105 1144 1145 1106 
1091 1106 1145 1146 1107 
1092 1107 1146 1147 1108 
1093 1108 1147 1148 1109 
1094 1109 1148 1149 1110 
1095 1110 1149 1150 1111 
1096 1111 1150 1151 1112 
1097 1112 1151 1152 1113 
1098 1113 1152 1153 1114 
1099 1114 1153 1154 1115 
1100 1115 1154 1155 1116 
1101 1116 1155 1156 1117 
1102 1117 1156 1157 1118 
1103 1118 1157 1158 1119 
1104 1119 1158 1159 1120 
1105 1120 1159 1160 1121 
1106 1121 1160 1161 1122 
1107 1122 1161 1162 1123 
1108 1123 1162 1163 1124 
1109 1124 1163 1164 1125 
1110 1125 1164 1165 1126 
1111 1126 1165 1166 1127 
1112 1127 1166 1167 1128 
1113 1128 1167 1168 1129 
1114 1129 1168 1169 1130 
1115 1130 1169 1170 1131 
1116 1131 1170 1171 1132 
1117 1132 1171 1172 1133 
1118 1133 1172 1173 1134 
1119 1134 1173 1174 1135 
1120 1135 1174 96 97 
1121 30 31 1175 1136 
1122 1136 1175 1176 1137 
1123 1137 1176 1177 1138 
1124 1138 1177 1178 1139 
1125 1139 1178 1179 1140 
1126 1140 1179 1180 1141 
1127 1141 1180 1181 1142 
1128 1142 1181 1182 1143 
1129 1143 1182 1183 1144 
1130 1144 1183 1184 1145 
1131 1145 1184 1185 1146 
1132 1146 1185 1186 1147 
1133 1147 1186 1187 1148 
1134 1148 1187 1188 1149 
1135 1149 1188 1189 1150 
1136 1150 1189 1190 1151 
1137 1151 1190 1191 1152 
1138 1152 1191 1192 1153 
1139 1153 1192 1193 1154 
1140 1154 1193 1194 1155 
1141 1155 1194 1195 1156 
1142 1156 1195 1196 1157 
1143 1157 1196 1197 1158 
1144 1158 1197 1198 1159 
1145 1159 1198 1199 1160 
1146 1160 1199 1200 1161 
1147 1161 1200 1201 1162 
1148 1162 1201 1202 1163 
1149 1163 1202 1203 1164 
1150 1164 1203 1204 1165 
1151 1165 1204 1205 1166 
1152 1166 1205 1206 1167 
1153 1167 1206 1207 1168 
1154 1168 1207 1208 1169 
1155 1169 1208 1209 1170 
1156 1170 1209 1210 1171 
1157 1171 1210 1211 1172 
1158 1172 1211 1212 1173 
1159 1173 1212 1213 1174 
1160 1174 1213 95 96 
1161 31 32 1214 1175 
1162 1175 1214 1215 1176 
1163 1176 1215 1216 1177 
1164 1177 1216 1217 1178 
1165 1178 1217 1218 1179 
1166 1179 1218 1219 1180 
1167 1180 1219 1220 1181 
1168 1181 1220 1221 1182 
1169 1182 1221 1222 1183 
1170 1183 1222 1223 1184 
1171 1184 1223 1224 1185 
1172 1185 1224 1225 1186 
1173 1186 1225 1226 1187 
1174 1187 1226 1227 1188 
1175 1188 1227 1228 1189 
1176 1189 1228 1229 1190 
1177 1190 1229 1230 1191 
1178 1191 1230 1231 1192 
1179 1192 1231 1232 1193 
1180 1193 1232 1233 1194 
1181 1194 1233 1234 1195 
1182 1195 1234 1235 1196 
1183 1196 1235 1236 1197 
1184 1197 1236 1237 1198 
1185 1198 1237 1238 1199 
1186 1199 1238 1239 1200 
1187 1200 1239 1240 1201 
1188 1201 1240 1241 1202 
1189 1202 1241 1242 1203 
1190 1203 1242 1243 1204 
1191 1204 1243 1244 1205 
1192 1205 1244 1245 1206 
1193 1206 1245 1246 1207 
1194 1207 1246 1247 1208 
1195 1208 1247 1248 1209 
1196 1209 1248 1249 1210 
1197 1210 1249 1250 1211 
1198 1211 1250 1251 1212 
1199 1212 1251 1252 1213 
1200 1213 1252 94 95 
1201 32 33 1253 1214 
1202 1214 1253 1254 1215 
1203 1215 1254 1255 1216 
1204 1216 1255 1256 1217 
1205 1217 1256 1257 1218 
1206 1218 1257 1258 1219 
1207 1219 1258 1259 1220 
1208 1220 1259 1260 1221 
1209 1221 1260 1261 1222 
1210 1222 1261 1262 1223 
1211 1223 1262 1263 1224 
1212 1224 1263 1264 1225 
1213 1225 1264 1265 1226 
1214 1226 1265 1266 1227 
1215 1227 1266 1267 1228 
1216 1228 1267 1268 1229 
1217 1229 1268 1269 1230 
1218 1230 1269 1270 1231 
1219 1231 1270 1271 1232 
1220 1232 1271 1272 1233 
1221 1233 1272 1273 1234 
1222 1234 1273 1274 1235 
1223 1235 1274 1275 1236 
1224 1236 1275 1276 1237 
1225 1237 1276 1277 1238 
1226 1238 1277 1278 1239 
1227 1239 1278 1279 1240 
1228 1240 1279 1280 1241 
1229 1241 1280 1281 1242 
1230 1242 1281 1282 1243 
1231 1243 1282 1283 1244 
1232 1244 1283 1284 1245 
1233 1245 1284 1285 1246 
1234 1246 1285 1286 1247 
1235 1247 1286 1287 1248 
1236 1248 1287 1288 1249 
1237 1249 1288 1289 1250 
1238 1250 1289 1290 1251 
1239 1251 1290 1291 1252 
1240 1252 1291 93 94 
1241 33 34 1292 1253 
1242 1253 1292 1293 1254 
1243 1254 1293 1294 1255 
1244 1255 1294 1295 1256 
1245 1256 1295 1296 1257 
1246 1257 1296 1297 1258 
1247 1258 1297 1298 1259 
1248 1259 1298 1299 1260 
1249 1260 1299 1300 1261 
1250 1261 1300 1301 1262 
1251 1262 1301 1302 1263 
1252 1263 1302 1303 1264 
1253 1264 1303 1304 1265 
1254 1265 1304 1305 1266 
1255 1266 1305 1306 1267 
1256 1267 1306 1307 1268 
1257 1268 1307 1308 1269 
1258 1269 1308 1309 1270 
1259 1270 1309 1310 1271 
1260 1271 1310 1311 1272 
1261 1272 1311 1312 1273 
1262 1273 1312 1313 1274 
1263 1274 1313 1314 1275 
1264 1275 1314 1315 1276 
1265 1276 1315 1316 1277 
1266 1277 1316 1317 1278 
1267 1278 1317 1318 1279 
1268 1279 1318 1319 1280 
1269 1280 1319 1320 1281 
1270 1281 1320 1321 1282 
1271 1282 1321 1322 1283 
1272 1283 1322 1323 1284 
1273 1284 1323 1324 1285 
1274 1285 1324 1325 1286 
1275 1286 1325 1326 1287 
1276 1287 1326 1327 1288 
1277 1288 1327 1328 1289 
1278 1289 1328 1329 1290 
1279 1290 1329 1330 1291 
1280 1291 1330 92 93 
1281 34 35 1331 1292 
1282 1292 1331 1332 1293 
1283 1293 1332 1333 1294 
1284 1294 1333 1334 1295 
1285 1295 1334 1335 1296 
1286 1296 1335 1336 1297 
1287 1297 1336 1337 1298 
1288 1298 1337 1338 1299 
1289 1299 1338 1339 1300 
1290 1300 1339 1340 1301 
1291 1301 1340 1341 1302 
1292 1302 1341 1342 1303 
1293 1303 1342 1343 1304 
1294 1304 1343 1344 1305 
1295 1305 1344 1345 1306 
1296 1306 1345 1346 1307 
1297 1307 1346 1347 1308 
1298 1308 1347 1348 1309 
1299 1309 1348 1349 1310 
1300 1310 1349 1350 1311 
1301 1311 1350 1351 1312 
1302 1312 1351 1352 1313 
1303 1313 1352 1353 1314 
1304 1314 1353 1354 1315 
1305 1315 1354 1355 1316 
1306 1316 1355 1356 1317 
1307 1317 1356 1357 1318 
1308 1318 1357 1358 1319 
1309 1319 1358 1359 1320 
1310 1320 1359 1360 1321 
1311 1321 1360 1361 1322 
1312 1322 1361 1362 1323 
1313 1323 1362 1363 1324 
1314 1324 1363 1364 1325 
1315 1325 1364 1365 1326 
1316 1326 1365 1366 1327 
1317 1327 1366 1367 1328 
1318 1328 1367 1368 1329 
1319 1329 1368 1369 1330 
1320 1330 1369 91 92 
1321 35 36 1370 1331 
1322 1331 1370 1371 1332 
1323 1332 1371 1372 1333 
1324 1333 1372 1373 1334 
1325 1334 1373 1374 1335 
1326 1335 1374 1375 1336 
1327 1336 1375 1376 1337 
1328 1337 1376 1377 1338 
1329 1338 1377 1378 1339 
1330 1339 1378 1379 1340 
1331 1340 1379 1380 1341 
1332 1341 1380 1381 1342 
1333 1342 1381 1382 1343 
1334 1343 1382 1383 1344 
1335 1344 1383 1384 1345 
1336 1345 1384 1385 1346 
1337 1346 1385 1386 1347 
1338 1347 1386 1387 1348 
1339 1348 1387 1388 1349 
1340 1349 1388 1389 1350 
1341 1350 1389 1390 1351 
1342 1351 1390 1391 1352 
1343 1352 1391 1392 1353 
1344 1353 1392 1393 1354 
1345 1354 1393 1394 1355 
1346 1355 1394 1395 1356 
1347 1356 1395 1396 1357 
1348 1357 1396 1397 1358 
1349 1358 1397 1398 1359 
1350 1359 1398 1399 1360 
1351 1360 1399 1400 1361 
1352 1361 1400 1401 1362 
1353 1362 1401 1402 1363 
1354 1363 1402 1403 1364 
1355 1364 1403 1404 1365 
1356 1365 1404 1405 1366 
1357 1366 1405 1406 1367 
1358 1367 1406 1407 1368 
1359 1368 1407 1408 1369 
1360 1369 1408 90 91 
1361 36 37 1409 1370 
1362 1370 1409 1410 1371 
1363 1371 1410 1411 1372 
1364 1372 1411 1412 1373 
1365 1373 1412 1413 1374 
1366 1374 1413 1414 1375 
1367 1375 1414 1415 1376 
1368 1376 1415 1416 1377 
1369 1377 1416 1417 1378 
1370 1378 1417 1418 1379 
1371 1379 1418 1419 1380 
1372 1380 1419 1420 1381 
1373 1381 1420 1421 1382 
1374 1382 1421 1422 1383 
1375 1383 1422 1423 1384 
1376 1384 1423 1424 1385 
1377 1385 1424 1425 1386 
1378 1386 1425 1426 1387 
1379 1387 1426 1427 1388 
1380 1388 1427 1428 1389 
1381 1389 1428 1429 1390 
1382 1390 1429 1430 1391 
1383 1391 1430 1431 1392 
1384 1392 1431 1432 1393 
1385 1393 1432 1433 1394 
1386 1394 1433 1434 1395 
1387 1395 1434 1435 1396 
1388 1396 1435 1436 1397 
1389 1397 1436 1437 1398 
1390 1398 1437 1438 1399 
1391 1399 1438 1439 1400 
1392 1400 1439 1440 1401 
1393 1401 1440 1441 1402 
1394 1402 1441 1442 1403 
1395 1403 1442 1443 1404 
1396 1404 1443 1444 1405 
1397 1405 1444 1445 1406 
1398 1406 1445 1446 1407 
1399 1407 1446 1447 1408 
1400 1408 1447 89 90 
1401 37 38 1448 1409 
1402 1409 1448 1449 1410 
1403 1410 1449 1450 1411 
1404 1411 1450 1451 1412 
1405 1412 1451 1452 1413 
1406 1413 1452 1453 1414 
1407 1414 1453 1454 1415 
1408 1415 1454 1455 1416 
1409 1416 1455 1456 1417 
1410 1417 1456 1457 1418 
1411 1418 1457 1458 1419 
1412 1419 1458 1459 1420 
1413 1420 1459 1460 1421 
1414 1421 1460 1461 1422 
1415 1422 1461 1462 1423 
1416 1423 1462 1463 1424 
1417 1424 1463 1464 1425 
1418 1425 1464 1465 1426 
1419 1426 1465 1466 1427 
1420 1427 1466 1467 1428 
1421 1428 1467 1468 1429 
1422 1429 1468 1469 1430 
1423 1430 1469 1470 1431 
1424 1431 1470 1471 1432 
1425 1432 1471 1472 1433 
1426 1433 1472 1473 1434 
1427 1434 1473 1474 1435 
1428 1435 1474 1475 1436 
1429 1436 1475 1476 1437 
1430 1437 1476 1477 1438 
1431 1438 1477 1478 1439 
1432 1439 1478 1479 1440 
1433 1440 1479 1480 1441 
1434 1441 1480 1481 1442 
1435 1442 1481 1482 1443 
1436 1443 1482 1483 1444 
1437 1444 1483 1484 1445 
1438 1445 1484 1485 1446 
1439 1446 1485 1486 1447 
1440 1447 1486 88 89 
1441 38 39 1487 1448 
1442 1448 1487 1488 1449 
1443 1449 1488 1489 1450 
1444 1450 1489 1490 1451 
1445 1451 1490 1491 1452 
1446 1452 1491 1492 1453 
1447 1453 1492 1493 1454 
1448 1454 1493 1494 1455 
1449 1455 1494 1495 1456 
1450 1456 1495 1496 1457 
1451 1457 1496 1497 1458 
1452 1458 1497 1498 1459 
1453 1459 1498 1499 1460 
1454 1460 1499 1500 1461 
1455 1461 1500 1501 1462 
1456 1462 1501 1502 1463 
1457 1463 1502 1503 1464 
1458 1464 1503 1504 1465 
1459 1465 1504 1505 1466 
1460 1466 1505 1506 1467 
1461 1467 1506 1507 1468 
1462 1468 1507 1508 1469 
1463 1469 1508 1509 1470 
1464 1470 1509 1510 1471 
1465 1471 1510 1511 1472 
1466 1472 1511 1512 1473 
1467 1473 1512 1513 1474 
1468 1474 1513 1514 1475 
1469 1475 1514 1515 1476 
1470 1476 1515 1516 1477 
1471 1477 1516 1517 1478 
1472 1478 1517 1518 1479 
1473 1479 1518 1519 1480 
1474 1480 1519 1520 1481 
1475 1481 1520 1521 1482 
1476 1482 1521 1522 1483 
1477 1483 1522 1523 1484 
1478 1484 1523 1524 1485 
1479 1485 1524 1525 1486 
1480 1486 1525 87 88 
1481 39 40 1526 1487 
1482 1487 1526 1527 1488 
1483 1488 1527 1528 1489 
1484 1489 1528 1529 1490 
1485 1490 1529 1530 1491 
1486 1491 1530 1531 1492 
1487 1492 1531 1532 1493 
1488 1493 1532 1533 1494 
1489 1494 1533 1534 1495 
1490 1495 1534 1535 1496 
1491 1496 1535 1536 1497 
1492 1497 1536 1537 1498 
1493 1498 1537 1538 1499 
1494 1499 1538 1539 1500 
1495 1500 1539 1540 1501 
1496 1501 1540 1541 1502 
1497 1502 1541 1542 1503 
1498 1503 1542 1543 1504 
1499 1504 1543 1544 1505 
1500 1505 1544 1545 1506 
1501 1506 1545 1546 1507 
1502 1507 1546 1547 1508 
1503 1508 1547 1548 1509 
1504 1509 1548 1549 1510 
1505 1510 1549 1550 1511 
1506 1511 1550 1551 1512 
1507 1512 1551 1552 1513 
1508 1513 1552 1553 1514 
1509 1514 1553 1554 1515 
1510 1515 1554 1555 1516 
1511 1516 1555 1556 1517 
1512 1517 1556 1557 1518 
1513 1518 1557 1558 1519 
1514 1519 1558 1559 1520 
1515 1520 1559 1560 1521 
1516 1521 1560 1561 1522 
1517 1522 1561 1562 1523 
1518 1523 1562 1563 1524 
1519 1524 1563 1564 1525 
1520 1525 1564 86 87 
1521 40 41 1565 1526 
1522 1526 1565 1566 1527 
1523 1527 1566 1567 1528 
1524 1528 1567 1568 1529 
1525 1529 1568 1569 1530 
1526 1530 1569 1570 1531 
1527 1531 1570 1571 1532 
1528 1532 1571 1572 1533 
1529 1533 1572 1573 1534 
1530 1534 1573 1574 1535 
1531 1535 1574 1575 1536 
1532 1536 1575 1576 1537 
1533 1537 1576 1577 1538 
1534 1538 1577 1578 1539 
1535 1539 1578 1579 1540 
1536 1540 1579 1580 1541 
1537 1541 1580 1581 1542 
1538 1542 1581 1582 1543 
1539 1543 1582 1583 1544 
1540 1544 1583 1584 1545 
1541 1545 1584 1585 1546 
1542 1546 1585 1586 1547 
1543 1547 1586 1587 1548 
1544 1548 1587 1588 1549 
1545 1549 1588 1589 1550 
1546 1550 1589 1590 1551 
1547 1551 1590 1591 1552 
1548 1552 1591 1592 1553 
1549 1553 1592 1593 1554 
1550 1554 1593 1594 1555 
1551 1555 1594 1595 1556 
1552 1556 1595 1596 1557 
1553 1557 1596 1597 1558 
1554 1558 1597 1598 1559 
1555 1559 1598 1599 1560 
1556 1560 1599 1600 1561 
1557 1561 1600 1601 1562 
1558 1562 1601 1602 1563 
1559 1563 1602 1603 1564 
1560 1564 1603 85 86 
1561 41 42 1604 1565 
1562 1565 1604 1605 1566 
1563 1566 1605 1606 1567 
1564 1567 1606 1607 1568 
1565 1568 1607 1608 1569 
1566 1569 1608 1609 1570 
1567 1570 1609 1610 1571 
1568 1571 1610 1611 1572 
1569 1572 1611 1612 1573 
1570 1573 1612 1613 1574 
1571 1574 1613 1614 1575 
1572 1575 1614 1615 1576 
1573 1576 1615 1616 1577 
1574 1577 1616 1617 1578 
1575 1578 1617 1618 1579 
1576 1579 1618 1619 1580 
1577 1580 1619 1620 1581 
1578 1581 1620 1621 1582 
1579 1582 1621 1622 1583 
1580 1583 1622 1623 1584 
1581 1584 1623 1624 1585 
1582 1585 1624 1625 1586 
1583 1586 1625 1626 1587 
1584 1587 1626 1627 1588 
1585 1588 1627 1628 1589 
1586 1589 1628 1629 1590 
1587 1590 1629 1630 1591 
1588 1591 1630 1631 1592 
1589 1592 1631 1632 1593 
1590 1593 1632 1633 1594 
1591 1594 1633 1634 1595 
1592 1595 1634 1635 1596 
1593 1596 1635 1636 1597 
1594 1597 1636 1637 1598 
1595 1598 1637 1638 1599 
1596 1599 1638 1639 1600 
1597 1600 1639 1640 1601 
1598 1601 1640 1641 1602 
1599 1602 1641 1642 1603 
1600 1603 1642 84 85 
1601 42 43 1643 1604 
1602 1604 1643 1644 1605 
1603 1605 1644 1645 1606 
1604 1606 1645 1646 1607 
1605 1607 1646 1647 1608 
1606 1608 1647 1648 1609 
1607 1609 1648 1649 1610 
1608 1610 1649 1650 1611 
1609 1611 1650 1651 1612 
1610 1612 1651 1652 1613 
1611 1613 1652 1653 1614 
1612 1614 1653 1654 1615 
1613 1615 1654 1655 1616 
1614 1616 1655 1656 1617 
1615 1617 1656 1657 1618 
1616 1618 1657 1658 1619 
1617 1619 1658 1659 1620 
1618 1620 1659 1660 1621 
1619 1621 1660 1661 1622 
1620 1622 1661 1662 1623 
1621 1623 1662 1663 1624 
1622 1624 1663 1664 1625 
1623 1625 1664 1665 1626 
1624 1626 1665 1666 1627 
1625 1627 1666 1667 1628 
1626 1628 1667 1668 1629 
1627 1629 1668 1669 1630 
1628 1630 1669 1670 1631 
1629 1631 1670 1671 1632 
1630 1632 1671 1672 1633 
1631 1633 1672 1673 1634 
1632 1634 1673 1674 1635 
1633 1635 1674 1675 1636 
1634 1636 1675 1676 1637 
1635 1637 1676 1677 1638 
1636 1638 1677 1678 1639 
1637 1639 1678 1679 1640 
1638 1640 1679 1680 1641 
1639 1641 1680 1681 1642 
1640 1642 1681 83 84 
1641 43 2 44 1643 
1642 1643 44 45 1644 
1643 1644 45 46 1645 
1644 1645 46 47 1646 
1645 1646 47 48 1647 
1646 1647 48 49 1648 
1647 1648 49 50 1649 
1648 1649 50 51 1650 
1649 1650 51 52 1651 
1650 1651 52 53 1652 
1651 1652 53 54 1653 
1652 1653 54 55 1654 
1653 1654 55 56 1655 
1654 1655 56 57 1656 
1655 1656 57 58 1657 
1656 1657 58 59 1658 
1657 1658 59 60 1659 
1658 1659 60 61 1660 
1659 1660 61 62 1661 
1660 1661 62 63 1662 
1661 1662 63 64 1663 
1662 1663 64 65 1664 
1663 1664 65 66 1665 
1664 1665 66 67 1666 
1665 1666 67 68 1667 
1666 1667 68 69 1668 
1667 1668 69 70 1669 
1668 1669 70 71 1670 
1669 1670 71 72 1671 
1670 1671 72 73 1672 
1671 1672 73 74 1673 
1672 1673 74 75 1674 
1673 1674 75 76 1675 
1674 1675 76 77 1676 
1675 1676 77 78 1677 
1676 1677 78 79 1678 
1677 1678 79 80 1679 
1678 1679 80 81 1680 
1679 1680 81 82 1681 
1680 1681 82 3 83 
$EndElements
