0.28098,0.060316,0.043519,0.062422,0.14329,0.24143,0.13694,0.066855,0.14869,0.15068,0.15345,0.058025,0.15448,0.13144,0.058637,0.038599,0.061006,0.064436,0.045711,0.057143,0.1324,0.15286,0.18853,0.04997,0.09764,0.072955,0.1787,0.10828,0.13069,0.10615,0.047881,0.050086,0.16223,0.068089,0.16156,0.18535,0.18616,0.034625
0.2815,0.060903,0.044897,0.062492,0.14342,0.24221,0.13601,0.068622,0.14937,0.15414,0.15884,0.059238,0.15823,0.13627,0.058679,0.038824,0.06171,0.065042,0.046106,0.057194,0.13261,0.15415,0.19303,0.050396,0.098064,0.073177,0.20808,0.10964,0.13358,0.10651,0.048293,0.050241,0.17546,0.069276,0.16084,0.18768,0.19121,0.035089
0.28252,0.067544,0.044066,0.062819,0.14371,0.24138,0.13734,0.066078,0.15493,0.17479,0.15212,0.059602,0.15442,0.14124,0.059208,0.039204,0.062997,0.065456,0.04576,0.058274,0.13313,0.15411,0.18825,0.049938,0.10158,0.074364,0.22573,0.11509,0.13901,0.11169,0.049135,0.050387,0.18074,0.069383,0.16682,0.19404,0.19139,0.034864
0.28414,0.092033,0.045497,0.062973,0.14466,0.24344,0.15557,0.066755,0.15394,0.26136,0.16688,0.09503,0.1773,0.14807,0.061109,0.04053,0.06305,0.065534,0.046696,0.059051,0.13251,0.16291,0.19468,0.052004,0.097425,0.076043,0.25087,0.12727,0.1446,0.11169,0.052573,0.050939,0.20928,0.083334,0.16606,0.19201,0.19856,0.036448
0.285,0.1044,0.045947,0.063358,0.14438,0.24525,0.15186,0.069774,0.1568,0.25178,0.20043,0.076003,0.22014,0.161,0.062268,0.040517,0.066564,0.065393,0.046816,0.062953,0.1351,0.1608,0.20119,0.055088,0.099703,0.080832,0.262,0.15712,0.15132,0.12302,0.053784,0.051532,0.24568,0.10225,0.16691,0.22404,0.20859,0.037499
0.32752,0.12448,0.047858,0.063266,0.1467,0.25146,0.14477,0.075552,0.15629,0.29522,0.31302,0.083199,0.26253,0.19072,0.065023,0.042669,0.068264,0.065442,0.049731,0.067757,0.13747,0.1929,0.19003,0.052361,0.10404,0.076214,0.24239,0.16553,0.19698,0.15999,0.080369,0.052358,0.24727,0.0915,0.16602,0.19813,0.22059,0.039429
0.3618,0.17445,0.049066,0.063878,0.14591,0.2689,0.1708,0.078569,0.16579,0.2917,0.25035,0.08462,0.32008,0.2582,0.072707,0.047614,0.067561,0.075997,0.047419,0.074835,0.13803,0.1971,0.20183,0.062272,0.10071,0.091645,0.34524,0.14887,0.22576,0.19751,0.08766,0.054558,0.27951,0.10971,0.17749,0.22845,0.25899,0.048403
0.43547,0.13341,0.047889,0.063686,0.15036,0.28659,0.18627,0.078334,0.15718,0.29251,0.30009,0.09618,0.49533,0.22526,0.084479,0.048835,0.097189,0.075161,0.050717,0.06516,0.13509,0.22013,0.23216,0.066626,0.11313,0.10666,0.3524,0.1386,0.30724,0.18229,0.092015,0.058059,0.37227,0.13833,0.20612,0.247,0.25089,0.050639
0.50791,0.13071,0.063221,0.063912,0.15239,0.28396,0.1951,0.086119,0.16364,0.42653,0.30395,0.094548,0.46753,0.21261,0.1063,0.05985,0.10018,0.082236,0.059618,0.064154,0.16599,0.25096,0.22053,0.078711,0.12381,0.11102,0.4126,0.15973,0.36762,0.23984,0.075526,0.062853,0.35192,0.16005,0.24066,0.28539,0.25735,0.057164
0.56022,0.13299,0.073258,0.066489,0.14912,0.26667,0.23706,0.096765,0.16865,0.36093,0.31259,0.092589,0.58694,0.19012,0.1096,0.068552,0.11777,0.075076,0.079307,0.076579,0.17968,0.24056,0.23524,0.11098,0.13398,0.18188,0.35031,0.17218,0.41825,0.20232,0.082236,0.072788,0.36785,0.1962,0.21353,0.29156,0.32969,0.068119
0.57722,0.09538,0.079603,0.069983,0.16964,0.30389,0.22519,0.098472,0.19626,0.32587,0.3513,0.097785,0.72342,0.21644,0.097855,0.056948,0.12788,0.088012,0.078505,0.070304,0.15761,0.29632,0.26099,0.12833,0.14259,0.17465,0.43549,0.19663,0.4781,0.21725,0.079669,0.074936,0.34858,0.15408,0.2499,0.31567,0.35747,0.092252
0.72543,0.11215,0.086374,0.072941,0.16754,0.29831,0.28866,0.11588,0.19288,0.34638,0.2827,0.10385,0.51986,0.20997,0.124,0.066172,0.13098,0.10629,0.074742,0.06757,0.18802,0.39342,0.26683,0.14108,0.21444,0.21865,0.5125,0.20179,0.42966,0.24796,0.069872,0.066297,0.40713,0.16169,0.27832,0.39448,0.3428,0.10163
0.81206,0.10201,0.09541,0.092363,0.16966,0.30197,0.29061,0.15063,0.21786,0.36458,0.30241,0.11781,0.40716,0.25756,0.14577,0.082353,0.12786,0.098834,0.081552,0.090558,0.1837,0.43809,0.28754,0.15958,0.23994,0.19898,0.49673,0.24964,0.33395,0.21019,0.071752,0.066019,0.37495,0.15565,0.29078,0.42446,0.35595,0.11407
0.70684,0.10563,0.09,0.083562,0.20661,0.31321,0.25892,0.13162,0.24467,0.32549,0.28457,0.10206,0.40766,0.31657,0.19812,0.081351,0.12422,0.090151,0.10173,0.078429,0.20846,0.40793,0.34513,0.12633,0.302,0.21056,0.55881,0.24541,0.42789,0.18854,0.075899,0.071197,0.38931,0.16855,0.30211,0.37196,0.37448,0.10261
0.62019,0.12307,0.090912,0.093797,0.22575,0.36036,0.39,0.12005,0.24104,0.30149,0.30806,0.10335,0.35991,0.29218,0.18806,0.071865,0.1157,0.081692,0.092548,0.10461,0.19692,0.41938,0.41137,0.10454,0.29315,0.22487,0.54001,0.24042,0.43654,0.19514,0.063611,0.072249,0.35,0.14684,0.28955,0.39555,0.37622,0.094773
0.59455,0.15168,0.072249,0.10619,0.23951,0.47749,0.42394,0.13137,0.26148,0.33685,0.3372,0.10486,0.26557,0.34235,0.20456,0.090035,0.14716,0.097072,0.094311,0.11096,0.20745,0.46598,0.41808,0.084049,0.27904,0.20608,0.5953,0.251,0.56026,0.1618,0.064367,0.087856,0.35538,0.13971,0.30772,0.42142,0.30338,0.12093
0.76903,0.20691,0.074367,0.099471,0.23846,0.56981,0.38517,0.1376,0.24607,0.29273,0.39832,0.12201,0.25347,0.29757,0.21006,0.074618,0.15431,0.12269,0.099325,0.11057,0.21001,0.50172,0.31936,0.078777,0.25477,0.26855,0.65332,0.25445,0.53304,0.17148,0.069958,0.10294,0.4642,0.14963,0.29783,0.50312,0.32759,0.12125
0.71329,0.20016,0.091982,0.11309,0.23626,0.57226,0.34293,0.17115,0.28673,0.27839,0.44669,0.13067,0.28655,0.2599,0.1665,0.091428,0.15691,0.11627,0.11656,0.12553,0.19204,0.49502,0.36378,0.078496,0.22621,0.31323,0.52642,0.24537,0.45069,0.16909,0.069698,0.080204,0.39854,0.12706,0.31843,0.59064,0.33928,0.11642
0.62386,0.15509,0.0983,0.12601,0.26975,0.55538,0.36332,0.18812,0.31861,0.2605,0.46332,0.14908,0.28758,0.25684,0.16043,0.10224,0.15238,0.10938,0.12539,0.13756,0.19788,0.4343,0.37536,0.078748,0.24674,0.2552,0.41222,0.25023,0.33618,0.20157,0.074346,0.077736,0.46132,0.14974,0.34328,0.59271,0.3072,0.1092
0.6181,0.13916,0.099808,0.12845,0.24329,0.52565,0.35091,0.18718,0.33342,0.2744,0.43792,0.18447,0.25041,0.26017,0.15566,0.10582,0.12797,0.12722,0.10749,0.13369,0.17884,0.35013,0.35325,0.085333,0.25493,0.25627,0.39768,0.27095,0.26591,0.24115,0.075745,0.10285,0.51169,0.17743,0.34564,0.58543,0.2675,0.10355
0.65782,0.13466,0.088433,0.12183,0.22949,0.4879,0.3029,0.19292,0.3593,0.26271,0.45454,0.17746,0.2552,0.25137,0.17425,0.10165,0.12478,0.13529,0.10119,0.13399,0.19385,0.28261,0.37777,0.10151,0.24667,0.24605,0.39311,0.28746,0.2595,0.20767,0.073461,0.11104,0.55655,0.19984,0.38307,0.57311,0.31782,0.10374
0.69672,0.11747,0.089667,0.12409,0.23871,0.46243,0.27998,0.16368,0.38874,0.31241,0.43353,0.14958,0.26503,0.28678,0.17961,0.12165,0.12981,0.16048,0.10182,0.13333,0.17733,0.27372,0.36897,0.10541,0.29007,0.2582,0.43445,0.35863,0.20342,0.24022,0.079355,0.11682,0.59331,0.21677,0.48418,0.56686,0.31939,0.12435
0.74558,0.11622,0.093403,0.12763,0.23564,0.47696,0.25686,0.15442,0.4422,0.34043,0.50388,0.16128,0.24708,0.30323,0.1609,0.12854,0.16062,0.16639,0.094325,0.12561,0.19056,0.29915,0.38319,0.11001,0.25956,0.27671,0.38711,0.39784,0.18699,0.27565,0.077765,0.12018,0.60927,0.23031,0.63832,0.51973,0.317,0.14355
0.79347,0.12336,0.097412,0.12078,0.25322,0.48428,0.22707,0.15489,0.52552,0.35958,0.55424,0.17391,0.24809,0.29538,0.16999,0.12051,0.15514,0.15216,0.10371,0.10925,0.19495,0.30152,0.36445,0.10277,0.23356,0.29462,0.38345,0.42412,0.1926,0.33201,0.080594,0.11273,0.60668,0.22285,0.71724,0.4425,0.27693,0.14116
0.81063,0.13833,0.10854,0.12622,0.28389,0.49325,0.22205,0.16074,0.5946,0.32067,0.50023,0.17929,0.25907,0.31377,0.16603,0.10275,0.14405,0.15063,0.11171,0.11195,0.20122,0.2913,0.34673,0.098495,0.26329,0.25988,0.45623,0.45545,0.17607,0.35304,0.095073,0.12304,0.59268,0.17968,0.70083,0.42069,0.27644,0.12374
0.79443,0.14748,0.12471,0.1256,0.2862,0.55352,0.25841,0.15487,0.56274,0.31081,0.41378,0.16914,0.30732,0.33151,0.16603,0.10342,0.13348,0.16508,0.11625,0.12572,0.208,0.31814,0.38269,0.095838,0.25289,0.21278,0.49453,0.46836,0.16114,0.3514,0.09894,0.12796,0.56663,0.13415,0.62669,0.46753,0.29926,0.10415
0.75665,0.14694,0.11268,0.12924,0.26976,0.65131,0.29054,0.17476,0.5613,0.33809,0.43089,0.1871,0.32494,0.35083,0.15649,0.1078,0.14395,0.18499,0.12118,0.12212,0.2141,0.33812,0.35569,0.088657,0.22688,0.19659,0.54087,0.47282,0.14593,0.34231,0.096556,0.11661,0.52605,0.11048,0.51916,0.53874,0.34232,0.094583
0.71239,0.14301,0.094247,0.13162,0.29942,0.74354,0.31508,0.20248,0.61565,0.3689,0.49922,0.20471,0.27849,0.31427,0.15076,0.11648,0.14273,0.1842,0.1405,0.13094,0.25241,0.35048,0.34012,0.089117,0.25514,0.18015,0.60484,0.46553,0.12853,0.3061,0.096263,0.10674,0.47691,0.12302,0.44975,0.57371,0.43111,0.084941
0.67708,0.13625,0.10574,0.12177,0.31849,0.81019,0.33564,0.22249,0.61324,0.38115,0.54875,0.21431,0.30991,0.30483,0.12616,0.13051,0.12666,0.17329,0.16246,0.15683,0.29105,0.38169,0.33041,0.096736,0.27992,0.18002,0.63317,0.41359,0.13347,0.31494,0.10157,0.098727,0.42851,0.13796,0.41905,0.55408,0.53268,0.079775
0.64857,0.12752,0.11673,0.14508,0.34395,0.84914,0.41349,0.21838,0.56071,0.39904,0.56318,0.22257,0.30558,0.3293,0.10965,0.12981,0.13145,0.15147,0.17262,0.1756,0.28341,0.4296,0.32455,0.098177,0.27659,0.20267,0.63224,0.34335,0.16321,0.33076,0.1028,0.10032,0.46436,0.13639,0.34747,0.4974,0.57308,0.08803
0.6508,0.11867,0.12883,0.17022,0.37407,0.86554,0.50242,0.20127,0.50417,0.40773,0.51081,0.22066,0.29951,0.36203,0.12028,0.12654,0.13484,0.12699,0.16976,0.18098,0.26532,0.46962,0.36236,0.096063,0.3015,0.20163,0.61473,0.29235,0.18378,0.32698,0.094799,0.098293,0.469,0.13114,0.32012,0.46714,0.56596,0.095157
0.66431,0.1156,0.15401,0.18402,0.41781,0.86479,0.53472,0.19109,0.53105,0.40992,0.45113,0.20236,0.30461,0.37225,0.13097,0.11617,0.14011,0.12743,0.16181,0.1748,0.25773,0.47131,0.39719,0.10803,0.32575,0.20423,0.57984,0.27207,0.18766,0.28688,0.08339,0.089994,0.44327,0.12005,0.31793,0.43707,0.54095,0.091578
0.62479,0.11042,0.15641,0.1891,0.48054,0.84995,0.52802,0.18233,0.54306,0.44867,0.43388,0.17617,0.31038,0.36584,0.13649,0.1282,0.14005,0.15038,0.15745,0.17446,0.24103,0.43126,0.4261,0.1233,0.31909,0.19018,0.52249,0.28267,0.17953,0.25606,0.081541,0.095673,0.41938,0.11217,0.37273,0.41152,0.55154,0.092944
0.5913,0.11015,0.13667,0.1814,0.48282,0.82202,0.49373,0.17546,0.54128,0.52381,0.40277,0.15263,0.31019,0.3486,0.13779,0.14479,0.13785,0.16338,0.15122,0.17108,0.27378,0.3691,0.46214,0.12514,0.31531,0.15001,0.46138,0.28928,0.16753,0.2712,0.088565,0.10815,0.43083,0.10358,0.42895,0.37372,0.54583,0.096191
0.59552,0.10888,0.12382,0.18732,0.43711,0.7904,0.41376,0.17301,0.52904,0.56687,0.36614,0.13179,0.28052,0.32317,0.14039,0.14878,0.13634,0.16539,0.1405,0.15954,0.33565,0.31811,0.51778,0.11554,0.29999,0.12256,0.43042,0.30441,0.15491,0.30577,0.085291,0.12303,0.45147,0.08382,0.41386,0.3407,0.52288,0.11614
0.66393,0.10124,0.12364,0.21277,0.40324,0.75791,0.37383,0.16432,0.50419,0.61862,0.36022,0.116,0.24765,0.27903,0.14831,0.13482,0.13821,0.16589,0.12779,0.1473,0.38997,0.31577,0.60126,0.11475,0.2757,0.11185,0.43795,0.30275,0.15151,0.32329,0.078807,0.13868,0.46079,0.075611,0.37137,0.34202,0.48498,0.12785
0.70095,0.088978,0.11651,0.2328,0.36367,0.71079,0.36902,0.15363,0.46013,0.71131,0.37121,0.11304,0.23188,0.28261,0.15271,0.13359,0.14122,0.16029,0.12226,0.1387,0.42385,0.34763,0.68238,0.11417,0.28968,0.11517,0.48095,0.29351,0.14204,0.32841,0.081884,0.14576,0.45909,0.07092,0.36188,0.3218,0.45244,0.12709
0.67129,0.083494,0.10462,0.26234,0.35574,0.65594,0.407,0.15752,0.41707,0.78451,0.37253,0.12312,0.2565,0.28478,0.1571,0.13623,0.14387,0.14626,0.1185,0.13434,0.43184,0.37519,0.73365,0.11087,0.33192,0.12192,0.48859,0.27972,0.1288,0.34873,0.088569,0.14656,0.44352,0.076622,0.36636,0.3141,0.44627,0.11929
0.64175,0.09089,0.1002,0.27211,0.34545,0.60132,0.43073,0.16516,0.40644,0.78007,0.38303,0.122,0.28868,0.28527,0.16322,0.13557,0.14462,0.12786,0.11246,0.13132,0.40978,0.40773,0.73426,0.10982,0.36809,0.12924,0.47351,0.26107,0.122,0.33359,0.089564,0.1482,0.41732,0.088341,0.35216,0.32379,0.45464,0.10835
0.60808,0.091444,0.093989,0.26419,0.33822,0.55398,0.42791,0.16838,0.41549,0.70869,0.38426,0.11713,0.28832,0.2739,0.15469,0.13135,0.14363,0.11525,0.10701,0.12859,0.38444,0.42618,0.70545,0.11212,0.39177,0.13708,0.44029,0.24081,0.11761,0.30334,0.083968,0.15232,0.39572,0.094524,0.34472,0.33032,0.45903,0.09546
0.5652,0.08813,0.083438,0.24606,0.32647,0.51884,0.42333,0.16116,0.43021,0.62845,0.41055,0.12017,0.26123,0.26955,0.1556,0.12267,0.14163,0.11467,0.10515,0.12779,0.37294,0.41313,0.67883,0.11541,0.3959,0.14336,0.47761,0.22324,0.11163,0.33528,0.078135,0.15483,0.38718,0.094057,0.36069,0.31949,0.45819,0.085083
0.57175,0.085472,0.072632,0.22233,0.31055,0.49756,0.41353,0.14631,0.45774,0.58523,0.43943,0.13551,0.2337,0.2725,0.14602,0.11393,0.13976,0.12016,0.10178,0.12759,0.38059,0.38178,0.65079,0.11954,0.36673,0.14514,0.51334,0.23331,0.10458,0.33974,0.078109,0.14829,0.38236,0.092661,0.41577,0.29892,0.46004,0.081178
0.64605,0.084577,0.070965,0.19476,0.29303,0.48856,0.39307,0.13705,0.50535,0.5683,0.44501,0.14985,0.24077,0.27199,0.13047,0.12529,0.13764,0.12319,0.095879,0.12504,0.36622,0.35335,0.60557,0.12513,0.30089,0.15996,0.54513,0.2366,0.096703,0.32221,0.083329,0.12896,0.38784,0.087684,0.46908,0.2861,0.46957,0.084351
0.74271,0.085538,0.070886,0.1773,0.28491,0.4879,0.36551,0.12987,0.58521,0.53422,0.41556,0.15404,0.24581,0.2724,0.11976,0.13407,0.13666,0.12025,0.096995,0.14227,0.34602,0.33063,0.544,0.13178,0.29196,0.16186,0.56232,0.23114,0.099705,0.29217,0.087201,0.10966,0.38886,0.079028,0.48508,0.28943,0.4878,0.089283
0.81321,0.084902,0.075547,0.1732,0.29597,0.4915,0.33737,0.1229,0.64419,0.47445,0.37459,0.15241,0.24346,0.2749,0.11803,0.13983,0.13679,0.11565,0.094166,0.15868,0.34401,0.31841,0.48458,0.13705,0.27213,0.16001,0.56741,0.21988,0.10572,0.25388,0.086696,0.10539,0.37379,0.0735,0.48507,0.3008,0.51164,0.090296
0.8387,0.083295,0.075798,0.16872,0.32435,0.49591,0.2976,0.11289,0.66974,0.44015,0.34501,0.16202,0.23745,0.27059,0.1302,0.14242,0.13688,0.12793,0.090571,0.17105,0.33337,0.32507,0.44348,0.13842,0.24667,0.1631,0.58062,0.20678,0.10878,0.2233,0.085998,0.11008,0.34739,0.078461,0.4801,0.30733,0.53576,0.089847
0.82187,0.07914,0.07452,0.16194,0.33745,0.49909,0.26807,0.10883,0.64855,0.40345,0.34436,0.16762,0.22909,0.26471,0.13503,0.13861,0.1373,0.1394,0.087505,0.17077,0.32096,0.32845,0.42143,0.13495,0.22408,0.16054,0.59876,0.19367,0.10947,0.22875,0.095368,0.11271,0.31831,0.090883,0.4737,0.30521,0.55278,0.085332
0.78378,0.073882,0.07952,0.15654,0.34653,0.50023,0.26635,0.10627,0.59952,0.37259,0.36194,0.17146,0.21897,0.2713,0.13625,0.12725,0.1387,0.14649,0.090729,0.15993,0.30941,0.32339,0.41192,0.12831,0.20809,0.1494,0.61415,0.18577,0.10734,0.22685,0.1079,0.10938,0.29433,0.10085,0.48529,0.29917,0.55653,0.079713
0.74914,0.070063,0.085724,0.17381,0.34517,0.49931,0.2556,0.10177,0.55363,0.35595,0.37479,0.17107,0.21567,0.28522,0.12728,0.10888,0.1409,0.15214,0.099802,0.14477,0.29002,0.31025,0.41396,0.12181,0.19733,0.1329,0.62781,0.18452,0.10094,0.21833,0.1196,0.099007,0.30218,0.10734,0.49855,0.29882,0.54181,0.077784
0.73697,0.072359,0.094439,0.1855,0.32667,0.49681,0.24069,0.09823,0.49496,0.35164,0.37393,0.17029,0.21532,0.28245,0.11706,0.087205,0.14321,0.16844,0.11117,0.13173,0.30356,0.3114,0.42896,0.11738,0.18946,0.11541,0.63726,0.18565,0.098298,0.21014,0.12872,0.090051,0.31515,0.11205,0.48579,0.30238,0.50934,0.079301
0.7493,0.073287,0.10229,0.19459,0.33288,0.49349,0.23318,0.095027,0.43203,0.34707,0.36439,0.16745,0.21599,0.27332,0.11624,0.076727,0.14531,0.17802,0.12805,0.12527,0.33524,0.30258,0.45184,0.1148,0.17832,0.10187,0.65289,0.18924,0.10409,0.20353,0.13539,0.089786,0.32211,0.11563,0.44201,0.30745,0.46581,0.080362
0.76832,0.071163,0.11083,0.1984,0.35263,0.49005,0.23385,0.094163,0.37715,0.33701,0.3566,0.16177,0.21408,0.25785,0.11983,0.079857,0.14707,0.18482,0.14054,0.12566,0.36568,0.29236,0.48909,0.11336,0.1681,0.092289,0.66284,0.19501,0.10879,0.20287,0.14155,0.084636,0.31958,0.11697,0.40979,0.31183,0.42357,0.08017
0.77806,0.065843,0.12367,0.20356,0.36186,0.48701,0.23853,0.095988,0.33451,0.32347,0.35933,0.15369,0.20783,0.27865,0.12125,0.081005,0.1478,0.1814,0.14491,0.12835,0.37989,0.28648,0.54275,0.11264,0.15161,0.084023,0.6588,0.19966,0.11274,0.20584,0.14715,0.081849,0.30673,0.11419,0.43054,0.31416,0.3954,0.078477
0.76619,0.0586,0.13393,0.2154,0.36784,0.4848,0.24144,0.098272,0.30382,0.31444,0.37282,0.14529,0.1987,0.30113,0.11811,0.080035,0.14698,0.17172,0.14348,0.12733,0.42265,0.27572,0.58654,0.11274,0.15134,0.076891,0.64056,0.20257,0.11683,0.20599,0.1534,0.080582,0.28527,0.11182,0.46119,0.3137,0.38583,0.075171
0.73161,0.051307,0.14019,0.2203,0.3766,0.48355,0.24103,0.097331,0.27562,0.30487,0.39116,0.13878,0.18957,0.31359,0.12182,0.077598,0.14444,0.16646,0.1378,0.13992,0.47743,0.26191,0.6181,0.11452,0.1508,0.073819,0.60976,0.20495,0.12126,0.19915,0.15803,0.078375,0.26183,0.11712,0.48904,0.31023,0.38846,0.070459
0.67553,0.045389,0.13803,0.21742,0.3893,0.48312,0.23946,0.0967,0.28885,0.29484,0.40647,0.13415,0.18147,0.31399,0.12837,0.074085,0.14026,0.16121,0.13054,0.14079,0.51867,0.24797,0.6433,0.11736,0.15383,0.070373,0.57151,0.20728,0.12489,0.18612,0.15284,0.076808,0.25912,0.11871,0.49336,0.30422,0.39308,0.066461
0.6029,0.043997,0.12943,0.208,0.40241,0.48328,0.23801,0.097506,0.32171,0.28555,0.41316,0.13464,0.17318,0.30971,0.13098,0.074266,0.13487,0.15384,0.12614,0.13317,0.54379,0.25343,0.66945,0.11989,0.15407,0.067955,0.53013,0.20855,0.12647,0.17542,0.14579,0.074953,0.25097,0.11901,0.47293,0.29681,0.39355,0.064042
0.55286,0.044527,0.11874,0.19496,0.41302,0.48374,0.23417,0.1034,0.34596,0.27555,0.405,0.13507,0.16319,0.30418,0.12873,0.073369,0.12907,0.14537,0.12561,0.12499,0.56014,0.25061,0.69757,0.12137,0.16112,0.063161,0.49091,0.2073,0.12556,0.19326,0.13829,0.077849,0.23864,0.12544,0.43951,0.28894,0.38953,0.06148
0.54663,0.046567,0.11014,0.18195,0.42113,0.48414,0.22617,0.1085,0.35384,0.26642,0.38211,0.13471,0.15191,0.31215,0.12216,0.071069,0.12351,0.13672,0.12577,0.11935,0.57876,0.23865,0.72259,0.12152,0.15835,0.057617,0.457,0.20297,0.12233,0.20546,0.1295,0.080273,0.22336,0.12691,0.40542,0.2813,0.38381,0.058908
0.53821,0.048548,0.10086,0.17155,0.42803,0.48425,0.21756,0.10943,0.35099,0.2602,0.34459,0.13312,0.14148,0.33114,0.11321,0.06735,0.11865,0.12824,0.12416,0.11518,0.59415,0.23007,0.73585,0.1206,0.14816,0.054089,0.42931,0.19636,0.1176,0.21478,0.12053,0.079053,0.21608,0.12216,0.37462,0.27429,0.37941,0.059604
0.53063,0.050574,0.093147,0.16443,0.43563,0.48377,0.20949,0.10923,0.34099,0.25816,0.29805,0.13015,0.13393,0.35353,0.1042,0.062829,0.1146,0.11996,0.12174,0.11015,0.58977,0.22696,0.73207,0.11904,0.14852,0.053723,0.40713,0.20896,0.11206,0.2225,0.1123,0.073756,0.2275,0.11278,0.36877,0.26835,0.37788,0.062201
0.5213,0.051755,0.087206,0.15955,0.44756,0.48325,0.19932,0.10846,0.32534,0.25953,0.27575,0.12574,0.13591,0.37172,0.0968,0.058358,0.11097,0.11205,0.12028,0.10332,0.55511,0.22293,0.71,0.11721,0.14943,0.054388,0.39053,0.21484,0.10613,0.22814,0.10546,0.066681,0.23748,0.10306,0.3892,0.26365,0.37841,0.064082
0.51057,0.051489,0.083694,0.15616,0.47284,0.48489,0.18338,0.10466,0.30763,0.26145,0.26001,0.12071,0.15449,0.38266,0.093653,0.054389,0.10714,0.10505,0.12031,0.09688,0.49401,0.24194,0.68203,0.1153,0.14711,0.054703,0.37601,0.20955,0.09995,0.23074,0.10002,0.065167,0.24454,0.10804,0.40788,0.26008,0.37904,0.06343
0.50086,0.049972,0.082864,0.15561,0.49385,0.48522,0.17759,0.10457,0.29353,0.26309,0.24262,0.11709,0.16857,0.41648,0.10219,0.054377,0.10267,0.099666,0.12139,0.090884,0.46769,0.2596,0.64365,0.11348,0.14458,0.054783,0.36201,0.19726,0.093427,0.23429,0.095744,0.065087,0.24884,0.11167,0.42433,0.25735,0.3779,0.060651
0.48997,0.047134,0.082835,0.15473,0.50269,0.48417,0.1728,0.10244,0.28889,0.2597,0.22658,0.11682,0.17358,0.43983,0.1098,0.058397,0.097685,0.094829,0.1228,0.090464,0.44063,0.26729,0.59979,0.11183,0.14345,0.054472,0.34753,0.18576,0.086515,0.23956,0.092682,0.064085,0.2517,0.1139,0.43809,0.25475,0.37397,0.058124
0.49748,0.043492,0.084131,0.15301,0.49135,0.48171,0.16749,0.10054,0.2948,0.24917,0.21416,0.1201,0.1704,0.44717,0.1169,0.061701,0.096095,0.090775,0.12312,0.091773,0.41474,0.26518,0.55697,0.11033,0.14544,0.05408,0.3319,0.18172,0.079475,0.23664,0.089774,0.061894,0.25459,0.11457,0.4467,0.25127,0.36724,0.054542
0.51906,0.042012,0.08494,0.1499,0.45757,0.47787,0.16334,0.099607,0.30664,0.23527,0.20765,0.12526,0.16322,0.43781,0.12332,0.063796,0.09492,0.087753,0.12081,0.094632,0.38435,0.25576,0.5255,0.10887,0.14997,0.053284,0.31477,0.18588,0.07268,0.23493,0.086354,0.059212,0.25857,0.11362,0.44481,0.24588,0.35904,0.050736
0.55456,0.04126,0.084224,0.145,0.4282,0.47271,0.16247,0.098487,0.31769,0.21672,0.20736,0.13,0.15658,0.41443,0.12875,0.064448,0.093709,0.086026,0.11518,0.10083,0.35662,0.24299,0.4967,0.10712,0.15588,0.052412,0.29621,0.19423,0.066393,0.22552,0.082086,0.057565,0.26392,0.11107,0.43098,0.238,0.35155,0.049533
0.56933,0.041571,0.082857,0.13824,0.43709,0.46632,0.16344,0.096673,0.32409,0.19554,0.2126,0.13293,0.15273,0.38635,0.13322,0.067042,0.092211,0.08551,0.10765,0.10626,0.35888,0.23098,0.46889,0.10483,0.16128,0.051128,0.27659,0.2017,0.061634,0.20796,0.078543,0.058029,0.2701,0.10687,0.41873,0.22707,0.34757,0.050024
0.55505,0.042496,0.081982,0.12995,0.44048,0.45881,0.16446,0.093348,0.32362,0.17442,0.22105,0.1336,0.15118,0.35974,0.13647,0.067823,0.090263,0.085819,0.10565,0.11067,0.37576,0.22271,0.44179,0.10182,0.16468,0.049785,0.25627,0.20474,0.059817,0.19252,0.080093,0.060282,0.27604,0.10119,0.45225,0.21323,0.34911,0.050935
0.51716,0.043313,0.078649,0.12082,0.43793,0.45031,0.16306,0.090245,0.317,0.1555,0.23055,0.1323,0.1497,0.33609,0.13834,0.066109,0.087973,0.086372,0.10094,0.11365,0.40085,0.21983,0.42034,0.098056,0.16471,0.048122,0.23584,0.20745,0.058477,0.19041,0.080146,0.063357,0.28075,0.094538,0.47723,0.19653,0.35711,0.051917
0.4724,0.04408,0.07662,0.11164,0.43817,0.44095,0.16313,0.088404,0.30649,0.14028,0.23984,0.12959,0.14666,0.31387,0.13888,0.062097,0.085593,0.086598,0.096747,0.11459,0.428,0.2229,0.39636,0.093587,0.16135,0.046445,0.21689,0.21461,0.055852,0.1874,0.078609,0.066148,0.28884,0.087878,0.51845,0.17758,0.37078,0.053036
0.43681,0.04474,0.075945,0.11345,0.43145,0.43085,0.17209,0.087569,0.29462,0.13317,0.24718,0.12604,0.14163,0.29442,0.1379,0.056654,0.083387,0.086193,0.099647,0.11306,0.45318,0.23169,0.36999,0.088594,0.15531,0.044559,0.20046,0.22787,0.05303,0.18418,0.075826,0.067929,0.29394,0.082215,0.54115,0.15712,0.38802,0.054742
0.437,0.045349,0.073546,0.1198,0.41863,0.42015,0.17655,0.092675,0.28172,0.13877,0.2522,0.12224,0.13925,0.2804,0.13494,0.057525,0.081529,0.085093,0.10361,0.10901,0.47205,0.24485,0.34225,0.083225,0.16186,0.043245,0.18766,0.24345,0.051427,0.18166,0.072895,0.068737,0.29493,0.078137,0.54458,0.15393,0.40625,0.057402
0.43684,0.045964,0.070604,0.1259,0.40011,0.40897,0.17647,0.097668,0.26917,0.14204,0.25411,0.11851,0.14388,0.2668,0.12966,0.058729,0.080043,0.083619,0.10786,0.10298,0.48243,0.25985,0.31414,0.077686,0.17249,0.042976,0.17926,0.26285,0.049102,0.17926,0.070995,0.069003,0.2917,0.075415,0.53125,0.15965,0.4231,0.060983
0.43632,0.046609,0.075052,0.13176,0.37697,0.39743,0.17195,0.10176,0.25667,0.14361,0.25382,0.11517,0.14769,0.25725,0.12294,0.060891,0.078822,0.082269,0.1122,0.095906,0.49849,0.27394,0.28702,0.072164,0.18,0.042533,0.1754,0.28244,0.046169,0.17697,0.070722,0.069107,0.28461,0.073306,0.55244,0.16405,0.43688,0.065006
0.43537,0.047254,0.078836,0.13731,0.36148,0.38564,0.16447,0.1045,0.24494,0.14349,0.25406,0.11224,0.14993,0.24895,0.11513,0.062354,0.077743,0.08147,0.11628,0.088695,0.50747,0.28482,0.26167,0.066817,0.1856,0.043192,0.17586,0.30133,0.042866,0.17459,0.071722,0.069825,0.27433,0.071106,0.552,0.16706,0.45294,0.068749
0.4567,0.047839,0.081138,0.14235,0.3574,0.37369,0.16481,0.10594,0.23404,0.15552,0.25508,0.10969,0.15018,0.23979,0.10695,0.063338,0.076712,0.083038,0.11946,0.08199,0.50983,0.29145,0.24527,0.069473,0.19072,0.04568,0.17936,0.32031,0.040653,0.17187,0.072649,0.076547,0.26116,0.07448,0.53649,0.16889,0.47361,0.071581
0.48162,0.04831,0.082378,0.14668,0.35221,0.36168,0.15947,0.10656,0.22454,0.16748,0.25484,0.10736,0.14819,0.23019,0.099462,0.064005,0.075675,0.086273,0.12086,0.076121,0.50836,0.29348,0.24434,0.070773,0.1964,0.047801,0.18466,0.34327,0.04054,0.16853,0.072254,0.082687,0.24538,0.076892,0.51431,0.16948,0.48928,0.073151
0.50652,0.048733,0.082843,0.15008,0.34626,0.3497,0.15418,0.10697,0.22134,0.17767,0.25331,0.1083,0.14394,0.21971,0.093687,0.064496,0.07459,0.089604,0.11989,0.071613,0.50656,0.29131,0.25933,0.070808,0.20312,0.048905,0.19068,0.3629,0.04106,0.16438,0.069791,0.087597,0.23176,0.076496,0.49235,0.16901,0.49971,0.073368
0.52887,0.049063,0.08342,0.15243,0.34009,0.33781,0.15356,0.10963,0.21777,0.18484,0.25069,0.10934,0.13757,0.20898,0.091474,0.064708,0.073411,0.092668,0.11637,0.068676,0.50669,0.28564,0.27449,0.069958,0.21002,0.04906,0.19645,0.37844,0.041089,0.15946,0.07268,0.090615,0.21959,0.073268,0.47349,0.16766,0.50509,0.072433
0.5468,0.049278,0.085782,0.15371,0.3341,0.32609,0.15102,0.11645,0.21347,0.18834,0.24732,0.10849,0.13025,0.19731,0.090898,0.064576,0.072094,0.095114,0.11068,0.067343,0.50916,0.27794,0.28913,0.068456,0.21554,0.049826,0.20077,0.39051,0.039926,0.15363,0.076022,0.091269,0.20628,0.074385,0.4576,0.16548,0.50588,0.070551
0.55941,0.051008,0.087372,0.15403,0.32836,0.31459,0.14722,0.12253,0.21146,0.1888,0.24388,0.10923,0.12845,0.18428,0.091664,0.063924,0.070615,0.09675,0.10371,0.072214,0.51293,0.27011,0.30243,0.066675,0.2181,0.051925,0.20377,0.39868,0.038707,0.1471,0.077606,0.089485,0.19233,0.073838,0.44263,0.16261,0.50263,0.068021
0.56495,0.052157,0.087076,0.15362,0.32306,0.30336,0.14352,0.12585,0.21021,0.18712,0.24044,0.1078,0.1247,0.17108,0.094515,0.06267,0.068998,0.097588,0.096678,0.08005,0.51637,0.26434,0.31371,0.064317,0.21686,0.053982,0.20471,0.40264,0.036718,0.14231,0.080983,0.088694,0.17834,0.071402,0.42655,0.15928,0.49599,0.067495
0.56344,0.05257,0.084499,0.15277,0.31884,0.29244,0.14445,0.12587,0.20872,0.18298,0.23724,0.10388,0.12249,0.15687,0.097346,0.060811,0.067318,0.097765,0.090885,0.087678,0.51816,0.26272,0.32225,0.061666,0.21347,0.055201,0.20368,0.40179,0.035456,0.13848,0.082795,0.086063,0.16491,0.068263,0.40808,0.1557,0.48711,0.068809
0.55472,0.052236,0.082351,0.15185,0.31539,0.28184,0.1416,0.12189,0.20622,0.17741,0.23442,0.098089,0.11992,0.14306,0.099298,0.058377,0.065668,0.097473,0.087181,0.094299,0.51769,0.26637,0.3277,0.059058,0.21167,0.054875,0.20074,0.39645,0.03543,0.13429,0.083088,0.082691,0.15256,0.0679,0.38694,0.15254,0.47705,0.069722
0.53886,0.051201,0.078347,0.15119,0.31277,0.2716,0.13487,0.11946,0.20313,0.17148,0.23189,0.091811,0.11653,0.13113,0.099878,0.055486,0.064123,0.096921,0.085492,0.099266,0.51504,0.27483,0.33012,0.056816,0.20471,0.052494,0.19591,0.38742,0.035817,0.13013,0.081865,0.080363,0.14178,0.068259,0.36319,0.16224,0.46699,0.070407
0.51664,0.04974,0.073326,0.15101,0.31129,0.26172,0.12955,0.11602,0.19863,0.16614,0.23007,0.086928,0.1126,0.1208,0.099728,0.053596,0.062704,0.096263,0.085377,0.1022,0.51071,0.28608,0.32971,0.055822,0.19289,0.048389,0.18932,0.37476,0.036083,0.12621,0.079288,0.080858,0.13282,0.068542,0.33746,0.17313,0.45807,0.070925
0.48923,0.049734,0.068441,0.1515,0.31039,0.25219,0.13191,0.11044,0.19277,0.16212,0.23182,0.083135,0.10822,0.11225,0.10152,0.051789,0.061393,0.095545,0.08623,0.10507,0.50517,0.29715,0.32649,0.058288,0.1771,0.045097,0.18124,0.35986,0.036021,0.12254,0.07567,0.080686,0.12585,0.068407,0.31071,0.18217,0.4509,0.07119
0.49374,0.049728,0.064584,0.15263,0.31039,0.24302,0.13377,0.10382,0.18534,0.15959,0.23186,0.081241,0.10578,0.10528,0.10164,0.04993,0.060102,0.094803,0.086612,0.10787,0.50164,0.30511,0.32005,0.061601,0.17025,0.044542,0.1755,0.34357,0.035649,0.11938,0.071361,0.080214,0.12086,0.067672,0.28829,0.18938,0.44594,0.071111
0.50014,0.04972,0.062278,0.15433,0.31086,0.2342,0.13477,0.097482,0.17619,0.15883,0.23111,0.079267,0.10302,0.099619,0.10021,0.048114,0.059003,0.094,0.085999,0.10945,0.49924,0.30734,0.3101,0.064749,0.16944,0.044227,0.1704,0.3269,0.034926,0.11666,0.069629,0.081219,0.11765,0.06625,0.27125,0.1947,0.44335,0.07051
0.504,0.049709,0.062853,0.15638,0.31152,0.2257,0.13411,0.092395,0.16615,0.15992,0.22989,0.077302,0.10741,0.09516,0.10075,0.046426,0.061606,0.093128,0.084216,0.11244,0.49582,0.30217,0.29689,0.068458,0.16688,0.043226,0.16859,0.31089,0.033843,0.11427,0.074697,0.081469,0.11593,0.064132,0.26703,0.19816,0.44279,0.069211
0.5052,0.049695,0.065346,0.15856,0.32103,0.21753,0.13181,0.088528,0.1552,0.1625,0.22777,0.075421,0.11284,0.092136,0.099614,0.044861,0.063618,0.092187,0.081465,0.11597,0.49115,0.29419,0.28103,0.074339,0.1631,0.041914,0.16561,0.29639,0.032424,0.11218,0.078485,0.080729,0.11533,0.06133,0.2632,0.19983,0.44373,0.067091
0.50378,0.049667,0.066622,0.16088,0.33819,0.20968,0.1283,0.085827,0.14446,0.16622,0.22415,0.073685,0.11825,0.092334,0.09703,0.043413,0.065158,0.091181,0.078168,0.11899,0.48478,0.29859,0.26329,0.08073,0.16311,0.040606,0.16153,0.28885,0.030865,0.11052,0.080876,0.078939,0.11546,0.057866,0.26081,0.19987,0.44563,0.06416
0.49922,0.049589,0.066443,0.16563,0.35735,0.20212,0.124,0.08698,0.13434,0.1708,0.21846,0.072159,0.12277,0.096058,0.093237,0.042045,0.066367,0.090139,0.075433,0.12185,0.47657,0.303,0.24458,0.086959,0.16139,0.039509,0.15648,0.29085,0.030644,0.10907,0.081924,0.076313,0.11592,0.05453,0.26079,0.19862,0.44767,0.060619
0.49191,0.051563,0.064667,0.16971,0.37875,0.19485,0.11934,0.089678,0.12702,0.17594,0.21058,0.070957,0.12589,0.099822,0.088438,0.040716,0.06736,0.08908,0.074906,0.12477,0.46693,0.30741,0.2338,0.092273,0.15794,0.038766,0.15334,0.29749,0.030416,0.10774,0.081827,0.073039,0.11639,0.055869,0.26395,0.19665,0.44932,0.056756
0.48198,0.05374,0.064829,0.1729,0.40095,0.18787,0.11603,0.09322,0.12448,0.18106,0.20616,0.070173,0.12747,0.10262,0.08281,0.039387,0.068243,0.088021,0.074698,0.12784,0.45657,0.31171,0.23531,0.096122,0.15295,0.038335,0.16405,0.30815,0.03024,0.10653,0.080952,0.069174,0.11659,0.057191,0.27077,0.19465,0.44993,0.052957
0.47198,0.05482,0.064661,0.17507,0.42296,0.18116,0.12302,0.097144,0.12051,0.18573,0.20114,0.070546,0.12754,0.10385,0.079329,0.038933,0.069101,0.087009,0.075,0.13113,0.44633,0.31576,0.23142,0.098318,0.1466,0.038076,0.17287,0.32152,0.030307,0.10545,0.079753,0.064824,0.11636,0.0585,0.28097,0.19219,0.44901,0.049689
0.47175,0.054709,0.065109,0.17611,0.44357,0.1747,0.12927,0.10095,0.11523,0.18953,0.19546,0.073479,0.12625,0.10291,0.075278,0.03897,0.070021,0.08605,0.075768,0.13467,0.43743,0.31942,0.2218,0.099123,0.14253,0.03782,0.17992,0.33572,0.030664,0.1043,0.07866,0.062201,0.11551,0.059753,0.29337,0.18884,0.4462,0.048232
0.46964,0.053582,0.064617,0.17676,0.46142,0.16851,0.13491,0.10471,0.10872,0.19215,0.18927,0.077075,0.12381,0.10023,0.070613,0.038742,0.071019,0.085152,0.0767,0.13842,0.42962,0.32261,0.20728,0.099129,0.13786,0.037328,0.18555,0.34892,0.03119,0.10308,0.07765,0.060498,0.11399,0.060889,0.30622,0.18468,0.44132,0.048061
0.46572,0.055329,0.063308,0.1791,0.47525,0.16258,0.14014,0.10782,0.10254,0.19447,0.18267,0.081323,0.12051,0.096041,0.06576,0.03812,0.072048,0.084272,0.077393,0.14225,0.42271,0.32529,0.19128,0.098998,0.13362,0.036514,0.1902,0.35937,0.031778,0.10189,0.076667,0.058343,0.11174,0.061929,0.31747,0.17986,0.43421,0.047519
0.46014,0.056978,0.06138,0.18058,0.48463,0.15688,0.14495,0.1105,0.10058,0.19535,0.17591,0.086095,0.11669,0.090677,0.063006,0.037139,0.072945,0.083309,0.077434,0.1459,0.4162,0.32745,0.17753,0.099213,0.12883,0.03527,0.19431,0.36606,0.032471,0.10055,0.075437,0.055885,0.10877,0.062866,0.32551,0.17461,0.42489,0.048682
0.45316,0.057681,0.059062,0.18129,0.48853,0.15143,0.14906,0.1127,0.097973,0.19456,0.17304,0.091176,0.11274,0.085505,0.06115,0.035936,0.073541,0.082175,0.076514,0.14906,0.40933,0.32908,0.17491,0.10266,0.12358,0.033569,0.19827,0.37371,0.033421,0.099198,0.073669,0.053316,0.10511,0.063665,0.32935,0.16912,0.41493,0.050819
0.44497,0.058981,0.057221,0.18127,0.48727,0.1462,0.15215,0.1143,0.094685,0.19285,0.16923,0.096324,0.10892,0.080599,0.05986,0.034642,0.073648,0.080806,0.078995,0.15135,0.401,0.33022,0.17774,0.10618,0.11873,0.032358,0.20235,0.37722,0.034763,0.097818,0.071325,0.050834,0.10084,0.064293,0.32879,0.16404,0.4089,0.053027
0.4357,0.06037,0.055781,0.18066,0.48036,0.1412,0.15401,0.11581,0.090757,0.1901,0.16444,0.10131,0.10544,0.079158,0.058987,0.033293,0.073164,0.079185,0.082773,0.15251,0.39057,0.33089,0.18197,0.10971,0.12394,0.031461,0.20681,0.37628,0.036456,0.09633,0.068324,0.048614,0.096044,0.064705,0.32413,0.16126,0.40046,0.054963
0.42539,0.061044,0.054945,0.17952,0.47022,0.13643,0.15454,0.11676,0.086277,0.1858,0.15875,0.106,0.1024,0.078749,0.058341,0.031788,0.072049,0.07732,0.086037,0.1523,0.37774,0.33114,0.18727,0.11328,0.12934,0.030536,0.21398,0.371,0.038251,0.094944,0.064771,0.046721,0.090839,0.064877,0.31603,0.15791,0.38986,0.05639
0.41406,0.061205,0.054753,0.17795,0.46497,0.13186,0.15379,0.11695,0.082723,0.18083,0.15501,0.1103,0.099898,0.077329,0.057771,0.032903,0.070308,0.07526,0.088693,0.15061,0.36256,0.33102,0.19323,0.11701,0.13477,0.029618,0.22453,0.36241,0.039775,0.093431,0.060862,0.045133,0.085345,0.064712,0.30529,0.15409,0.37745,0.057189
0.40166,0.061016,0.05388,0.17602,0.45443,0.1275,0.15204,0.11648,0.079171,0.17518,0.15088,0.1142,0.097947,0.07564,0.057265,0.035255,0.067965,0.073057,0.090665,0.14747,0.34541,0.33058,0.19956,0.12095,0.13948,0.028731,0.23457,0.3519,0.040691,0.091912,0.056802,0.044356,0.07966,0.064256,0.30787,0.14991,0.36369,0.057342
0.38862,0.060782,0.052435,0.1738,0.43832,0.12335,0.14972,0.11481,0.075475,0.16875,0.14601,0.11768,0.096634,0.073674,0.056923,0.03723,0.065442,0.070803,0.091893,0.14303,0.32816,0.32985,0.20596,0.12496,0.14272,0.027843,0.2437,0.34038,0.040834,0.09027,0.052777,0.04434,0.073983,0.063276,0.31822,0.14543,0.34905,0.056906
0.37468,0.060635,0.050776,0.17131,0.41737,0.11938,0.14728,0.11285,0.071781,0.16225,0.14046,0.12074,0.095964,0.073181,0.056868,0.038755,0.06361,0.068555,0.092299,0.13756,0.31662,0.32884,0.21214,0.12871,0.14384,0.026968,0.25164,0.32903,0.040323,0.088507,0.048937,0.044235,0.068402,0.061424,0.32302,0.14071,0.33394,0.056015
0.35982,0.060566,0.049415,0.16859,0.39169,0.11561,0.14514,0.11554,0.06811,0.15572,0.13452,0.12371,0.095917,0.0735,0.057236,0.04016,0.061518,0.066383,0.09184,0.1314,0.30508,0.32761,0.21786,0.13167,0.14261,0.026135,0.25793,0.31893,0.039386,0.086545,0.045401,0.045259,0.063067,0.058672,0.32117,0.13585,0.31894,0.054805
0.34451,0.060432,0.048314,0.16564,0.38712,0.11202,0.14361,0.11671,0.06657,0.1497,0.12819,0.12697,0.096435,0.074351,0.058142,0.042193,0.059003,0.064344,0.090472,0.12501,0.29743,0.32614,0.22297,0.13332,0.13912,0.025302,0.26204,0.31084,0.038088,0.088725,0.044089,0.046555,0.060906,0.055415,0.3128,0.13094,0.3044,0.05338
0.32874,0.060056,0.047646,0.16248,0.38902,0.10861,0.14294,0.11649,0.064831,0.14445,0.12161,0.12977,0.097396,0.075745,0.059593,0.043761,0.056059,0.062496,0.08822,0.11883,0.29772,0.32442,0.22728,0.13324,0.13393,0.024499,0.26397,0.30475,0.038672,0.091465,0.044524,0.047812,0.064892,0.053079,0.30019,0.12603,0.29069,0.05185
0.31239,0.059354,0.047469,0.1591,0.38975,0.10537,0.14301,0.11507,0.062912,0.1404,0.12101,0.1321,0.098633,0.07763,0.061516,0.044851,0.053744,0.060873,0.085142,0.11338,0.31443,0.32244,0.23076,0.13126,0.12759,0.024668,0.26326,0.30079,0.039415,0.093609,0.044743,0.049009,0.069746,0.050821,0.29058,0.12117,0.27815,0.05032
0.31926,0.058403,0.047682,0.15551,0.38935,0.10228,0.14367,0.11275,0.060871,0.1367,0.12808,0.13395,0.099984,0.079736,0.063688,0.045479,0.051601,0.059495,0.081359,0.10907,0.32841,0.3202,0.23338,0.12746,0.12099,0.024675,0.25974,0.29824,0.040242,0.094632,0.045663,0.050083,0.074404,0.050809,0.28035,0.11647,0.26697,0.048839
0.32474,0.057405,0.048136,0.1517,0.3879,0.099365,0.14475,0.10985,0.058773,0.1334,0.13469,0.1353,0.10134,0.081645,0.065818,0.045702,0.050272,0.058365,0.077035,0.10618,0.3398,0.31771,0.2351,0.12217,0.11734,0.025308,0.25359,0.29627,0.041196,0.094307,0.046932,0.050978,0.0785,0.052202,0.27067,0.11194,0.25736,0.047431
0.32818,0.056578,0.048696,0.14769,0.38559,0.096595,0.14594,0.1088,0.056715,0.13003,0.14064,0.13616,0.10268,0.083114,0.067586,0.045578,0.050607,0.057478,0.072389,0.10482,0.34879,0.31488,0.23594,0.11588,0.11418,0.026287,0.24463,0.29913,0.042235,0.092588,0.048078,0.051646,0.081839,0.053111,0.26242,0.10764,0.24933,0.046103
0.33004,0.056083,0.049249,0.1435,0.38232,0.093969,0.14698,0.11287,0.054747,0.12681,0.14578,0.13658,0.10408,0.083945,0.068756,0.045188,0.05054,0.056794,0.067653,0.10481,0.35557,0.31176,0.23577,0.10995,0.11056,0.027211,0.2332,0.30759,0.043132,0.089681,0.049172,0.052057,0.084365,0.053845,0.25613,0.10362,0.24288,0.044847
0.3302,0.055813,0.049759,0.13914,0.37815,0.091486,0.14766,0.11607,0.052881,0.12409,0.15002,0.13655,0.10568,0.083574,0.069211,0.04461,0.049996,0.056273,0.063103,0.10584,0.36038,0.30826,0.23894,0.10447,0.1067,0.028148,0.22084,0.31235,0.043849,0.085876,0.050166,0.052846,0.08618,0.054611,0.252,0.099885,0.23794,0.043643
0.32883,0.055532,0.050295,0.13466,0.37314,0.089133,0.14788,0.11838,0.053128,0.1216,0.15334,0.13609,0.10762,0.082562,0.06896,0.0439,0.049001,0.055886,0.063272,0.10749,0.36339,0.30447,0.24211,0.099189,0.10262,0.029066,0.21562,0.313,0.044352,0.081491,0.051381,0.05425,0.08746,0.055506,0.2499,0.096462,0.23435,0.042465
0.32617,0.056128,0.050591,0.13008,0.36736,0.08691,0.14759,0.1199,0.05319,0.11943,0.15576,0.13516,0.11002,0.080396,0.068083,0.043096,0.047646,0.055583,0.063923,0.10932,0.36472,0.30032,0.24446,0.094343,0.10085,0.029886,0.2081,0.30893,0.044653,0.076778,0.052712,0.055296,0.088362,0.056478,0.24948,0.093363,0.2319,0.041271
0.3225,0.057342,0.050561,0.12546,0.36088,0.084807,0.14683,0.12073,0.05307,0.11761,0.15732,0.13368,0.11284,0.077586,0.066718,0.042223,0.04667,0.055325,0.063718,0.11092,0.36445,0.29583,0.24585,0.09004,0.10123,0.030505,0.19855,0.29985,0.044764,0.07213,0.053948,0.055917,0.089013,0.057396,0.25013,0.090595,0.23037,0.040031
0.31783,0.058384,0.050116,0.12084,0.35375,0.082821,0.14572,0.12097,0.052745,0.11615,0.15813,0.13162,0.11596,0.074255,0.064961,0.041271,0.045955,0.055078,0.06275,0.11196,0.36269,0.29531,0.24611,0.086283,0.10212,0.030836,0.18781,0.28706,0.044669,0.067929,0.054949,0.056061,0.089683,0.058055,0.25118,0.088154,0.22951,0.038715
0.31235,0.059292,0.049194,0.11629,0.34604,0.080944,0.14548,0.12076,0.052178,0.11506,0.15819,0.12902,0.11915,0.070411,0.062894,0.040237,0.045162,0.054817,0.061221,0.11221,0.35941,0.29728,0.2451,0.082997,0.10341,0.030825,0.17638,0.29688,0.044312,0.064467,0.055711,0.05569,0.090224,0.058247,0.25195,0.08603,0.22916,0.037309
0.30648,0.060095,0.047807,0.11184,0.33934,0.079172,0.14627,0.12051,0.051412,0.11443,0.15755,0.12596,0.12221,0.06649,0.060566,0.039164,0.044886,0.054525,0.059397,0.1115,0.35461,0.2962,0.24272,0.080099,0.10495,0.031683,0.16481,0.30455,0.043678,0.061852,0.056196,0.054778,0.090453,0.057854,0.25169,0.084207,0.22903,0.035809
0.30007,0.06076,0.045964,0.10755,0.33712,0.077499,0.14697,0.12005,0.050425,0.11413,0.15633,0.12249,0.12492,0.065387,0.058004,0.038093,0.047036,0.054186,0.057559,0.1098,0.34828,0.29206,0.23892,0.077533,0.10663,0.032865,0.15361,0.30939,0.04282,0.059925,0.056354,0.053334,0.090258,0.05684,0.24979,0.082666,0.22902,0.034236
0.29328,0.061309,0.043817,0.10346,0.33447,0.075921,0.14757,0.11955,0.049276,0.11409,0.15471,0.1187,0.12715,0.064259,0.055266,0.03695,0.049197,0.053795,0.060872,0.10713,0.34057,0.28853,0.23363,0.075284,0.10842,0.033861,0.14547,0.31148,0.041923,0.058333,0.056118,0.053243,0.089521,0.055246,0.2458,0.081383,0.22895,0.032611
0.28624,0.061713,0.041607,0.099623,0.33136,0.074429,0.14805,0.11907,0.047984,0.11429,0.15277,0.11472,0.12879,0.062553,0.052426,0.035919,0.051214,0.053347,0.06456,0.10363,0.33138,0.28588,0.22695,0.073377,0.11018,0.034519,0.14514,0.31127,0.041234,0.0568,0.055455,0.053508,0.088156,0.053622,0.23939,0.08033,0.22871,0.030979
0.27883,0.061962,0.041172,0.096062,0.32779,0.073023,0.14833,0.11846,0.046596,0.11466,0.15063,0.11064,0.12972,0.060339,0.049549,0.035291,0.052967,0.052841,0.068272,0.099481,0.32066,0.27998,0.21901,0.071847,0.1119,0.034704,0.14468,0.31184,0.040669,0.055508,0.054354,0.053428,0.086131,0.052033,0.23293,0.079481,0.22825,0.029389
0.27113,0.06198,0.041961,0.092797,0.32378,0.071695,0.14831,0.11783,0.045163,0.11517,0.14859,0.10757,0.13047,0.057938,0.046644,0.034494,0.054381,0.052294,0.071781,0.094963,0.3117,0.27127,0.20998,0.070708,0.11345,0.034379,0.14423,0.31228,0.040312,0.054772,0.052773,0.053034,0.083481,0.050217,0.22693,0.078806,0.22753,0.027897
0.26319,0.061749,0.042649,0.089848,0.31934,0.070441,0.1479,0.11714,0.043708,0.11576,0.14664,0.10461,0.13145,0.055705,0.045562,0.033517,0.0554,0.0517,0.074921,0.090381,0.3123,0.26038,0.19997,0.069928,0.11468,0.033535,0.14364,0.31186,0.040198,0.054195,0.050659,0.052373,0.080313,0.048332,0.2185,0.078278,0.22657,0.02656
0.2552,0.061271,0.0433,0.087214,0.31459,0.069257,0.14699,0.11647,0.042296,0.11639,0.14495,0.10161,0.1317,0.054573,0.047108,0.03236,0.055987,0.051078,0.077577,0.086026,0.31213,0.24868,0.19337,0.06942,0.11549,0.033068,0.14308,0.31066,0.040309,0.053746,0.048056,0.051496,0.076796,0.046524,0.21237,0.077867,0.22535,0.025426
0.24715,0.060582,0.043835,0.084887,0.31149,0.068137,0.1455,0.11588,0.040925,0.11724,0.14359,0.098617,0.13134,0.053306,0.048027,0.031249,0.056125,0.050435,0.079666,0.082175,0.31124,0.24686,0.18705,0.06905,0.11576,0.032779,0.14239,0.30895,0.040577,0.053392,0.047749,0.050415,0.07313,0.044865,0.21949,0.077549,0.22384,0.024704
0.2391,0.059688,0.04421,0.082847,0.31985,0.067079,0.14401,0.11526,0.039662,0.11806,0.14253,0.095621,0.13044,0.051898,0.048272,0.031894,0.055805,0.049778,0.08114,0.079026,0.30948,0.24427,0.17951,0.068681,0.11543,0.0322,0.14174,0.30684,0.040899,0.053104,0.048274,0.049135,0.071272,0.043381,0.22679,0.077298,0.22206,0.024745
0.23114,0.058604,0.044403,0.081068,0.32556,0.066076,0.14371,0.11451,0.03848,0.11882,0.14183,0.092664,0.12906,0.050434,0.047837,0.032275,0.055031,0.04911,0.081987,0.076701,0.30691,0.24106,0.1771,0.06818,0.11633,0.031544,0.14098,0.30405,0.041151,0.052856,0.048608,0.047653,0.072479,0.042071,0.23684,0.077093,0.21995,0.024726
0.22348,0.059471,0.044534,0.079513,0.32865,0.065129,0.14183,0.11337,0.037793,0.11946,0.14137,0.089736,0.12722,0.048906,0.046816,0.032444,0.053808,0.04843,0.082216,0.075198,0.3036,0.23729,0.17825,0.06745,0.12193,0.031046,0.14024,0.30072,0.041205,0.052629,0.048698,0.045986,0.073422,0.040923,0.24455,0.076913,0.21774,0.02465
0.21603,0.061375,0.044808,0.078144,0.32922,0.064229,0.13836,0.11141,0.037161,0.11995,0.14116,0.086855,0.12495,0.049594,0.045361,0.032449,0.052166,0.04773,0.081864,0.074421,0.29968,0.23307,0.17909,0.066429,0.12627,0.030784,0.13942,0.30019,0.04096,0.052409,0.049404,0.044182,0.07408,0.03994,0.25052,0.076742,0.21637,0.024522
0.2089,0.062897,0.045615,0.076921,0.32739,0.063377,0.13368,0.1097,0.037597,0.1204,0.14119,0.084034,0.12226,0.051348,0.04367,0.032355,0.050679,0.047016,0.08099,0.074201,0.2953,0.2285,0.17969,0.065098,0.1292,0.030359,0.13861,0.29917,0.040375,0.05219,0.050032,0.04231,0.074453,0.039121,0.2553,0.076564,0.21468,0.024346
0.20217,0.063867,0.045979,0.075798,0.32331,0.062565,0.13288,0.11589,0.037477,0.12082,0.14147,0.081286,0.11922,0.053227,0.041938,0.032412,0.049383,0.046984,0.079681,0.074323,0.29065,0.22369,0.1801,0.063473,0.13075,0.030131,0.13777,0.29732,0.039482,0.051969,0.050403,0.040441,0.074543,0.038454,0.25925,0.076369,0.21262,0.02413
0.19582,0.064314,0.046002,0.075172,0.31715,0.061795,0.13325,0.1219,0.036823,0.12101,0.14187,0.078622,0.11589,0.05528,0.041056,0.032265,0.047882,0.046881,0.078037,0.074585,0.2861,0.2187,0.18038,0.061592,0.13094,0.029995,0.13696,0.29423,0.038311,0.051772,0.050521,0.038621,0.074355,0.037905,0.26254,0.076146,0.21172,0.02434
0.18995,0.068094,0.045799,0.076224,0.30913,0.06106,0.133,0.12731,0.036073,0.12095,0.1423,0.076056,0.11235,0.05727,0.040259,0.03193,0.046188,0.046716,0.076167,0.074812,0.2817,0.21359,0.18055,0.059571,0.12991,0.029575,0.13623,0.2899,0.036861,0.05158,0.050408,0.03709,0.073896,0.037415,0.26507,0.075888,0.21114,0.024697
0.18454,0.071371,0.045536,0.076882,0.29944,0.060359,0.13223,0.13176,0.036406,0.12062,0.14256,0.0736,0.10864,0.059129,0.039401,0.031409,0.044318,0.046493,0.074202,0.074874,0.2778,0.20843,0.18056,0.060356,0.12772,0.029228,0.13558,0.28507,0.035175,0.051392,0.050099,0.039118,0.073178,0.036922,0.26672,0.075607,0.21038,0.025028
0.1796,0.073996,0.045283,0.077027,0.2883,0.05969,0.13095,0.13503,0.036694,0.12013,0.14258,0.071272,0.10482,0.060924,0.038458,0.030723,0.043348,0.046217,0.072425,0.074691,0.27439,0.20324,0.18034,0.061017,0.12668,0.028797,0.13493,0.28151,0.033347,0.05121,0.049637,0.041206,0.072211,0.036351,0.26726,0.075285,0.20944,0.025319
0.17518,0.075858,0.045075,0.076687,0.27593,0.059048,0.12917,0.13706,0.036915,0.11958,0.1426,0.069109,0.10093,0.06244,0.038153,0.029969,0.04337,0.045889,0.072379,0.074227,0.27177,0.19807,0.17981,0.061579,0.12671,0.028289,0.13424,0.27679,0.0315,0.051035,0.049067,0.043224,0.071007,0.035658,0.26658,0.07492,0.20836,0.025564
0.1713,0.076931,0.044875,0.075903,0.26256,0.058434,0.12702,0.13787,0.037085,0.11872,0.14232,0.067113,0.097012,0.063715,0.038107,0.031486,0.043384,0.045509,0.07214,0.073488,0.26985,0.19293,0.17895,0.062044,0.12565,0.027762,0.13353,0.27099,0.029746,0.050865,0.04843,0.045094,0.069579,0.034815,0.26473,0.074512,0.20712,0.025764
0.16793,0.077239,0.044579,0.074722,0.25651,0.057843,0.12461,0.13761,0.03716,0.11757,0.14163,0.065322,0.093107,0.064707,0.037977,0.032789,0.04339,0.045075,0.071808,0.072518,0.2686,0.18783,0.17773,0.062405,0.12534,0.0273,0.13279,0.26429,0.028172,0.050703,0.04776,0.046788,0.067938,0.034053,0.26183,0.074061,0.20575,0.025928
0.16508,0.076866,0.044097,0.073194,0.25333,0.057274,0.12191,0.1365,0.037122,0.11613,0.14047,0.063733,0.089218,0.065242,0.037683,0.03385,0.043377,0.044589,0.071476,0.071377,0.26802,0.18279,0.17613,0.062634,0.12444,0.026996,0.13197,0.25689,0.026825,0.050565,0.047076,0.048255,0.0661,0.033694,0.2581,0.073575,0.20428,0.026066
0.16274,0.075958,0.04339,0.072356,0.24995,0.056726,0.11915,0.13479,0.036961,0.11447,0.13881,0.062343,0.085393,0.065534,0.037159,0.034657,0.04334,0.044054,0.07123,0.070144,0.26799,0.17782,0.17414,0.062697,0.12306,0.026759,0.1312,0.24905,0.0271,0.050418,0.046376,0.049423,0.064082,0.033233,0.25386,0.073064,0.2027,0.026188
0.16088,0.074722,0.042419,0.071817,0.24641,0.056196,0.11627,0.13288,0.036673,0.11281,0.13668,0.061146,0.081638,0.065363,0.036576,0.035221,0.043276,0.043468,0.071127,0.068903,0.26826,0.17291,0.17178,0.062555,0.1231,0.026592,0.13035,0.24211,0.027308,0.050254,0.045641,0.050258,0.061901,0.032706,0.24942,0.072518,0.20102,0.026307
0.1595,0.07332,0.041222,0.071144,0.24276,0.055683,0.11341,0.13116,0.036301,0.11089,0.1341,0.06009,0.077971,0.065358,0.035727,0.035553,0.043173,0.042836,0.071211,0.067731,0.26875,0.16809,0.16906,0.062171,0.12426,0.026487,0.12946,0.24154,0.027414,0.050065,0.044834,0.050764,0.059712,0.032154,0.2451,0.071941,0.19926,0.026433
0.15856,0.071941,0.039896,0.070326,0.24162,0.055185,0.11057,0.12985,0.035807,0.10874,0.13108,0.059136,0.074399,0.066403,0.034631,0.035672,0.043026,0.042167,0.071593,0.066695,0.26931,0.17526,0.16602,0.061513,0.12492,0.026446,0.1286,0.23983,0.02748,0.049844,0.043917,0.05135,0.058924,0.031602,0.24113,0.071336,0.19743,0.026573
0.15803,0.07073,0.03851,0.069355,0.24239,0.0547,0.10781,0.12915,0.035194,0.10639,0.12766,0.058226,0.070919,0.067188,0.033394,0.0356,0.042831,0.041462,0.072625,0.065847,0.26968,0.18261,0.16268,0.06056,0.12528,0.026436,0.12767,0.23732,0.027571,0.050124,0.04285,0.052565,0.05748,0.031061,0.23766,0.070709,0.19555,0.02673
0.15788,0.069754,0.037147,0.068235,0.2423,0.054228,0.10511,0.12941,0.034472,0.10386,0.12388,0.057298,0.06752,0.067555,0.032613,0.035362,0.042588,0.040726,0.073908,0.065206,0.26993,0.18947,0.16022,0.059306,0.12542,0.026454,0.1267,0.23422,0.027543,0.050426,0.041605,0.053476,0.057391,0.030538,0.23468,0.070072,0.19361,0.026905
0.15807,0.069048,0.035867,0.066962,0.24116,0.053768,0.10251,0.13038,0.033667,0.10132,0.1198,0.0563,0.065091,0.067772,0.033057,0.035001,0.042298,0.039964,0.075419,0.064774,0.26974,0.19578,0.15902,0.057758,0.12548,0.026801,0.12577,0.23069,0.027357,0.050342,0.040173,0.054107,0.057768,0.030037,0.2321,0.069425,0.19163,0.027094
0.15856,0.068595,0.034695,0.065541,0.23898,0.053317,0.09997,0.13194,0.032808,0.098764,0.11545,0.055192,0.06292,0.067635,0.033587,0.034572,0.041964,0.039184,0.077121,0.064524,0.26931,0.20147,0.15763,0.05594,0.12553,0.027524,0.12479,0.22676,0.026989,0.049841,0.038558,0.054467,0.057972,0.029564,0.22978,0.068767,0.18962,0.027292
0.15931,0.068342,0.033635,0.063983,0.23585,0.052874,0.097491,0.13411,0.031883,0.096119,0.1138,0.053934,0.060721,0.067237,0.0338,0.034137,0.041593,0.038389,0.078969,0.064413,0.26835,0.20649,0.15606,0.053994,0.12559,0.028254,0.12378,0.22263,0.026425,0.048954,0.03719,0.054574,0.058016,0.029127,0.22753,0.068102,0.18757,0.027489
0.16028,0.068212,0.032697,0.062292,0.23196,0.052441,0.095037,0.13644,0.031131,0.093415,0.11612,0.052515,0.058473,0.066663,0.033799,0.033761,0.041194,0.037582,0.080917,0.065122,0.26713,0.21083,0.1543,0.052309,0.12567,0.028957,0.12273,0.21819,0.025677,0.047796,0.036295,0.054443,0.05791,0.028729,0.22518,0.067434,0.1855,0.027677
0.16145,0.068123,0.031962,0.062658,0.22911,0.052014,0.092804,0.13883,0.031216,0.090688,0.11831,0.050936,0.056157,0.06576,0.033798,0.033493,0.041256,0.036769,0.082907,0.06682,0.26543,0.21447,0.15236,0.050816,0.12574,0.029597,0.12173,0.21349,0.02478,0.047302,0.035252,0.054101,0.057648,0.02837,0.22259,0.066765,0.18341,0.027843
0.16281,0.067998,0.031248,0.063973,0.22728,0.051593,0.092452,0.14103,0.031217,0.088408,0.1204,0.049198,0.053765,0.064729,0.03364,0.033355,0.041299,0.035958,0.084892,0.068503,0.26355,0.21742,0.15021,0.049618,0.12578,0.030137,0.1207,0.20854,0.023788,0.046752,0.034094,0.053569,0.057239,0.028038,0.21965,0.066101,0.18129,0.027978
0.16427,0.067775,0.030529,0.065274,0.22523,0.051177,0.092132,0.14303,0.031149,0.086319,0.1224,0.047327,0.051295,0.063509,0.033368,0.033331,0.041094,0.035151,0.086817,0.070109,0.26132,0.2197,0.15001,0.04878,0.12578,0.030557,0.11964,0.20342,0.023264,0.046149,0.034045,0.052887,0.056703,0.027717,0.2163,0.065448,0.17916,0.028113
0.16582,0.067435,0.029768,0.066664,0.22304,0.050767,0.091757,0.14458,0.031098,0.084242,0.12425,0.045356,0.048765,0.062034,0.032998,0.033376,0.040624,0.034355,0.088634,0.071577,0.25903,0.22131,0.15267,0.048327,0.12568,0.030836,0.11854,0.19818,0.022785,0.045512,0.034495,0.052071,0.056042,0.027378,0.21255,0.064809,0.17701,0.028643
0.16746,0.06694,0.028948,0.068228,0.22074,0.050361,0.091351,0.14807,0.031264,0.082183,0.12603,0.043312,0.04619,0.060422,0.032526,0.033424,0.03989,0.033578,0.090303,0.072841,0.25659,0.22227,0.1537,0.048242,0.12548,0.030974,0.11751,0.19288,0.022312,0.044851,0.03476,0.051153,0.055258,0.026992,0.2101,0.064182,0.17484,0.02913
0.16916,0.066277,0.02806,0.070033,0.21826,0.049957,0.090864,0.15514,0.03134,0.080223,0.12767,0.041246,0.043598,0.058751,0.031943,0.033405,0.038904,0.032822,0.091784,0.073849,0.25415,0.22261,0.15313,0.048473,0.12515,0.030966,0.11645,0.18765,0.021869,0.044144,0.034868,0.050152,0.054761,0.026525,0.20934,0.063568,0.17265,0.029568
0.17085,0.065469,0.027103,0.072104,0.21549,0.049558,0.090292,0.16192,0.031318,0.078294,0.12916,0.039196,0.041027,0.056905,0.031239,0.033253,0.03839,0.032097,0.093047,0.074557,0.25178,0.22234,0.15112,0.048941,0.12471,0.030814,0.11537,0.18257,0.021471,0.043394,0.034862,0.049086,0.054211,0.025949,0.20821,0.06297,0.17045,0.02995
0.17259,0.064536,0.026087,0.074439,0.21219,0.04916,0.089628,0.16833,0.031206,0.076544,0.13056,0.037205,0.040058,0.054915,0.030407,0.032923,0.038097,0.031405,0.094068,0.074945,0.24943,0.22151,0.14784,0.049563,0.12417,0.03052,0.11428,0.18055,0.021103,0.043236,0.034776,0.047972,0.053478,0.025244,0.20674,0.062388,0.16825,0.030276
0.1743,0.063481,0.025015,0.077,0.20818,0.048765,0.088861,0.17422,0.031039,0.074819,0.13176,0.035321,0.039118,0.052867,0.029451,0.032389,0.037888,0.030751,0.094826,0.074998,0.24729,0.22017,0.14947,0.050258,0.12352,0.030077,0.11321,0.18335,0.020739,0.043576,0.034621,0.046822,0.052586,0.024708,0.20501,0.061825,0.16603,0.030544
0.17599,0.062328,0.023904,0.079731,0.20341,0.048372,0.087995,0.17964,0.030809,0.073285,0.13284,0.033583,0.038066,0.050841,0.02839,0.031645,0.037735,0.03014,0.095309,0.07472,0.24527,0.21832,0.15118,0.05096,0.12274,0.029482,0.11216,0.18521,0.020344,0.043841,0.034552,0.045648,0.051557,0.024612,0.20304,0.061282,0.1638,0.030748
0.17765,0.062252,0.022953,0.082562,0.19769,0.04798,0.087046,0.18477,0.030522,0.07181,0.13374,0.032038,0.036919,0.049983,0.027257,0.030707,0.037616,0.029572,0.095511,0.074126,0.24334,0.21601,0.15223,0.051612,0.12185,0.028765,0.1111,0.18599,0.020174,0.044021,0.034732,0.044458,0.050433,0.024419,0.20086,0.060758,0.16156,0.030888
0.17926,0.061998,0.022428,0.085421,0.19106,0.047633,0.085987,0.18946,0.03019,0.070458,0.13443,0.031563,0.035703,0.051421,0.026106,0.029605,0.037524,0.029051,0.095434,0.073252,0.24504,0.21327,0.15264,0.052181,0.12083,0.027941,0.11082,0.18561,0.020199,0.044101,0.034951,0.04406,0.049297,0.024123,0.19849,0.060255,0.15933,0.030962
0.18082,0.061556,0.021805,0.088242,0.18349,0.047656,0.084895,0.19376,0.029823,0.069251,0.13499,0.031765,0.03473,0.052423,0.025819,0.028383,0.037449,0.028575,0.095084,0.072139,0.24948,0.21011,0.15242,0.052643,0.11971,0.026988,0.11133,0.18405,0.020186,0.044072,0.035199,0.045089,0.048239,0.023722,0.19596,0.059772,0.15708,0.030976
0.18321,0.06094,0.021093,0.09097,0.17518,0.047617,0.083703,0.19768,0.029691,0.068102,0.1353,0.031842,0.033758,0.053017,0.0256,0.02709,0.037384,0.028145,0.094479,0.070839,0.25354,0.20659,0.15163,0.052992,0.11846,0.026769,0.11181,0.18131,0.020145,0.043933,0.035444,0.047099,0.047135,0.023216,0.19325,0.059315,0.15483,0.030939
0.18544,0.060162,0.020318,0.093563,0.16617,0.047519,0.082491,0.20135,0.029681,0.067028,0.13544,0.031793,0.032749,0.05313,0.025292,0.026045,0.037325,0.027762,0.093638,0.06941,0.2573,0.2027,0.15029,0.053231,0.11709,0.026777,0.11215,0.17748,0.02007,0.043696,0.035714,0.049075,0.045952,0.022608,0.19037,0.058878,0.15259,0.030863
0.18746,0.059238,0.019498,0.095994,0.15676,0.047367,0.081229,0.20475,0.029614,0.066136,0.13537,0.031616,0.031713,0.052912,0.024908,0.025702,0.037265,0.027424,0.092591,0.067908,0.26065,0.19901,0.14842,0.05337,0.11559,0.026732,0.11242,0.17265,0.019965,0.043395,0.035995,0.050835,0.044703,0.021895,0.18732,0.05846,0.15033,0.030766
0.18915,0.058181,0.018766,0.098249,0.14715,0.047168,0.079919,0.20904,0.029453,0.06529,0.13505,0.031314,0.030674,0.052249,0.024453,0.025413,0.037196,0.027128,0.091365,0.066455,0.2636,0.19828,0.14612,0.053431,0.11397,0.026639,0.11262,0.16693,0.019832,0.04307,0.036285,0.05237,0.043531,0.022169,0.18408,0.05806,0.14808,0.030663
0.19051,0.057009,0.018558,0.10033,0.14534,0.046927,0.078619,0.21335,0.02918,0.06448,0.13459,0.030897,0.02965,0.051349,0.023935,0.025182,0.037116,0.026874,0.08999,0.065473,0.26617,0.19733,0.14341,0.053432,0.11222,0.026506,0.1127,0.16613,0.01967,0.042751,0.036584,0.053671,0.042517,0.023004,0.18066,0.057678,0.14583,0.03072
0.1916,0.055746,0.018416,0.10223,0.14697,0.046652,0.077268,0.21705,0.028791,0.063694,0.13389,0.030377,0.028653,0.05179,0.023362,0.025004,0.03702,0.02666,0.088503,0.064533,0.26826,0.19615,0.14035,0.053396,0.11035,0.026343,0.11273,0.16915,0.019486,0.042448,0.036855,0.054731,0.042089,0.023796,0.17705,0.057313,0.14359,0.031154
0.19233,0.054397,0.0183,0.10398,0.14799,0.046349,0.075922,0.22008,0.028299,0.063026,0.13296,0.029789,0.027689,0.052678,0.022737,0.024871,0.036907,0.026481,0.086934,0.063675,0.26995,0.19472,0.13699,0.053343,0.10832,0.026163,0.11269,0.1721,0.019275,0.042149,0.037077,0.055526,0.041647,0.024534,0.17328,0.056963,0.14136,0.031562
0.19267,0.052968,0.018185,0.10558,0.14844,0.046139,0.074554,0.22242,0.027713,0.06238,0.1328,0.029472,0.026836,0.053325,0.022066,0.024772,0.036775,0.026337,0.085319,0.06293,0.27171,0.19306,0.13337,0.053287,0.1061,0.025976,0.11254,0.17493,0.019047,0.041836,0.03724,0.056036,0.041191,0.025209,0.16933,0.056627,0.13912,0.031946
0.19262,0.051572,0.01805,0.10705,0.14829,0.045866,0.073157,0.22403,0.027058,0.06171,0.13308,0.030101,0.026842,0.053721,0.02175,0.024692,0.036624,0.026638,0.083684,0.062324,0.27412,0.19113,0.12953,0.053242,0.1037,0.025797,0.11239,0.17763,0.018798,0.041498,0.037335,0.056255,0.040725,0.025808,0.16524,0.056304,0.13691,0.032303
0.19365,0.051104,0.017865,0.10841,0.14767,0.045515,0.071766,0.22484,0.026363,0.061197,0.1332,0.030749,0.026821,0.053921,0.021694,0.024617,0.036454,0.026996,0.08206,0.061868,0.27605,0.18896,0.12551,0.053212,0.10105,0.025634,0.11215,0.18023,0.018531,0.04113,0.037346,0.056193,0.040244,0.026323,0.16102,0.055993,0.1347,0.032632
0.19462,0.050669,0.017674,0.10965,0.14649,0.045089,0.070329,0.22534,0.025685,0.061181,0.13312,0.031384,0.026771,0.053913,0.021548,0.024533,0.036265,0.027359,0.080476,0.061569,0.27754,0.18654,0.12496,0.053195,0.098121,0.025486,0.11186,0.18259,0.018253,0.040745,0.037267,0.055871,0.039749,0.02675,0.15668,0.055692,0.13251,0.032931
0.19551,0.050258,0.017709,0.11079,0.14487,0.04459,0.068906,0.2255,0.025373,0.061187,0.13295,0.031979,0.02669,0.053746,0.021296,0.024426,0.036057,0.027723,0.078954,0.061421,0.27858,0.18387,0.12676,0.05319,0.098452,0.025351,0.11152,0.18474,0.017959,0.040384,0.037102,0.055319,0.039245,0.027088,0.15226,0.055401,0.13033,0.033202
0.1963,0.049892,0.017718,0.11181,0.14282,0.044199,0.06744,0.22488,0.025073,0.061199,0.13257,0.032511,0.026578,0.053447,0.020939,0.024286,0.035829,0.028085,0.077514,0.061409,0.27916,0.18098,0.12809,0.053188,0.10023,0.025226,0.11115,0.1872,0.017658,0.040074,0.036847,0.054569,0.038724,0.02733,0.1479,0.055117,0.12818,0.033443
0.19697,0.049573,0.0177,0.11271,0.14035,0.043794,0.065976,0.22349,0.024787,0.061218,0.13209,0.032964,0.026436,0.053026,0.020792,0.024103,0.035583,0.028444,0.076393,0.061512,0.27932,0.17789,0.12886,0.053182,0.1026,0.025108,0.11074,0.19093,0.01759,0.039856,0.036487,0.053659,0.0382,0.027476,0.14395,0.054845,0.12605,0.033656
0.19757,0.049287,0.017656,0.11348,0.13759,0.043372,0.064484,0.22136,0.024513,0.061269,0.13145,0.033326,0.026265,0.052549,0.02069,0.02387,0.035322,0.028901,0.07549,0.0617,0.27915,0.17463,0.12903,0.053164,0.10483,0.024992,0.11033,0.1942,0.018148,0.039736,0.036037,0.05263,0.037766,0.027527,0.13979,0.05458,0.12394,0.034234
0.19809,0.049056,0.017575,0.11408,0.13449,0.042932,0.06299,0.21856,0.024252,0.061293,0.1307,0.033602,0.026068,0.052016,0.02051,0.023588,0.035048,0.029371,0.074705,0.061947,0.27858,0.17122,0.12858,0.053132,0.10685,0.024871,0.10987,0.19684,0.018921,0.039724,0.035481,0.051521,0.037794,0.027488,0.13545,0.05432,0.12187,0.035154
0.19852,0.048844,0.01746,0.11451,0.13115,0.042467,0.061488,0.21507,0.024004,0.061281,0.12982,0.033781,0.025846,0.051433,0.020267,0.023255,0.035515,0.029771,0.074042,0.062216,0.27768,0.16768,0.12751,0.053083,0.10864,0.024737,0.1094,0.19884,0.019668,0.039811,0.034831,0.050367,0.03763,0.027365,0.13098,0.054063,0.11982,0.036139
0.19886,0.04864,0.017316,0.11474,0.12759,0.041976,0.061174,0.21093,0.023768,0.061222,0.12886,0.03387,0.025606,0.051084,0.019973,0.023063,0.036089,0.0301,0.073505,0.062479,0.27647,0.16401,0.12584,0.053023,0.11016,0.024581,0.10886,0.20005,0.02036,0.039968,0.034207,0.049201,0.037291,0.027167,0.12688,0.053809,0.11781,0.037171
0.19913,0.048442,0.017135,0.11474,0.12384,0.041456,0.061862,0.20621,0.023546,0.061109,0.12778,0.033879,0.025352,0.05088,0.019641,0.022996,0.036569,0.03036,0.07309,0.062706,0.27493,0.16023,0.1236,0.052956,0.11164,0.024547,0.10834,0.20043,0.020973,0.040183,0.033972,0.048045,0.037065,0.026902,0.12376,0.053556,0.11583,0.038232
0.19932,0.04822,0.016926,0.11452,0.11999,0.040907,0.062413,0.20096,0.023337,0.061,0.12665,0.033809,0.025089,0.050474,0.01928,0.023042,0.036961,0.030551,0.072792,0.062872,0.27307,0.15633,0.12081,0.052893,0.11301,0.024484,0.10775,0.19997,0.02148,0.040423,0.033681,0.046919,0.03691,0.027093,0.12199,0.053305,0.1139,0.039582
0.19945,0.047954,0.016698,0.11406,0.11602,0.04033,0.062834,0.19522,0.023143,0.060848,0.12545,0.03368,0.024823,0.049763,0.0189,0.023066,0.037276,0.030676,0.072603,0.062957,0.27097,0.15232,0.11754,0.052846,0.11413,0.024386,0.10714,0.19863,0.021869,0.040663,0.033335,0.045838,0.036719,0.027253,0.12012,0.053054,0.11201,0.040925
0.19951,0.047627,0.016447,0.11336,0.11282,0.039727,0.063135,0.18903,0.022962,0.060929,0.12419,0.033494,0.02456,0.048909,0.018506,0.023287,0.037519,0.03082,0.072513,0.062945,0.26856,0.14819,0.11385,0.052826,0.11494,0.024247,0.1065,0.1976,0.022142,0.040867,0.032929,0.044812,0.036498,0.027296,0.11814,0.052802,0.11016,0.042253
0.19951,0.04722,0.016182,0.11241,0.11352,0.039353,0.063324,0.18261,0.022797,0.061532,0.12288,0.033265,0.024321,0.048546,0.0181,0.023761,0.037706,0.031014,0.07251,0.062824,0.26588,0.14394,0.10981,0.052847,0.11549,0.024061,0.10581,0.20093,0.022337,0.041011,0.032463,0.043855,0.036244,0.027239,0.11607,0.052549,0.10837,0.043564
0.19944,0.046715,0.015915,0.11123,0.1162,0.039299,0.063413,0.17592,0.022646,0.062128,0.12154,0.033006,0.024076,0.048225,0.01769,0.024103,0.037865,0.03118,0.072581,0.06259,0.263,0.13956,0.10731,0.052917,0.11575,0.023831,0.10513,0.20383,0.022412,0.041064,0.03195,0.042971,0.035954,0.027095,0.11392,0.052296,0.10663,0.044856
0.1993,0.0461,0.01565,0.10981,0.11894,0.039225,0.063412,0.16896,0.022512,0.06271,0.12016,0.032721,0.023859,0.047927,0.017276,0.024307,0.038028,0.031313,0.072712,0.062244,0.25988,0.13506,0.10541,0.053048,0.11577,0.023553,0.1044,0.20638,0.022344,0.041064,0.031389,0.042169,0.035638,0.026883,0.11168,0.052047,0.10494,0.046124
0.19908,0.045364,0.015392,0.10819,0.12165,0.039131,0.063331,0.16197,0.022393,0.063273,0.11874,0.032425,0.023673,0.047918,0.01686,0.024375,0.03817,0.031416,0.072889,0.061791,0.25651,0.13044,0.10324,0.053245,0.11555,0.023222,0.10367,0.20854,0.022141,0.041222,0.030789,0.041453,0.035292,0.026624,0.10936,0.051794,0.10331,0.047359
0.19879,0.044505,0.015329,0.10639,0.12422,0.039015,0.063179,0.15494,0.022291,0.06381,0.11728,0.032123,0.023518,0.04788,0.016442,0.024306,0.038267,0.031484,0.073099,0.061236,0.25291,0.12572,0.10081,0.053514,0.11515,0.022838,0.10289,0.21034,0.021818,0.041257,0.030161,0.040972,0.034918,0.026341,0.10696,0.051539,0.10174,0.048551
0.19843,0.043523,0.015406,0.10442,0.1266,0.038876,0.062962,0.14797,0.022205,0.064317,0.11581,0.031822,0.023396,0.047793,0.016025,0.024107,0.038312,0.03152,0.073331,0.060594,0.24906,0.12091,0.098167,0.053856,0.11459,0.022405,0.10213,0.21172,0.021893,0.041182,0.029515,0.040744,0.034518,0.02646,0.10453,0.05128,0.10023,0.049696
0.198,0.042426,0.015416,0.1027,0.12872,0.038716,0.062685,0.14114,0.022134,0.06479,0.11435,0.031526,0.023308,0.047664,0.015608,0.023931,0.038302,0.031519,0.073569,0.059876,0.24501,0.11604,0.095345,0.054275,0.11391,0.022105,0.10132,0.21268,0.022103,0.041495,0.028853,0.040527,0.034095,0.026598,0.10205,0.051018,0.09879,0.050789
0.19752,0.041359,0.015354,0.10087,0.13054,0.038532,0.062354,0.13969,0.022079,0.065224,0.11297,0.031245,0.023253,0.04746,0.015208,0.023988,0.038239,0.031485,0.073804,0.059098,0.24071,0.11113,0.092388,0.054771,0.11317,0.022015,0.1005,0.21312,0.022191,0.04186,0.02818,0.040318,0.033647,0.02675,0.099553,0.050753,0.097416,0.051823
0.197,0.04075,0.015336,0.098956,0.13203,0.038324,0.061969,0.139,0.022039,0.065617,0.11171,0.030977,0.023229,0.047192,0.015102,0.023993,0.038121,0.031413,0.074024,0.058281,0.23616,0.10622,0.089338,0.055345,0.11241,0.021789,0.099661,0.21306,0.022124,0.042099,0.027502,0.040109,0.033181,0.026931,0.097063,0.050483,0.096109,0.052799
0.19642,0.040025,0.015264,0.097016,0.13318,0.038094,0.061548,0.13928,0.022013,0.066002,0.11044,0.030722,0.023233,0.046827,0.014983,0.023939,0.037948,0.031306,0.074218,0.057443,0.23135,0.1015,0.086247,0.055997,0.11165,0.021555,0.099095,0.21237,0.021899,0.042223,0.026823,0.039894,0.032691,0.027154,0.094581,0.050209,0.09487,0.053708
0.1958,0.039192,0.015119,0.095096,0.13399,0.037841,0.061076,0.13955,0.021999,0.066356,0.11167,0.030482,0.023258,0.046363,0.014851,0.023826,0.03772,0.031162,0.074379,0.056604,0.22629,0.10156,0.083137,0.05673,0.11093,0.021429,0.098927,0.211,0.021524,0.042254,0.026144,0.039946,0.032188,0.027429,0.092149,0.049932,0.093699,0.054548
0.19577,0.03826,0.014907,0.093244,0.13447,0.037565,0.060543,0.13959,0.021998,0.066665,0.11314,0.03026,0.023301,0.045806,0.0147,0.023647,0.037579,0.03098,0.074498,0.055783,0.22097,0.10158,0.080016,0.057544,0.11029,0.021211,0.098743,0.2089,0.02102,0.042215,0.025467,0.040143,0.031667,0.027759,0.089765,0.049656,0.092599,0.055311
0.19604,0.037246,0.014637,0.091502,0.13463,0.037267,0.059949,0.13944,0.022007,0.066927,0.11465,0.03005,0.023353,0.045109,0.014534,0.0234,0.037841,0.030765,0.074566,0.054994,0.21546,0.10158,0.077867,0.058439,0.10972,0.020912,0.098544,0.20604,0.020415,0.042137,0.02479,0.040388,0.031127,0.028144,0.087462,0.049375,0.091569,0.055997
0.1963,0.036181,0.014409,0.08991,0.13451,0.036946,0.059304,0.13907,0.022024,0.067141,0.1161,0.029849,0.023405,0.044348,0.01435,0.023082,0.038075,0.030514,0.074577,0.05425,0.2097,0.10155,0.07665,0.059416,0.10924,0.020549,0.098352,0.20237,0.020111,0.042039,0.024113,0.040674,0.030579,0.028577,0.085245,0.04909,0.09061,0.056599
0.19645,0.035077,0.014493,0.0885,0.13413,0.036605,0.058575,0.13841,0.022049,0.067308,0.11756,0.029653,0.023449,0.043427,0.014151,0.023564,0.038285,0.03023,0.074526,0.053557,0.20371,0.10149,0.075353,0.060471,0.10884,0.020134,0.09816,0.1979,0.020316,0.042007,0.023435,0.040996,0.030019,0.029049,0.083121,0.048799,0.089723,0.057113
0.19658,0.033961,0.014588,0.087293,0.13351,0.036243,0.057767,0.13762,0.02208,0.067427,0.11896,0.029465,0.023476,0.04247,0.01394,0.024123,0.039071,0.030315,0.074408,0.05292,0.19754,0.10141,0.073982,0.0616,0.10852,0.020007,0.097954,0.19263,0.020462,0.042783,0.022756,0.041344,0.029444,0.029545,0.081108,0.048504,0.088905,0.057541
0.19661,0.032866,0.014695,0.086304,0.13269,0.035862,0.056886,0.13653,0.022115,0.067499,0.12025,0.029275,0.023484,0.041377,0.013717,0.024558,0.040178,0.030462,0.074219,0.052338,0.1912,0.1013,0.072555,0.062796,0.10826,0.020126,0.097733,0.18658,0.020546,0.0437,0.022079,0.041711,0.028861,0.03005,0.079201,0.048204,0.088155,0.057882
0.1966,0.031812,0.014805,0.085529,0.1317,0.035462,0.055907,0.13519,0.022153,0.067523,0.12138,0.029079,0.023461,0.040256,0.013491,0.024875,0.041185,0.030554,0.073954,0.051809,0.18468,0.10118,0.071085,0.064048,0.10802,0.020205,0.097521,0.18156,0.020568,0.044735,0.021404,0.042086,0.028274,0.030543,0.077395,0.047899,0.087473,0.058136
0.19651,0.030824,0.014917,0.084962,0.13058,0.035045,0.05484,0.13373,0.022191,0.067502,0.12234,0.028877,0.023401,0.039046,0.013481,0.025086,0.042137,0.030588,0.073612,0.051328,0.17805,0.10105,0.069576,0.065346,0.10779,0.020253,0.097307,0.183,0.020527,0.04587,0.020733,0.042453,0.027678,0.03101,0.075684,0.04759,0.086855,0.058303
0.19635,0.029929,0.015023,0.08458,0.12935,0.034611,0.053692,0.13205,0.022233,0.067437,0.12316,0.028664,0.023304,0.037828,0.013714,0.025208,0.043435,0.030564,0.073191,0.050888,0.1758,0.1009,0.068034,0.066674,0.10753,0.020263,0.09708,0.18393,0.020425,0.047072,0.020067,0.042787,0.027074,0.031431,0.074062,0.047281,0.0863,0.058387
0.19615,0.02915,0.015124,0.084357,0.12804,0.034162,0.05245,0.13014,0.022274,0.067328,0.12381,0.028435,0.023163,0.036567,0.013945,0.025262,0.044646,0.030483,0.072692,0.05048,0.17475,0.10075,0.066464,0.068017,0.10723,0.020245,0.096839,0.18432,0.020266,0.048316,0.019409,0.043062,0.026466,0.031792,0.072513,0.046968,0.085807,0.058387
0.19585,0.028502,0.01521,0.084256,0.12668,0.033698,0.05112,0.12801,0.022311,0.067177,0.12468,0.02819,0.022977,0.035305,0.014171,0.02527,0.045756,0.030346,0.072114,0.050093,0.1736,0.10059,0.064868,0.069356,0.10685,0.020191,0.096608,0.18414,0.020052,0.049567,0.018763,0.043263,0.025859,0.03208,0.071018,0.046649,0.085372,0.058309
0.19554,0.027999,0.015284,0.08424,0.12536,0.033222,0.050563,0.12574,0.022344,0.067037,0.12541,0.027927,0.022748,0.034051,0.014393,0.025258,0.046738,0.030152,0.071459,0.049716,0.17236,0.10042,0.063249,0.070676,0.10637,0.020109,0.096374,0.1834,0.019785,0.050782,0.018128,0.04337,0.025248,0.032287,0.069558,0.046326,0.084992,0.058156
0.19513,0.027648,0.015338,0.084267,0.12576,0.032832,0.050561,0.12327,0.022371,0.066867,0.12598,0.027641,0.022472,0.032824,0.014611,0.025252,0.047572,0.029904,0.070728,0.049336,0.17103,0.10024,0.061605,0.071959,0.10576,0.020005,0.096127,0.18211,0.019471,0.051915,0.017509,0.043371,0.024635,0.032417,0.068115,0.045998,0.084666,0.057937
0.19467,0.027449,0.015374,0.084295,0.12616,0.032583,0.05045,0.1226,0.022392,0.066659,0.12638,0.027337,0.022158,0.031664,0.014825,0.025275,0.048249,0.029604,0.069924,0.048943,0.16962,0.10004,0.059936,0.073189,0.10502,0.019881,0.095868,0.18025,0.019119,0.052935,0.016908,0.043254,0.02402,0.032473,0.066679,0.045665,0.084389,0.057651
0.19417,0.027397,0.015388,0.084289,0.12656,0.032325,0.050238,0.12479,0.022404,0.066416,0.12662,0.02701,0.021804,0.030579,0.015037,0.025349,0.048771,0.029256,0.06905,0.048528,0.16814,0.099834,0.058241,0.074349,0.10412,0.019738,0.09561,0.17856,0.018825,0.053792,0.016803,0.043021,0.023407,0.032446,0.065224,0.045328,0.084159,0.057305
0.19357,0.027483,0.015381,0.084213,0.12696,0.032058,0.049956,0.12657,0.022409,0.066139,0.12669,0.026663,0.021415,0.029557,0.015247,0.025487,0.04914,0.028863,0.06811,0.048099,0.16659,0.099611,0.056593,0.075428,0.10309,0.02014,0.095357,0.17924,0.018518,0.054471,0.016811,0.042674,0.022798,0.032325,0.063735,0.044988,0.083974,0.056905
0.19296,0.027693,0.015353,0.084137,0.12736,0.031783,0.049621,0.12805,0.022404,0.065831,0.1266,0.0263,0.020996,0.028606,0.015453,0.025696,0.049355,0.028429,0.067109,0.047964,0.16499,0.09937,0.056,0.076413,0.10191,0.020804,0.095092,0.17945,0.018188,0.054947,0.016889,0.042225,0.02219,0.032103,0.062205,0.044648,0.08383,0.056456
0.19228,0.028009,0.01531,0.084238,0.12777,0.031501,0.049228,0.12902,0.02239,0.065493,0.12636,0.025917,0.02055,0.027737,0.015656,0.025977,0.049411,0.027963,0.066052,0.047768,0.16336,0.099113,0.055413,0.077294,0.10259,0.021504,0.094815,0.17921,0.017842,0.055219,0.016971,0.041682,0.021585,0.031785,0.060629,0.044303,0.083723,0.055957
0.19151,0.028412,0.01586,0.084203,0.12818,0.031212,0.048774,0.12952,0.022366,0.065128,0.12598,0.025521,0.020131,0.026947,0.015851,0.02632,0.049304,0.027469,0.064943,0.047502,0.16171,0.098836,0.054841,0.078064,0.10415,0.022221,0.094526,0.1785,0.017479,0.055311,0.017061,0.041054,0.020983,0.03138,0.058996,0.043954,0.083648,0.05541
0.19075,0.028878,0.016383,0.084009,0.12857,0.030916,0.048253,0.12962,0.022332,0.064737,0.12546,0.025114,0.020235,0.026341,0.016037,0.026714,0.049037,0.026952,0.06379,0.047163,0.16004,0.098539,0.054434,0.078719,0.10543,0.022942,0.094244,0.17734,0.017087,0.055249,0.017164,0.04037,0.020385,0.030917,0.057309,0.043601,0.083602,0.054819
0.1899,0.029383,0.01686,0.083642,0.12892,0.030614,0.047671,0.12923,0.022288,0.064323,0.12481,0.024698,0.020313,0.026611,0.016212,0.027141,0.048615,0.026415,0.062597,0.046743,0.15835,0.098217,0.054365,0.079259,0.10648,0.023658,0.093961,0.17581,0.016665,0.055068,0.017281,0.039999,0.020335,0.030409,0.055571,0.04354,0.083584,0.05419
0.18899,0.029914,0.017283,0.083091,0.12923,0.030306,0.047041,0.12838,0.02224,0.063887,0.12404,0.024275,0.020363,0.026811,0.016369,0.02758,0.048043,0.025858,0.062795,0.046237,0.15662,0.097871,0.054311,0.079681,0.10727,0.024358,0.093667,0.17389,0.016214,0.054833,0.017413,0.039573,0.02055,0.029846,0.053798,0.044162,0.083592,0.053524
0.18807,0.030443,0.01764,0.083625,0.12948,0.029993,0.046371,0.12708,0.022185,0.063432,0.12316,0.023852,0.020386,0.026943,0.016506,0.028012,0.047324,0.025279,0.062984,0.045641,0.15488,0.097501,0.054263,0.07999,0.10785,0.02503,0.093361,0.17159,0.015789,0.054584,0.017563,0.039106,0.020728,0.02922,0.051995,0.044724,0.083618,0.052821
0.18706,0.030955,0.017928,0.084066,0.12965,0.029675,0.045675,0.12603,0.02212,0.062969,0.12215,0.02343,0.020386,0.027044,0.016619,0.028417,0.046455,0.024688,0.062968,0.044953,0.15311,0.097102,0.054214,0.080188,0.1082,0.025669,0.093044,0.16902,0.015717,0.054372,0.017729,0.038608,0.020867,0.028597,0.05018,0.045226,0.08366,0.052077
0.18602,0.031429,0.018144,0.084325,0.12972,0.029353,0.044969,0.12543,0.022046,0.062527,0.12605,0.023013,0.020365,0.027065,0.016705,0.028779,0.045441,0.024429,0.06272,0.044172,0.1513,0.096675,0.054157,0.080282,0.10836,0.026268,0.092719,0.16615,0.015657,0.054239,0.017909,0.038086,0.020963,0.028137,0.048371,0.045667,0.08372,0.051294
0.18495,0.031862,0.01829,0.084397,0.12967,0.029026,0.04427,0.12448,0.021964,0.062068,0.12975,0.022649,0.020323,0.027037,0.016761,0.029083,0.04429,0.024152,0.062224,0.043304,0.14944,0.096219,0.054085,0.080276,0.10835,0.026824,0.092687,0.16301,0.015597,0.054212,0.0181,0.037545,0.021018,0.027625,0.047441,0.046047,0.083788,0.050474
0.18381,0.032235,0.018367,0.084282,0.12949,0.028695,0.043594,0.1231,0.021873,0.061594,0.13317,0.022597,0.020261,0.026972,0.016784,0.02932,0.043016,0.023863,0.061476,0.042354,0.14755,0.095905,0.05399,0.080179,0.10817,0.027337,0.09314,0.15968,0.015526,0.054296,0.018301,0.036988,0.021031,0.027077,0.047574,0.046366,0.083867,0.049624
0.18263,0.03254,0.018382,0.08398,0.12916,0.028361,0.042954,0.12133,0.021775,0.061107,0.1363,0.022559,0.020186,0.02686,0.016776,0.029556,0.041639,0.023564,0.060486,0.041331,0.14561,0.095834,0.053868,0.079994,0.1079,0.027802,0.093552,0.15615,0.015437,0.054481,0.018507,0.036419,0.021002,0.026653,0.047756,0.046627,0.083952,0.048749
0.18144,0.03279,0.018342,0.083498,0.12867,0.028024,0.042364,0.11932,0.021723,0.060608,0.13909,0.022527,0.020095,0.026715,0.016732,0.02988,0.040181,0.023256,0.059273,0.040238,0.14364,0.095754,0.053711,0.07973,0.10752,0.02823,0.09393,0.15246,0.015323,0.054744,0.018717,0.035844,0.020934,0.026626,0.047966,0.046832,0.08404,0.047855
0.18018,0.033448,0.018255,0.08284,0.12801,0.027684,0.041843,0.117,0.021864,0.060099,0.14154,0.022515,0.01999,0.026718,0.016658,0.030137,0.038652,0.022943,0.057862,0.039084,0.14162,0.095666,0.053518,0.079393,0.10707,0.028622,0.094277,0.14863,0.015183,0.05505,0.018926,0.035263,0.020826,0.026743,0.048184,0.046987,0.084131,0.046943
0.17889,0.034044,0.018128,0.082018,0.12715,0.027341,0.041391,0.11441,0.02199,0.059581,0.14362,0.022502,0.019873,0.026733,0.016551,0.030328,0.037064,0.022623,0.056284,0.037871,0.13955,0.095569,0.053284,0.078989,0.10658,0.028972,0.094579,0.14471,0.015374,0.055359,0.019132,0.034679,0.020679,0.026863,0.048385,0.047098,0.084221,0.046016
0.17758,0.034574,0.017973,0.081041,0.1261,0.026996,0.041015,0.11172,0.022101,0.059055,0.14536,0.022454,0.019746,0.026677,0.016417,0.03046,0.036103,0.022296,0.054572,0.03687,0.13744,0.095462,0.053003,0.078529,0.10608,0.029277,0.094865,0.14072,0.01556,0.055629,0.019333,0.034092,0.020504,0.027011,0.048542,0.047174,0.084307,0.045076
0.17621,0.035036,0.017797,0.079922,0.12551,0.026649,0.040723,0.1088,0.022207,0.058522,0.14675,0.022371,0.019608,0.026551,0.016258,0.030541,0.035686,0.021961,0.052754,0.035954,0.13532,0.095347,0.05268,0.078019,0.10559,0.029524,0.095096,0.13669,0.015692,0.055828,0.019527,0.0335,0.020815,0.027152,0.048633,0.047223,0.084392,0.044126
0.17482,0.035427,0.017613,0.078674,0.12466,0.026301,0.040506,0.10583,0.022299,0.057983,0.14779,0.022257,0.01946,0.026359,0.016075,0.030585,0.035225,0.021618,0.051062,0.034973,0.13316,0.095222,0.052307,0.077471,0.10513,0.029711,0.095319,0.13263,0.015772,0.055938,0.019715,0.032907,0.021105,0.027277,0.048638,0.047248,0.084471,0.043165
0.17341,0.035752,0.017424,0.077312,0.1235,0.025951,0.040372,0.10275,0.022376,0.057439,0.1485,0.022111,0.019306,0.026143,0.015875,0.03061,0.034724,0.021269,0.050357,0.033933,0.13096,0.095088,0.051886,0.076891,0.10469,0.029835,0.095493,0.12905,0.015813,0.055935,0.019895,0.032313,0.021375,0.02738,0.048537,0.047242,0.084541,0.042193
0.17195,0.036009,0.017239,0.076635,0.12203,0.025601,0.040302,0.099689,0.022442,0.056891,0.14888,0.021938,0.019142,0.025862,0.015659,0.030634,0.034189,0.020914,0.049959,0.032837,0.12962,0.094944,0.051423,0.076291,0.10431,0.029899,0.095656,0.1273,0.01593,0.055819,0.020066,0.032085,0.021623,0.027458,0.048317,0.047193,0.084604,0.04121
0.17048,0.036195,0.017069,0.075967,0.12028,0.025249,0.040298,0.096575,0.022502,0.056339,0.14893,0.021739,0.018971,0.025553,0.015432,0.030679,0.033627,0.020552,0.049568,0.031692,0.13122,0.094791,0.050929,0.07568,0.10397,0.029904,0.095774,0.1255,0.016065,0.055603,0.020228,0.032009,0.02185,0.027507,0.047969,0.047102,0.08466,0.040218
0.16899,0.03631,0.016914,0.075207,0.11937,0.024897,0.040343,0.09358,0.022547,0.055785,0.14866,0.021516,0.018795,0.025263,0.015196,0.030765,0.033043,0.020182,0.049195,0.031054,0.13283,0.094628,0.050423,0.075069,0.1037,0.029851,0.095887,0.12365,0.016176,0.055294,0.020382,0.031955,0.022057,0.027527,0.047488,0.046965,0.084704,0.039218
0.16746,0.036358,0.016779,0.074364,0.1194,0.024545,0.040423,0.090621,0.022582,0.055257,0.14808,0.02127,0.018612,0.025464,0.014953,0.030911,0.03244,0.01997,0.048849,0.030698,0.13447,0.094455,0.050077,0.074642,0.10349,0.029746,0.095953,0.12177,0.016275,0.054915,0.020527,0.031911,0.022254,0.027515,0.046872,0.046784,0.084737,0.038213
0.16593,0.036341,0.016667,0.07345,0.11915,0.024192,0.040532,0.08773,0.022612,0.054731,0.14722,0.021003,0.018423,0.025614,0.014707,0.031133,0.031813,0.01983,0.048532,0.030293,0.13619,0.094273,0.0504,0.074272,0.10333,0.029591,0.096011,0.11989,0.016363,0.054495,0.020667,0.031869,0.022882,0.027471,0.046592,0.046558,0.084757,0.037204
0.16438,0.036259,0.016575,0.072474,0.11858,0.02384,0.040652,0.085015,0.022629,0.054204,0.14609,0.020717,0.01823,0.025701,0.014457,0.031442,0.031155,0.01969,0.048241,0.029837,0.13801,0.09408,0.050704,0.07392,0.10323,0.029389,0.096026,0.118,0.016441,0.054052,0.020796,0.031817,0.023487,0.027392,0.046306,0.046289,0.084763,0.036553
0.16281,0.036116,0.016507,0.071449,0.11775,0.023488,0.040769,0.082422,0.022639,0.053674,0.14471,0.020412,0.018031,0.0257,0.014207,0.031847,0.03047,0.019551,0.04797,0.029337,0.13993,0.093878,0.050992,0.073595,0.10328,0.029136,0.096021,0.11612,0.016507,0.053608,0.020914,0.03175,0.024062,0.027278,0.045881,0.045976,0.084754,0.036293
0.16123,0.035919,0.016455,0.070383,0.11663,0.023136,0.040867,0.07996,0.022642,0.053144,0.14308,0.020091,0.017829,0.025634,0.013953,0.032345,0.029755,0.019412,0.047711,0.028793,0.14199,0.093667,0.051256,0.073305,0.10369,0.028834,0.095988,0.11426,0.01656,0.053181,0.021021,0.031659,0.024597,0.027131,0.045322,0.045621,0.08473,0.036018
0.15965,0.035677,0.016417,0.069287,0.11524,0.023002,0.040936,0.077644,0.022634,0.052612,0.14121,0.019755,0.017622,0.025496,0.013699,0.032932,0.029016,0.019274,0.047453,0.028209,0.14417,0.093446,0.051497,0.073058,0.10412,0.02848,0.095917,0.11245,0.0166,0.052786,0.021118,0.03154,0.025086,0.026952,0.044643,0.045224,0.08469,0.035728
0.15806,0.035387,0.016388,0.068172,0.1136,0.02289,0.040963,0.075489,0.022624,0.05208,0.13912,0.019414,0.01741,0.025282,0.013442,0.033597,0.028409,0.019137,0.047185,0.028079,0.14646,0.093213,0.051712,0.072861,0.10459,0.028082,0.095838,0.11067,0.016621,0.05243,0.021204,0.031388,0.025524,0.026745,0.043862,0.044788,0.084632,0.035425
0.15647,0.035051,0.016359,0.067046,0.11173,0.022777,0.040937,0.07352,0.022602,0.051547,0.13685,0.01922,0.017196,0.025008,0.013183,0.034325,0.028238,0.019001,0.047079,0.028416,0.1489,0.09297,0.051896,0.072721,0.10508,0.027647,0.095716,0.10894,0.016618,0.052119,0.02128,0.031202,0.025902,0.026521,0.043001,0.044315,0.084556,0.035111
0.15487,0.034673,0.016326,0.065918,0.10964,0.022665,0.040851,0.071693,0.022578,0.051015,0.13442,0.019388,0.016977,0.024683,0.012918,0.0351,0.028061,0.018866,0.047659,0.028708,0.15143,0.092714,0.052052,0.072645,0.10557,0.027183,0.095584,0.10724,0.016584,0.051854,0.021347,0.030984,0.026219,0.026282,0.043034,0.043808,0.084461,0.034788
0.15329,0.034257,0.016281,0.064795,0.10734,0.022553,0.040694,0.070001,0.022544,0.050482,0.13184,0.019564,0.016755,0.024318,0.01274,0.035902,0.027881,0.018732,0.048251,0.028957,0.15407,0.092451,0.052176,0.072636,0.10608,0.026702,0.09542,0.10561,0.016516,0.051635,0.021403,0.030735,0.026472,0.026028,0.043221,0.043278,0.084346,0.03446
0.1517,0.033807,0.016219,0.063684,0.10486,0.022441,0.040459,0.068434,0.022505,0.04995,0.12914,0.019703,0.016531,0.02392,0.012689,0.036713,0.027697,0.018599,0.04884,0.029162,0.15677,0.092176,0.052265,0.072697,0.10658,0.02621,0.095227,0.10404,0.016409,0.051461,0.02145,0.030459,0.026659,0.025896,0.043332,0.042745,0.084213,0.034127
0.15012,0.033327,0.016133,0.062592,0.10223,0.022329,0.040142,0.066978,0.022458,0.049418,0.12637,0.0198,0.016302,0.023577,0.012633,0.037513,0.027509,0.018467,0.049413,0.029325,0.15953,0.09189,0.052321,0.072829,0.10708,0.025702,0.095023,0.1025,0.016264,0.051338,0.021492,0.030159,0.02678,0.026038,0.043393,0.042481,0.08406,0.033791
0.14854,0.032822,0.016017,0.061524,0.099461,0.022218,0.03974,0.065615,0.022404,0.048887,0.12365,0.019852,0.01607,0.023365,0.012569,0.038287,0.027318,0.018335,0.049955,0.029445,0.16229,0.091591,0.052342,0.073033,0.10755,0.025179,0.094779,0.10101,0.016079,0.051267,0.02153,0.03032,0.026831,0.026173,0.043517,0.042248,0.083888,0.03345
0.14695,0.032296,0.015867,0.060484,0.096585,0.022106,0.039258,0.064328,0.022346,0.048357,0.12084,0.019911,0.015836,0.023083,0.012496,0.039075,0.027124,0.018204,0.050453,0.029524,0.16506,0.091284,0.052324,0.073304,0.10803,0.024635,0.094522,0.099578,0.015854,0.051251,0.021566,0.030739,0.02681,0.026298,0.043637,0.042066,0.084131,0.033104
0.14537,0.031751,0.015679,0.059474,0.09589,0.021995,0.038696,0.063134,0.022276,0.047827,0.11798,0.020038,0.015598,0.022777,0.012414,0.039918,0.026927,0.018073,0.050895,0.029561,0.16777,0.090965,0.052269,0.073641,0.10847,0.024075,0.094242,0.098185,0.015589,0.051298,0.021602,0.031252,0.026716,0.026412,0.043723,0.041895,0.085497,0.032751
0.14379,0.031193,0.015451,0.058498,0.095765,0.021883,0.038677,0.06198,0.022205,0.047298,0.11507,0.020159,0.015358,0.022413,0.012319,0.040705,0.026725,0.017942,0.051272,0.029559,0.17042,0.090635,0.052178,0.074035,0.10888,0.0235,0.093924,0.096823,0.015285,0.051417,0.021639,0.031854,0.026551,0.026511,0.044042,0.041706,0.086824,0.032393
0.14221,0.030624,0.015182,0.057557,0.095584,0.021772,0.038609,0.060848,0.022123,0.046789,0.11212,0.020271,0.015116,0.022015,0.012212,0.041421,0.026517,0.01781,0.051574,0.029518,0.17296,0.090292,0.052047,0.074482,0.10925,0.022919,0.093605,0.095488,0.014944,0.05193,0.021683,0.032537,0.026316,0.026593,0.044649,0.041494,0.088107,0.032029
0.14062,0.030051,0.014873,0.056651,0.095169,0.021661,0.038455,0.059722,0.022031,0.046284,0.10914,0.020372,0.014871,0.021588,0.012092,0.042057,0.026304,0.017678,0.051793,0.029439,0.17536,0.089942,0.051876,0.074972,0.1096,0.022331,0.093255,0.094182,0.01457,0.053289,0.021736,0.033296,0.026018,0.026655,0.045204,0.041262,0.089341,0.031658
0.13904,0.029475,0.014523,0.055781,0.094745,0.02155,0.038217,0.058586,0.021938,0.045779,0.10613,0.020459,0.014624,0.021118,0.011958,0.042604,0.026085,0.017544,0.051924,0.029326,0.1776,0.089579,0.051669,0.075496,0.1099,0.022345,0.09288,0.093135,0.014168,0.054691,0.021799,0.034184,0.025663,0.026693,0.045707,0.041018,0.090527,0.031282
0.13745,0.028898,0.014135,0.054945,0.094279,0.02144,0.037894,0.05744,0.021832,0.045274,0.10312,0.02053,0.014377,0.020621,0.011811,0.043059,0.025861,0.017409,0.051963,0.029179,0.17965,0.089204,0.051423,0.076045,0.11015,0.022642,0.092499,0.092951,0.013745,0.056118,0.021876,0.035094,0.025257,0.026705,0.04616,0.040761,0.09166,0.0309
0.13587,0.028322,0.014053,0.054141,0.093749,0.02133,0.03749,0.056294,0.021819,0.04477,0.1001,0.020582,0.014127,0.020505,0.011649,0.043417,0.02563,0.017272,0.051906,0.029,0.1815,0.088822,0.051136,0.076607,0.11034,0.022883,0.092085,0.092803,0.013306,0.057553,0.021971,0.03602,0.024808,0.026689,0.04656,0.040489,0.092739,0.030511
0.13429,0.027751,0.013987,0.053367,0.093154,0.02122,0.037009,0.05532,0.021833,0.044265,0.097102,0.020614,0.013877,0.020622,0.011474,0.043682,0.025395,0.017134,0.051754,0.028793,0.18313,0.088427,0.050813,0.077171,0.11047,0.023068,0.091665,0.092685,0.012858,0.058987,0.022081,0.036954,0.024319,0.026643,0.046904,0.040201,0.093766,0.03012
0.13272,0.027214,0.013875,0.052622,0.092522,0.021111,0.036455,0.055202,0.021843,0.043761,0.094131,0.020623,0.013626,0.020693,0.011287,0.043851,0.025155,0.016993,0.051506,0.028557,0.18452,0.08802,0.050453,0.077728,0.11054,0.0232,0.091224,0.09259,0.012404,0.0604,0.022214,0.037894,0.023796,0.026564,0.047197,0.039898,0.09474,0.029908
0.13115,0.027177,0.013716,0.051902,0.091848,0.021002,0.035834,0.055095,0.021851,0.043256,0.091194,0.020609,0.013376,0.020726,0.011086,0.043932,0.024913,0.016851,0.051168,0.028298,0.18567,0.087607,0.050055,0.078265,0.11055,0.023284,0.090752,0.092513,0.01195,0.061785,0.022365,0.038833,0.023244,0.026455,0.04744,0.039593,0.095662,0.030055
0.12959,0.027154,0.013514,0.051203,0.091128,0.020893,0.035151,0.054988,0.021852,0.042752,0.088306,0.020572,0.013127,0.020743,0.010875,0.043927,0.02467,0.016768,0.050745,0.028017,0.18655,0.087182,0.04962,0.078773,0.11047,0.023322,0.090285,0.092451,0.011501,0.063119,0.022538,0.03984,0.022668,0.026315,0.04763,0.039321,0.096531,0.03023
0.12804,0.027148,0.013269,0.050524,0.090396,0.020784,0.03441,0.05487,0.021848,0.042248,0.085478,0.020509,0.012879,0.020724,0.010653,0.043844,0.024475,0.016745,0.050244,0.027715,0.18717,0.086747,0.049151,0.079243,0.11032,0.023319,0.089789,0.092387,0.011063,0.064395,0.02273,0.040861,0.022072,0.02615,0.047773,0.039081,0.097348,0.030432
0.12651,0.027165,0.012986,0.049858,0.089634,0.020675,0.033619,0.054748,0.021836,0.041744,0.082721,0.020423,0.012633,0.020673,0.010699,0.04369,0.024288,0.016722,0.049677,0.027395,0.18753,0.086305,0.048649,0.079667,0.11008,0.023279,0.089269,0.092312,0.010639,0.065604,0.022941,0.041881,0.021462,0.026025,0.047867,0.038838,0.098112,0.030662
0.12499,0.027209,0.012671,0.049205,0.088851,0.020567,0.032786,0.054618,0.021819,0.04124,0.080047,0.020313,0.012389,0.020594,0.010915,0.043473,0.024098,0.016698,0.049055,0.02706,0.18761,0.085851,0.048111,0.080036,0.10976,0.023204,0.08875,0.092219,0.010234,0.066732,0.02317,0.042891,0.021221,0.02592,0.047912,0.038579,0.098819,0.03092
0.1235,0.027279,0.012326,0.048559,0.088069,0.020459,0.031914,0.054453,0.021799,0.040736,0.077464,0.020182,0.012149,0.020491,0.011096,0.043202,0.023904,0.016674,0.048393,0.026711,0.18742,0.08539,0.047539,0.080342,0.10934,0.023097,0.088203,0.092115,0.0098521,0.067772,0.023414,0.043886,0.021161,0.025851,0.047914,0.038298,0.099466,0.031202
0.12202,0.027376,0.011956,0.047919,0.087267,0.020352,0.031009,0.054245,0.021774,0.040232,0.075636,0.020029,0.011912,0.020368,0.011241,0.042886,0.023705,0.016649,0.047706,0.026351,0.18706,0.08492,0.046939,0.080581,0.10883,0.022958,0.087643,0.091982,0.009497,0.068716,0.023673,0.044857,0.021088,0.025875,0.047868,0.037992,0.10005,0.031508
0.12056,0.027498,0.01157,0.047281,0.086472,0.020244,0.030077,0.053991,0.021743,0.039729,0.074888,0.019854,0.01168,0.020244,0.011349,0.042535,0.023503,0.016623,0.047014,0.025982,0.18682,0.08444,0.046307,0.080747,0.10821,0.02279,0.087077,0.091807,0.0092653,0.069561,0.023943,0.045796,0.021004,0.02587,0.04778,0.037658,0.10056,0.031832
0.12108,0.027644,0.011168,0.046641,0.085676,0.020137,0.029127,0.053719,0.021706,0.039225,0.074179,0.019654,0.011452,0.020108,0.011418,0.042158,0.023298,0.016596,0.046334,0.025605,0.18633,0.083955,0.045645,0.080837,0.1075,0.022595,0.086486,0.091587,0.0092938,0.070333,0.024222,0.046696,0.020909,0.025833,0.047647,0.037297,0.101,0.032172
0.12227,0.027812,0.010805,0.045999,0.08488,0.02003,0.028167,0.053412,0.021663,0.038726,0.0735,0.019431,0.01123,0.019961,0.011451,0.041764,0.02309,0.016568,0.045685,0.025223,0.18561,0.083461,0.044955,0.080851,0.10669,0.02238,0.085901,0.091701,0.0093323,0.071306,0.024507,0.047549,0.020802,0.025761,0.04747,0.036907,0.10138,0.032522
0.12328,0.027996,0.010656,0.045351,0.084101,0.019924,0.027387,0.053053,0.021613,0.038239,0.072845,0.019186,0.011013,0.019805,0.011446,0.041363,0.022879,0.016539,0.045085,0.024837,0.18466,0.082958,0.044241,0.080786,0.10578,0.022148,0.085293,0.092187,0.0094035,0.072179,0.024797,0.048348,0.020686,0.025658,0.047253,0.036489,0.10168,0.032879
0.12412,0.028192,0.010488,0.044696,0.083319,0.019818,0.026993,0.052644,0.021558,0.037753,0.072203,0.01912,0.010802,0.019644,0.011406,0.040959,0.022665,0.016509,0.044553,0.024449,0.18347,0.082451,0.043498,0.080643,0.10478,0.021904,0.084693,0.092663,0.0094708,0.072949,0.025087,0.049085,0.020561,0.025527,0.04699,0.036045,0.1019,0.033237
0.12479,0.028395,0.010302,0.044032,0.082564,0.019712,0.026571,0.052201,0.021503,0.037266,0.071568,0.019095,0.010598,0.01948,0.011333,0.040561,0.02245,0.016477,0.044106,0.024061,0.18207,0.081935,0.042733,0.080425,0.10368,0.021653,0.084085,0.093134,0.0095341,0.073623,0.025375,0.049754,0.02043,0.025382,0.04669,0.035575,0.10206,0.033594
0.12527,0.028601,0.010102,0.043359,0.081811,0.019606,0.026116,0.051743,0.021441,0.036779,0.070953,0.019045,0.0104,0.019315,0.011228,0.040173,0.022234,0.016444,0.043756,0.023674,0.18046,0.081413,0.041947,0.08013,0.1025,0.021398,0.083481,0.093595,0.0095937,0.074194,0.02566,0.050353,0.020294,0.025231,0.046346,0.035083,0.10215,0.033943
0.12558,0.028804,0.0098876,0.042734,0.081078,0.019501,0.025636,0.051239,0.021374,0.036292,0.070336,0.018971,0.010208,0.019152,0.011094,0.039799,0.022016,0.016409,0.043514,0.023289,0.17865,0.080886,0.041137,0.079763,0.10123,0.021144,0.082881,0.09403,0.0096495,0.074656,0.025939,0.050876,0.020159,0.025067,0.045964,0.034569,0.10217,0.03428
0.12572,0.028997,0.0096636,0.042908,0.080357,0.019397,0.025136,0.050693,0.021301,0.035805,0.069734,0.018876,0.010024,0.018993,0.010935,0.039441,0.021798,0.016374,0.043389,0.022908,0.17667,0.080352,0.040392,0.079325,0.10075,0.020893,0.082284,0.094446,0.0097009,0.075002,0.02621,0.051321,0.020021,0.024886,0.045542,0.034038,0.10213,0.034603
0.12571,0.029178,0.0094323,0.043073,0.079648,0.019293,0.024614,0.050113,0.021223,0.035318,0.06913,0.018758,0.009847,0.01884,0.010754,0.039101,0.02158,0.016336,0.043381,0.022531,0.17453,0.079814,0.040312,0.07882,0.1003,0.020648,0.081691,0.09484,0.0097468,0.075231,0.026472,0.05169,0.019876,0.024684,0.04508,0.033492,0.10201,0.034908
0.12554,0.029337,0.0091964,0.04322,0.07896,0.019189,0.024081,0.049537,0.021141,0.034831,0.068538,0.018617,0.0096768,0.018703,0.010553,0.038778,0.021484,0.016297,0.043491,0.022161,0.17253,0.07927,0.040249,0.07825,0.09973,0.020411,0.081093,0.095195,0.0097869,0.075347,0.026722,0.051982,0.019725,0.024457,0.044585,0.032935,0.10183,0.035193
0.1252,0.029475,0.0089583,0.043345,0.078275,0.019086,0.023534,0.048927,0.021053,0.034344,0.067943,0.018452,0.0095136,0.018574,0.010337,0.03847,0.021756,0.016257,0.043713,0.021798,0.1705,0.078721,0.040224,0.07762,0.099056,0.020183,0.08049,0.095533,0.0098203,0.075349,0.026958,0.052199,0.019569,0.024209,0.044051,0.03237,0.10159,0.035454
0.12471,0.029582,0.0087202,0.043441,0.077617,0.018983,0.022977,0.048287,0.020965,0.033857,0.067358,0.018266,0.0093572,0.018455,0.010109,0.038175,0.021993,0.016215,0.044038,0.021842,0.16824,0.078169,0.040209,0.076933,0.098284,0.019966,0.079889,0.095828,0.0098463,0.075243,0.027307,0.052341,0.019405,0.023965,0.043485,0.031799,0.10128,0.035691
0.12407,0.029657,0.0084839,0.043501,0.076958,0.018881,0.022417,0.047623,0.020874,0.033436,0.066768,0.01806,0.0092076,0.018346,0.0098725,0.037892,0.022192,0.016171,0.044452,0.021872,0.16577,0.077614,0.040187,0.076196,0.097433,0.019763,0.079281,0.096092,0.009865,0.075031,0.027691,0.052409,0.019236,0.023723,0.042888,0.031224,0.1009,0.035902
0.1233,0.029696,0.0082505,0.043518,0.076321,0.018778,0.02185,0.046972,0.02078,0.03316,0.066187,0.017836,0.0090645,0.018248,0.0096307,0.037614,0.022351,0.016126,0.044941,0.021869,0.16313,0.077054,0.040154,0.075415,0.096504,0.019575,0.078676,0.096316,0.0098768,0.07472,0.028064,0.052407,0.019061,0.023461,0.04226,0.030649,0.10046,0.036086
0.12239,0.029691,0.0080205,0.043488,0.075686,0.018677,0.021473,0.046298,0.020682,0.032878,0.065597,0.017595,0.0089276,0.018162,0.0093872,0.037338,0.022468,0.01608,0.045488,0.021834,0.16033,0.076491,0.040108,0.074596,0.095504,0.019401,0.078088,0.096503,0.0098813,0.074319,0.028423,0.052338,0.018881,0.02318,0.041608,0.030194,0.099956,0.036243
0.12133,0.029645,0.0077951,0.043404,0.075059,0.018575,0.021236,0.045606,0.020581,0.03259,0.065018,0.017339,0.0087969,0.018089,0.0091452,0.03706,0.022543,0.016032,0.046075,0.021765,0.15738,0.075928,0.040047,0.073745,0.094458,0.019245,0.077515,0.096647,0.0098775,0.07384,0.028765,0.052203,0.018696,0.02288,0.040931,0.029929,0.09939,0.036372
0.12015,0.029551,0.0075741,0.043264,0.07444,0.018474,0.021024,0.044899,0.020477,0.032306,0.064424,0.017071,0.0086719,0.018028,0.0089072,0.036774,0.022575,0.015984,0.046681,0.021801,0.15432,0.075361,0.039969,0.072864,0.093361,0.019105,0.076943,0.096752,0.0098652,0.073284,0.029093,0.052045,0.018507,0.022568,0.040233,0.029661,0.098771,0.036474
0.11886,0.029407,0.0074145,0.043062,0.073816,0.018374,0.020844,0.044209,0.020371,0.032028,0.063842,0.016793,0.0085523,0.017981,0.008676,0.036478,0.022564,0.015933,0.047289,0.021954,0.15115,0.074792,0.039875,0.071959,0.092243,0.018985,0.076369,0.096811,0.0098452,0.072649,0.029402,0.051864,0.018313,0.022245,0.03952,0.029392,0.098101,0.03655
0.11744,0.029215,0.0073399,0.042797,0.073205,0.018274,0.020654,0.043505,0.020262,0.031745,0.063245,0.016508,0.0084379,0.017946,0.0084536,0.036164,0.022511,0.015882,0.047882,0.022084,0.14788,0.074222,0.039765,0.071033,0.0911,0.018883,0.075793,0.096829,0.0098207,0.071936,0.029694,0.051609,0.018117,0.022267,0.038793,0.029123,0.09739,0.036599
0.1159,0.028971,0.0072636,0.042467,0.072585,0.018174,0.020451,0.04279,0.020152,0.031456,0.062855,0.01622,0.0083283,0.017924,0.008242,0.035832,0.022417,0.015829,0.048442,0.022192,0.14455,0.073652,0.039638,0.070092,0.089947,0.0188,0.075208,0.096799,0.0097929,0.071147,0.02997,0.051279,0.017917,0.02232,0.038055,0.028851,0.096641,0.036624
0.11426,0.02868,0.0071878,0.042072,0.0721,0.018075,0.020236,0.042065,0.020073,0.031162,0.063183,0.015929,0.0082232,0.017915,0.0080423,0.035476,0.022287,0.015775,0.048956,0.022279,0.14115,0.073081,0.039495,0.069156,0.088807,0.018737,0.074617,0.096728,0.0097582,0.070289,0.030227,0.050877,0.017714,0.022311,0.037312,0.028579,0.095854,0.036627
0.1125,0.028341,0.0071108,0.041612,0.07236,0.017976,0.020016,0.041357,0.02023,0.030864,0.06346,0.015636,0.0081223,0.017917,0.0078555,0.035097,0.022121,0.015719,0.049408,0.022347,0.1377,0.07251,0.039335,0.069052,0.087678,0.018694,0.074022,0.096605,0.0097149,0.069367,0.030463,0.050406,0.017515,0.022241,0.036568,0.028305,0.095029,0.036608
0.11066,0.027957,0.0070329,0.041089,0.072648,0.017877,0.019788,0.040645,0.020362,0.030561,0.063682,0.015337,0.0080252,0.017931,0.007682,0.034692,0.021926,0.015662,0.04979,0.022477,0.13456,0.071939,0.03916,0.068929,0.086568,0.018669,0.073415,0.096444,0.0096629,0.068388,0.030682,0.049866,0.017389,0.022115,0.035828,0.028031,0.094167,0.036572
0.10871,0.027533,0.006956,0.040503,0.07296,0.017779,0.019552,0.039928,0.020472,0.030254,0.06386,0.015034,0.0079317,0.017956,0.0075221,0.034261,0.021703,0.015602,0.05009,0.022613,0.13144,0.071368,0.038969,0.068792,0.085484,0.018663,0.072812,0.096228,0.0096028,0.067355,0.030881,0.049264,0.017257,0.021936,0.035094,0.027756,0.093265,0.036519
0.10718,0.027071,0.0068789,0.039857,0.073299,0.017682,0.01931,0.039555,0.020556,0.029942,0.063997,0.01479,0.0078413,0.01799,0.0073755,0.033805,0.021455,0.015542,0.050302,0.022693,0.12832,0.070799,0.038763,0.068645,0.084429,0.018673,0.072193,0.095977,0.0095355,0.066274,0.031059,0.048603,0.017121,0.021709,0.034371,0.02748,0.092322,0.036454
0.10638,0.026627,0.0068018,0.039592,0.073662,0.017585,0.019068,0.039271,0.020615,0.029627,0.064095,0.015207,0.0077541,0.018033,0.0072416,0.033326,0.021185,0.015479,0.05042,0.022718,0.12519,0.070231,0.038542,0.068493,0.083403,0.018701,0.071578,0.095669,0.0094624,0.065159,0.031217,0.04789,0.016981,0.02144,0.033664,0.027283,0.091341,0.036421
0.10546,0.026198,0.0067258,0.039314,0.074047,0.017488,0.018825,0.038983,0.020643,0.029307,0.064163,0.015602,0.0076696,0.018082,0.0071199,0.032826,0.020897,0.015413,0.050441,0.02269,0.12208,0.069666,0.038308,0.068337,0.082406,0.018742,0.070952,0.095331,0.0093843,0.064011,0.03135,0.047132,0.016836,0.021137,0.032976,0.027154,0.090319,0.036432
0.10444,0.025739,0.0066507,0.039033,0.074456,0.017392,0.01858,0.038682,0.020641,0.028984,0.064193,0.015971,0.0075874,0.018139,0.0070098,0.032309,0.020593,0.015347,0.050364,0.022651,0.11956,0.069103,0.038061,0.068182,0.08144,0.018795,0.070322,0.094936,0.0093033,0.062843,0.031463,0.046339,0.016689,0.020806,0.032312,0.027023,0.089257,0.036436
0.10336,0.025257,0.0065759,0.038719,0.074881,0.017296,0.018336,0.038369,0.020611,0.028658,0.064188,0.016315,0.0075073,0.018208,0.0069099,0.031777,0.020277,0.015278,0.050188,0.022589,0.11775,0.068543,0.037802,0.068031,0.080494,0.018857,0.06969,0.094511,0.0092205,0.061669,0.031552,0.045516,0.016538,0.020453,0.031675,0.026885,0.088158,0.036436
0.10223,0.024756,0.0065029,0.038365,0.07532,0.017201,0.018092,0.038045,0.02055,0.028328,0.06414,0.016633,0.0074292,0.01828,0.0068195,0.031237,0.019952,0.015207,0.049916,0.022663,0.11596,0.067987,0.03753,0.067918,0.079559,0.018927,0.069082,0.094036,0.0091381,0.060488,0.03162,0.044672,0.016384,0.020085,0.031068,0.026745,0.08703,0.036433
0.10106,0.024241,0.0064899,0.037974,0.075775,0.017107,0.01785,0.037718,0.020457,0.028009,0.064039,0.016924,0.0073528,0.018355,0.0067375,0.030693,0.01962,0.015134,0.049553,0.022682,0.11416,0.067435,0.037249,0.069307,0.078626,0.019001,0.068523,0.093525,0.0090571,0.059314,0.031664,0.043875,0.016228,0.019706,0.030495,0.026601,0.085878,0.03643
0.099838,0.023717,0.0065259,0.037548,0.076237,0.017013,0.017612,0.037395,0.020359,0.027688,0.063884,0.017189,0.007278,0.01843,0.0066635,0.030152,0.019285,0.015059,0.049102,0.022646,0.11237,0.066889,0.036957,0.07056,0.077686,0.019079,0.067974,0.092974,0.0089802,0.058146,0.031684,0.043117,0.01607,0.019324,0.029958,0.026452,0.084708,0.036428
0.098536,0.023192,0.0065583,0.037089,0.076704,0.016919,0.017377,0.037063,0.020267,0.027365,0.063656,0.017428,0.0072045,0.018504,0.0065964,0.029617,0.018949,0.014983,0.04857,0.022559,0.11057,0.06635,0.036656,0.071672,0.076733,0.019155,0.067454,0.092382,0.0089084,0.056994,0.031676,0.042364,0.01591,0.018941,0.02946,0.026301,0.083522,0.036429
0.097158,0.02267,0.0065863,0.036601,0.077172,0.016826,0.017147,0.036723,0.020137,0.027039,0.063344,0.017643,0.0071323,0.018575,0.0065356,0.029096,0.018615,0.014904,0.047966,0.022423,0.10878,0.065821,0.036348,0.072891,0.075745,0.019227,0.066956,0.091759,0.0088434,0.055957,0.031646,0.041622,0.01575,0.018563,0.029003,0.026146,0.082321,0.036435
0.09571,0.022155,0.0066093,0.036086,0.077639,0.016733,0.016924,0.036377,0.01997,0.02671,0.062938,0.017835,0.0070611,0.01874,0.0064811,0.028595,0.01833,0.014823,0.047296,0.022242,0.10697,0.065449,0.036033,0.07445,0.075042,0.019292,0.06647,0.091091,0.0087869,0.055001,0.031589,0.040895,0.015588,0.018194,0.028589,0.025989,0.081106,0.036446
0.094211,0.021654,0.0066277,0.035546,0.0781,0.016641,0.016707,0.036024,0.019769,0.026379,0.063563,0.018005,0.0069909,0.018913,0.0064322,0.028118,0.018106,0.014741,0.046569,0.022021,0.10515,0.065328,0.035709,0.075879,0.075321,0.019347,0.065991,0.090399,0.0087408,0.054078,0.03151,0.04019,0.015425,0.017837,0.028252,0.025828,0.079874,0.036464
0.092914,0.021171,0.0066417,0.034984,0.078556,0.016549,0.016496,0.035679,0.019535,0.026045,0.064425,0.018156,0.0069216,0.019089,0.0063889,0.027672,0.017892,0.014657,0.045794,0.021915,0.10332,0.06518,0.03538,0.077172,0.075638,0.019391,0.065509,0.089661,0.0087059,0.053197,0.031408,0.039509,0.015315,0.017496,0.028025,0.025666,0.078628,0.036491
0.091828,0.0212,0.00665,0.034402,0.079006,0.016457,0.01629,0.035334,0.019273,0.02571,0.065232,0.018288,0.0068532,0.019266,0.0063514,0.027262,0.01769,0.014572,0.045118,0.021975,0.10226,0.065011,0.035046,0.078325,0.075976,0.01942,0.065034,0.088902,0.0086833,0.05236,0.031287,0.038856,0.015427,0.017171,0.027813,0.025502,0.077372,0.036526
0.090702,0.021251,0.0066541,0.033801,0.079443,0.016366,0.016091,0.034985,0.018984,0.025373,0.06596,0.018403,0.0067854,0.019445,0.0063196,0.026891,0.0175,0.014484,0.044807,0.022012,0.10179,0.064818,0.034706,0.079332,0.07632,0.019432,0.064543,0.088101,0.0086741,0.051575,0.031144,0.038237,0.015523,0.016861,0.027617,0.025502,0.076487,0.036569
0.089546,0.021297,0.0066527,0.033386,0.079864,0.016276,0.015899,0.034632,0.018671,0.025253,0.066595,0.018504,0.0067184,0.019625,0.0062935,0.026563,0.017323,0.014396,0.044446,0.022026,0.10133,0.064604,0.03436,0.080191,0.076658,0.019424,0.064056,0.087277,0.008679,0.050845,0.030983,0.037651,0.015605,0.016563,0.027442,0.025629,0.076238,0.036622
0.088354,0.021338,0.006646,0.033039,0.080269,0.016186,0.015713,0.034277,0.018339,0.025184,0.06712,0.018592,0.0066521,0.019801,0.0062738,0.026282,0.017158,0.014305,0.044044,0.022016,0.10088,0.064371,0.034009,0.080902,0.077173,0.019396,0.063557,0.086419,0.0086984,0.05017,0.0308,0.037103,0.015671,0.016277,0.027288,0.02575,0.07598,0.036683
0.087123,0.021374,0.0066346,0.032673,0.080663,0.016096,0.015533,0.03392,0.018069,0.025112,0.067526,0.01867,0.0065863,0.019973,0.0062603,0.026049,0.017006,0.014213,0.043609,0.021981,0.10045,0.064121,0.033652,0.081464,0.078278,0.019349,0.063049,0.08553,0.0087326,0.049552,0.030601,0.036592,0.01572,0.015999,0.027157,0.025908,0.075711,0.036754
0.085855,0.021407,0.0066175,0.032287,0.081035,0.016007,0.01536,0.033568,0.018033,0.025037,0.067797,0.01874,0.0065212,0.020139,0.0062531,0.025865,0.016864,0.014121,0.043149,0.021922,0.10003,0.063857,0.033289,0.081879,0.079401,0.019281,0.062545,0.084624,0.0087815,0.048992,0.030384,0.03612,0.015752,0.015729,0.027051,0.026075,0.075433,0.036833
0.084568,0.021435,0.0065959,0.031882,0.081382,0.015919,0.015193,0.03322,0.017998,0.024958,0.067935,0.018805,0.0064567,0.020298,0.0062526,0.02573,0.016734,0.014026,0.042672,0.021837,0.099618,0.063581,0.032921,0.082151,0.080522,0.019192,0.062027,0.083682,0.0088448,0.048489,0.030152,0.035687,0.015768,0.015463,0.026968,0.026223,0.075149,0.036919
0.083248,0.02146,0.0065688,0.031456,0.081716,0.015831,0.015033,0.032872,0.017964,0.024877,0.067931,0.018868,0.0063929,0.020449,0.0062584,0.025645,0.016614,0.01393,0.042185,0.021726,0.099327,0.063295,0.032548,0.082282,0.081632,0.019079,0.061509,0.082724,0.0089221,0.04804,0.029904,0.035293,0.015767,0.015202,0.02691,0.026347,0.074863,0.037012
0.081901,0.021484,0.0065372,0.03101,0.082023,0.015743,0.014878,0.032523,0.017928,0.024793,0.067782,0.018929,0.0063296,0.02059,0.0062709,0.025607,0.016503,0.013834,0.041698,0.021589,0.099372,0.062999,0.03217,0.08228,0.08272,0.018944,0.060986,0.081745,0.0090128,0.047643,0.02964,0.034937,0.015749,0.014941,0.026873,0.026588,0.074581,0.037111
0.080538,0.021507,0.0065676,0.030544,0.082301,0.015656,0.014729,0.032174,0.01789,0.024705,0.067494,0.018991,0.0062671,0.020721,0.0062895,0.025614,0.016401,0.013736,0.041215,0.021427,0.099418,0.062695,0.031786,0.08215,0.083778,0.018783,0.060459,0.080737,0.0091158,0.047295,0.029359,0.034618,0.015714,0.014681,0.026912,0.027027,0.074306,0.037214
0.079161,0.021528,0.0066157,0.030056,0.082564,0.015569,0.014585,0.031825,0.017856,0.024615,0.067072,0.019052,0.0062052,0.02084,0.0063138,0.025664,0.016306,0.013637,0.040744,0.021239,0.099468,0.06238,0.031399,0.081901,0.084794,0.018804,0.059932,0.07972,0.0092297,0.046991,0.029066,0.034333,0.015663,0.01442,0.026999,0.027436,0.074037,0.037322
0.077774,0.021548,0.006661,0.029548,0.082796,0.015483,0.014446,0.031478,0.017819,0.024523,0.06652,0.019115,0.006144,0.020951,0.0063439,0.025754,0.016216,0.013538,0.040289,0.021027,0.099506,0.062054,0.031008,0.081543,0.08576,0.018891,0.059402,0.078686,0.0093531,0.046726,0.028758,0.034081,0.015595,0.014235,0.027107,0.027813,0.073766,0.037432
0.076382,0.021565,0.0067031,0.029018,0.082998,0.015397,0.014312,0.031133,0.017782,0.024428,0.066018,0.019178,0.0060836,0.021055,0.0063787,0.025879,0.01613,0.013437,0.039854,0.020791,0.099532,0.061714,0.030612,0.081087,0.086667,0.018955,0.058871,0.077632,0.0094851,0.046494,0.028439,0.033861,0.015512,0.014145,0.027234,0.028158,0.073489,0.037543
0.075,0.021579,0.0067419,0.028466,0.08318,0.015312,0.014182,0.030799,0.017742,0.024339,0.066095,0.019243,0.0060239,0.021147,0.0064178,0.026037,0.016046,0.013336,0.039443,0.02053,0.099552,0.06136,0.030214,0.080544,0.087505,0.018996,0.058344,0.076567,0.0096236,0.046291,0.028104,0.033669,0.015413,0.014046,0.027377,0.028471,0.073201,0.037654
0.074504,0.021589,0.0067769,0.027893,0.083328,0.015228,0.014057,0.030467,0.017706,0.024246,0.066129,0.01931,0.0059651,0.021223,0.0064606,0.026223,0.015962,0.013234,0.039058,0.020246,0.099551,0.060993,0.029812,0.079929,0.088268,0.019015,0.05782,0.075498,0.0097671,0.046109,0.027755,0.033503,0.015299,0.013937,0.027531,0.028749,0.072901,0.037764
0.074035,0.021594,0.006808,0.027298,0.08345,0.015144,0.013934,0.030138,0.017669,0.024151,0.066145,0.019378,0.0059071,0.021285,0.0065063,0.026434,0.015926,0.013132,0.0387,0.019938,0.099529,0.060609,0.029409,0.079412,0.088946,0.019014,0.057304,0.074414,0.0099138,0.045944,0.027396,0.033361,0.015172,0.013818,0.027693,0.028995,0.072589,0.037872
0.073564,0.021595,0.0068349,0.026937,0.083545,0.01506,0.013815,0.029814,0.017629,0.024053,0.066169,0.019447,0.0058501,0.021334,0.0065542,0.026666,0.015998,0.013029,0.038369,0.019766,0.099481,0.06021,0.029002,0.079145,0.089541,0.018993,0.056792,0.073319,0.010062,0.045788,0.027025,0.033241,0.015031,0.013688,0.027859,0.029208,0.072268,0.037976
0.07309,0.021592,0.0068575,0.026901,0.083603,0.014977,0.013699,0.029495,0.017587,0.023953,0.066219,0.019518,0.0057939,0.021379,0.0066036,0.026915,0.016071,0.012925,0.038064,0.019869,0.099409,0.059797,0.028595,0.078824,0.090043,0.018953,0.056282,0.072227,0.010211,0.045635,0.026646,0.033141,0.014877,0.013643,0.028027,0.029389,0.071942,0.038077
0.072613,0.021584,0.0068764,0.026851,0.083642,0.014894,0.013585,0.029182,0.017548,0.02385,0.066308,0.01959,0.0057388,0.021407,0.0066537,0.027178,0.016143,0.012821,0.037784,0.019967,0.099311,0.059368,0.028186,0.078462,0.090446,0.018896,0.05578,0.071131,0.010359,0.045478,0.026256,0.033058,0.01471,0.013607,0.028193,0.029541,0.071612,0.038172
0.072145,0.021572,0.006891,0.026786,0.083646,0.014812,0.013474,0.028876,0.017508,0.023745,0.066445,0.019662,0.0056847,0.021422,0.0067039,0.027452,0.016213,0.012717,0.037526,0.020059,0.09918,0.058923,0.027776,0.078074,0.090747,0.018822,0.055414,0.07003,0.010504,0.045312,0.025855,0.03299,0.014531,0.013562,0.028353,0.029667,0.071282,0.038259
0.071676,0.021557,0.0069009,0.026705,0.083618,0.01473,0.013365,0.028578,0.017465,0.023638,0.066641,0.019733,0.0056317,0.021433,0.0067536,0.027733,0.016278,0.012613,0.037287,0.020146,0.099013,0.058465,0.027365,0.077675,0.090957,0.018733,0.055161,0.068927,0.010646,0.045129,0.025445,0.032935,0.014341,0.013508,0.028504,0.02977,0.070952,0.038339
0.071204,0.021539,0.0069062,0.026734,0.083565,0.014649,0.013258,0.02829,0.017456,0.023528,0.066892,0.019803,0.0055798,0.021434,0.0068024,0.02802,0.016337,0.012508,0.037063,0.020227,0.098807,0.057991,0.026954,0.077278,0.091061,0.018626,0.054905,0.067829,0.010783,0.044929,0.025028,0.032892,0.01414,0.013447,0.028644,0.029853,0.070621,0.038409
0.070731,0.021518,0.0069068,0.0269,0.083475,0.014568,0.013151,0.028012,0.017516,0.023416,0.067194,0.019871,0.005529,0.021435,0.0068497,0.028308,0.016388,0.012404,0.03685,0.020302,0.09856,0.057502,0.026542,0.076899,0.091063,0.018631,0.054644,0.066739,0.010913,0.044705,0.024604,0.032859,0.013929,0.013377,0.02877,0.029917,0.070291,0.038468
0.070256,0.021494,0.0069027,0.027077,0.083362,0.014488,0.013046,0.027745,0.017577,0.023301,0.067542,0.019937,0.0054794,0.021429,0.0068953,0.028597,0.016428,0.012298,0.036644,0.02037,0.09827,0.057001,0.026132,0.07655,0.090964,0.0188,0.054385,0.065651,0.011036,0.044454,0.024172,0.032836,0.013709,0.013403,0.028879,0.029963,0.06996,0.038517
0.069779,0.021467,0.0068939,0.027263,0.083217,0.014408,0.012941,0.02749,0.01764,0.023185,0.067926,0.019998,0.005431,0.021419,0.006939,0.028883,0.016457,0.012194,0.036439,0.020431,0.097936,0.056485,0.025722,0.076244,0.090754,0.018973,0.054126,0.064567,0.01115,0.044178,0.023734,0.032819,0.013481,0.013431,0.028971,0.029993,0.069623,0.038554
0.069302,0.021439,0.0068815,0.027457,0.083038,0.014329,0.012835,0.027248,0.017703,0.023074,0.068331,0.020053,0.0053838,0.021394,0.0069807,0.029166,0.016473,0.012089,0.036231,0.020485,0.097556,0.055956,0.025313,0.07599,0.090444,0.019154,0.053864,0.063491,0.011253,0.043872,0.02329,0.03281,0.013245,0.013443,0.029041,0.030006,0.069281,0.038579
0.068823,0.021411,0.006865,0.027658,0.082837,0.01425,0.01273,0.02702,0.017767,0.022961,0.068747,0.0201,0.005338,0.021355,0.0070201,0.029442,0.016475,0.011984,0.036015,0.020532,0.097131,0.055689,0.024905,0.075797,0.090026,0.019345,0.053598,0.062425,0.011345,0.043532,0.022841,0.032807,0.013001,0.013437,0.029089,0.030004,0.068928,0.038593
0.068343,0.021421,0.0068442,0.027865,0.082599,0.014171,0.012625,0.026808,0.017832,0.022846,0.069167,0.020138,0.0052935,0.021313,0.0070572,0.029711,0.01646,0.011879,0.035787,0.020571,0.096659,0.055466,0.024789,0.075672,0.089497,0.019547,0.053329,0.061376,0.011427,0.04316,0.022387,0.032809,0.01275,0.013412,0.029111,0.029991,0.068566,0.038593
0.06787,0.021446,0.0068193,0.028078,0.082338,0.014093,0.012519,0.026611,0.017897,0.022729,0.069577,0.020163,0.0052503,0.02126,0.0070922,0.029972,0.016428,0.011774,0.035542,0.020602,0.096139,0.055242,0.024781,0.075619,0.088872,0.01976,0.053057,0.060338,0.0115,0.042751,0.021927,0.032815,0.012657,0.013367,0.02911,0.029969,0.068192,0.038582
0.067399,0.021464,0.0067905,0.028293,0.082047,0.014016,0.012412,0.02643,0.017963,0.02261,0.069967,0.020178,0.0052083,0.021195,0.0071253,0.030222,0.016379,0.01167,0.035276,0.020625,0.095574,0.055018,0.024717,0.075639,0.088141,0.019982,0.05279,0.059313,0.011563,0.042304,0.02146,0.032827,0.012738,0.013302,0.029081,0.029943,0.067807,0.038558
0.066927,0.021475,0.0067581,0.028512,0.081723,0.013939,0.01235,0.026264,0.018029,0.022489,0.070333,0.020177,0.0051677,0.021117,0.0071564,0.030461,0.01631,0.011566,0.034985,0.02064,0.094962,0.054795,0.024599,0.075732,0.087307,0.020214,0.05252,0.058303,0.011613,0.041821,0.020989,0.032841,0.012811,0.013216,0.029024,0.029925,0.067409,0.038521
0.066454,0.021478,0.0067224,0.028732,0.08138,0.013862,0.012381,0.026113,0.018098,0.022367,0.07067,0.020163,0.0051283,0.021029,0.0071857,0.030688,0.016221,0.011462,0.034666,0.020647,0.094308,0.054573,0.024429,0.075894,0.086388,0.020451,0.052248,0.057309,0.011649,0.041301,0.020514,0.032859,0.012874,0.013109,0.02894,0.029915,0.067,0.038472
0.065981,0.021477,0.0066837,0.028953,0.081002,0.013786,0.012409,0.025978,0.018166,0.022242,0.070977,0.020133,0.0050903,0.020942,0.0072137,0.030902,0.016112,0.011358,0.034317,0.020645,0.093614,0.054348,0.024208,0.076121,0.085373,0.02069,0.051972,0.056332,0.01167,0.040743,0.020034,0.032881,0.012929,0.012983,0.028826,0.029901,0.066581,0.038408
0.065508,0.021469,0.0066428,0.029174,0.080601,0.01371,0.012433,0.025859,0.018235,0.022116,0.071254,0.020087,0.0050535,0.020845,0.0072404,0.031102,0.015981,0.011254,0.033935,0.020634,0.092894,0.054118,0.023939,0.076406,0.084821,0.020927,0.051694,0.055373,0.011773,0.040151,0.019641,0.032905,0.012976,0.012836,0.028683,0.02988,0.066204,0.038332
0.065034,0.021455,0.0065997,0.029393,0.080173,0.013635,0.012455,0.025754,0.018304,0.021995,0.071506,0.020023,0.0050181,0.020739,0.0072658,0.031369,0.015829,0.011151,0.033517,0.020615,0.09295,0.053883,0.023626,0.07674,0.084657,0.021159,0.051413,0.054435,0.011876,0.03952,0.019255,0.032932,0.013014,0.012671,0.028512,0.02985,0.065892,0.03824
0.064561,0.021434,0.0065545,0.02961,0.079714,0.01356,0.012474,0.025663,0.018371,0.021873,0.071734,0.020099,0.0049839,0.020625,0.0072904,0.031704,0.015656,0.011048,0.033172,0.020588,0.093075,0.053642,0.023271,0.077114,0.084428,0.021381,0.051138,0.053518,0.011965,0.038855,0.018866,0.032962,0.013045,0.012489,0.02831,0.029812,0.065573,0.038134
0.064088,0.021408,0.0065077,0.029824,0.079239,0.013486,0.012489,0.025586,0.018439,0.021749,0.071943,0.020185,0.004951,0.020503,0.0073144,0.032026,0.01546,0.010946,0.033293,0.020552,0.093178,0.053394,0.022876,0.077518,0.084132,0.021591,0.05086,0.052625,0.012038,0.038153,0.018707,0.032995,0.013068,0.012292,0.028081,0.029765,0.065248,0.038013
0.063616,0.021377,0.0064596,0.030033,0.078733,0.013412,0.0125,0.025522,0.018505,0.021624,0.072137,0.020267,0.0049193,0.020384,0.0073377,0.032334,0.015243,0.010844,0.033391,0.020507,0.093254,0.053141,0.022445,0.077939,0.083776,0.021784,0.05058,0.051754,0.0121,0.037422,0.018606,0.03303,0.013084,0.01238,0.027823,0.02971,0.064917,0.037877
0.06315,0.02134,0.0064107,0.030237,0.078204,0.013339,0.012507,0.025469,0.01857,0.021497,0.072322,0.020338,0.0048888,0.02026,0.0073605,0.032626,0.015005,0.010743,0.033462,0.020454,0.0933,0.05288,0.021982,0.078368,0.083351,0.021977,0.050298,0.050907,0.012161,0.036662,0.018488,0.033068,0.013094,0.012586,0.027537,0.029648,0.064581,0.037727
0.062687,0.021297,0.0063614,0.030435,0.077655,0.013266,0.012508,0.025427,0.018635,0.021369,0.072501,0.020394,0.0048595,0.020131,0.007383,0.032903,0.014746,0.010642,0.033506,0.020393,0.093454,0.052614,0.021489,0.078793,0.082862,0.022169,0.050014,0.050083,0.012221,0.035876,0.018355,0.033108,0.013096,0.012787,0.027225,0.029582,0.06424,0.037563
0.062224,0.021249,0.0063122,0.030846,0.077077,0.013193,0.012504,0.025393,0.018697,0.021239,0.07268,0.020434,0.0048314,0.019998,0.0074052,0.033163,0.014467,0.010541,0.033521,0.020324,0.093841,0.052341,0.02097,0.079204,0.082309,0.022339,0.049728,0.049285,0.01227,0.035071,0.018212,0.033151,0.013093,0.012983,0.026885,0.02951,0.063895,0.037564
0.061761,0.021196,0.0062635,0.031295,0.076485,0.013121,0.012497,0.025368,0.018759,0.021109,0.07286,0.020457,0.0048043,0.019861,0.0074271,0.033406,0.014169,0.010441,0.033507,0.020247,0.094203,0.052062,0.020641,0.079592,0.081694,0.022487,0.049444,0.04986,0.012307,0.03425,0.018056,0.033196,0.013083,0.013169,0.026522,0.029435,0.063547,0.037589
0.061299,0.021136,0.0062158,0.031744,0.075868,0.01305,0.012484,0.025348,0.018819,0.020977,0.073045,0.020462,0.0047784,0.01973,0.0074487,0.033631,0.013853,0.010341,0.033462,0.020162,0.094539,0.051777,0.020501,0.079947,0.081015,0.022613,0.049161,0.050485,0.012334,0.033417,0.017892,0.033242,0.013068,0.013344,0.026135,0.029357,0.063196,0.037604
0.060838,0.021073,0.0061695,0.032194,0.075227,0.012979,0.012466,0.025333,0.018879,0.020848,0.073236,0.020448,0.0047534,0.019597,0.0074703,0.033838,0.01352,0.010242,0.033387,0.020069,0.094846,0.051487,0.02035,0.080262,0.080282,0.022717,0.048876,0.051055,0.012351,0.032666,0.01772,0.033289,0.013047,0.013507,0.025723,0.029278,0.062841,0.037608
0.060378,0.021004,0.0061251,0.032643,0.074575,0.012908,0.012441,0.025322,0.018938,0.02072,0.073433,0.020415,0.0047295,0.019461,0.0074914,0.034027,0.013172,0.010144,0.033281,0.019969,0.095122,0.051192,0.020191,0.080529,0.079489,0.022801,0.04859,0.051556,0.012357,0.03243,0.017546,0.033336,0.013021,0.013657,0.025292,0.029199,0.062483,0.037604
0.059919,0.020929,0.006083,0.033091,0.073899,0.012838,0.012411,0.025312,0.018994,0.020591,0.073634,0.020371,0.0047065,0.019325,0.0075122,0.034196,0.012906,0.010046,0.033146,0.019861,0.095365,0.050893,0.020024,0.080745,0.078639,0.022865,0.048302,0.052005,0.012351,0.032161,0.017368,0.033383,0.01299,0.013796,0.024841,0.02912,0.062122,0.03759
0.059461,0.020851,0.0060436,0.033536,0.073534,0.012769,0.012378,0.025302,0.019047,0.020461,0.073839,0.020342,0.0046844,0.019195,0.0075328,0.034347,0.01292,0.0099484,0.032982,0.019746,0.095574,0.050589,0.019849,0.080904,0.07774,0.022911,0.048013,0.052385,0.012336,0.031861,0.01719,0.033428,0.012955,0.01392,0.02437,0.029042,0.061758,0.037568
0.059005,0.020769,0.0060075,0.03398,0.073174,0.012699,0.012338,0.025291,0.019098,0.020329,0.074046,0.020313,0.0046632,0.019066,0.007553,0.034478,0.012923,0.0098512,0.032789,0.019623,0.095753,0.050282,0.019667,0.081004,0.076793,0.022943,0.047722,0.052713,0.012306,0.03154,0.017013,0.033471,0.012915,0.01403,0.023885,0.028966,0.061389,0.037537
0.058552,0.020682,0.0059748,0.034419,0.072746,0.012631,0.012293,0.025276,0.019147,0.020197,0.074251,0.020266,0.0046428,0.018937,0.0075726,0.034589,0.012915,0.0097549,0.032569,0.019494,0.095897,0.049971,0.019478,0.081044,0.075799,0.022961,0.047431,0.052979,0.012263,0.031204,0.016838,0.03351,0.01287,0.014124,0.023383,0.028892,0.061018,0.037498
0.058105,0.020591,0.0059461,0.034855,0.072249,0.012562,0.012242,0.025258,0.019192,0.020064,0.074454,0.020198,0.0046231,0.018814,0.0075921,0.03468,0.012897,0.0096589,0.032325,0.019358,0.096003,0.04966,0.019327,0.081022,0.074763,0.022969,0.047145,0.05319,0.012205,0.03086,0.016669,0.033544,0.012821,0.014201,0.022868,0.02882,0.060643,0.037451
0.057659,0.020498,0.0059217,0.035286,0.071685,0.012494,0.012186,0.025238,0.019234,0.01993,0.07465,0.020112,0.0046042,0.018693,0.007611,0.034751,0.012868,0.0095634,0.032055,0.019215,0.09607,0.049349,0.019191,0.080939,0.07369,0.022968,0.046914,0.053347,0.012135,0.030516,0.016507,0.033572,0.012768,0.014262,0.022341,0.028752,0.060264,0.037397
0.057214,0.020401,0.0059019,0.035712,0.071058,0.012427,0.012126,0.025215,0.019273,0.019795,0.074838,0.020008,0.0045859,0.018574,0.0076294,0.034802,0.012827,0.0095273,0.031763,0.019066,0.096105,0.049041,0.019056,0.080798,0.072583,0.022962,0.046938,0.053448,0.012062,0.030178,0.016353,0.033592,0.012711,0.014308,0.021806,0.028688,0.060265,0.037336
0.056771,0.0203,0.0058876,0.036131,0.07037,0.01236,0.012061,0.025184,0.019311,0.01966,0.075015,0.019886,0.0045682,0.01846,0.0076476,0.034834,0.012775,0.0095349,0.03145,0.018911,0.096105,0.048824,0.018923,0.080603,0.071447,0.022951,0.046953,0.053505,0.012002,0.029853,0.016208,0.033603,0.012649,0.01434,0.021262,0.028628,0.060985,0.037268
0.056329,0.020197,0.0058785,0.036545,0.06962,0.012293,0.011991,0.025144,0.019347,0.019524,0.075179,0.019746,0.004551,0.01835,0.0076653,0.034845,0.012712,0.0095387,0.031117,0.018749,0.096067,0.048669,0.018792,0.080357,0.070285,0.022937,0.046949,0.053507,0.011931,0.029547,0.016072,0.033604,0.012584,0.014357,0.020712,0.028572,0.06175,0.037193
0.055889,0.020092,0.0058747,0.036951,0.068812,0.012227,0.011916,0.025095,0.019379,0.019387,0.075329,0.019588,0.0045343,0.018243,0.0076827,0.034837,0.012637,0.0095386,0.030767,0.018593,0.095989,0.048515,0.018662,0.080067,0.069101,0.022923,0.046932,0.053467,0.011847,0.029266,0.015946,0.033592,0.012514,0.014362,0.020157,0.028521,0.062469,0.037112
0.055451,0.019987,0.0058766,0.03735,0.068408,0.012161,0.011839,0.025036,0.019407,0.01925,0.075464,0.019418,0.004518,0.018137,0.0076999,0.034809,0.012553,0.0095596,0.0304,0.018617,0.095876,0.048359,0.018535,0.079737,0.067899,0.022908,0.046905,0.053379,0.011751,0.029016,0.01583,0.033568,0.01244,0.014355,0.0196,0.028474,0.063143,0.037025
0.055014,0.019898,0.005884,0.03774,0.068163,0.012095,0.011757,0.024966,0.019431,0.019112,0.075587,0.019234,0.0045021,0.018034,0.0077169,0.034761,0.012458,0.0096336,0.030018,0.01863,0.095731,0.048201,0.018409,0.079377,0.066684,0.022893,0.046868,0.053248,0.011644,0.028797,0.015723,0.033529,0.012362,0.014339,0.019042,0.028432,0.063771,0.036934
0.054579,0.019832,0.0058973,0.038122,0.067915,0.01203,0.011671,0.024886,0.019451,0.018974,0.075695,0.019035,0.0044864,0.017932,0.007734,0.034695,0.012355,0.0097007,0.029623,0.018633,0.095548,0.048038,0.018285,0.078992,0.065464,0.022879,0.046819,0.053078,0.011526,0.028612,0.015625,0.033474,0.01228,0.014315,0.018946,0.028394,0.064352,0.036839
0.054146,0.019765,0.0059164,0.038495,0.067664,0.011966,0.011582,0.024796,0.019467,0.018839,0.075787,0.018824,0.0044711,0.017836,0.0077511,0.034609,0.012243,0.0097608,0.029216,0.018626,0.095325,0.047871,0.018173,0.078593,0.064236,0.022865,0.046759,0.052862,0.011413,0.028465,0.015537,0.033402,0.012194,0.014285,0.018888,0.02836,0.064883,0.036741
0.05372,0.019697,0.0059417,0.038859,0.067405,0.011902,0.01149,0.024702,0.019479,0.018705,0.075863,0.018603,0.0044559,0.017745,0.0077682,0.034504,0.012124,0.0098138,0.028799,0.01861,0.095065,0.047699,0.018089,0.078187,0.063005,0.022851,0.04669,0.052616,0.0113,0.028353,0.015456,0.033311,0.012104,0.014314,0.018824,0.028331,0.065364,0.036639
0.053296,0.019653,0.0059733,0.039212,0.067137,0.011838,0.011396,0.024596,0.019488,0.01857,0.075929,0.018379,0.0044409,0.017656,0.0077859,0.034381,0.012168,0.0098599,0.028373,0.018583,0.094775,0.047524,0.018004,0.077785,0.061781,0.022834,0.046611,0.052327,0.011179,0.028275,0.015383,0.033202,0.01201,0.014402,0.018756,0.028306,0.065794,0.036534
0.052874,0.019703,0.0060108,0.039556,0.066863,0.011775,0.011299,0.02448,0.019495,0.018435,0.075978,0.018151,0.0044261,0.017569,0.0078038,0.03424,0.012233,0.009899,0.027939,0.018548,0.094447,0.047344,0.017918,0.077395,0.060667,0.022814,0.046515,0.052004,0.011049,0.028232,0.015317,0.033082,0.011911,0.01448,0.018682,0.028285,0.066174,0.036436
0.052454,0.019729,0.0060539,0.039888,0.066579,0.011712,0.011199,0.024352,0.019498,0.0183,0.076013,0.017918,0.0044113,0.017483,0.0078223,0.034082,0.012288,0.0099313,0.027499,0.018504,0.094081,0.04716,0.017921,0.077027,0.05959,0.022789,0.046413,0.051647,0.010912,0.028217,0.015256,0.033009,0.011808,0.014549,0.018605,0.028266,0.066504,0.036463
0.052036,0.019731,0.0061026,0.04021,0.066281,0.011649,0.011098,0.024214,0.019496,0.018164,0.076036,0.017681,0.0043965,0.0174,0.0078413,0.033906,0.012334,0.0099567,0.027055,0.018451,0.093678,0.046971,0.018035,0.07669,0.058518,0.022758,0.046294,0.051252,0.010768,0.028227,0.0152,0.032919,0.011702,0.014609,0.018524,0.028251,0.066787,0.03649
0.05162,0.019711,0.0061566,0.040521,0.065978,0.011587,0.010996,0.024066,0.019489,0.018028,0.076043,0.017438,0.0043818,0.017317,0.0078611,0.033713,0.012371,0.0099754,0.026606,0.018389,0.093247,0.046778,0.018135,0.076394,0.05746,0.022719,0.046166,0.050832,0.010618,0.028258,0.015147,0.03281,0.011591,0.014661,0.018437,0.028239,0.067022,0.036516
0.051206,0.019669,0.0062159,0.040819,0.065661,0.011525,0.010893,0.023908,0.019478,0.017892,0.076037,0.01719,0.004367,0.017236,0.0078816,0.033505,0.012398,0.009987,0.026155,0.018321,0.092778,0.046581,0.018221,0.076146,0.056412,0.02267,0.046021,0.050375,0.010463,0.028304,0.015096,0.032682,0.011476,0.014704,0.018347,0.028229,0.06721,0.036544
0.050794,0.019742,0.0062801,0.041107,0.065336,0.011464,0.010788,0.023874,0.019462,0.017756,0.076014,0.016937,0.0043521,0.017158,0.007903,0.03328,0.012416,0.0099921,0.025703,0.018245,0.092272,0.04638,0.018295,0.075955,0.05538,0.022612,0.045869,0.049887,0.010304,0.02836,0.015046,0.032534,0.011357,0.01474,0.01854,0.028221,0.067353,0.036571
0.050385,0.019896,0.006349,0.041382,0.064999,0.011403,0.010683,0.024049,0.019441,0.01762,0.075973,0.016683,0.0043371,0.017084,0.0079251,0.033041,0.012425,0.00999,0.025249,0.018163,0.091734,0.046174,0.018356,0.075827,0.054368,0.022541,0.045699,0.049371,0.010148,0.028419,0.014997,0.032365,0.011233,0.014768,0.018821,0.028215,0.067449,0.036599
0.049977,0.020041,0.0064227,0.041645,0.064651,0.011342,0.010578,0.024214,0.019419,0.017484,0.075916,0.016427,0.004322,0.01701,0.007948,0.032787,0.012425,0.0099813,0.024796,0.018075,0.091166,0.046423,0.018404,0.075768,0.053374,0.02247,0.04552,0.048822,0.010026,0.028476,0.014947,0.032176,0.011106,0.014792,0.019091,0.02821,0.067502,0.036628
0.049573,0.020177,0.0065005,0.041896,0.064595,0.011282,0.010473,0.024371,0.019393,0.017347,0.075835,0.016172,0.0043067,0.016937,0.0079717,0.03252,0.012415,0.0099657,0.024344,0.017981,0.090561,0.046653,0.018441,0.075783,0.052406,0.022456,0.045329,0.048247,0.0098986,0.028526,0.014896,0.031964,0.010974,0.014811,0.019349,0.028205,0.067508,0.036657
0.049175,0.020306,0.0065819,0.042135,0.064619,0.011222,0.010367,0.024521,0.019362,0.017211,0.075731,0.015919,0.0042912,0.016863,0.0079962,0.03224,0.012397,0.0099435,0.023894,0.017883,0.08992,0.04686,0.018466,0.075876,0.051463,0.022429,0.045122,0.047642,0.0097664,0.028561,0.014842,0.031731,0.010839,0.014825,0.019594,0.028201,0.067472,0.036687
0.048778,0.020427,0.0066667,0.042362,0.064624,0.011163,0.010262,0.024659,0.019326,0.017075,0.075915,0.015669,0.0042755,0.016788,0.0080213,0.031946,0.012371,0.009915,0.023446,0.017778,0.089256,0.047044,0.018481,0.076049,0.050547,0.02239,0.044909,0.047007,0.0096307,0.028576,0.014785,0.031477,0.010699,0.014834,0.019828,0.028197,0.067392,0.036718
0.048384,0.020539,0.0067545,0.042576,0.06461,0.011104,0.010159,0.024787,0.019285,0.016938,0.076335,0.015424,0.0042595,0.016712,0.008047,0.031642,0.012336,0.0098803,0.02347,0.017669,0.088557,0.047204,0.018485,0.076303,0.049664,0.022338,0.044806,0.046348,0.0094923,0.028566,0.014726,0.031201,0.010555,0.014837,0.020049,0.028192,0.067273,0.03675
0.047992,0.020642,0.0068449,0.042778,0.064574,0.011045,0.010056,0.024903,0.019239,0.016802,0.076727,0.015185,0.0042433,0.016641,0.0080732,0.031326,0.012292,0.0098398,0.02374,0.017555,0.087824,0.047343,0.018478,0.076638,0.048811,0.022275,0.044728,0.045661,0.0093521,0.028529,0.014663,0.030904,0.010502,0.014834,0.020256,0.028187,0.067115,0.036783
0.047603,0.020739,0.0069375,0.042968,0.064517,0.010987,0.0099539,0.025009,0.019189,0.016667,0.077096,0.014955,0.0042268,0.016569,0.0080996,0.030999,0.012241,0.0097941,0.023991,0.017438,0.087064,0.047459,0.018463,0.077051,0.047991,0.022201,0.044633,0.044946,0.0092109,0.028457,0.014598,0.030585,0.010521,0.014823,0.020451,0.028179,0.066922,0.036817
0.047216,0.020828,0.0070319,0.043145,0.06444,0.010929,0.0098533,0.025103,0.019137,0.016531,0.07743,0.014735,0.0042101,0.016494,0.0081263,0.030662,0.012182,0.009744,0.024222,0.017317,0.086277,0.047556,0.018438,0.077542,0.047207,0.022117,0.044516,0.044207,0.0090696,0.02835,0.014529,0.030248,0.01054,0.014805,0.020632,0.02817,0.066697,0.03685
0.046831,0.020909,0.0071276,0.043311,0.06434,0.010872,0.009754,0.025187,0.019081,0.016396,0.077731,0.014527,0.004193,0.016417,0.008153,0.030324,0.012116,0.0096901,0.024434,0.017195,0.08546,0.047632,0.018404,0.078104,0.046461,0.022025,0.044381,0.043444,0.008929,0.028586,0.014458,0.029891,0.01056,0.014781,0.020799,0.028159,0.066441,0.036884
0.046448,0.020982,0.0072244,0.043465,0.064216,0.010815,0.0096571,0.025261,0.01902,0.016261,0.077992,0.014331,0.0041757,0.016344,0.0081795,0.030157,0.012043,0.0096337,0.024626,0.017072,0.084613,0.047688,0.018362,0.078735,0.045751,0.021925,0.044227,0.042655,0.0087899,0.028914,0.014385,0.029515,0.01058,0.014749,0.020954,0.028146,0.066156,0.036918
0.046068,0.021048,0.0073218,0.043607,0.064068,0.010758,0.0095618,0.025331,0.018955,0.016126,0.078207,0.014149,0.0041581,0.016272,0.0082055,0.029979,0.011963,0.0095756,0.024799,0.017099,0.083748,0.047727,0.018312,0.079428,0.045081,0.021819,0.044047,0.041842,0.0086529,0.029211,0.014375,0.029121,0.0106,0.014712,0.021095,0.02813,0.065844,0.036951
0.04569,0.021107,0.0074199,0.043738,0.063895,0.010702,0.0094683,0.025392,0.018885,0.015991,0.078378,0.014149,0.0041402,0.016227,0.008231,0.029791,0.011876,0.009516,0.024953,0.017184,0.082857,0.047747,0.018255,0.080177,0.044449,0.021708,0.043857,0.04101,0.0085188,0.02947,0.014374,0.02871,0.010621,0.014668,0.021222,0.02811,0.065506,0.036984
0.045316,0.02116,0.0075179,0.043858,0.063697,0.010646,0.0093767,0.025445,0.01881,0.015857,0.078495,0.014241,0.004122,0.016178,0.0082556,0.029592,0.011783,0.0094538,0.025088,0.017259,0.081943,0.04775,0.018191,0.080976,0.043857,0.021592,0.043644,0.040155,0.0083882,0.029688,0.014371,0.028283,0.010641,0.014618,0.021336,0.028088,0.065144,0.037016
0.044947,0.021206,0.0076152,0.043967,0.063473,0.01059,0.0092872,0.025489,0.018732,0.015723,0.078554,0.014335,0.0041035,0.016126,0.0082791,0.029384,0.011684,0.0093884,0.025205,0.017321,0.081804,0.047735,0.018119,0.081817,0.043775,0.021472,0.043407,0.03928,0.0082614,0.029863,0.014364,0.027839,0.010662,0.01461,0.021437,0.028062,0.064758,0.037047
0.04458,0.021246,0.0077117,0.044065,0.063224,0.010535,0.0092004,0.025526,0.018651,0.01559,0.078555,0.014425,0.0040846,0.016071,0.0083013,0.029167,0.011579,0.0093199,0.025303,0.017371,0.08182,0.047703,0.018042,0.082692,0.04371,0.02135,0.043161,0.038387,0.0081389,0.029989,0.014355,0.027379,0.010682,0.014682,0.021523,0.028032,0.064349,0.037076
0.044215,0.021278,0.0078067,0.044153,0.062949,0.01048,0.0091158,0.025555,0.018567,0.015457,0.078907,0.014509,0.0040655,0.016017,0.008322,0.028942,0.011468,0.0092482,0.025383,0.017406,0.081815,0.047654,0.01796,0.083595,0.043618,0.021225,0.042895,0.037699,0.0080208,0.030065,0.014342,0.026903,0.010703,0.014749,0.021598,0.027997,0.06392,0.037104
0.043853,0.021304,0.0079001,0.044231,0.062653,0.010426,0.0090334,0.025577,0.018478,0.015325,0.079494,0.014588,0.0040461,0.015958,0.008341,0.028708,0.011351,0.0092121,0.025445,0.017426,0.081784,0.047588,0.017871,0.084518,0.043503,0.021098,0.042608,0.037635,0.0079076,0.030091,0.014329,0.026412,0.010723,0.014813,0.021659,0.027958,0.063471,0.03713
0.043493,0.021322,0.007992,0.0443,0.062332,0.010372,0.0089532,0.025593,0.018384,0.015193,0.080061,0.014661,0.0040263,0.015894,0.0083582,0.028466,0.011229,0.0092239,0.025489,0.01743,0.081726,0.047504,0.017778,0.085454,0.043363,0.020969,0.04231,0.037714,0.0077993,0.030064,0.014314,0.025905,0.010743,0.014871,0.021706,0.027914,0.063004,0.037154
0.043136,0.021334,0.008082,0.044359,0.061986,0.010318,0.0088752,0.025607,0.018286,0.015062,0.080606,0.01473,0.0040063,0.015825,0.0083733,0.028217,0.011103,0.0092313,0.025514,0.017416,0.081651,0.047405,0.01768,0.086396,0.0432,0.020838,0.041997,0.037798,0.0076959,0.029982,0.0143,0.025382,0.010763,0.014924,0.021741,0.027865,0.06252,0.037255
0.042781,0.021338,0.0081692,0.044408,0.061615,0.010264,0.0087998,0.025619,0.018185,0.014933,0.08113,0.014793,0.003986,0.015756,0.0083864,0.027961,0.010971,0.0092342,0.025521,0.017385,0.08155,0.047289,0.017578,0.087336,0.043015,0.020705,0.041664,0.037884,0.007598,0.029847,0.014287,0.025273,0.010783,0.01497,0.021764,0.027811,0.062021,0.037434
0.042429,0.021334,0.0082533,0.044448,0.061221,0.010211,0.0087268,0.025626,0.018083,0.014805,0.081632,0.014852,0.0039655,0.015683,0.0083971,0.027699,0.010835,0.0092325,0.025509,0.017334,0.081423,0.047156,0.017472,0.088268,0.042806,0.02057,0.041319,0.037974,0.0075052,0.029661,0.014275,0.025294,0.010802,0.015011,0.021773,0.027751,0.061509,0.037613
0.042079,0.021324,0.0083345,0.044479,0.060807,0.010159,0.008656,0.025629,0.017976,0.014678,0.082111,0.014906,0.0039447,0.015604,0.0084054,0.027431,0.010695,0.0092264,0.025477,0.017265,0.081279,0.047007,0.017364,0.089187,0.042575,0.020434,0.040964,0.038066,0.0074178,0.029422,0.014266,0.025299,0.010821,0.015043,0.021771,0.027686,0.060986,0.037792
0.041731,0.021306,0.0084131,0.0445,0.060369,0.010106,0.0085874,0.025627,0.017866,0.014551,0.082567,0.014955,0.0039236,0.01552,0.0084113,0.027158,0.010552,0.0092159,0.025427,0.017238,0.081111,0.046843,0.017252,0.090086,0.042322,0.020296,0.040591,0.038159,0.0073356,0.029133,0.01426,0.025288,0.010839,0.015066,0.021757,0.027615,0.060452,0.03797
0.041386,0.021281,0.0084877,0.044511,0.059907,0.010054,0.0085208,0.025622,0.017751,0.014425,0.082999,0.014999,0.0039023,0.015437,0.0084147,0.026879,0.010406,0.009201,0.025357,0.017202,0.080919,0.046664,0.017137,0.09096,0.042045,0.020154,0.040203,0.038253,0.0072586,0.028795,0.014258,0.025261,0.010857,0.015079,0.02173,0.027537,0.05991,0.038147
0.041046,0.02125,0.008558,0.044513,0.059427,0.010003,0.0084562,0.025613,0.017633,0.014299,0.083434,0.015037,0.0038809,0.01537,0.0084154,0.026596,0.010258,0.0091816,0.025267,0.017151,0.080709,0.046472,0.01702,0.091804,0.041743,0.020012,0.03981,0.038347,0.0071866,0.028412,0.014261,0.02522,0.010899,0.015081,0.021692,0.027453,0.05936,0.038323
0.040708,0.021213,0.0086251,0.044505,0.058927,0.0099512,0.0083937,0.0256,0.017514,0.014174,0.084027,0.015071,0.0038592,0.015305,0.0084133,0.026309,0.010106,0.0091579,0.025159,0.017085,0.080478,0.046266,0.016901,0.092614,0.041418,0.019868,0.039403,0.038441,0.0071197,0.027987,0.014268,0.025164,0.01095,0.01507,0.021644,0.027362,0.058804,0.038498
0.040374,0.021171,0.0086879,0.044487,0.058404,0.0099002,0.0083334,0.025584,0.017392,0.01405,0.084596,0.0151,0.0038374,0.015233,0.0084086,0.026018,0.010064,0.00913,0.025031,0.017006,0.080222,0.046049,0.016781,0.093385,0.041068,0.019722,0.039168,0.038534,0.0070572,0.027524,0.014281,0.025094,0.011001,0.015046,0.021584,0.027265,0.058242,0.03867
0.040041,0.021122,0.0087457,0.04446,0.057863,0.0098495,0.0082747,0.025569,0.017266,0.013926,0.085139,0.015123,0.0038153,0.015159,0.0084011,0.025725,0.010069,0.0090978,0.024885,0.016912,0.079949,0.045823,0.016659,0.094113,0.040691,0.019611,0.039029,0.038628,0.006999,0.027026,0.014299,0.02507,0.011052,0.015009,0.021514,0.027163,0.057677,0.038841
0.039711,0.021067,0.0087993,0.044424,0.057305,0.0097991,0.0082177,0.025553,0.017137,0.013803,0.085661,0.015142,0.0037932,0.015082,0.0084088,0.025428,0.010072,0.0090614,0.024723,0.016805,0.079655,0.045593,0.016536,0.094798,0.040287,0.019552,0.038871,0.03872,0.0069452,0.026497,0.014324,0.025228,0.011103,0.014958,0.021433,0.027059,0.05711,0.039009
0.039384,0.021006,0.0088485,0.044379,0.056725,0.0097491,0.0081622,0.025535,0.017004,0.01368,0.086155,0.015155,0.0037709,0.014997,0.0084494,0.025129,0.010074,0.0090209,0.024543,0.016685,0.079338,0.045648,0.016412,0.095434,0.039858,0.019494,0.038689,0.03881,0.006895,0.02594,0.014355,0.025371,0.011154,0.014894,0.021343,0.026954,0.056542,0.039175
0.039059,0.02094,0.0088921,0.044325,0.056132,0.0096994,0.008108,0.025513,0.016929,0.013558,0.086623,0.015164,0.0037485,0.014929,0.0084858,0.024828,0.010074,0.0089766,0.024349,0.016554,0.079006,0.045739,0.016288,0.09602,0.039402,0.019439,0.03849,0.038897,0.006848,0.025362,0.014391,0.0255,0.011205,0.014817,0.021243,0.026848,0.055975,0.039338
0.038736,0.020869,0.0089309,0.044263,0.055521,0.00965,0.0080551,0.025487,0.016915,0.013437,0.087067,0.015167,0.003726,0.014998,0.0085183,0.024525,0.010071,0.0089285,0.024143,0.016411,0.078652,0.045818,0.016164,0.096553,0.039205,0.019387,0.038269,0.038981,0.0068042,0.024764,0.014434,0.025615,0.011255,0.014726,0.021133,0.02674,0.05541,0.039498
0.038416,0.020791,0.0089649,0.044192,0.054892,0.0096009,0.0080034,0.025459,0.016896,0.013317,0.087482,0.015166,0.0037034,0.015057,0.0085467,0.024221,0.010067,0.0088766,0.023924,0.016257,0.078277,0.045883,0.016041,0.097033,0.0392,0.019338,0.03803,0.039062,0.0067631,0.024153,0.014482,0.025716,0.011306,0.01462,0.021015,0.026628,0.054848,0.039655
0.038099,0.020708,0.0089928,0.044114,0.054251,0.0095522,0.0079531,0.025426,0.01687,0.013197,0.087873,0.015161,0.0036808,0.015112,0.0085705,0.023916,0.010061,0.0088213,0.023697,0.016091,0.077889,0.045937,0.015917,0.097458,0.039205,0.019292,0.037772,0.039139,0.0067239,0.023907,0.014535,0.025802,0.011355,0.014509,0.020889,0.026514,0.05429,0.039807
0.037784,0.020619,0.0090161,0.044027,0.05359,0.0095038,0.0079036,0.02539,0.016841,0.013078,0.088238,0.015151,0.0036581,0.015159,0.0085893,0.02361,0.010053,0.0087628,0.023464,0.015913,0.077479,0.045978,0.015794,0.097827,0.039218,0.019253,0.037496,0.039211,0.0066867,0.023643,0.014593,0.025875,0.011404,0.014472,0.020753,0.026396,0.053738,0.039957
0.037471,0.020526,0.0090337,0.043933,0.052922,0.0094557,0.0078548,0.025351,0.016805,0.01296,0.088574,0.015136,0.0036354,0.015194,0.0086026,0.023304,0.010043,0.0087014,0.023226,0.015724,0.077052,0.046008,0.015672,0.098141,0.039239,0.019218,0.037204,0.039279,0.0066509,0.023357,0.014656,0.025934,0.011453,0.014419,0.02061,0.026276,0.053193,0.040102
0.037161,0.020428,0.0090449,0.043831,0.052235,0.0094079,0.0078066,0.025311,0.016765,0.012843,0.08889,0.015214,0.0036126,0.015219,0.0086101,0.022998,0.010031,0.0086373,0.022986,0.015523,0.076612,0.046026,0.01555,0.098398,0.039265,0.019187,0.036894,0.039341,0.0066158,0.023054,0.014721,0.02598,0.011502,0.014349,0.02046,0.026156,0.052655,0.040243
0.036854,0.020325,0.0090519,0.04372,0.05154,0.0093604,0.0077588,0.025269,0.016718,0.012726,0.089178,0.015382,0.0035899,0.015232,0.0086118,0.022692,0.010017,0.0085711,0.022748,0.01531,0.076152,0.046032,0.01543,0.0986,0.039292,0.019161,0.03657,0.039398,0.0065815,0.022734,0.01479,0.026014,0.01155,0.014263,0.020303,0.026042,0.052127,0.040379
0.036551,0.020218,0.0090523,0.043602,0.050831,0.0093132,0.0077112,0.025223,0.016666,0.01261,0.089444,0.015549,0.0035672,0.01524,0.0086077,0.022386,0.010001,0.0085034,0.022513,0.015087,0.075678,0.046027,0.015312,0.098747,0.039321,0.019141,0.036232,0.039454,0.0065472,0.022398,0.014861,0.026035,0.011597,0.014161,0.020139,0.025932,0.051608,0.040511
0.03625,0.020105,0.0090471,0.043475,0.050112,0.0092664,0.007664,0.025172,0.016609,0.012495,0.089685,0.015715,0.0035445,0.01524,0.0085979,0.022082,0.0099822,0.0084345,0.022283,0.014853,0.075192,0.04601,0.015195,0.098839,0.039351,0.019124,0.03588,0.039503,0.0065128,0.022051,0.014932,0.026045,0.011643,0.014195,0.019968,0.025821,0.0511,0.040639
0.035951,0.019989,0.0090364,0.043339,0.049383,0.0092198,0.0076172,0.025116,0.016546,0.01238,0.089903,0.015877,0.0035219,0.01523,0.0085827,0.021778,0.0099618,0.0083645,0.022061,0.01461,0.074691,0.045983,0.015081,0.098878,0.039378,0.01911,0.035636,0.039546,0.0064776,0.021693,0.015004,0.026042,0.011689,0.014301,0.019791,0.025705,0.050603,0.040762
0.035655,0.019868,0.009019,0.043194,0.048645,0.0091736,0.0075703,0.025055,0.016478,0.012267,0.090101,0.016037,0.0034993,0.015208,0.0085622,0.021476,0.0099391,0.0082934,0.021883,0.014357,0.074176,0.045944,0.014968,0.098864,0.039403,0.019099,0.035405,0.039583,0.0064416,0.021351,0.015075,0.026029,0.011735,0.014398,0.01961,0.025584,0.050117,0.04088
0.035362,0.019745,0.0089971,0.04304,0.047899,0.0091276,0.007523,0.024989,0.016406,0.012154,0.090275,0.016193,0.0034768,0.015175,0.0085368,0.021175,0.0099143,0.0082463,0.021749,0.014096,0.073652,0.045895,0.014857,0.0988,0.039423,0.019088,0.035165,0.039613,0.0064043,0.021121,0.015145,0.026005,0.011779,0.014487,0.019423,0.025457,0.049644,0.040993
0.03507,0.019622,0.0089684,0.042878,0.047144,0.009082,0.0074755,0.025099,0.016327,0.012042,0.090447,0.016343,0.0034544,0.01514,0.0085067,0.020875,0.0098876,0.0082223,0.021626,0.013828,0.073117,0.045836,0.014748,0.098687,0.039437,0.019077,0.034916,0.039636,0.0063656,0.020883,0.015213,0.02597,0.011822,0.014569,0.019231,0.025324,0.049183,0.041101
0.034781,0.019499,0.0089343,0.042706,0.046384,0.0090366,0.0074274,0.02533,0.016244,0.011931,0.090876,0.016488,0.0034321,0.015095,0.0084724,0.020577,0.0098586,0.0081966,0.021515,0.013552,0.07257,0.045767,0.014641,0.098527,0.039445,0.019063,0.034661,0.039652,0.0063253,0.02069,0.015279,0.025926,0.011865,0.014643,0.019034,0.025184,0.048736,0.041205
0.034495,0.019378,0.0088943,0.042525,0.045616,0.0089915,0.0073787,0.025554,0.016157,0.011821,0.091266,0.016625,0.0034098,0.01504,0.0084343,0.020281,0.0098275,0.0081687,0.021418,0.01327,0.072012,0.045688,0.014537,0.098323,0.039445,0.019105,0.0344,0.039664,0.0062837,0.020644,0.015341,0.025872,0.011907,0.014712,0.018833,0.025039,0.048301,0.041303
0.03421,0.01926,0.008848,0.042335,0.044978,0.0089468,0.00733,0.025767,0.016064,0.011711,0.091623,0.016755,0.0033877,0.014974,0.0083926,0.019987,0.0097945,0.0081394,0.021335,0.012982,0.071444,0.045598,0.014435,0.098075,0.039437,0.019198,0.034137,0.03967,0.0062418,0.020595,0.015398,0.025809,0.011949,0.014779,0.01863,0.024888,0.04788,0.041395
0.033928,0.019141,0.0087969,0.042136,0.044748,0.0089023,0.0072804,0.025975,0.015965,0.011603,0.091947,0.016876,0.0033658,0.014906,0.0083474,0.019695,0.0097594,0.008108,0.021266,0.012689,0.070869,0.045501,0.014336,0.097889,0.039418,0.019288,0.033875,0.039668,0.0061986,0.020543,0.015449,0.025737,0.011989,0.014842,0.018422,0.024732,0.047473,0.041482
0.033649,0.019022,0.008739,0.041928,0.044517,0.0088581,0.00723,0.026174,0.015865,0.011495,0.092236,0.016988,0.003344,0.014829,0.0082989,0.019406,0.0097223,0.0080752,0.02121,0.012393,0.070282,0.045393,0.01424,0.097763,0.03939,0.019375,0.033619,0.039659,0.0061531,0.020493,0.015493,0.025658,0.012028,0.014899,0.018211,0.024571,0.047079,0.041563
0.033371,0.0189,0.0086764,0.041712,0.044286,0.0088142,0.0071785,0.026363,0.015759,0.011388,0.092495,0.017091,0.0033223,0.014743,0.0082468,0.019118,0.0096834,0.0080404,0.021166,0.012094,0.069683,0.045277,0.014147,0.097601,0.039352,0.019454,0.033394,0.039641,0.0061053,0.020441,0.015529,0.025571,0.012066,0.01495,0.017998,0.024406,0.0467,0.041638
0.033097,0.018775,0.0086076,0.041488,0.044053,0.0087706,0.007126,0.026548,0.015648,0.011282,0.092725,0.017183,0.0033008,0.014654,0.0082448,0.018833,0.0096424,0.0080041,0.021134,0.011814,0.069079,0.045152,0.014057,0.097405,0.0393,0.019526,0.033162,0.039616,0.0060817,0.020387,0.015557,0.025477,0.012103,0.014994,0.017781,0.024236,0.046334,0.041708
0.032824,0.018646,0.0085334,0.041255,0.043822,0.0087273,0.0070723,0.02672,0.015534,0.011177,0.092924,0.017265,0.0032795,0.014557,0.0082431,0.018551,0.0095996,0.0079661,0.021111,0.011614,0.068464,0.045018,0.013969,0.097177,0.039239,0.019588,0.032924,0.039585,0.0060555,0.020328,0.015576,0.025376,0.01214,0.015031,0.017563,0.024059,0.045982,0.041771
0.032555,0.018515,0.0084541,0.041014,0.04359,0.0086842,0.007018,0.026887,0.015417,0.011072,0.093097,0.017337,0.0032583,0.014458,0.0082394,0.018271,0.009555,0.0079264,0.021095,0.011405,0.067837,0.044877,0.013884,0.09692,0.039164,0.019682,0.032674,0.039548,0.0060267,0.020264,0.015585,0.025269,0.012175,0.015061,0.017344,0.023878,0.045644,0.041829
0.032288,0.01838,0.0083686,0.040766,0.043356,0.0086414,0.0069626,0.027044,0.015295,0.010969,0.093247,0.017463,0.0032374,0.014358,0.0082342,0.018051,0.0095087,0.0078854,0.021084,0.011189,0.067207,0.044727,0.013803,0.096635,0.039075,0.01983,0.03242,0.039503,0.0059951,0.020195,0.015585,0.025156,0.012208,0.015085,0.017124,0.023689,0.04532,0.041881
0.032024,0.018243,0.0082791,0.04051,0.043122,0.008599,0.0069059,0.027193,0.015168,0.010866,0.09337,0.017583,0.0032166,0.014258,0.0082274,0.017861,0.0094606,0.0078426,0.021076,0.010966,0.066565,0.04457,0.013724,0.096325,0.038975,0.019967,0.032157,0.03945,0.0059607,0.020121,0.015573,0.025037,0.012242,0.015103,0.016902,0.023576,0.04501,0.041927
0.031762,0.018104,0.0081836,0.040248,0.042888,0.0085567,0.0068479,0.027334,0.015039,0.010764,0.093469,0.017694,0.003196,0.014153,0.008219,0.017672,0.0094109,0.0077986,0.021069,0.010737,0.065914,0.044405,0.013648,0.095993,0.03886,0.020092,0.031884,0.039388,0.0059234,0.020042,0.015551,0.024914,0.012274,0.015116,0.016679,0.023469,0.044712,0.041966
0.031502,0.017962,0.0080838,0.039979,0.042651,0.0085148,0.0067884,0.027463,0.014908,0.010664,0.09355,0.017797,0.0031756,0.014047,0.0082092,0.017483,0.0093598,0.0077531,0.02106,0.010538,0.065258,0.044232,0.013576,0.095641,0.038731,0.020203,0.031607,0.039318,0.0058833,0.019959,0.015517,0.024786,0.012304,0.015123,0.016456,0.02336,0.044429,0.042
0.031244,0.017818,0.0079788,0.039704,0.042414,0.0084731,0.0067275,0.027589,0.014772,0.010564,0.093608,0.017891,0.0031554,0.013932,0.0081977,0.017295,0.0093071,0.0077062,0.021047,0.010363,0.064591,0.044054,0.013506,0.095272,0.038589,0.0203,0.031322,0.039245,0.0058407,0.01987,0.015473,0.024654,0.012334,0.015124,0.016407,0.023247,0.044158,0.042026
0.030989,0.017672,0.0078693,0.039423,0.042176,0.0084317,0.0066654,0.027702,0.014633,0.010464,0.093644,0.017976,0.0031355,0.013817,0.0081848,0.017107,0.009253,0.0076581,0.021029,0.010186,0.063921,0.043867,0.013439,0.094889,0.038433,0.02038,0.031028,0.039164,0.0057962,0.019778,0.015447,0.024519,0.012362,0.015121,0.016599,0.023132,0.0439,0.042047
0.030736,0.017653,0.0077554,0.039136,0.041935,0.0083906,0.0066024,0.027808,0.014491,0.010366,0.093662,0.018051,0.0031157,0.013695,0.0081702,0.01692,0.0091975,0.0076138,0.021003,0.010007,0.063242,0.043674,0.013376,0.094493,0.038263,0.020445,0.030733,0.039074,0.00575,0.019679,0.015438,0.02438,0.012399,0.015113,0.016783,0.023012,0.043655,0.04206
0.030485,0.017669,0.0076369,0.038845,0.041696,0.0083497,0.0065379,0.027905,0.014348,0.010269,0.093662,0.018115,0.0030961,0.013565,0.0081541,0.016734,0.0091409,0.0075999,0.020969,0.0098259,0.062556,0.043475,0.013315,0.094087,0.038079,0.020494,0.03043,0.038975,0.0057034,0.019578,0.015418,0.024238,0.012441,0.0151,0.01696,0.022888,0.043421,0.042067
0.030236,0.017681,0.0075148,0.038548,0.041453,0.0083091,0.006472,0.02799,0.014202,0.010172,0.093642,0.018168,0.0030768,0.013434,0.0081364,0.016549,0.0090833,0.0075857,0.020925,0.0096435,0.061866,0.043269,0.013257,0.093673,0.037882,0.020527,0.030124,0.038869,0.0056626,0.019471,0.015387,0.024093,0.01248,0.015082,0.017131,0.022759,0.043199,0.042067
0.029989,0.017689,0.0073881,0.038248,0.04121,0.0082688,0.0064046,0.028073,0.014052,0.010077,0.093605,0.01821,0.0030577,0.013298,0.008117,0.016364,0.0090245,0.007571,0.020871,0.0094604,0.061167,0.043058,0.013202,0.093254,0.037672,0.020544,0.029815,0.038757,0.0056184,0.01936,0.015345,0.023947,0.012515,0.015059,0.017293,0.022624,0.042989,0.04206
0.029745,0.017691,0.0072585,0.037943,0.040964,0.0082287,0.0063359,0.028143,0.0139,0.0099819,0.093553,0.01824,0.0030388,0.013156,0.0080961,0.01618,0.008965,0.0075559,0.020806,0.0092769,0.060467,0.042841,0.01315,0.092831,0.037448,0.020547,0.029506,0.038639,0.0055707,0.019245,0.015292,0.023798,0.012546,0.015032,0.017448,0.022484,0.04279,0.042047
0.029502,0.017691,0.0071245,0.037635,0.040718,0.0081889,0.0062657,0.028205,0.013748,0.009888,0.093481,0.018258,0.0030202,0.013009,0.0080735,0.015998,0.0089045,0.0075404,0.020729,0.0090934,0.059758,0.042618,0.013101,0.092406,0.037211,0.020534,0.029201,0.038513,0.0055192,0.019125,0.015228,0.023649,0.012574,0.015001,0.017596,0.022338,0.042601,0.042026
0.029262,0.017686,0.0069881,0.037323,0.04047,0.0081493,0.0061942,0.028263,0.013593,0.009795,0.093397,0.018265,0.0030018,0.012862,0.0080494,0.015816,0.0088432,0.0075248,0.020642,0.0089104,0.059049,0.04239,0.013054,0.091983,0.03717,0.020557,0.028901,0.038379,0.0054643,0.019001,0.015153,0.023498,0.012597,0.014966,0.017735,0.022186,0.042422,0.041999
0.029024,0.017676,0.0068479,0.037007,0.04022,0.00811,0.006122,0.028309,0.013436,0.0097029,0.093296,0.018262,0.0029836,0.01271,0.0080235,0.015636,0.008781,0.0075087,0.020545,0.0087282,0.058332,0.042156,0.01301,0.09156,0.037298,0.020631,0.028604,0.038236,0.0054055,0.018874,0.015067,0.023347,0.012617,0.014927,0.017867,0.022029,0.042253,0.041965
0.028788,0.017662,0.0067054,0.036699,0.039969,0.0080709,0.0060485,0.028348,0.013276,0.0096116,0.093178,0.018249,0.0029656,0.012585,0.0079962,0.015456,0.0087178,0.0074921,0.020439,0.0085749,0.057615,0.041919,0.012969,0.091142,0.037416,0.020692,0.028308,0.038088,0.0053431,0.018741,0.014971,0.023195,0.012632,0.014885,0.01799,0.021865,0.042093,0.041924
0.028554,0.017644,0.0065599,0.036587,0.039717,0.0080321,0.0059738,0.028384,0.013116,0.0095212,0.09305,0.018227,0.0029479,0.012537,0.0079674,0.015278,0.0086537,0.0074751,0.020324,0.0085092,0.05689,0.041677,0.012931,0.090729,0.037522,0.020742,0.028012,0.037935,0.0052772,0.018606,0.014866,0.023044,0.012643,0.01484,0.018107,0.021696,0.041942,0.041877
0.028323,0.017622,0.0064121,0.036574,0.039463,0.0079936,0.0058978,0.02841,0.012955,0.0094317,0.092905,0.018197,0.0029303,0.012486,0.0079625,0.015102,0.0085888,0.007458,0.020202,0.0084398,0.056165,0.04143,0.012895,0.090323,0.037614,0.020781,0.027716,0.037774,0.0052673,0.018466,0.014752,0.022893,0.012651,0.014792,0.018216,0.021521,0.041799,0.041823
0.028093,0.017595,0.0062622,0.036608,0.039208,0.0079553,0.0058207,0.028429,0.012915,0.009343,0.092746,0.018159,0.0029131,0.012431,0.0079745,0.014927,0.008523,0.0074406,0.020074,0.008367,0.055434,0.041179,0.012861,0.089924,0.037697,0.020808,0.027498,0.037605,0.0052996,0.018322,0.01463,0.022741,0.012655,0.014743,0.018317,0.021341,0.041665,0.041762
0.027867,0.017565,0.0061102,0.036629,0.038952,0.0079172,0.0057729,0.028446,0.012879,0.0092552,0.092607,0.018114,0.002896,0.012372,0.0079859,0.014753,0.0084564,0.0074227,0.019942,0.0082909,0.054704,0.040924,0.01283,0.089534,0.037764,0.020825,0.027282,0.037428,0.0053299,0.018175,0.014501,0.022588,0.012654,0.014693,0.01841,0.021156,0.041538,0.041696
0.027642,0.01753,0.0059568,0.036638,0.038695,0.0078795,0.0057581,0.028455,0.012839,0.0091682,0.092579,0.018062,0.0028792,0.012312,0.0079966,0.014581,0.008389,0.0074044,0.019808,0.0082121,0.053968,0.040666,0.012801,0.089153,0.037822,0.020832,0.027059,0.037247,0.005358,0.018023,0.014364,0.022436,0.01265,0.014646,0.018496,0.020965,0.041417,0.041624
0.027419,0.017491,0.0058454,0.036634,0.038437,0.0078419,0.0057423,0.028457,0.012794,0.0090821,0.092542,0.018,0.0028625,0.012251,0.008007,0.014411,0.0083208,0.0073857,0.019671,0.0081307,0.053234,0.040405,0.012775,0.088784,0.037865,0.020829,0.026918,0.037061,0.0053841,0.017869,0.01422,0.022282,0.012676,0.014596,0.018574,0.02077,0.041304,0.041545
0.027198,0.017449,0.0058316,0.036617,0.038177,0.0078046,0.0057257,0.028459,0.012744,0.0089969,0.092492,0.017928,0.0028462,0.012187,0.0080174,0.014243,0.0082519,0.0073669,0.019535,0.008047,0.052495,0.040142,0.01275,0.088425,0.037897,0.020817,0.026783,0.036867,0.0054078,0.017711,0.014071,0.022128,0.012715,0.014543,0.018646,0.02057,0.041196,0.04146
0.02698,0.017402,0.0058164,0.036588,0.037917,0.0077675,0.0057081,0.028455,0.01269,0.0089125,0.09243,0.017845,0.00283,0.01212,0.0080282,0.014076,0.0081823,0.0073478,0.019399,0.0079888,0.051756,0.039876,0.012728,0.088078,0.037915,0.020796,0.026648,0.036666,0.005429,0.017548,0.013916,0.021974,0.012751,0.014488,0.01871,0.020365,0.041094,0.041369
0.026763,0.017352,0.0058003,0.036547,0.037656,0.0077307,0.0056896,0.028444,0.012636,0.008829,0.092356,0.017753,0.002814,0.01205,0.0080392,0.013912,0.008112,0.0073282,0.019266,0.0079658,0.051017,0.039611,0.012707,0.087742,0.037919,0.020766,0.026513,0.036458,0.0054481,0.017385,0.013758,0.021818,0.012785,0.014429,0.018768,0.020155,0.040998,0.041272
0.026548,0.017297,0.0057836,0.036493,0.037393,0.0076941,0.0056703,0.028434,0.012621,0.0087462,0.092273,0.01765,0.0027983,0.011978,0.0080494,0.013749,0.0080409,0.0073082,0.019135,0.0079434,0.050274,0.039349,0.012688,0.087418,0.037912,0.020728,0.026377,0.036247,0.0054645,0.017217,0.013596,0.021662,0.012817,0.014368,0.018818,0.01996,0.040907,0.041201
0.026335,0.01724,0.0057657,0.036427,0.037131,0.0076577,0.0056504,0.02842,0.012603,0.0086644,0.092178,0.017537,0.0027828,0.011903,0.0080582,0.013588,0.0079691,0.0072881,0.019008,0.0079203,0.04979,0.039357,0.012671,0.087106,0.03789,0.020682,0.026241,0.03603,0.0054784,0.017047,0.013431,0.021506,0.012847,0.014303,0.018862,0.019958,0.04082,0.041246
0.026124,0.017178,0.0057465,0.03635,0.036866,0.0076216,0.0056295,0.028401,0.012582,0.0085833,0.09207,0.017416,0.0027674,0.011826,0.0080653,0.013429,0.0078966,0.0072676,0.018885,0.0078966,0.049514,0.039585,0.012656,0.086806,0.037858,0.020665,0.026105,0.035806,0.0054897,0.016875,0.013263,0.021349,0.012875,0.014236,0.018899,0.019954,0.040738,0.041287
0.025916,0.017114,0.005727,0.03626,0.036602,0.0075857,0.0056077,0.02838,0.012557,0.0085031,0.091955,0.017286,0.0027523,0.011746,0.0080705,0.013273,0.0078235,0.0072469,0.018766,0.0078721,0.049232,0.039791,0.012642,0.086518,0.03781,0.020664,0.025968,0.035576,0.0054983,0.0167,0.013094,0.02119,0.012901,0.014166,0.01893,0.019948,0.040659,0.041323
0.025708,0.017046,0.0057061,0.036159,0.036336,0.00755,0.005585,0.02836,0.012527,0.0084238,0.091829,0.017148,0.0027374,0.011664,0.0080735,0.013119,0.0077496,0.0072257,0.01865,0.0078466,0.048946,0.039974,0.01263,0.086241,0.037751,0.020656,0.025831,0.035341,0.0055045,0.016524,0.012923,0.021032,0.012925,0.014093,0.018956,0.01994,0.040585,0.041353
0.025503,0.016975,0.0056839,0.036046,0.036071,0.0075146,0.0055614,0.028337,0.012493,0.0083452,0.09169,0.017004,0.0027227,0.011584,0.0080743,0.012967,0.0076753,0.0072042,0.018538,0.0078203,0.048659,0.040135,0.012618,0.085974,0.037679,0.020641,0.025697,0.035104,0.0055079,0.016346,0.012752,0.020872,0.012947,0.014019,0.018975,0.01993,0.040513,0.041378
0.0253,0.016901,0.0056613,0.035923,0.035803,0.0074794,0.0055368,0.028311,0.012455,0.0082675,0.091544,0.016855,0.0027082,0.01152,0.0080726,0.012817,0.0076003,0.0071826,0.018429,0.007793,0.048367,0.040274,0.012608,0.085718,0.037594,0.020617,0.025562,0.034859,0.0055087,0.016166,0.012581,0.020712,0.012968,0.013943,0.018989,0.019917,0.040445,0.041396
0.025099,0.016823,0.0056375,0.035788,0.035537,0.0074444,0.0055114,0.028286,0.012412,0.0081905,0.091388,0.016702,0.0026938,0.011455,0.0080684,0.01267,0.007525,0.0071607,0.018323,0.0077647,0.04807,0.040391,0.0126,0.085472,0.037498,0.020585,0.025427,0.034609,0.005507,0.015985,0.01241,0.020551,0.012998,0.013865,0.018996,0.019902,0.040379,0.04141
0.024899,0.016743,0.0056122,0.035643,0.035268,0.0074096,0.005485,0.028261,0.012365,0.0081144,0.091221,0.016544,0.0026797,0.011389,0.0080617,0.012526,0.007449,0.0071384,0.018218,0.0077355,0.047771,0.040487,0.012592,0.085234,0.037387,0.020546,0.025292,0.034355,0.0055027,0.015802,0.01224,0.02039,0.013029,0.013785,0.018999,0.019884,0.040316,0.041417
0.024701,0.016659,0.0055866,0.035487,0.035001,0.007375,0.0054578,0.028234,0.012314,0.0080391,0.091045,0.016383,0.0026657,0.011323,0.0080522,0.012384,0.0073727,0.0071157,0.018114,0.0077054,0.04747,0.040563,0.012585,0.085005,0.037268,0.020497,0.025157,0.034098,0.005496,0.015656,0.012071,0.020228,0.013059,0.013703,0.018998,0.019864,0.040256,0.041418
0.024505,0.016573,0.0055596,0.035321,0.034732,0.0073407,0.0054296,0.028206,0.012258,0.0079646,0.09086,0.016217,0.0026519,0.011257,0.0080402,0.012244,0.007296,0.0070929,0.01801,0.0076743,0.047165,0.040619,0.01258,0.084783,0.037134,0.020439,0.025021,0.033836,0.0054871,0.015524,0.011904,0.020066,0.013087,0.01362,0.018991,0.019842,0.040197,0.041414
0.024311,0.016482,0.0055313,0.035145,0.034464,0.0073066,0.0054007,0.028183,0.012199,0.0078909,0.090664,0.016047,0.0026383,0.011192,0.0080255,0.012108,0.0072189,0.0070699,0.017906,0.0076423,0.046854,0.040655,0.012575,0.084567,0.036989,0.020371,0.024886,0.033568,0.0054762,0.015391,0.01174,0.019904,0.013113,0.013536,0.01898,0.019817,0.040141,0.041403
0.024119,0.01639,0.0055025,0.03496,0.034298,0.0072727,0.0053708,0.028157,0.012136,0.0078179,0.090459,0.015874,0.0026249,0.011127,0.0080081,0.011974,0.0071416,0.0070465,0.017799,0.0076094,0.046545,0.040672,0.01257,0.084356,0.036834,0.020293,0.024751,0.033297,0.0054635,0.015326,0.011579,0.019741,0.013137,0.013451,0.018964,0.01979,0.040086,0.041386
0.023928,0.016294,0.0054724,0.034766,0.034241,0.007239,0.0053402,0.02813,0.012068,0.0077458,0.090246,0.015696,0.0026117,0.011061,0.0079885,0.011842,0.007064,0.0070229,0.01769,0.0075755,0.046231,0.040671,0.012567,0.084149,0.036667,0.020206,0.024615,0.033024,0.0054491,0.015438,0.011421,0.019579,0.013159,0.013365,0.018944,0.019762,0.040033,0.041364
0.02374,0.016209,0.005441,0.034563,0.03418,0.0072055,0.0053087,0.028109,0.011998,0.0076744,0.090023,0.015516,0.0025986,0.010996,0.0079666,0.011713,0.0069863,0.0069989,0.017577,0.0075408,0.045914,0.040653,0.012563,0.083946,0.036488,0.020107,0.02448,0.032745,0.0054328,0.015549,0.011266,0.019416,0.013179,0.013315,0.018921,0.019732,0.039981,0.041336
0.023553,0.016145,0.005409,0.034352,0.034117,0.0071722,0.0052764,0.028086,0.011924,0.0076038,0.089789,0.015332,0.0025857,0.01093,0.007943,0.011587,0.0069084,0.0069749,0.017461,0.0075052,0.045593,0.040619,0.01256,0.083744,0.036301,0.019997,0.024344,0.032462,0.0054145,0.01566,0.011116,0.019255,0.013197,0.013301,0.018894,0.019707,0.03993,0.041303
0.023367,0.016075,0.0053759,0.034133,0.03405,0.0071392,0.0052434,0.028063,0.011846,0.007534,0.089548,0.015145,0.0025729,0.010864,0.0079183,0.011464,0.0068304,0.0069505,0.01734,0.0074688,0.045273,0.040569,0.012557,0.083543,0.036102,0.019876,0.024209,0.032179,0.005394,0.015769,0.01097,0.019093,0.013212,0.013287,0.018864,0.019697,0.03988,0.041264
0.023184,0.016002,0.0053414,0.033907,0.033982,0.0071063,0.0052096,0.028045,0.011766,0.0074649,0.089298,0.014955,0.0025603,0.010799,0.0078925,0.011344,0.0067524,0.0069259,0.017215,0.0074316,0.04495,0.040503,0.012555,0.083341,0.035894,0.019743,0.024074,0.031891,0.0053714,0.015876,0.010829,0.018932,0.013225,0.01327,0.018831,0.01972,0.03983,0.041221
0.023002,0.015925,0.0053278,0.033673,0.033913,0.0070736,0.0051751,0.028026,0.011682,0.0073966,0.089037,0.014763,0.0025479,0.010733,0.0078652,0.011226,0.0066742,0.0069009,0.017085,0.0073935,0.044623,0.040424,0.012552,0.083138,0.035677,0.019598,0.023939,0.031599,0.0053466,0.015979,0.010693,0.018772,0.013236,0.013253,0.018795,0.019744,0.039781,0.041173
0.022822,0.015845,0.0053295,0.033432,0.033842,0.0070412,0.0051399,0.028006,0.011617,0.007329,0.088765,0.014569,0.0025356,0.010668,0.0078358,0.011111,0.0065962,0.0068759,0.01695,0.0073547,0.044293,0.040332,0.012549,0.082931,0.03545,0.019442,0.023804,0.031305,0.0053197,0.016078,0.010562,0.018612,0.013245,0.013234,0.018756,0.019766,0.039733,0.04112
0.022644,0.01576,0.0053404,0.033185,0.033769,0.007009,0.005104,0.027992,0.011564,0.0072622,0.088487,0.014373,0.0025234,0.010602,0.0078039,0.010999,0.0065183,0.0068506,0.016811,0.0073151,0.043963,0.040226,0.012547,0.082804,0.035214,0.019273,0.023671,0.03101,0.0052909,0.016173,0.010436,0.018453,0.013252,0.013213,0.018714,0.019787,0.03975,0.041063
0.022468,0.015672,0.0053614,0.032931,0.033692,0.0069769,0.0050675,0.027977,0.011507,0.0071961,0.088199,0.014178,0.0025114,0.010538,0.0077693,0.010889,0.0064404,0.0068251,0.016668,0.0072749,0.043632,0.040108,0.012544,0.082886,0.034971,0.019093,0.023538,0.03071,0.0052605,0.016263,0.010315,0.018294,0.013257,0.013191,0.018671,0.019805,0.039803,0.041002
0.022293,0.015581,0.0053807,0.032671,0.033613,0.0069451,0.0050303,0.027961,0.011445,0.0071308,0.0879,0.013982,0.0024995,0.010473,0.0077317,0.010782,0.0063627,0.0067993,0.016522,0.0072338,0.043297,0.039976,0.012541,0.082966,0.034719,0.018902,0.023405,0.030408,0.005229,0.016347,0.0102,0.018136,0.013261,0.013168,0.018625,0.019822,0.039858,0.040937
0.02212,0.015486,0.0053993,0.032406,0.033532,0.0069134,0.0049925,0.027951,0.011419,0.0070661,0.087592,0.013786,0.0024878,0.010409,0.007691,0.010678,0.0062853,0.0067734,0.016372,0.0071922,0.04296,0.03983,0.012537,0.083044,0.034457,0.018699,0.023272,0.03026,0.0051966,0.016424,0.01009,0.017979,0.013263,0.01315,0.018578,0.019836,0.039915,0.040868
0.021948,0.015388,0.0054164,0.032135,0.033448,0.006882,0.0049541,0.027939,0.011402,0.0070022,0.087273,0.013591,0.0024762,0.010346,0.0076475,0.010576,0.006208,0.0067473,0.01622,0.0071499,0.042622,0.039671,0.012533,0.083118,0.034197,0.018486,0.023139,0.030633,0.0051628,0.016496,0.009985,0.017822,0.013264,0.013136,0.018529,0.019849,0.039973,0.040795
0.021779,0.015288,0.0054318,0.031859,0.033363,0.0068508,0.0049152,0.027926,0.011382,0.0069391,0.086947,0.013397,0.0024647,0.010283,0.0076009,0.010477,0.006131,0.0067208,0.016066,0.0071071,0.042284,0.039498,0.012529,0.083187,0.034626,0.018262,0.023007,0.030989,0.0051274,0.01656,0.009885,0.017667,0.013263,0.013122,0.018478,0.01986,0.040032,0.040718
0.02161,0.015184,0.005446,0.031578,0.033277,0.0068197,0.0048758,0.027917,0.011359,0.0068766,0.086612,0.013203,0.0024534,0.010221,0.0075513,0.01038,0.0060544,0.0066943,0.015911,0.0070635,0.041943,0.039312,0.012523,0.083249,0.035048,0.018027,0.022874,0.031326,0.0050947,0.016616,0.0097899,0.017512,0.013261,0.013106,0.018427,0.019869,0.040093,0.040638
0.021444,0.015078,0.005459,0.031293,0.03319,0.0067888,0.0048358,0.027908,0.011333,0.0068148,0.086267,0.013012,0.0024422,0.01016,0.007499,0.010286,0.0059781,0.0066677,0.015757,0.0070195,0.0416,0.039111,0.012518,0.083305,0.035459,0.017783,0.022742,0.031645,0.005063,0.016663,0.0096995,0.017357,0.013258,0.01309,0.018374,0.019877,0.040155,0.040553
0.021279,0.014969,0.0054704,0.031133,0.0331,0.0067582,0.0047954,0.027897,0.011303,0.0067537,0.085913,0.012822,0.0024311,0.010099,0.0074439,0.010194,0.0059021,0.0066407,0.015603,0.0069749,0.041255,0.038897,0.012511,0.083352,0.035858,0.01753,0.022611,0.031943,0.0050294,0.016702,0.0096135,0.017203,0.013253,0.013073,0.018321,0.019883,0.040217,0.040465
0.021115,0.014857,0.0054803,0.030972,0.033008,0.0067277,0.0047545,0.027887,0.011271,0.0066934,0.08555,0.012634,0.0024201,0.010039,0.0073861,0.010104,0.0058265,0.0066136,0.015451,0.0069299,0.04091,0.038669,0.012504,0.08339,0.036243,0.017268,0.022479,0.032223,0.0049942,0.016732,0.0095318,0.01705,0.013247,0.013056,0.018267,0.019887,0.040282,0.040372
0.020953,0.014745,0.0054894,0.03081,0.032913,0.0066974,0.0047132,0.027879,0.011236,0.0066337,0.085179,0.012555,0.0024092,0.0099797,0.0073258,0.010016,0.0057515,0.0065865,0.0153,0.0068843,0.040566,0.038428,0.012495,0.083417,0.03661,0.016999,0.022348,0.032481,0.0049572,0.016752,0.0094542,0.017014,0.013239,0.013037,0.018212,0.019888,0.040346,0.040276
0.020793,0.01463,0.0054967,0.030647,0.032817,0.0066673,0.0046803,0.02787,0.011199,0.0065747,0.084801,0.012548,0.0023985,0.0099214,0.0072631,0.0099303,0.0056769,0.0065591,0.015153,0.0068383,0.040219,0.038174,0.012486,0.083434,0.036959,0.016722,0.022216,0.032719,0.0049186,0.016762,0.0093801,0.016985,0.01323,0.013017,0.018157,0.019888,0.040412,0.040176
0.020634,0.014513,0.0055026,0.030483,0.032719,0.0066374,0.0046749,0.027858,0.011158,0.0065163,0.084414,0.01254,0.0023879,0.0098639,0.0071983,0.0098467,0.0056028,0.0065315,0.015008,0.006792,0.03987,0.037907,0.012475,0.083438,0.037285,0.016446,0.022086,0.032935,0.0048785,0.016762,0.0093096,0.016955,0.01322,0.012997,0.018102,0.019884,0.040478,0.040072
0.020476,0.014394,0.0055076,0.030318,0.032618,0.0066077,0.0046684,0.027848,0.011116,0.0064586,0.08402,0.01253,0.0023774,0.0098073,0.0071314,0.0097647,0.00553,0.0065039,0.014867,0.0067451,0.03952,0.037627,0.012464,0.083429,0.037589,0.016232,0.021955,0.033131,0.0048371,0.016752,0.0092421,0.016925,0.013207,0.012976,0.018047,0.019878,0.040545,0.039964
0.02032,0.014273,0.0055108,0.030153,0.032518,0.0065781,0.004661,0.027839,0.011071,0.0064016,0.083617,0.01252,0.002367,0.0097517,0.0070626,0.0096845,0.0055017,0.0064761,0.014729,0.0066981,0.039168,0.037336,0.012451,0.083406,0.037869,0.016012,0.021825,0.033305,0.0047946,0.016731,0.0091772,0.016895,0.013193,0.012954,0.017991,0.019869,0.040613,0.039853
0.020166,0.014152,0.0055131,0.029987,0.032417,0.0065488,0.0046525,0.027827,0.011025,0.0063453,0.083207,0.012508,0.0023567,0.0096969,0.0069923,0.0096061,0.0054733,0.0064482,0.014595,0.0066506,0.038819,0.037033,0.012437,0.08337,0.038124,0.015785,0.021695,0.033459,0.0047513,0.0167,0.0091148,0.016863,0.013177,0.012932,0.017936,0.019857,0.040681,0.039739
0.020013,0.014028,0.005514,0.02982,0.032314,0.0065196,0.0046427,0.027813,0.010976,0.0062896,0.082792,0.012496,0.0023465,0.0096431,0.0069205,0.0095291,0.005445,0.0064202,0.014531,0.0066029,0.038468,0.036719,0.012422,0.083318,0.038352,0.015553,0.021565,0.033592,0.0047069,0.016658,0.0090541,0.016831,0.013159,0.012909,0.017882,0.019841,0.040749,0.039621
0.019861,0.013903,0.0055136,0.029653,0.032208,0.0064906,0.0046318,0.027802,0.010925,0.0062345,0.082369,0.012483,0.0023364,0.0095903,0.0068477,0.0094534,0.0054166,0.006392,0.014483,0.006555,0.038116,0.036394,0.012406,0.08325,0.038554,0.015315,0.021436,0.033706,0.0046612,0.016606,0.0089954,0.016799,0.01314,0.012886,0.017828,0.019823,0.040819,0.0395
0.019711,0.013777,0.0055121,0.029486,0.032101,0.0064617,0.0046197,0.027788,0.010872,0.0061801,0.081939,0.012468,0.0023264,0.0095384,0.0067743,0.0093791,0.0053882,0.0063638,0.014439,0.0065068,0.037763,0.03606,0.012388,0.083166,0.038728,0.015073,0.021308,0.033801,0.0046141,0.016544,0.0089376,0.016766,0.01312,0.012862,0.017774,0.019802,0.040889,0.039375
0.019562,0.013649,0.0055095,0.029318,0.031992,0.0064331,0.0046064,0.027772,0.010819,0.0061263,0.081501,0.012453,0.0023165,0.0094875,0.0067009,0.0093059,0.0053597,0.0063354,0.014399,0.0064585,0.037409,0.035714,0.012368,0.083065,0.038874,0.014827,0.021181,0.033881,0.0045658,0.016472,0.0088811,0.016732,0.013098,0.012838,0.017721,0.019777,0.040959,0.039248
0.019415,0.013521,0.0055056,0.029149,0.031882,0.0064046,0.004592,0.027756,0.010764,0.0060731,0.08106,0.012437,0.0023067,0.0094376,0.0066283,0.0092337,0.0053312,0.0063069,0.014363,0.00641,0.037054,0.03536,0.012348,0.082946,0.038992,0.014579,0.021054,0.033944,0.0045162,0.016391,0.0088252,0.016698,0.013076,0.012824,0.017669,0.01975,0.041029,0.039116
0.019269,0.013391,0.005501,0.02898,0.031769,0.0063763,0.0045821,0.02774,0.010707,0.0060206,0.080612,0.01242,0.002297,0.0093887,0.0065565,0.0091625,0.0053027,0.0062783,0.014331,0.0063614,0.036702,0.034997,0.012326,0.082811,0.039082,0.014329,0.020928,0.033992,0.0044653,0.016299,0.0087699,0.016663,0.013053,0.012813,0.017617,0.019719,0.0411,0.038982
0.019125,0.013261,0.0054948,0.02881,0.031657,0.0063482,0.0045891,0.027721,0.01065,0.0059686,0.080157,0.012402,0.0022874,0.0093407,0.0064852,0.0090921,0.0052741,0.0062496,0.014302,0.0063127,0.036348,0.034625,0.012302,0.082657,0.039144,0.014078,0.020801,0.034023,0.0044133,0.016198,0.0087149,0.016627,0.013028,0.012801,0.017566,0.019685,0.041171,0.038843
0.018981,0.01313,0.0054878,0.02864,0.031544,0.0063202,0.0045958,0.0277,0.010591,0.0059173,0.079695,0.012384,0.0022779,0.0092937,0.0064145,0.0090222,0.0052456,0.0062208,0.014275,0.006264,0.035995,0.034244,0.012277,0.082485,0.039179,0.013827,0.020676,0.03404,0.0043602,0.016087,0.0086599,0.01659,0.013003,0.01279,0.017516,0.019648,0.041242,0.038701
0.01884,0.012998,0.0054792,0.02847,0.03143,0.0062925,0.0046021,0.027681,0.010532,0.0058666,0.07923,0.012364,0.0022684,0.0092477,0.0063446,0.008953,0.005217,0.006192,0.01425,0.0062152,0.03564,0.033856,0.012251,0.082296,0.039188,0.013576,0.02055,0.034041,0.004306,0.016077,0.0086048,0.016553,0.012976,0.012778,0.017467,0.019609,0.041313,0.038556
0.018699,0.012866,0.0054697,0.028298,0.031314,0.0062648,0.004608,0.027658,0.010471,0.0058164,0.078757,0.012344,0.0022591,0.0092026,0.0062756,0.0088841,0.0051885,0.006163,0.014225,0.0061665,0.035285,0.03346,0.012223,0.082087,0.039171,0.013327,0.020425,0.034031,0.0042509,0.016068,0.0085493,0.016514,0.012948,0.012766,0.01742,0.019566,0.041385,0.038408
0.01856,0.012734,0.0054588,0.028127,0.031196,0.0062374,0.0046136,0.027633,0.010411,0.0057669,0.078278,0.012324,0.0022498,0.0091585,0.0062137,0.0088155,0.00516,0.0061339,0.014201,0.0061177,0.03493,0.033057,0.012194,0.08186,0.039275,0.01308,0.020301,0.034012,0.0041947,0.016051,0.0084929,0.016475,0.012919,0.012754,0.017373,0.01952,0.041456,0.038257
0.018422,0.012601,0.0054465,0.027954,0.031077,0.0062101,0.0046186,0.02761,0.010349,0.0057179,0.077794,0.012302,0.0022406,0.0091153,0.006165,0.0087472,0.0051316,0.0061048,0.014175,0.0060689,0.034575,0.032648,0.012166,0.081615,0.039407,0.012836,0.020176,0.033985,0.0041379,0.016027,0.0084354,0.016435,0.012888,0.012742,0.017328,0.01947,0.041528,0.038103
0.018286,0.012469,0.0054333,0.027781,0.030957,0.006183,0.0046233,0.027582,0.010286,0.0056695,0.077305,0.012281,0.0022315,0.0090733,0.0061157,0.0086788,0.0051031,0.0060755,0.014148,0.00602,0.034222,0.032231,0.012137,0.081351,0.039516,0.012596,0.020053,0.03395,0.0040803,0.015994,0.0083771,0.016394,0.012855,0.01273,0.017283,0.019419,0.0416,0.037948
0.018151,0.012409,0.0054185,0.027608,0.030835,0.006156,0.0046276,0.027554,0.010223,0.0056217,0.076808,0.012261,0.0022225,0.009033,0.0060658,0.0086105,0.0050747,0.0060462,0.014118,0.0059712,0.033869,0.03181,0.012173,0.081069,0.039603,0.01236,0.019929,0.033907,0.0040218,0.015955,0.0083176,0.016352,0.012821,0.012718,0.01724,0.019363,0.041671,0.03779
0.018031,0.012493,0.0054024,0.027435,0.030712,0.0061293,0.0046313,0.027526,0.010159,0.0055745,0.076306,0.012244,0.0022136,0.0089935,0.0060154,0.0085419,0.0050462,0.0060168,0.014085,0.0059224,0.033517,0.031382,0.012304,0.080768,0.039669,0.01213,0.019806,0.033853,0.0039629,0.015909,0.0082567,0.016308,0.012785,0.012708,0.017198,0.019305,0.041742,0.037631
0.018031,0.01257,0.0053855,0.02726,0.03059,0.0061026,0.0046347,0.027494,0.010094,0.0055278,0.075799,0.012225,0.0022047,0.0089549,0.0059647,0.0084731,0.0050179,0.0059874,0.014047,0.0058736,0.033164,0.030949,0.012435,0.080449,0.039715,0.011904,0.019684,0.033789,0.003925,0.015855,0.0081947,0.016264,0.012747,0.012697,0.017157,0.019244,0.041814,0.037471
0.018024,0.01264,0.005367,0.027086,0.030467,0.0060762,0.0046376,0.027462,0.010029,0.0054816,0.075286,0.012207,0.0021959,0.008917,0.0059137,0.008404,0.0049896,0.0059578,0.014003,0.0058248,0.032811,0.030512,0.012565,0.080112,0.039742,0.011686,0.019562,0.033715,0.003915,0.015795,0.0081314,0.016219,0.012707,0.012687,0.017117,0.01918,0.041884,0.037309
0.018012,0.012704,0.0053471,0.026911,0.030343,0.0060499,0.00464,0.027428,0.0099621,0.005436,0.074997,0.012187,0.0021872,0.00888,0.0058627,0.0083342,0.0049614,0.0059282,0.013954,0.005776,0.032458,0.03007,0.012693,0.079757,0.039749,0.011474,0.01944,0.03363,0.0039039,0.015728,0.0080666,0.016264,0.012666,0.012677,0.017078,0.019113,0.041955,0.037146
0.017995,0.012762,0.0053264,0.026735,0.030217,0.0060237,0.004642,0.02739,0.0098956,0.005391,0.074706,0.012168,0.0021786,0.0088438,0.0058116,0.0082641,0.0049332,0.0058985,0.013899,0.0057273,0.032106,0.029624,0.01282,0.079384,0.039739,0.01127,0.019319,0.033534,0.0038913,0.015654,0.0080005,0.016339,0.012623,0.012666,0.01704,0.019043,0.042026,0.036982
0.017971,0.012814,0.0053044,0.026559,0.03009,0.0059977,0.0046434,0.027355,0.0098279,0.0053465,0.074414,0.012147,0.00217,0.0088082,0.0057607,0.0081932,0.0049051,0.0058688,0.013837,0.0056787,0.031755,0.029174,0.012946,0.078995,0.039711,0.011073,0.019199,0.033429,0.0038773,0.015574,0.0079329,0.016409,0.012578,0.012656,0.017004,0.018971,0.042096,0.036816
0.017941,0.01286,0.005281,0.026383,0.029962,0.0059719,0.0046444,0.027315,0.0097598,0.0053025,0.074122,0.012126,0.0021615,0.0087735,0.0057102,0.0081216,0.0048771,0.0058391,0.013767,0.0056301,0.031406,0.028879,0.013069,0.078588,0.039668,0.010884,0.019078,0.033314,0.0038622,0.015488,0.0078635,0.016475,0.012552,0.012646,0.016969,0.018895,0.042165,0.036648
0.017907,0.012901,0.0052566,0.026206,0.029833,0.0059462,0.004645,0.027273,0.0096914,0.005259,0.073827,0.012104,0.0021531,0.0087393,0.00566,0.0080492,0.0048491,0.0058093,0.01369,0.0055816,0.031058,0.028718,0.013189,0.078165,0.039609,0.010703,0.018959,0.03319,0.0038458,0.015396,0.0077928,0.016536,0.012533,0.012637,0.016935,0.018817,0.042234,0.036478
0.017867,0.012937,0.0052313,0.026028,0.029703,0.0059207,0.004645,0.027232,0.0096222,0.0052161,0.07365,0.012082,0.0021447,0.0087059,0.0056104,0.0079759,0.0048213,0.0057794,0.013604,0.0055805,0.03071,0.028557,0.013306,0.077726,0.039536,0.010531,0.018839,0.033055,0.0038282,0.015298,0.0077207,0.016593,0.012513,0.012627,0.016902,0.018736,0.042303,0.036308
0.017821,0.012967,0.0052045,0.02585,0.029573,0.0058953,0.0046445,0.027187,0.0095527,0.0051737,0.07348,0.012059,0.0021364,0.0086731,0.0055615,0.0079016,0.0047935,0.0057495,0.013511,0.0055886,0.030363,0.028398,0.01342,0.077271,0.03945,0.010367,0.018722,0.032909,0.0038095,0.015194,0.0076472,0.016646,0.012492,0.012618,0.01687,0.018653,0.042371,0.036136
0.017769,0.012992,0.0051767,0.025672,0.029443,0.0058701,0.0046436,0.027141,0.0094832,0.0051317,0.073307,0.012035,0.0021282,0.0086408,0.0055133,0.0078263,0.0047658,0.0057197,0.01341,0.0055963,0.030016,0.028242,0.01353,0.0768,0.039352,0.010211,0.018604,0.032751,0.0037896,0.015086,0.0075727,0.016695,0.01247,0.012609,0.016839,0.018567,0.042439,0.035962
0.017713,0.013012,0.0051482,0.025493,0.029312,0.0058451,0.0046421,0.027094,0.0094131,0.0050903,0.073133,0.012011,0.00212,0.0086092,0.005466,0.0077499,0.0047383,0.0056897,0.013301,0.0056035,0.02967,0.028087,0.013635,0.076581,0.039242,0.010065,0.018488,0.032579,0.0037688,0.014971,0.0074973,0.016739,0.012446,0.012602,0.016808,0.018478,0.042505,0.035788
0.017652,0.013027,0.0051184,0.025313,0.02918,0.0058201,0.0046402,0.027043,0.0093427,0.0050494,0.072955,0.011986,0.0021119,0.008578,0.0054198,0.0076724,0.0047108,0.0056597,0.013185,0.0056101,0.029325,0.027932,0.013736,0.076479,0.039123,0.0099264,0.018371,0.032396,0.0037469,0.014853,0.0074402,0.016779,0.012422,0.012595,0.016779,0.018388,0.042572,0.035612
0.017585,0.013037,0.0050876,0.025133,0.029047,0.0057954,0.0046378,0.026994,0.0092726,0.005009,0.072774,0.011961,0.0021038,0.0085474,0.0053746,0.0075936,0.0046834,0.0056297,0.013061,0.0056159,0.028981,0.027777,0.013831,0.076362,0.038994,0.0097963,0.018255,0.032199,0.0037241,0.014729,0.0073934,0.016815,0.012397,0.012589,0.01675,0.018357,0.042637,0.035435
0.017514,0.013043,0.0050561,0.024953,0.028914,0.0057708,0.0046349,0.026941,0.0092021,0.004969,0.07259,0.011935,0.0020958,0.0085172,0.0053306,0.0075137,0.0046562,0.0055997,0.01293,0.0056208,0.028639,0.027622,0.01392,0.076232,0.038857,0.0096744,0.01814,0.03199,0.0037003,0.014601,0.0073448,0.016846,0.012371,0.012582,0.016722,0.018329,0.042701,0.035256
0.017438,0.013045,0.0050234,0.024772,0.028779,0.0057463,0.0046315,0.026885,0.0091312,0.0049296,0.072402,0.011908,0.0020879,0.0084874,0.0052878,0.0074325,0.0046291,0.0055698,0.012793,0.0056246,0.028298,0.027467,0.014003,0.076087,0.038713,0.0095606,0.018025,0.031769,0.0036757,0.014468,0.0072952,0.016872,0.012343,0.012576,0.016695,0.018302,0.042765,0.035077
0.017358,0.013043,0.0049901,0.024591,0.028644,0.005722,0.0046276,0.02683,0.0090609,0.0048906,0.07221,0.011881,0.00208,0.008458,0.0052464,0.0073501,0.0046021,0.0055398,0.012649,0.0056273,0.027959,0.027311,0.014079,0.075929,0.038561,0.0094544,0.017911,0.031538,0.003657,0.014332,0.0072442,0.016895,0.012315,0.01257,0.016669,0.018277,0.042828,0.034896
0.017273,0.013036,0.0049559,0.024409,0.028508,0.0056978,0.0046232,0.026771,0.0089905,0.004852,0.072014,0.011853,0.0020721,0.0084289,0.0052064,0.0072663,0.0045752,0.0055098,0.012499,0.0056286,0.027621,0.027154,0.014148,0.075757,0.038405,0.0093553,0.017797,0.031297,0.0036374,0.014192,0.0071922,0.016913,0.012286,0.012564,0.016643,0.018252,0.04289,0.034714
0.017186,0.013026,0.0049207,0.024228,0.028372,0.0056737,0.0046184,0.026712,0.0089199,0.004814,0.071815,0.011825,0.0020644,0.0084002,0.0051678,0.0071813,0.0045485,0.0054798,0.012344,0.0056285,0.027285,0.026998,0.01421,0.075572,0.038242,0.0092632,0.017684,0.031046,0.0036169,0.014048,0.0071393,0.016928,0.012256,0.012558,0.016617,0.018227,0.042952,0.034532
0.017093,0.013013,0.004885,0.024045,0.028236,0.0056498,0.004613,0.026651,0.0088496,0.0047764,0.071611,0.011796,0.0020566,0.0083718,0.0051308,0.0070948,0.0045218,0.0054497,0.012185,0.0056267,0.026949,0.026841,0.014265,0.075374,0.038075,0.0091774,0.017571,0.030788,0.0035955,0.013902,0.0070854,0.016939,0.012225,0.012552,0.016592,0.018203,0.043012,0.034349
0.016997,0.012996,0.0048484,0.023863,0.0281,0.0056261,0.0046072,0.026586,0.0087797,0.0047392,0.071404,0.011767,0.002049,0.0083435,0.0050952,0.0070071,0.0044954,0.0054198,0.01202,0.0056233,0.026615,0.026683,0.014313,0.075164,0.037904,0.0090978,0.017459,0.030523,0.0035733,0.013752,0.0070312,0.016946,0.012193,0.012546,0.016568,0.01818,0.043072,0.034165
0.016898,0.012977,0.0048114,0.02368,0.027964,0.0056025,0.0046009,0.026523,0.0087098,0.0047025,0.071192,0.011737,0.0020413,0.0083155,0.0050612,0.006918,0.004469,0.0053899,0.011853,0.0056181,0.026282,0.026525,0.014358,0.07494,0.03773,0.0090239,0.017347,0.030254,0.0035502,0.0136,0.0069762,0.01695,0.01216,0.012541,0.016543,0.018159,0.043131,0.033981
0.016796,0.012954,0.0047735,0.023497,0.027826,0.005579,0.0045941,0.026455,0.0086399,0.0046662,0.070976,0.011707,0.0020338,0.0082877,0.0050289,0.0068277,0.0044429,0.00536,0.011681,0.005611,0.025951,0.026366,0.014404,0.074705,0.037552,0.0089548,0.017236,0.02998,0.0035263,0.013493,0.0069211,0.01695,0.012126,0.012535,0.016519,0.018148,0.043188,0.033795
0.01669,0.012929,0.0047352,0.023314,0.027688,0.0055557,0.0045869,0.026388,0.0085709,0.0046304,0.070757,0.011676,0.0020263,0.00826,0.004998,0.0067359,0.0044168,0.0053301,0.011507,0.0056018,0.025621,0.026208,0.014446,0.074458,0.037371,0.0088902,0.017126,0.029705,0.0035018,0.013395,0.0068658,0.016947,0.012092,0.01253,0.016495,0.018141,0.043245,0.033609
0.016582,0.012902,0.004696,0.023131,0.027549,0.0055325,0.0045792,0.026318,0.008502,0.004595,0.070532,0.011644,0.0020188,0.0082323,0.0049687,0.0066506,0.004391,0.0053002,0.011331,0.0055906,0.025293,0.026049,0.014497,0.0742,0.037189,0.0088298,0.017016,0.029428,0.0034764,0.013294,0.0068106,0.016941,0.012056,0.012525,0.016471,0.018135,0.043301,0.033421
0.016472,0.012872,0.0046566,0.022948,0.02741,0.0055094,0.0045711,0.026244,0.0084333,0.0045601,0.070304,0.011612,0.0020114,0.0082342,0.0049411,0.0066279,0.0043652,0.0052703,0.011152,0.0055771,0.024966,0.025889,0.014643,0.073931,0.037004,0.0087729,0.016906,0.02915,0.0034505,0.013189,0.0067556,0.016933,0.01202,0.012521,0.016447,0.01813,0.043356,0.033232
0.016359,0.012841,0.0046163,0.022765,0.027271,0.0054865,0.0045625,0.026172,0.0083652,0.0045255,0.070071,0.01158,0.002004,0.0082491,0.0049149,0.0066041,0.0043397,0.0052406,0.010982,0.0055614,0.024641,0.02573,0.014783,0.07365,0.036817,0.0087188,0.016797,0.02913,0.0034238,0.01308,0.006701,0.016923,0.011983,0.012516,0.016423,0.018124,0.043409,0.033042
0.016244,0.012807,0.0045753,0.022582,0.02713,0.0054637,0.0045535,0.026095,0.0082977,0.0044914,0.069833,0.011546,0.0019967,0.008265,0.0048902,0.0065792,0.0043143,0.0052109,0.010916,0.0055434,0.024322,0.02557,0.014915,0.073359,0.036628,0.0086671,0.016688,0.029208,0.0033966,0.012967,0.006647,0.016911,0.011945,0.012512,0.016398,0.018136,0.043461,0.03285
0.016126,0.012773,0.004534,0.022399,0.026991,0.005441,0.0045443,0.026017,0.0082304,0.0044577,0.069591,0.011512,0.0019894,0.008281,0.004867,0.0065532,0.004289,0.0051812,0.010847,0.0055229,0.024226,0.02541,0.015039,0.073058,0.036438,0.0086175,0.01658,0.029328,0.0033689,0.01285,0.0065938,0.016898,0.011906,0.012508,0.016373,0.018151,0.043511,0.032657
0.016008,0.012737,0.0044918,0.022216,0.026852,0.0054185,0.0045346,0.025938,0.0081637,0.0044244,0.069344,0.011478,0.0019821,0.0082971,0.0048452,0.0065259,0.004264,0.0051516,0.010776,0.0054999,0.024129,0.02525,0.015155,0.072747,0.036246,0.008569,0.016498,0.029513,0.0033406,0.012729,0.0065415,0.016882,0.011866,0.012505,0.016348,0.018166,0.043559,0.032493
0.015888,0.012701,0.004449,0.022033,0.026712,0.0053961,0.0045246,0.025854,0.0080978,0.0043914,0.069093,0.011443,0.0019749,0.0083132,0.0048248,0.0064973,0.0042391,0.0051219,0.010703,0.0054865,0.024033,0.02509,0.015265,0.072426,0.036053,0.0085216,0.016434,0.029681,0.0033118,0.012605,0.0064904,0.016863,0.011826,0.012501,0.016323,0.01818,0.043606,0.032382
0.015767,0.012665,0.0044059,0.02185,0.026572,0.0053738,0.0045141,0.025771,0.0080322,0.0043589,0.068836,0.011407,0.0019678,0.0083295,0.0048056,0.0065087,0.0042143,0.0050924,0.010705,0.0055152,0.023936,0.02493,0.015368,0.072097,0.035858,0.0084744,0.01637,0.029833,0.0032827,0.012478,0.0064404,0.016908,0.011785,0.012498,0.016297,0.018194,0.043651,0.03227
0.015644,0.01263,0.0043622,0.02172,0.026432,0.0053517,0.0045032,0.025685,0.0079673,0.0043268,0.068575,0.011371,0.0019607,0.0083458,0.0047877,0.0065216,0.0041898,0.0050628,0.01071,0.0055426,0.023839,0.02477,0.015465,0.071758,0.035662,0.0084272,0.016306,0.02997,0.0032531,0.012347,0.006392,0.016961,0.011743,0.012495,0.016271,0.018207,0.043694,0.032157
0.015521,0.012596,0.0043179,0.021607,0.026291,0.0053297,0.0044919,0.025598,0.0079032,0.0042951,0.06831,0.011334,0.0019536,0.008362,0.0047709,0.006534,0.0041654,0.0050335,0.010714,0.0055685,0.023743,0.02461,0.015554,0.07141,0.035466,0.0083795,0.016243,0.030091,0.0032232,0.012213,0.006345,0.017007,0.0117,0.012492,0.016243,0.018219,0.043735,0.032044
0.015397,0.012565,0.0042874,0.021492,0.02615,0.0053078,0.0044801,0.025509,0.0078395,0.0042637,0.068039,0.011297,0.0019466,0.0083783,0.0047551,0.0065458,0.0041412,0.0050042,0.010718,0.005593,0.023646,0.02445,0.015635,0.071054,0.035268,0.0083308,0.016179,0.030199,0.003193,0.012076,0.0062997,0.017047,0.011657,0.012489,0.016216,0.01823,0.043774,0.03193
0.015273,0.012536,0.004317,0.021375,0.026008,0.005286,0.004468,0.02542,0.0077767,0.0042328,0.067764,0.011259,0.0019396,0.0083945,0.0047403,0.006557,0.0041172,0.0049749,0.010722,0.005616,0.02355,0.02429,0.015706,0.070691,0.035068,0.0082806,0.016117,0.030293,0.0031625,0.011938,0.0062561,0.017082,0.011613,0.012486,0.016187,0.018241,0.043811,0.031815
0.015149,0.01251,0.0043434,0.021257,0.025867,0.0052644,0.0044556,0.025328,0.0077145,0.0042022,0.067484,0.01122,0.0019327,0.0084107,0.0047264,0.0065676,0.0040933,0.0049457,0.010725,0.0056374,0.023454,0.024131,0.015767,0.070319,0.034868,0.0082288,0.016054,0.030373,0.0031319,0.011797,0.0062146,0.01711,0.011568,0.012483,0.016157,0.01825,0.043846,0.0317
0.015024,0.012484,0.0043668,0.021138,0.025725,0.0052429,0.0044427,0.025238,0.0076529,0.004172,0.067199,0.011181,0.0019257,0.0084267,0.0047133,0.0065778,0.0040697,0.0049165,0.010729,0.0056572,0.023358,0.023971,0.015816,0.06994,0.034666,0.0081746,0.015991,0.030442,0.0031011,0.011653,0.006175,0.017133,0.011539,0.012479,0.016126,0.018258,0.043879,0.031583
0.014955,0.012458,0.0043872,0.021017,0.025583,0.0052215,0.0044295,0.025145,0.0075922,0.0041421,0.066909,0.011141,0.0019189,0.0084439,0.0047008,0.0065873,0.0040462,0.0048874,0.010732,0.0056755,0.023263,0.023812,0.015854,0.069553,0.034462,0.0081182,0.015929,0.030499,0.0030701,0.011508,0.0061374,0.01715,0.011549,0.012476,0.016095,0.018266,0.04391,0.031466
0.01489,0.012432,0.0044053,0.020895,0.025442,0.0052003,0.0044159,0.025052,0.007532,0.0041126,0.066614,0.0111,0.0019121,0.008461,0.004689,0.0065962,0.0040229,0.0048584,0.010735,0.0056922,0.023167,0.023653,0.015881,0.06916,0.034257,0.008059,0.015867,0.030545,0.0030391,0.011361,0.0061018,0.017163,0.011557,0.012472,0.016062,0.018271,0.043939,0.031347
0.014826,0.012405,0.0044203,0.020772,0.025302,0.0051791,0.0044019,0.024959,0.0074726,0.0040834,0.066314,0.011058,0.0019053,0.0084778,0.0046776,0.0066045,0.0039998,0.0048295,0.010739,0.0057073,0.023071,0.023494,0.015895,0.068759,0.03405,0.0079966,0.015806,0.030582,0.0030078,0.011213,0.0060686,0.017169,0.011564,0.012468,0.016029,0.018276,0.043965,0.031228
0.014761,0.012379,0.0044322,0.020647,0.02516,0.0051581,0.0043876,0.024864,0.007414,0.0040547,0.06601,0.011017,0.0018985,0.0084945,0.0046666,0.0066124,0.0039768,0.0048007,0.010742,0.0057209,0.022975,0.023336,0.015896,0.068352,0.033842,0.007931,0.015744,0.03061,0.0029764,0.011064,0.0060377,0.017171,0.01157,0.012463,0.015994,0.018279,0.04399,0.031108
0.014698,0.012351,0.0044414,0.020521,0.025019,0.0051372,0.004373,0.024769,0.007356,0.0040262,0.065701,0.010974,0.0018918,0.0085109,0.0046559,0.0066196,0.0039541,0.004772,0.010745,0.005733,0.02291,0.023177,0.015885,0.067939,0.033632,0.0078966,0.015683,0.030629,0.002945,0.010913,0.0060089,0.017168,0.011576,0.012459,0.015957,0.018281,0.044012,0.030987
0.014634,0.012322,0.0044481,0.020395,0.024878,0.0051165,0.0043581,0.024673,0.0072986,0.0039981,0.065387,0.010931,0.0018851,0.0085271,0.0046453,0.0066262,0.0039316,0.0047434,0.010749,0.0057438,0.022867,0.02302,0.015861,0.06752,0.03342,0.0079049,0.015622,0.030641,0.0029133,0.010762,0.0059823,0.017159,0.01158,0.012453,0.015919,0.018281,0.044031,0.030864
0.014571,0.012292,0.0044519,0.020267,0.024737,0.0050958,0.0043428,0.024573,0.0072422,0.0039703,0.065068,0.010887,0.0018785,0.008543,0.0046349,0.0066322,0.0039092,0.0047149,0.010752,0.0057531,0.022823,0.022863,0.015824,0.067095,0.033206,0.0079123,0.015561,0.030645,0.0028817,0.01061,0.0059579,0.017145,0.011583,0.012447,0.015881,0.01828,0.044048,0.030742
0.014508,0.012262,0.0044527,0.020138,0.024595,0.0050753,0.0043272,0.024475,0.0071863,0.0039429,0.064745,0.010842,0.0018719,0.0085585,0.0046244,0.0066377,0.003887,0.0046864,0.010754,0.0057608,0.022779,0.022706,0.015774,0.066664,0.03299,0.0079189,0.015501,0.030644,0.0028499,0.010458,0.0059356,0.017127,0.011584,0.012441,0.01584,0.018278,0.044062,0.030618
0.014445,0.012231,0.0044512,0.020008,0.024454,0.0050549,0.0043113,0.024373,0.007131,0.0039158,0.064417,0.010797,0.0018654,0.0085737,0.0046138,0.0066426,0.003865,0.004658,0.010757,0.0057667,0.022735,0.022549,0.015711,0.066227,0.032773,0.0079247,0.015441,0.030637,0.0028181,0.010306,0.0059156,0.017103,0.011585,0.012434,0.015798,0.018274,0.044074,0.030494
0.014383,0.0122,0.0044471,0.019877,0.024312,0.0050346,0.0042952,0.024271,0.0070765,0.003889,0.064085,0.010751,0.0018588,0.0085885,0.004603,0.0066469,0.0038432,0.0046297,0.010758,0.0057708,0.022691,0.022393,0.015635,0.065786,0.032553,0.0079298,0.015381,0.030625,0.0027863,0.010225,0.0058976,0.017075,0.011585,0.012426,0.015755,0.018269,0.044083,0.030369
0.014321,0.012168,0.0044401,0.019746,0.024171,0.0050144,0.0042787,0.024167,0.0070228,0.0038626,0.063748,0.010704,0.0018523,0.0086029,0.0045919,0.0066506,0.0038216,0.0046015,0.010759,0.0057731,0.022646,0.022238,0.015546,0.065339,0.032332,0.007934,0.015322,0.030609,0.0027544,0.010143,0.0058816,0.017041,0.011583,0.012418,0.015709,0.018262,0.04409,0.030243
0.01426,0.012136,0.0044308,0.019613,0.024029,0.0049943,0.004262,0.02406,0.0069696,0.0038364,0.063469,0.010657,0.0018459,0.0086169,0.0045805,0.0066538,0.0038002,0.0045735,0.010758,0.0057737,0.022601,0.022083,0.015444,0.064887,0.032109,0.0079376,0.015263,0.030589,0.0027226,0.01006,0.0058674,0.017004,0.011581,0.012409,0.015663,0.018254,0.044093,0.030116
0.014198,0.012104,0.0044192,0.01948,0.023888,0.0049744,0.004245,0.023955,0.006917,0.0038106,0.063293,0.010609,0.0018394,0.0086304,0.0045686,0.0066564,0.003779,0.0045456,0.010757,0.0057723,0.022555,0.021929,0.015329,0.064431,0.031884,0.0079405,0.015204,0.030568,0.0026907,0.0099751,0.0058548,0.016962,0.011577,0.012399,0.015614,0.018245,0.044094,0.029989
0.014137,0.012072,0.0044049,0.019346,0.023748,0.0049545,0.0042278,0.023848,0.0068652,0.0037851,0.063112,0.010561,0.0018331,0.0086434,0.0045651,0.0066584,0.003758,0.0045177,0.010754,0.0057689,0.022508,0.021775,0.015202,0.06397,0.031656,0.0079426,0.015145,0.030544,0.002659,0.0098893,0.0058441,0.016916,0.011573,0.012389,0.015564,0.018235,0.044091,0.029862
0.014077,0.012041,0.0043883,0.019212,0.023608,0.0049348,0.0042103,0.023739,0.0068142,0.0037599,0.062927,0.010511,0.0018267,0.0086559,0.0045706,0.0066598,0.0037371,0.00449,0.010749,0.0057634,0.022461,0.021622,0.015062,0.063505,0.031427,0.007944,0.015087,0.030518,0.0026273,0.0098023,0.0058348,0.016867,0.011568,0.012377,0.015513,0.018222,0.044085,0.029734
0.014016,0.012009,0.0043698,0.019076,0.023468,0.0049152,0.0041926,0.02363,0.0067638,0.003735,0.062737,0.010461,0.0018204,0.0086688,0.004576,0.0066608,0.0037165,0.0044623,0.010743,0.0057557,0.022414,0.02147,0.01491,0.063035,0.031196,0.0079444,0.015029,0.030491,0.0025956,0.0097138,0.0058268,0.016815,0.011561,0.012366,0.015459,0.018209,0.044077,0.029606
0.013956,0.011977,0.0043488,0.01894,0.023328,0.0048957,0.0041747,0.02352,0.006714,0.0037104,0.062542,0.010411,0.0018141,0.0086817,0.0045813,0.0066612,0.003696,0.0044348,0.010734,0.0057458,0.022368,0.021318,0.014746,0.062562,0.030963,0.007944,0.014971,0.030464,0.0025641,0.0096246,0.0058199,0.016761,0.011554,0.012353,0.015403,0.018194,0.044065,0.029477
0.013897,0.011945,0.0043256,0.018804,0.023188,0.0048763,0.0041565,0.023408,0.0066647,0.0036861,0.062342,0.01036,0.0018078,0.008694,0.0045865,0.0066609,0.0036757,0.0044073,0.010724,0.0057337,0.02232,0.021167,0.01457,0.062084,0.030729,0.0079425,0.014914,0.030437,0.0025327,0.0095348,0.0058142,0.016704,0.011546,0.01234,0.015346,0.018178,0.04405,0.029348
0.013837,0.011913,0.0043007,0.018667,0.023048,0.004857,0.0041381,0.023295,0.0066162,0.0036621,0.062137,0.010308,0.0018016,0.0087056,0.0045915,0.0066602,0.0036556,0.00438,0.010711,0.0057194,0.022272,0.021016,0.014408,0.061868,0.030492,0.0079398,0.014856,0.030411,0.0025014,0.009444,0.0058093,0.016646,0.011536,0.012325,0.015287,0.01816,0.044032,0.02922
0.013778,0.011881,0.0042736,0.01853,0.022909,0.0048378,0.0041195,0.023181,0.0065685,0.0036383,0.061927,0.010255,0.0017954,0.0087167,0.004596,0.0066589,0.0036358,0.0043528,0.010696,0.0057028,0.022224,0.020867,0.014288,0.061696,0.030254,0.0079359,0.014799,0.030386,0.0024703,0.0093525,0.005805,0.016588,0.011526,0.01231,0.015226,0.018141,0.044011,0.02909
0.013719,0.011849,0.0042446,0.018393,0.02277,0.0048188,0.0041008,0.023064,0.0065213,0.0036149,0.061713,0.010202,0.0017892,0.008727,0.0046002,0.0066571,0.0036161,0.0043257,0.010678,0.0056841,0.022175,0.020718,0.014166,0.061521,0.030015,0.0079307,0.014742,0.030363,0.0024394,0.009261,0.0058013,0.01653,0.011515,0.012294,0.015162,0.01812,0.043986,0.028961
0.013661,0.011816,0.004214,0.018255,0.02263,0.0047998,0.0040818,0.022946,0.0064747,0.0035917,0.061493,0.010148,0.0017831,0.0087367,0.0046038,0.0066547,0.0035966,0.0042987,0.010657,0.0056631,0.022126,0.02057,0.014036,0.061342,0.029774,0.007924,0.014686,0.030341,0.0024086,0.0091819,0.0057979,0.016476,0.011503,0.012278,0.015097,0.018098,0.043959,0.028832
0.013603,0.011784,0.0041814,0.018117,0.022491,0.0047809,0.0040627,0.022828,0.0064287,0.0035688,0.061269,0.010094,0.001777,0.0087457,0.0046068,0.0066519,0.0035773,0.0042719,0.010634,0.00564,0.022076,0.020422,0.013897,0.061161,0.029532,0.0079157,0.014629,0.030323,0.0023781,0.0091064,0.0057946,0.016425,0.01149,0.01226,0.01503,0.018075,0.043929,0.028702
0.013545,0.011751,0.0041473,0.017979,0.022353,0.0047622,0.0040434,0.022708,0.0063833,0.0035462,0.061039,0.010039,0.0017709,0.0087539,0.0046092,0.0066485,0.0035581,0.0042452,0.010608,0.0056146,0.022026,0.020275,0.013771,0.060976,0.029288,0.0079058,0.014573,0.030308,0.0023478,0.0090295,0.0057913,0.016377,0.011476,0.012242,0.014961,0.018051,0.043895,0.028573
0.013487,0.011718,0.0041117,0.01784,0.022214,0.0047436,0.004024,0.022587,0.0063386,0.0035239,0.060803,0.0099947,0.0017648,0.0087614,0.0046108,0.0066446,0.0035392,0.0042186,0.01058,0.005587,0.021977,0.02013,0.013724,0.060788,0.029139,0.0078943,0.014517,0.030295,0.00234,0.0089515,0.0057876,0.016334,0.011462,0.012222,0.014891,0.018025,0.043858,0.028444
0.01343,0.011685,0.0040744,0.017702,0.022076,0.004725,0.0040044,0.022465,0.0062946,0.0035018,0.060563,0.010009,0.0017588,0.0087681,0.0046116,0.0066402,0.0035204,0.0041921,0.010548,0.0055571,0.021927,0.019985,0.013667,0.060597,0.028997,0.0078813,0.014461,0.030287,0.0023543,0.0088725,0.0057837,0.016296,0.011446,0.012202,0.014818,0.017997,0.043817,0.028314
0.013373,0.011652,0.0040359,0.017564,0.021939,0.0047066,0.0039846,0.022343,0.0062511,0.00348,0.060319,0.01002,0.0017528,0.0087741,0.0046115,0.0066354,0.0035019,0.0041657,0.010514,0.005525,0.021876,0.01984,0.013598,0.060404,0.028854,0.0078666,0.014406,0.030283,0.0023678,0.0087925,0.005779,0.016259,0.01143,0.012181,0.014743,0.017969,0.043773,0.028185
0.013316,0.011619,0.0039961,0.017425,0.021802,0.0046883,0.0039648,0.022219,0.0062081,0.0034584,0.060068,0.010028,0.0017468,0.0087792,0.0046104,0.0066301,0.0034835,0.0041394,0.010477,0.0054906,0.021825,0.019697,0.013519,0.060207,0.02871,0.0078503,0.014351,0.030283,0.0023803,0.0087116,0.0057737,0.016223,0.011413,0.012159,0.014666,0.017939,0.043726,0.028056
0.01326,0.011586,0.0039547,0.017287,0.021666,0.00467,0.0039448,0.022093,0.0061657,0.0034371,0.059813,0.010034,0.0017409,0.0087835,0.0046085,0.0066242,0.0034653,0.0041132,0.010436,0.005454,0.021774,0.019554,0.013551,0.060007,0.028566,0.0078323,0.014296,0.030288,0.0023921,0.00863,0.0057672,0.016185,0.011395,0.012137,0.014587,0.017908,0.043674,0.027926
0.013204,0.011552,0.0039126,0.017149,0.02153,0.0046519,0.0039247,0.021966,0.0061238,0.003416,0.059551,0.010038,0.001735,0.0087869,0.0046053,0.006618,0.0034473,0.0040872,0.010394,0.0054152,0.021722,0.019413,0.013607,0.059804,0.028422,0.0078127,0.014241,0.030297,0.0024029,0.008548,0.0057597,0.016145,0.011376,0.012113,0.014506,0.017876,0.04362,0.027797
0.013148,0.011519,0.0038691,0.017011,0.021394,0.0046339,0.0039045,0.021838,0.0060825,0.0033952,0.059284,0.010039,0.0017291,0.0087895,0.0046011,0.0066113,0.0034295,0.0040613,0.010348,0.0053741,0.021669,0.019272,0.013661,0.059598,0.028277,0.0077914,0.014187,0.030311,0.0024129,0.0084656,0.0057507,0.016103,0.011356,0.012088,0.014424,0.017843,0.043561,0.027668
0.013092,0.011485,0.0038247,0.016873,0.021258,0.004616,0.0038842,0.021708,0.0060419,0.0033747,0.059012,0.010037,0.0017232,0.0087912,0.0045958,0.0066041,0.0034118,0.0040355,0.0103,0.0053734,0.021617,0.019132,0.013714,0.059389,0.028131,0.0077684,0.014133,0.03033,0.0024219,0.0083828,0.0057404,0.016058,0.011336,0.012063,0.014339,0.017808,0.0435,0.027539
0.013037,0.011451,0.0037794,0.016736,0.021123,0.0045982,0.0038638,0.021576,0.0060018,0.0033543,0.058734,0.010032,0.0017174,0.0087925,0.0045891,0.0065965,0.0033943,0.0040099,0.010249,0.0053732,0.021565,0.018993,0.013764,0.059176,0.027985,0.0077437,0.014079,0.030354,0.0024301,0.0083001,0.0057282,0.016011,0.011315,0.012036,0.014252,0.017773,0.043434,0.02741
0.012983,0.011418,0.0037331,0.016599,0.020988,0.0045804,0.0038433,0.021445,0.0059621,0.0033343,0.058451,0.010023,0.0017115,0.0088132,0.0045814,0.0065886,0.0033771,0.0039844,0.010195,0.0053707,0.021512,0.018855,0.013812,0.058961,0.027838,0.0077172,0.014025,0.030383,0.0024372,0.0082171,0.0057145,0.015961,0.011293,0.012009,0.014164,0.017738,0.043366,0.027281
0.012928,0.011384,0.0036861,0.016462,0.020854,0.0045628,0.0038228,0.021312,0.0059229,0.0033144,0.058163,0.010012,0.0017057,0.008834,0.0045722,0.0065801,0.0033599,0.003959,0.010139,0.0053657,0.021459,0.018717,0.013857,0.058743,0.02769,0.0076888,0.013972,0.030417,0.0024434,0.0081344,0.0056985,0.015908,0.011271,0.011981,0.014073,0.017701,0.043293,0.027152
0.012874,0.01135,0.0036384,0.016325,0.02072,0.0045453,0.0038022,0.021179,0.0058842,0.0032948,0.057869,0.009998,0.0017,0.0088546,0.0045618,0.0065713,0.003343,0.0039338,0.010081,0.0053583,0.021406,0.018581,0.013969,0.058522,0.027542,0.0076586,0.013919,0.030455,0.0024486,0.0080517,0.0056808,0.015853,0.011248,0.011952,0.013981,0.017665,0.043217,0.027022
0.01282,0.011316,0.0035899,0.016189,0.020586,0.0045278,0.0037815,0.021047,0.005846,0.0032754,0.057569,0.0099813,0.0016942,0.0088749,0.0045501,0.0065621,0.0033263,0.0039086,0.01002,0.0053487,0.021352,0.018445,0.014082,0.058298,0.027393,0.0076266,0.013866,0.0305,0.0024527,0.0079695,0.0056606,0.015795,0.011224,0.011922,0.013886,0.017629,0.043137,0.026893
0.012767,0.011281,0.0035411,0.016054,0.020453,0.0045105,0.0037608,0.020917,0.0058157,0.0032563,0.057264,0.0099615,0.0016885,0.0088949,0.0045369,0.0065525,0.0033097,0.0038836,0.0099563,0.0053366,0.021297,0.018311,0.014189,0.058071,0.027244,0.0075928,0.013814,0.030548,0.0024557,0.0078873,0.0056382,0.015734,0.011199,0.011891,0.01379,0.017593,0.043054,0.026763
0.012713,0.011247,0.0034917,0.015919,0.02032,0.0044933,0.00374,0.020787,0.0057871,0.0032373,0.056953,0.009981,0.0016828,0.0089146,0.0045225,0.0065425,0.0032933,0.0038587,0.0098907,0.0053223,0.021243,0.018177,0.014289,0.057841,0.027093,0.0075572,0.013761,0.030602,0.0024577,0.007806,0.0056133,0.015671,0.011174,0.01186,0.013692,0.017558,0.042966,0.026633
0.01266,0.011229,0.0034417,0.015784,0.020187,0.0044761,0.0037192,0.020656,0.0057587,0.0032186,0.056636,0.010018,0.0016771,0.008934,0.0045065,0.0065322,0.0032771,0.003834,0.0098229,0.0053057,0.021188,0.018045,0.014384,0.057607,0.026942,0.00752,0.013709,0.03066,0.0024586,0.0077251,0.0055858,0.015606,0.011148,0.011828,0.013592,0.017521,0.042875,0.026503
0.012607,0.011228,0.0033915,0.015651,0.020055,0.0044591,0.0036984,0.020525,0.0057309,0.0032001,0.056314,0.01005,0.0016715,0.008953,0.0044893,0.0065216,0.003261,0.0038094,0.0097529,0.0052868,0.021133,0.017913,0.014471,0.057371,0.026789,0.0074814,0.013657,0.030723,0.0024584,0.0076447,0.005556,0.015538,0.011122,0.011799,0.013491,0.017485,0.04278,0.026373
0.012555,0.011227,0.0033409,0.015517,0.019924,0.0044421,0.0036775,0.020393,0.0057059,0.0031819,0.055987,0.010077,0.0016658,0.0089717,0.0044706,0.0065105,0.0032451,0.0037848,0.009741,0.0052658,0.021078,0.017782,0.014553,0.057132,0.026636,0.0074415,0.013605,0.03079,0.0024571,0.0075654,0.0055232,0.015468,0.011094,0.011768,0.013387,0.017447,0.042681,0.026243
0.012503,0.011227,0.00329,0.015385,0.019792,0.0044252,0.0036566,0.020259,0.005687,0.0031638,0.055655,0.010098,0.0016602,0.0089901,0.0044506,0.0064992,0.0032294,0.0037605,0.0097638,0.0052426,0.021023,0.017653,0.014629,0.056889,0.026481,0.0074338,0.013554,0.030861,0.0024548,0.0074867,0.0054878,0.015396,0.011067,0.011738,0.013282,0.017409,0.042578,0.026113
0.012451,0.011227,0.0032391,0.015253,0.019663,0.0044085,0.0036358,0.020125,0.0056682,0.0031459,0.055317,0.010114,0.0016546,0.009008,0.0044291,0.0064876,0.0032138,0.0037363,0.0097844,0.0052173,0.020968,0.017524,0.014698,0.056644,0.026326,0.0074456,0.013503,0.030935,0.0024515,0.0074087,0.0054495,0.015322,0.011038,0.011707,0.013175,0.017369,0.042471,0.025983
0.012399,0.011228,0.0031879,0.015121,0.019533,0.0043918,0.0036149,0.019988,0.0056495,0.0031283,0.054973,0.010124,0.0016491,0.0090255,0.0044062,0.0064756,0.0031984,0.0037122,0.0098029,0.0051898,0.020912,0.017396,0.014761,0.056395,0.026169,0.0074567,0.013452,0.031014,0.0024471,0.007332,0.0054081,0.015247,0.011009,0.011675,0.013067,0.017329,0.04236,0.025852
0.012348,0.011229,0.0031678,0.014991,0.019404,0.0043752,0.003594,0.019849,0.005631,0.0031109,0.054624,0.010127,0.0016435,0.0090427,0.004382,0.0064634,0.0031832,0.0036883,0.0098193,0.0051603,0.020855,0.017269,0.014818,0.056143,0.026012,0.0074668,0.013401,0.031096,0.0024418,0.0072677,0.0053638,0.015169,0.01098,0.011642,0.012957,0.017288,0.042246,0.025722
0.012297,0.01123,0.0031592,0.014861,0.019276,0.0043587,0.0035731,0.019708,0.005613,0.0030936,0.05427,0.010126,0.001638,0.0090594,0.0043564,0.0064509,0.0031681,0.0036645,0.0098337,0.0051288,0.020798,0.017143,0.014868,0.055889,0.025853,0.0074764,0.01335,0.031181,0.0024355,0.0072332,0.0053164,0.015089,0.010949,0.011609,0.012845,0.017246,0.042127,0.025591
0.012246,0.011232,0.0031496,0.014732,0.019148,0.0043423,0.0035523,0.019563,0.005595,0.0030766,0.053911,0.010119,0.0016325,0.0090757,0.0043295,0.006455,0.0031532,0.0036408,0.0098459,0.0050954,0.020741,0.017018,0.014912,0.055631,0.025693,0.0074849,0.0133,0.031269,0.0024396,0.0071988,0.005266,0.015008,0.010919,0.011574,0.012732,0.017203,0.042005,0.025461
0.012195,0.011234,0.0031385,0.014604,0.01902,0.0043259,0.0035314,0.019418,0.0055771,0.0030597,0.053546,0.010107,0.001627,0.0090915,0.0043013,0.0064888,0.0031384,0.0036172,0.0098562,0.0050601,0.020684,0.016894,0.01495,0.05537,0.025531,0.0074929,0.01325,0.03136,0.0024562,0.0071645,0.0052123,0.014925,0.010887,0.011539,0.012618,0.01716,0.041879,0.02533
0.012145,0.011236,0.0031266,0.014477,0.018893,0.0043097,0.0035106,0.019269,0.0055592,0.0030431,0.053176,0.01009,0.0016215,0.0091069,0.0042718,0.0065219,0.0031238,0.0035938,0.0098643,0.005023,0.020627,0.016771,0.014982,0.055106,0.025368,0.0074997,0.0132,0.031452,0.0024722,0.0071306,0.0051559,0.014841,0.010855,0.011503,0.012502,0.017115,0.041749,0.025199
0.012095,0.011239,0.0031134,0.014351,0.018766,0.0042936,0.0034899,0.019119,0.0055415,0.0030266,0.0528,0.010068,0.001616,0.0091218,0.0042411,0.0065541,0.0031118,0.0035705,0.0098704,0.004984,0.02057,0.016649,0.015007,0.054839,0.025204,0.0075059,0.013151,0.031547,0.0024875,0.0070968,0.0050961,0.014755,0.010823,0.011466,0.012384,0.01707,0.041616,0.025068
0.012046,0.011242,0.0030994,0.014225,0.01864,0.0042775,0.0034691,0.018965,0.0055239,0.0030103,0.05242,0.01004,0.0016106,0.0091363,0.0042092,0.0065855,0.0031058,0.0035474,0.0098745,0.0049433,0.020512,0.016528,0.015027,0.054569,0.025037,0.0075111,0.013102,0.031644,0.0025021,0.0070631,0.0050337,0.014669,0.01079,0.011428,0.012265,0.017024,0.041478,0.024936
0.012027,0.011245,0.0030843,0.014101,0.018515,0.0042615,0.0034485,0.01881,0.0055065,0.0029942,0.052035,0.010008,0.0016052,0.0091502,0.0041761,0.0066161,0.0030994,0.0035244,0.0098764,0.0049009,0.020455,0.016408,0.01504,0.054296,0.02487,0.0075156,0.013053,0.031742,0.0025161,0.0070296,0.004968,0.014581,0.010757,0.01139,0.012145,0.016977,0.041337,0.024805
0.012009,0.011248,0.0030682,0.013977,0.01839,0.0042456,0.0034278,0.018653,0.0054894,0.0029783,0.051645,0.0099706,0.0015998,0.0091637,0.0041418,0.0066459,0.0030928,0.0035015,0.0098762,0.0048569,0.020396,0.016289,0.015047,0.054019,0.0247,0.0075191,0.013004,0.031842,0.0025295,0.0069962,0.0049257,0.014492,0.010723,0.01135,0.012024,0.01693,0.041193,0.024673
0.011991,0.011252,0.0030513,0.013854,0.018266,0.0042298,0.0034072,0.018494,0.0054723,0.0029626,0.05125,0.0099291,0.0015944,0.0091766,0.0041065,0.0066748,0.003086,0.0034788,0.0098738,0.0048114,0.020338,0.016171,0.015048,0.05374,0.024529,0.0075219,0.012955,0.031943,0.0025422,0.0069629,0.0049601,0.014403,0.010688,0.01131,0.011901,0.016883,0.041044,0.024542
0.011973,0.011256,0.0030334,0.013733,0.018142,0.0042141,0.0033867,0.018376,0.0054553,0.0029471,0.05085,0.0098841,0.0015891,0.0091891,0.0040701,0.0067029,0.0030789,0.0034562,0.0098692,0.0047643,0.020279,0.016054,0.015044,0.053458,0.024355,0.007524,0.012907,0.032044,0.0025543,0.0069298,0.0049931,0.014312,0.010653,0.011269,0.011777,0.016835,0.040892,0.02441
0.011954,0.01126,0.003015,0.013612,0.018019,0.0041985,0.0033663,0.018276,0.0054383,0.0029317,0.050445,0.0098354,0.0015837,0.009201,0.0040327,0.0067302,0.0030716,0.0034337,0.0098623,0.0047158,0.02022,0.015938,0.015033,0.053173,0.02418,0.0075253,0.012858,0.032146,0.0025657,0.0068968,0.0050239,0.014222,0.010618,0.011228,0.011652,0.016787,0.040904,0.024279
0.011936,0.011264,0.0029957,0.013492,0.017896,0.0041829,0.0033459,0.018175,0.0054214,0.0029165,0.050035,0.0097832,0.0015784,0.0092124,0.0039944,0.0067566,0.0030641,0.0034113,0.009853,0.0046659,0.02016,0.015823,0.015015,0.052884,0.024003,0.0075261,0.01281,0.032248,0.0025765,0.0068639,0.005053,0.01413,0.010582,0.011185,0.011527,0.016739,0.040964,0.024147
0.011918,0.011269,0.0029757,0.013374,0.017774,0.0041674,0.0033256,0.018069,0.0054046,0.0029015,0.049621,0.0097277,0.0015731,0.0092233,0.0039552,0.0067822,0.0030564,0.0033892,0.0098413,0.0046147,0.020101,0.015708,0.014992,0.052593,0.023824,0.0075264,0.012763,0.03235,0.0025866,0.0068312,0.0050801,0.014039,0.010546,0.011143,0.0114,0.01669,0.041021,0.024015
0.011899,0.011275,0.002971,0.013256,0.017652,0.0041521,0.0033054,0.01796,0.0053878,0.0028866,0.049202,0.0097717,0.0015678,0.0092336,0.0039152,0.006807,0.0030485,0.0033671,0.0098271,0.0045622,0.020042,0.015595,0.014963,0.052298,0.023643,0.0075263,0.012715,0.032451,0.0025961,0.0067986,0.0051049,0.013947,0.010509,0.0111,0.011272,0.016641,0.041077,0.023884
0.011881,0.01128,0.0029655,0.01314,0.017531,0.0041368,0.0032852,0.017851,0.0053711,0.0028719,0.048778,0.009831,0.0015625,0.0092434,0.0038743,0.0068309,0.0030404,0.0033453,0.0098102,0.0045085,0.019982,0.015483,0.014928,0.052,0.02346,0.0075259,0.012668,0.032552,0.002605,0.0067662,0.0051277,0.013855,0.010472,0.011057,0.011143,0.016591,0.041131,0.023752
0.011861,0.011286,0.0029593,0.013024,0.017411,0.0041215,0.0032652,0.017738,0.0053547,0.0028574,0.048495,0.0098882,0.0015573,0.0092526,0.0038327,0.0068539,0.0030321,0.0033235,0.0097907,0.0045187,0.019922,0.015371,0.014887,0.0517,0.023275,0.007525,0.01262,0.032653,0.0026133,0.0067339,0.0051483,0.013763,0.010434,0.011015,0.011013,0.01654,0.041183,0.023621
0.011843,0.011293,0.0029523,0.01291,0.017291,0.0041064,0.0032452,0.017621,0.0053384,0.0028431,0.048319,0.0099439,0.0015521,0.0092613,0.0037904,0.0068761,0.0030237,0.0033019,0.0097685,0.0045337,0.019862,0.015261,0.01484,0.051396,0.023089,0.0075234,0.012573,0.032753,0.002621,0.0067018,0.0051664,0.01367,0.010396,0.010972,0.010883,0.016488,0.041233,0.02349
0.011823,0.0113,0.0029445,0.012797,0.017172,0.0040913,0.0032253,0.017504,0.005322,0.0028289,0.048138,0.009999,0.0015468,0.0092694,0.0037475,0.0068975,0.0030151,0.0032804,0.0097434,0.0045482,0.019802,0.015152,0.014788,0.051089,0.0229,0.0075213,0.012527,0.032852,0.0026282,0.0066699,0.005182,0.013578,0.010357,0.010929,0.010752,0.016435,0.041281,0.023359
0.011803,0.011309,0.0029361,0.012684,0.017053,0.0040763,0.0032056,0.017384,0.0053057,0.0028148,0.047952,0.010053,0.0015416,0.009277,0.0037046,0.006918,0.0030064,0.0032591,0.0097153,0.0045623,0.019741,0.015048,0.014729,0.050779,0.022709,0.0075184,0.01248,0.03295,0.0026347,0.0066381,0.0051953,0.013485,0.010318,0.010885,0.01062,0.016382,0.041327,0.023228
0.011783,0.011318,0.002927,0.012573,0.016936,0.0040614,0.0031859,0.017261,0.0052894,0.0028009,0.047761,0.010105,0.0015365,0.0092839,0.0036891,0.0069376,0.0029976,0.0032379,0.0096842,0.0045758,0.01968,0.014946,0.014665,0.050466,0.022517,0.0075146,0.012434,0.033047,0.0026407,0.0066065,0.0052061,0.013392,0.010279,0.010841,0.010614,0.016328,0.04137,0.023097
0.011763,0.011327,0.0029172,0.012464,0.016819,0.0040466,0.0031664,0.017136,0.0052731,0.0027872,0.047564,0.010157,0.0015313,0.0092903,0.0036728,0.0069564,0.0029887,0.0032168,0.00965,0.0045889,0.019619,0.014844,0.014596,0.05015,0.022322,0.0075098,0.012388,0.033142,0.0026461,0.006575,0.0052145,0.0133,0.010239,0.010797,0.01063,0.016273,0.041411,0.022967
0.011742,0.011337,0.002907,0.012355,0.016702,0.0040319,0.0031469,0.01701,0.0052567,0.0027736,0.047361,0.010208,0.0015262,0.0092961,0.0036554,0.0069744,0.0029796,0.0031959,0.0096125,0.0046015,0.019557,0.014742,0.014521,0.049832,0.022126,0.0075044,0.012342,0.033236,0.0026511,0.0065437,0.0052205,0.013208,0.010199,0.010752,0.010643,0.016217,0.041449,0.022837
0.01172,0.011346,0.002896,0.012247,0.016587,0.0040172,0.0031276,0.01688,0.0052404,0.0027602,0.047153,0.010256,0.001521,0.0093013,0.0036372,0.0069915,0.0029705,0.0031751,0.0095717,0.0046136,0.019495,0.014641,0.014441,0.04951,0.021927,0.0074979,0.012297,0.033327,0.0026555,0.0065126,0.0052242,0.013117,0.010159,0.010706,0.010652,0.016161,0.041486,0.022707
0.011698,0.011355,0.0028847,0.012141,0.016472,0.0040026,0.0031084,0.01675,0.0052241,0.0027469,0.04694,0.010302,0.0015159,0.009306,0.003618,0.0070079,0.0029612,0.0031545,0.0095275,0.0046253,0.019434,0.01454,0.014356,0.049185,0.021727,0.0074904,0.012251,0.033417,0.0026594,0.0064817,0.0052254,0.013026,0.010118,0.01066,0.01066,0.016103,0.041519,0.022577
0.011676,0.011364,0.0028728,0.012035,0.016358,0.0039881,0.0030893,0.016618,0.005208,0.0027338,0.046722,0.010345,0.0015109,0.00931,0.003598,0.0070234,0.0029519,0.003134,0.0094799,0.0046364,0.019372,0.014439,0.014265,0.048858,0.021525,0.0074822,0.012206,0.033503,0.0026628,0.0064509,0.0052238,0.012936,0.010076,0.010613,0.010664,0.016045,0.04155,0.022448
0.011653,0.011371,0.0028604,0.011931,0.016244,0.0039737,0.0030703,0.016483,0.0051919,0.0027208,0.046499,0.010386,0.0015058,0.0093135,0.0035772,0.007038,0.0029426,0.0031136,0.0094286,0.0046472,0.019311,0.014339,0.01417,0.048527,0.021321,0.0074729,0.012161,0.033588,0.0026658,0.0064204,0.0052193,0.012847,0.010035,0.010566,0.010666,0.015986,0.041579,0.022319
0.01163,0.011379,0.0028477,0.011828,0.016131,0.0039593,0.0030515,0.016348,0.0051758,0.0027079,0.04627,0.010425,0.0015007,0.0093163,0.0035556,0.0070519,0.0029332,0.0030934,0.0093738,0.0046574,0.019249,0.014239,0.014069,0.048194,0.021116,0.0074628,0.012116,0.033669,0.0026683,0.00639,0.0052119,0.012758,0.0099934,0.010518,0.010665,0.015927,0.041605,0.022191
0.011605,0.011385,0.0028346,0.011726,0.016018,0.003945,0.0030328,0.016211,0.0051597,0.0026952,0.046035,0.010461,0.0014957,0.0093186,0.0035333,0.007065,0.0029237,0.0030733,0.0093153,0.0046672,0.019186,0.01414,0.013964,0.04786,0.020909,0.0074519,0.012072,0.033747,0.0026705,0.0063597,0.0052018,0.012672,0.0099512,0.010469,0.010662,0.015866,0.041629,0.022063
0.01158,0.01139,0.002821,0.011625,0.015906,0.0039308,0.0030142,0.016071,0.0051436,0.0026826,0.045796,0.010494,0.0014907,0.009321,0.0035103,0.0070772,0.0029143,0.0030534,0.009253,0.0046766,0.019124,0.014041,0.013854,0.047715,0.0207,0.0074402,0.012027,0.033822,0.0026722,0.0063297,0.005189,0.012588,0.0099087,0.01042,0.010656,0.015805,0.04165,0.021935
0.011555,0.011395,0.0028073,0.011526,0.015795,0.0039167,0.0029958,0.015931,0.0051274,0.0026702,0.045553,0.010524,0.0014857,0.0093231,0.0034866,0.0070887,0.0029047,0.0030336,0.009187,0.0046855,0.019061,0.013942,0.01374,0.047569,0.02049,0.0074276,0.011983,0.033893,0.0026735,0.0062999,0.0051737,0.012506,0.0098661,0.010371,0.010647,0.015743,0.041667,0.021808
0.011529,0.011399,0.0027932,0.011427,0.015685,0.0039026,0.0029775,0.01579,0.0051112,0.0026579,0.045303,0.010552,0.0014807,0.0093246,0.0034624,0.0070994,0.0028952,0.0030139,0.0091172,0.004694,0.018998,0.013844,0.013621,0.04742,0.020278,0.0074141,0.011939,0.033959,0.0026745,0.0062702,0.0051555,0.012426,0.0098231,0.010321,0.010636,0.01568,0.041681,0.021681
0.011502,0.011403,0.0027788,0.01133,0.015575,0.0038886,0.0029593,0.015647,0.0050949,0.0026457,0.045049,0.010577,0.0014758,0.0093255,0.0034375,0.0071093,0.0028856,0.0029944,0.0090436,0.0047019,0.018935,0.013746,0.013497,0.047269,0.020065,0.0073999,0.011895,0.034022,0.0026752,0.0062407,0.0051346,0.012349,0.0097799,0.010271,0.010622,0.015617,0.041692,0.021555
0.011473,0.011406,0.0027642,0.011234,0.015466,0.0038747,0.0029413,0.015502,0.0050785,0.0026337,0.044791,0.010599,0.0014708,0.0093258,0.0034121,0.0071185,0.002876,0.002975,0.0089661,0.0047095,0.018871,0.013649,0.013411,0.047116,0.019852,0.0073849,0.011852,0.034081,0.0026755,0.0062115,0.005111,0.012273,0.0097362,0.01022,0.010606,0.015553,0.041699,0.021429
0.011445,0.011408,0.0027494,0.011139,0.015357,0.0038608,0.0029234,0.015358,0.0050621,0.0026218,0.044527,0.010619,0.0014659,0.0093255,0.0033862,0.0071269,0.0028665,0.0029558,0.0088849,0.0047167,0.018808,0.013552,0.013348,0.046961,0.019637,0.0073688,0.011808,0.034134,0.0026756,0.0061824,0.0051466,0.0122,0.0096925,0.010169,0.010587,0.015488,0.041703,0.021303
0.011416,0.01141,0.0027344,0.011045,0.015249,0.0038471,0.0029057,0.015212,0.0050457,0.00261,0.044259,0.010636,0.001461,0.0093245,0.0033599,0.0071346,0.002857,0.0029367,0.0087999,0.0047233,0.018744,0.013455,0.013284,0.046804,0.01942,0.0073519,0.011765,0.034184,0.0026755,0.0061535,0.0051807,0.012127,0.0096485,0.010117,0.010566,0.015422,0.041703,0.021179
0.011386,0.011411,0.0027193,0.010952,0.015142,0.0038334,0.0028881,0.015064,0.0050294,0.0025983,0.043986,0.01065,0.0014561,0.009323,0.0033332,0.0071415,0.0028475,0.0029178,0.0087111,0.0047296,0.01868,0.013359,0.013218,0.046645,0.019204,0.0073342,0.011722,0.034228,0.0026752,0.0061247,0.0052135,0.012056,0.0096042,0.010066,0.010542,0.015356,0.041699,0.021054
0.011355,0.011412,0.0027041,0.010861,0.015035,0.0038197,0.0028707,0.014916,0.0050131,0.0025868,0.043709,0.010662,0.0014513,0.0093209,0.0033061,0.0071477,0.002838,0.002899,0.0086186,0.0047354,0.018617,0.013264,0.01315,0.046484,0.019009,0.0073155,0.011679,0.034266,0.0026747,0.0060962,0.0052452,0.011986,0.0095596,0.010013,0.010516,0.015289,0.041692,0.02093
0.011323,0.011413,0.0026887,0.01077,0.014929,0.0038062,0.0028534,0.014768,0.0049967,0.0025754,0.043428,0.010671,0.0014464,0.0093182,0.0032786,0.0071532,0.0028285,0.0028803,0.0085224,0.0047409,0.018553,0.013169,0.013079,0.046321,0.018878,0.0072958,0.011637,0.034299,0.002674,0.0060679,0.0052753,0.011918,0.009515,0.0099608,0.010487,0.015222,0.041681,0.020807
0.01129,0.011414,0.0026733,0.010681,0.014824,0.0037927,0.0028363,0.014618,0.0049802,0.0025641,0.043143,0.010678,0.0014416,0.0093149,0.0032508,0.0071579,0.0028191,0.0028618,0.0084226,0.0047459,0.018489,0.013074,0.013008,0.046155,0.018745,0.0072755,0.011594,0.034326,0.0026732,0.0060398,0.005304,0.011851,0.0094702,0.009908,0.010456,0.015153,0.041667,0.020685
0.011257,0.011414,0.0026579,0.010593,0.01472,0.0037793,0.0028193,0.014467,0.0049637,0.0025529,0.042853,0.010681,0.0014368,0.009311,0.0032228,0.007162,0.0028097,0.0028434,0.0083193,0.0047505,0.018425,0.01298,0.012934,0.045988,0.018611,0.0072541,0.011552,0.034347,0.0026724,0.0060118,0.0053316,0.011785,0.009425,0.009855,0.010423,0.015085,0.041649,0.020563
0.011222,0.011415,0.0026424,0.010506,0.014616,0.0037659,0.0028025,0.014316,0.004947,0.0025419,0.042561,0.010683,0.001432,0.0093065,0.0031945,0.0071654,0.0028004,0.0028252,0.0082126,0.0047547,0.018361,0.012886,0.012858,0.045818,0.018474,0.0072318,0.01151,0.034362,0.0026717,0.0059841,0.0053577,0.011721,0.0093797,0.0098018,0.010387,0.015015,0.041628,0.020442
0.011187,0.011416,0.0026269,0.01042,0.014512,0.0037526,0.0027858,0.014165,0.0049303,0.0025309,0.042264,0.010681,0.0014272,0.0093014,0.0031661,0.0071681,0.0027911,0.0028071,0.0081025,0.0047584,0.018296,0.012798,0.012781,0.045647,0.018335,0.0072087,0.011468,0.034371,0.0026709,0.0059566,0.0053822,0.011658,0.0093343,0.0097484,0.010349,0.014945,0.041603,0.020321
0.011151,0.011417,0.0026115,0.010336,0.01441,0.0037394,0.0027693,0.014013,0.0049134,0.0025201,0.041964,0.010678,0.0014225,0.0092958,0.0031374,0.00717,0.0027819,0.0027891,0.0079892,0.0047618,0.018231,0.012711,0.012702,0.045473,0.018194,0.0071846,0.011426,0.034372,0.0026698,0.0059292,0.0054058,0.011596,0.0092887,0.0096948,0.010309,0.014874,0.041574,0.020201
0.011114,0.011418,0.0025961,0.010252,0.014308,0.0037262,0.002753,0.01386,0.0048965,0.0025094,0.041661,0.010671,0.0014178,0.0092895,0.0031087,0.0071714,0.0027727,0.0027713,0.0078728,0.0047648,0.018166,0.012624,0.012622,0.045298,0.018051,0.0071597,0.011384,0.034367,0.0026687,0.0059021,0.0054277,0.011535,0.0092429,0.0096411,0.010267,0.014802,0.041542,0.020082
0.011076,0.011418,0.0025808,0.01017,0.014207,0.0037132,0.0027368,0.013722,0.0048795,0.0024988,0.041354,0.010662,0.001413,0.0092827,0.0030798,0.0071721,0.0027636,0.0027536,0.0077534,0.0047674,0.018101,0.012538,0.012539,0.04512,0.017905,0.0071339,0.011343,0.034355,0.0026674,0.0058751,0.005448,0.011475,0.0091971,0.0095871,0.010223,0.01473,0.041507,0.019964
0.011037,0.011416,0.0025655,0.010088,0.014106,0.0037001,0.0027208,0.013693,0.0048623,0.0024883,0.041045,0.010651,0.0014083,0.0092753,0.0030509,0.0071721,0.0027546,0.0027361,0.0076312,0.0047695,0.018036,0.012453,0.012455,0.044941,0.017759,0.0071071,0.011302,0.034336,0.0026659,0.0058484,0.0054673,0.011416,0.009151,0.009533,0.010176,0.014658,0.041468,0.019846
0.010998,0.011414,0.0025504,0.010008,0.014006,0.0036872,0.0027049,0.013662,0.0048451,0.0024779,0.040733,0.010637,0.0014037,0.0092673,0.003022,0.0071715,0.0027457,0.0027187,0.0075064,0.0047713,0.017971,0.012369,0.01237,0.044759,0.01761,0.0070797,0.011261,0.03431,0.0026643,0.0058218,0.0054851,0.011357,0.009105,0.0094787,0.010127,0.014584,0.041425,0.019729
0.010957,0.011411,0.0025354,0.0099289,0.013907,0.0036743,0.0026892,0.013632,0.004828,0.0024677,0.040418,0.010621,0.001399,0.0092588,0.002993,0.0071702,0.0027369,0.0027014,0.0073791,0.0047728,0.017905,0.012286,0.012282,0.044576,0.01746,0.0070512,0.01122,0.034277,0.0026626,0.0057955,0.0055013,0.011299,0.0090588,0.0094242,0.010077,0.01451,0.041379,0.019613
0.010915,0.011406,0.0025205,0.0098509,0.013809,0.0036615,0.0026737,0.013599,0.0048109,0.0024575,0.040101,0.010603,0.0013944,0.0092496,0.0029641,0.0071684,0.0027281,0.0026842,0.0072762,0.0047738,0.017839,0.012203,0.012194,0.044391,0.017309,0.0070219,0.01118,0.034236,0.0026608,0.0057693,0.0055161,0.011252,0.0090126,0.0093696,0.010024,0.014436,0.041329,0.019497
0.010873,0.011399,0.0025057,0.0097739,0.013711,0.0036487,0.0026583,0.013565,0.0047936,0.0024474,0.039782,0.010582,0.0013898,0.0092399,0.0029353,0.0071659,0.0027195,0.0026672,0.0072567,0.0047745,0.017774,0.012122,0.012104,0.044204,0.017156,0.0069918,0.011139,0.034189,0.0026589,0.0057434,0.0055299,0.01124,0.0089663,0.0093147,0.0099696,0.014361,0.041276,0.019382
0.01083,0.011391,0.0024911,0.009698,0.013614,0.003636,0.0026431,0.013528,0.0047761,0.0024375,0.039461,0.010559,0.0013852,0.0092297,0.0029066,0.0071628,0.0027109,0.0026504,0.0072345,0.0047748,0.017709,0.012041,0.012012,0.044015,0.017002,0.0069606,0.011099,0.034134,0.0026569,0.0057176,0.005542,0.011226,0.0089201,0.0092598,0.0099134,0.014285,0.041219,0.019268
0.010785,0.011382,0.0024767,0.0096232,0.013517,0.0036234,0.0026281,0.01349,0.0047586,0.0024276,0.039137,0.010534,0.0013806,0.0092189,0.002878,0.0071591,0.0027024,0.0026336,0.0072095,0.0047747,0.017643,0.01196,0.011919,0.043824,0.016847,0.006929,0.011059,0.034072,0.0026548,0.0056921,0.0055526,0.011211,0.0088739,0.0092046,0.0098552,0.014209,0.041158,0.019154
0.01074,0.01137,0.0024625,0.0095494,0.013422,0.0036109,0.0026132,0.01345,0.004741,0.0024178,0.038813,0.010506,0.001376,0.0092075,0.0028495,0.0071549,0.002694,0.002617,0.0071817,0.0047743,0.017578,0.011881,0.011824,0.043631,0.016691,0.0068963,0.011019,0.034003,0.0026527,0.0056668,0.0055622,0.011195,0.0088278,0.0091494,0.0097952,0.014132,0.041094,0.019041
0.010694,0.011357,0.0024485,0.0094767,0.013326,0.0035984,0.0025985,0.013408,0.0047232,0.0024082,0.038486,0.010477,0.0013715,0.0091956,0.0028212,0.00715,0.0026858,0.0026006,0.0071512,0.0047734,0.017512,0.011802,0.011729,0.043437,0.016534,0.0068628,0.01098,0.033926,0.0026505,0.0056418,0.0055704,0.011177,0.0087819,0.009094,0.0097334,0.014054,0.041026,0.018929
0.010647,0.011343,0.0024346,0.0094051,0.013232,0.0035859,0.0025839,0.013365,0.0047053,0.0023986,0.038159,0.010445,0.001367,0.0091832,0.0027931,0.0071447,0.0026776,0.0025842,0.0071179,0.0047723,0.017446,0.011724,0.011631,0.043241,0.016376,0.0068287,0.01094,0.033843,0.0026482,0.0056169,0.005577,0.011159,0.008736,0.0090386,0.0096701,0.013976,0.040955,0.018817
0.010599,0.011327,0.002421,0.0093344,0.013138,0.0035736,0.0025696,0.013319,0.0046873,0.0023891,0.037831,0.010412,0.0013625,0.0091702,0.0027653,0.0071388,0.0026695,0.002568,0.0070818,0.0047708,0.01738,0.011646,0.011533,0.043043,0.016217,0.0067936,0.010901,0.033752,0.002646,0.0055922,0.0055827,0.01114,0.0086903,0.0089831,0.009605,0.013897,0.04088,0.018706
0.01055,0.011309,0.0024077,0.0092648,0.013045,0.0035613,0.0025553,0.013302,0.0046691,0.0023798,0.037502,0.010376,0.001358,0.0091567,0.0027377,0.0071323,0.0026615,0.002552,0.007043,0.0047689,0.017314,0.01157,0.011433,0.042844,0.016058,0.0067715,0.010862,0.033654,0.0026437,0.0055678,0.0055869,0.01112,0.0086446,0.0089275,0.0095383,0.013818,0.040802,0.018595
0.010499,0.011289,0.0023945,0.0091962,0.012953,0.003549,0.0025413,0.013285,0.0046508,0.0023705,0.037172,0.010339,0.0013535,0.0091427,0.0027104,0.0071253,0.0026536,0.002536,0.0070015,0.0047668,0.017247,0.011494,0.011332,0.042643,0.015898,0.006777,0.010823,0.033549,0.0026426,0.0055435,0.0055899,0.011099,0.0085988,0.0088718,0.0094701,0.013738,0.04072,0.018485
0.010448,0.011267,0.0023816,0.0091286,0.012861,0.0035368,0.0025274,0.013268,0.0046324,0.0023613,0.036842,0.0103,0.0013491,0.0091281,0.0026833,0.0071178,0.0026459,0.0025202,0.0069573,0.0047642,0.017181,0.011419,0.01123,0.04244,0.015738,0.006782,0.010784,0.033437,0.0026415,0.0055194,0.0055918,0.011078,0.0085531,0.008816,0.0094005,0.013657,0.040634,0.018376
0.010396,0.011244,0.002369,0.009062,0.01277,0.0035247,0.0025137,0.013249,0.0046139,0.0023522,0.036511,0.01026,0.0013446,0.009113,0.0026566,0.0071098,0.0026382,0.0025046,0.0069104,0.0047614,0.017114,0.011344,0.011127,0.042236,0.015578,0.0067861,0.010745,0.033318,0.0026404,0.0054955,0.0055921,0.011055,0.0085073,0.0087602,0.0093293,0.013576,0.040545,0.018268
0.010343,0.011219,0.0023565,0.0089964,0.01268,0.0035126,0.0025001,0.013229,0.0045956,0.0023432,0.036181,0.010217,0.0013402,0.0090974,0.0026302,0.0071013,0.0026307,0.002489,0.006861,0.0047582,0.017047,0.01127,0.011023,0.04203,0.015417,0.0067895,0.010707,0.033193,0.0026393,0.0054718,0.0055917,0.011033,0.0084616,0.0087043,0.0092567,0.013495,0.040452,0.01816
0.010289,0.011192,0.0023444,0.0089318,0.01259,0.0035006,0.0024867,0.013208,0.004577,0.0023342,0.03585,0.010173,0.0013359,0.0090813,0.0026041,0.0070923,0.0026232,0.0024736,0.006809,0.0047546,0.016981,0.011197,0.01095,0.041823,0.015257,0.0067923,0.010669,0.033061,0.0026381,0.0054483,0.0055898,0.011009,0.008446,0.0086484,0.0091829,0.013412,0.040356,0.018053
0.010234,0.011163,0.0023336,0.0088681,0.012501,0.0034887,0.0024735,0.013187,0.0045584,0.0023254,0.035521,0.010128,0.0013315,0.0090647,0.0025785,0.0070828,0.0026159,0.0024583,0.0067545,0.0047508,0.016914,0.011125,0.010902,0.041614,0.015097,0.0067941,0.010631,0.032923,0.0026369,0.0054249,0.0055866,0.010985,0.0084379,0.0085924,0.0091078,0.01333,0.040257,0.017946
0.010178,0.011132,0.0023231,0.0088054,0.012413,0.0034768,0.0024605,0.013166,0.0045396,0.0023167,0.03519,0.010081,0.0013271,0.0090477,0.0025532,0.0070729,0.0026087,0.0024431,0.0066976,0.0047467,0.016847,0.011053,0.010891,0.041404,0.014937,0.0067955,0.010593,0.032779,0.0026357,0.0054018,0.0055825,0.010959,0.0084293,0.0085363,0.0090312,0.013246,0.040154,0.017839
0.010122,0.011099,0.0023129,0.0087437,0.012325,0.003465,0.0024476,0.013143,0.0045207,0.002308,0.034862,0.010032,0.0013228,0.0090363,0.0025282,0.0070626,0.0026016,0.0024281,0.0066383,0.0047422,0.016781,0.010982,0.010879,0.041192,0.014777,0.0067959,0.010555,0.032629,0.0026345,0.0053789,0.0055769,0.010934,0.0084201,0.0084803,0.0089536,0.013162,0.040048,0.017733
0.010064,0.011065,0.002303,0.0086828,0.012238,0.0034532,0.0024348,0.01312,0.0045016,0.0022994,0.034534,0.009982,0.0013185,0.009044,0.0025037,0.0070519,0.0025945,0.0024132,0.0065767,0.0047374,0.016714,0.010911,0.010866,0.04098,0.014618,0.0067959,0.010517,0.032473,0.0026333,0.0053561,0.00557,0.010908,0.0084105,0.0084241,0.0088749,0.013078,0.039939,0.017628
0.010005,0.011028,0.0022932,0.0086229,0.012152,0.0034415,0.0024223,0.013096,0.0044825,0.0022909,0.034207,0.0099306,0.0013142,0.0090511,0.0024796,0.0070407,0.0025876,0.0023984,0.0065128,0.0047323,0.016647,0.010842,0.010853,0.040765,0.014459,0.006795,0.01048,0.032311,0.0026321,0.0053335,0.0055623,0.010881,0.0084005,0.008368,0.008795,0.012993,0.039827,0.017523
0.0099452,0.010989,0.0022837,0.008564,0.012066,0.0034298,0.0024098,0.013071,0.0044632,0.0022825,0.033881,0.0098779,0.0013099,0.0090577,0.0024559,0.0070292,0.0025808,0.0023837,0.0064468,0.004727,0.016581,0.010772,0.010839,0.04055,0.014301,0.0067936,0.010443,0.032143,0.0026309,0.0053112,0.0055533,0.010854,0.0083898,0.0083119,0.0087139,0.012931,0.039712,0.017418
0.0098848,0.010948,0.0022744,0.0085059,0.011982,0.0034182,0.0023976,0.013045,0.0044437,0.0022742,0.033556,0.0098242,0.0013057,0.0090636,0.0024326,0.0070173,0.0025741,0.0023692,0.0063786,0.0047213,0.016514,0.010704,0.010825,0.040333,0.014144,0.0067914,0.010405,0.031971,0.0026297,0.005289,0.0055429,0.010826,0.0083789,0.0082557,0.0086321,0.012913,0.039593,0.017314
0.0098237,0.010905,0.0022654,0.0084487,0.011897,0.0034067,0.0023855,0.01302,0.0044421,0.0022659,0.033234,0.0097704,0.0013014,0.009069,0.0024097,0.007005,0.0025675,0.0023548,0.0063084,0.0047154,0.016447,0.010636,0.01081,0.040115,0.013988,0.0067886,0.010368,0.031793,0.0026286,0.005267,0.0055314,0.010798,0.0083675,0.0081995,0.0085492,0.012895,0.039471,0.01721
0.0097616,0.01086,0.0022566,0.0083924,0.011814,0.0033952,0.0023736,0.012994,0.0044423,0.0022577,0.032912,0.0097163,0.0012972,0.0090737,0.0023873,0.0069923,0.002561,0.0023405,0.0062363,0.0047092,0.01638,0.010569,0.010794,0.039895,0.013832,0.0067852,0.010332,0.03161,0.0026274,0.0052451,0.005519,0.01077,0.0083555,0.0081433,0.0084654,0.012877,0.039347,0.017107
0.0096986,0.010813,0.002248,0.0083369,0.011731,0.0033838,0.0023618,0.012968,0.0044421,0.0022496,0.032593,0.0096615,0.001293,0.0090779,0.0023654,0.0069793,0.0025545,0.0023263,0.0061622,0.0047026,0.016313,0.01051,0.010777,0.039675,0.013679,0.0067811,0.010295,0.031422,0.0026263,0.0052235,0.0055054,0.010741,0.0083433,0.0080872,0.0084079,0.012859,0.039218,0.017004
0.0096347,0.010807,0.0022396,0.0082824,0.011649,0.0033724,0.0023502,0.012941,0.0044416,0.0022416,0.032275,0.0096057,0.0012888,0.0090815,0.0023438,0.006966,0.0025482,0.0023122,0.0060863,0.0046959,0.016245,0.010469,0.01076,0.039453,0.013526,0.0067765,0.010258,0.031229,0.0026252,0.005202,0.0054906,0.010712,0.0083306,0.0080309,0.0083852,0.012841,0.039087,0.016902
0.0095698,0.010835,0.0022316,0.0082287,0.011567,0.0033611,0.0023387,0.012913,0.0044439,0.0022336,0.031959,0.0095487,0.0012847,0.0090845,0.0023227,0.0069524,0.002542,0.0022983,0.0060085,0.0046888,0.016178,0.010429,0.010742,0.03923,0.013374,0.0067713,0.010222,0.031032,0.0026242,0.0051807,0.0054749,0.010684,0.0083174,0.0079749,0.0083613,0.012823,0.038953,0.0168
0.0095047,0.010862,0.0022237,0.0081758,0.011486,0.0033499,0.0023274,0.012884,0.0044524,0.0022257,0.031647,0.0094907,0.0012805,0.0090869,0.0023021,0.0069385,0.0025358,0.0022844,0.0059291,0.0046815,0.016111,0.010389,0.010723,0.039006,0.013224,0.0067654,0.010186,0.030831,0.0026232,0.0051596,0.0054582,0.010655,0.0083039,0.0079187,0.0083358,0.012804,0.038816,0.016698
0.0094389,0.010887,0.0022161,0.0081237,0.011406,0.0033387,0.0023163,0.012855,0.0044602,0.0022179,0.031336,0.0094318,0.0012764,0.0090887,0.0022819,0.0069242,0.0025297,0.0022707,0.0058481,0.004674,0.016043,0.010349,0.010704,0.038781,0.013075,0.0067592,0.01015,0.030626,0.0026222,0.0051387,0.0054403,0.010626,0.0082899,0.0078627,0.0083088,0.012785,0.038675,0.016596
0.0093722,0.010912,0.0022086,0.0080724,0.011326,0.0033275,0.0023053,0.012825,0.0044675,0.0022102,0.031027,0.009372,0.0012723,0.00909,0.0022621,0.0069097,0.0025237,0.0022571,0.0057655,0.0046661,0.015976,0.01031,0.010684,0.038556,0.012928,0.0067524,0.010114,0.030417,0.0026212,0.005118,0.0054216,0.010597,0.0082754,0.0078067,0.0082801,0.012766,0.038532,0.016496
0.0093047,0.010935,0.0022014,0.008022,0.011247,0.0033164,0.0022945,0.012796,0.0044744,0.0022025,0.030722,0.0093115,0.0012682,0.0090907,0.0022428,0.0068949,0.0025178,0.0022437,0.0056911,0.0046581,0.015908,0.010271,0.010663,0.038329,0.012783,0.006745,0.010078,0.030204,0.0026203,0.0050974,0.0054019,0.010568,0.0082607,0.0077507,0.00825,0.012746,0.038386,0.016395
0.0092365,0.010957,0.0021945,0.0079723,0.011169,0.0033054,0.0022838,0.012766,0.0044809,0.0021949,0.030419,0.0092503,0.0012641,0.0090909,0.0022239,0.0068799,0.002512,0.0022303,0.0056838,0.0046498,0.015841,0.010232,0.010641,0.038101,0.012639,0.0067374,0.010043,0.030014,0.0026194,0.005077,0.0053812,0.01054,0.0082456,0.0076948,0.0082182,0.012726,0.038237,0.016295
0.0091676,0.010978,0.0021878,0.0079235,0.011091,0.0032944,0.0022733,0.012736,0.0044868,0.0021874,0.030119,0.0091883,0.00126,0.0090905,0.0022055,0.0068646,0.0025062,0.002217,0.0056754,0.0046413,0.015774,0.010193,0.010629,0.037872,0.012498,0.0067293,0.010008,0.02999,0.0026186,0.0050568,0.0053598,0.010511,0.0082299,0.007639,0.008185,0.012706,0.038085,0.016195
0.0090983,0.010998,0.0021813,0.0078753,0.011014,0.0032835,0.0022629,0.012706,0.0044921,0.00218,0.029822,0.0091255,0.001256,0.0090895,0.0021874,0.006849,0.0025006,0.0022039,0.005666,0.0046325,0.015707,0.010154,0.010624,0.037643,0.012358,0.006721,0.0099723,0.029962,0.0026178,0.0050367,0.0053375,0.010482,0.0082141,0.0075832,0.0081505,0.012685,0.03793,0.016096
0.0090286,0.011017,0.002175,0.007828,0.010938,0.0032726,0.0022527,0.012675,0.0044971,0.0021726,0.029528,0.009062,0.001252,0.009088,0.0021698,0.0068333,0.002495,0.0021909,0.0056556,0.0046235,0.01564,0.010116,0.010618,0.037412,0.01222,0.0067129,0.0099373,0.029928,0.002617,0.0050168,0.0053142,0.010454,0.0081978,0.0075275,0.0081148,0.012664,0.037773,0.015997
0.0089583,0.011034,0.0021689,0.0077814,0.010862,0.0032618,0.0022426,0.012644,0.0045017,0.0021653,0.029238,0.0089977,0.001248,0.0090859,0.0021526,0.0068174,0.0024894,0.002178,0.0056444,0.0046143,0.015573,0.010078,0.010613,0.037181,0.012085,0.0067055,0.0099024,0.029889,0.0026162,0.0049971,0.0052904,0.010426,0.008181,0.0074719,0.0080776,0.012643,0.037612,0.015899
0.0088874,0.01105,0.002163,0.0077355,0.010787,0.003251,0.0022326,0.012612,0.0045056,0.002158,0.02895,0.0089348,0.001244,0.0090833,0.0021358,0.0068012,0.0024839,0.0021651,0.0056324,0.0046049,0.015505,0.01004,0.010606,0.036949,0.011951,0.0066983,0.0098676,0.029845,0.0026155,0.0049776,0.0052655,0.010398,0.0081639,0.0074163,0.0080391,0.012622,0.03745,0.015801
0.0088234,0.011065,0.0021573,0.0076904,0.010712,0.0032403,0.0022228,0.01258,0.004509,0.0021508,0.028666,0.0089398,0.00124,0.0090802,0.0021194,0.0067849,0.0024785,0.0021524,0.0056197,0.0045952,0.015438,0.010002,0.0106,0.036716,0.01182,0.0066907,0.009833,0.029796,0.0026148,0.0049582,0.0052401,0.01037,0.0081466,0.0073609,0.0079991,0.012601,0.037284,0.015703
0.0087905,0.011079,0.0021518,0.0076459,0.010638,0.0032296,0.0022132,0.012547,0.004512,0.0021437,0.028386,0.0089433,0.0012361,0.0090766,0.0021034,0.0067685,0.0024731,0.0021398,0.0056063,0.0045854,0.015371,0.0099643,0.010593,0.036483,0.011691,0.0066829,0.0097985,0.029743,0.0026141,0.004939,0.0052139,0.010342,0.0081288,0.0073055,0.0079579,0.01258,0.037116,0.015606
0.0087577,0.011092,0.0021466,0.0076022,0.010565,0.003219,0.0022037,0.012514,0.0045147,0.0021366,0.028109,0.0089455,0.0012321,0.0090734,0.0020877,0.006752,0.0024678,0.0021273,0.0055925,0.0045754,0.015303,0.009927,0.010586,0.036248,0.011564,0.0066746,0.0097642,0.029684,0.0026135,0.0049199,0.0051869,0.010315,0.0081106,0.0072502,0.0079153,0.012558,0.036946,0.015509
0.0087251,0.011104,0.0021415,0.0075591,0.010492,0.0032084,0.0021943,0.012482,0.0045168,0.0021296,0.027835,0.0089461,0.0012282,0.0090696,0.0020725,0.0067356,0.0024625,0.002115,0.0055783,0.0045652,0.015236,0.0098899,0.010579,0.036014,0.01144,0.006666,0.00973,0.02962,0.0026129,0.004901,0.0051594,0.010288,0.0080922,0.0071951,0.0078714,0.012537,0.036773,0.015413
0.0086927,0.011114,0.0021365,0.0075167,0.01042,0.0031979,0.0021851,0.01245,0.0045183,0.0021227,0.027565,0.0089455,0.0012243,0.0090653,0.0020579,0.0067193,0.0024572,0.0021027,0.0055639,0.0045548,0.015169,0.0098529,0.010571,0.035778,0.011319,0.006657,0.009696,0.029553,0.0026123,0.0048823,0.0051311,0.010261,0.0080735,0.0071402,0.0078266,0.012515,0.036597,0.015317
0.0086604,0.011123,0.0021318,0.007475,0.010349,0.0031875,0.002176,0.012418,0.0045193,0.0021158,0.027299,0.0089433,0.0012204,0.0090605,0.0020483,0.0067032,0.002452,0.0020905,0.0055492,0.0045442,0.015101,0.0098162,0.010563,0.035597,0.0112,0.0066478,0.0096622,0.02948,0.0026117,0.0048638,0.0051023,0.010234,0.0080543,0.0070855,0.0077806,0.012494,0.036419,0.015221
0.0086283,0.011131,0.0021272,0.0074339,0.010278,0.0031771,0.0021671,0.012385,0.0045201,0.002109,0.027037,0.0089399,0.0012166,0.0090552,0.0020389,0.0066873,0.0024469,0.0020784,0.0055343,0.0045334,0.015034,0.0097798,0.010555,0.035462,0.011083,0.0066383,0.0096285,0.029403,0.0026111,0.0048454,0.0050728,0.010208,0.0080348,0.0070761,0.0077334,0.012473,0.036239,0.015126
0.0085963,0.011137,0.0021228,0.0073935,0.010208,0.0031667,0.0021583,0.012352,0.0045203,0.0021022,0.026779,0.0089351,0.0012127,0.0090494,0.00203,0.0066716,0.0024417,0.0020664,0.0055194,0.0045224,0.014966,0.0097435,0.010546,0.035327,0.010969,0.0066287,0.0095949,0.029322,0.0026106,0.0048271,0.0050428,0.010182,0.008015,0.0070744,0.007685,0.012452,0.036057,0.015031
0.0085645,0.011142,0.0021186,0.0073537,0.010138,0.0031564,0.0021496,0.012318,0.00452,0.0020955,0.026524,0.008929,0.0012089,0.0090431,0.0020214,0.006656,0.0024366,0.0020546,0.0055043,0.0045114,0.014899,0.0097075,0.010537,0.035191,0.010858,0.0066192,0.0095615,0.029237,0.00261,0.004809,0.0050123,0.010155,0.007995,0.007073,0.0076821,0.012431,0.035872,0.014937
0.0085329,0.011147,0.0021145,0.0073145,0.010069,0.0031461,0.0021411,0.012285,0.0045192,0.0020888,0.026273,0.0089217,0.0012051,0.0090363,0.0020131,0.0066405,0.0024315,0.0020428,0.0054892,0.0045001,0.014832,0.0096717,0.010527,0.035055,0.01075,0.00661,0.0095282,0.029148,0.0026094,0.0047911,0.0049813,0.010129,0.0079746,0.0070712,0.0076891,0.012409,0.035685,0.014843
0.0085014,0.01115,0.0021105,0.0072759,0.010001,0.0031359,0.0021326,0.012251,0.004518,0.0020822,0.026026,0.0089131,0.0012013,0.009029,0.0020052,0.006625,0.0024264,0.0020311,0.005474,0.0044887,0.014764,0.009636,0.010518,0.034918,0.010644,0.0066008,0.0094951,0.029055,0.0026088,0.0047733,0.0049499,0.010102,0.0079538,0.0070691,0.0076958,0.012388,0.035496,0.01475
0.0084701,0.011151,0.0021067,0.0072379,0.0099331,0.0031257,0.0021244,0.012217,0.0045165,0.0020757,0.025783,0.0089034,0.0011975,0.0090212,0.0019976,0.0066094,0.0024214,0.0020195,0.0054587,0.0044771,0.014697,0.0096006,0.010508,0.03478,0.010541,0.0065915,0.0094622,0.028959,0.0026083,0.0047557,0.0049178,0.010076,0.0079328,0.0070667,0.0077022,0.012365,0.035304,0.014657
0.0084389,0.011152,0.002103,0.0072005,0.0098659,0.0031156,0.0021162,0.012183,0.0045144,0.0020692,0.025544,0.0088925,0.0011938,0.0090129,0.0019903,0.0065938,0.0024164,0.002008,0.0054435,0.0044654,0.01463,0.0095654,0.010497,0.034642,0.010441,0.006582,0.0094295,0.028858,0.0026077,0.0047382,0.0048855,0.01005,0.0079115,0.0070636,0.0077082,0.012343,0.03511,0.014564
0.0084079,0.011151,0.0020994,0.0071637,0.0097993,0.0031055,0.0021082,0.01215,0.0045118,0.0020628,0.025309,0.0088805,0.00119,0.0090042,0.0019833,0.0065781,0.0024113,0.0019966,0.0054285,0.0044535,0.014563,0.0095304,0.010487,0.034504,0.010343,0.0065722,0.0093969,0.028754,0.0026071,0.0047209,0.0048525,0.010023,0.0078899,0.0070598,0.0077138,0.01232,0.034915,0.014472
0.008377,0.011149,0.0020959,0.0071274,0.0097333,0.0030955,0.0021003,0.012116,0.0045087,0.0020564,0.025077,0.0088674,0.0011863,0.008995,0.0019767,0.0065624,0.0024063,0.0019853,0.0054139,0.0044415,0.014496,0.0094956,0.010476,0.034365,0.010249,0.0065619,0.0093644,0.028647,0.0026065,0.0047037,0.0048191,0.0099963,0.007868,0.0070553,0.0077191,0.012296,0.034717,0.01438
0.0083463,0.011146,0.0020926,0.0070917,0.0096679,0.0030855,0.0020925,0.012083,0.0045054,0.0020501,0.024849,0.0088533,0.0011826,0.0089853,0.0019704,0.0065465,0.0024013,0.0019741,0.0054,0.0044294,0.014429,0.009461,0.010464,0.034225,0.010157,0.0065512,0.0093321,0.028536,0.0026059,0.0046867,0.0047853,0.0099695,0.0078458,0.0070512,0.007724,0.012272,0.034518,0.014289
0.0083157,0.011142,0.0020894,0.0070565,0.0096031,0.0030756,0.0020849,0.012049,0.0045017,0.0020438,0.024625,0.0088382,0.0011789,0.0089752,0.0019643,0.0065306,0.0023963,0.001963,0.0053866,0.0044171,0.014362,0.0094267,0.010453,0.034085,0.010068,0.0065403,0.0093,0.028422,0.0026052,0.0046698,0.0047508,0.0099426,0.0078235,0.0070479,0.0077286,0.012248,0.034317,0.014198
0.0082853,0.011136,0.0020862,0.0070219,0.0095388,0.0030657,0.0020774,0.012016,0.0044974,0.0020376,0.024406,0.0088222,0.0011752,0.0089647,0.0019585,0.0065145,0.0023913,0.001952,0.0053742,0.0044047,0.014296,0.0093925,0.010441,0.033945,0.0099823,0.0065288,0.009268,0.028305,0.0026045,0.004653,0.0047161,0.0099155,0.0078008,0.0070452,0.0077329,0.012223,0.034113,0.014107
0.0082551,0.011129,0.0020832,0.0069877,0.0094751,0.0030559,0.00207,0.011982,0.0044927,0.0020315,0.02419,0.0088052,0.0011715,0.0089537,0.0019531,0.0064984,0.0023863,0.001941,0.0053629,0.0043922,0.014229,0.0093584,0.010429,0.033804,0.0098992,0.006517,0.0092361,0.028185,0.0026038,0.0046364,0.0046809,0.0098883,0.0077778,0.0070421,0.0077368,0.012198,0.033908,0.014017
0.008225,0.011121,0.0020802,0.0069541,0.009412,0.0030461,0.0020627,0.011948,0.0044875,0.0020254,0.023978,0.0087873,0.0011679,0.0089422,0.0019478,0.006482,0.0023813,0.0019302,0.0053524,0.0043795,0.014162,0.0093246,0.010416,0.033662,0.0098189,0.0065048,0.0092043,0.028062,0.002603,0.00462,0.0046451,0.0098609,0.0077546,0.0070383,0.0077403,0.012172,0.033702,0.013928
0.008195,0.011112,0.0020772,0.006921,0.0093495,0.0030364,0.0020555,0.011914,0.0044821,0.0020193,0.023769,0.0087685,0.0011642,0.0089303,0.0019429,0.0064656,0.0023762,0.0019194,0.0053471,0.0043668,0.014095,0.0092911,0.010404,0.033521,0.0097415,0.0064922,0.0091727,0.027936,0.0026022,0.0046036,0.0046091,0.0098334,0.0077312,0.0070337,0.0077436,0.012146,0.033493,0.013839
0.0081652,0.011101,0.0020744,0.0068884,0.0092875,0.0030267,0.0020484,0.01188,0.0044763,0.0020133,0.023564,0.008749,0.0011606,0.008918,0.0019381,0.0064512,0.0023711,0.0019087,0.0053608,0.0043539,0.014028,0.0092578,0.010391,0.033379,0.0096671,0.0064793,0.0091412,0.027808,0.0026013,0.0045875,0.0045727,0.0098057,0.0077075,0.007028,0.0077465,0.01212,0.033283,0.01375
0.0081355,0.01109,0.0020715,0.0068562,0.0092261,0.003017,0.0020415,0.011846,0.0044699,0.0020073,0.023363,0.0087332,0.001157,0.0089053,0.0019336,0.0064578,0.0023661,0.0018981,0.0053738,0.004341,0.013962,0.0092246,0.010377,0.033236,0.0095955,0.0064661,0.0091099,0.027678,0.0026004,0.0045714,0.0045378,0.0097778,0.0076836,0.0070216,0.007749,0.012093,0.033072,0.013662
0.008106,0.011077,0.0020688,0.0068245,0.0091653,0.0030074,0.0020347,0.011812,0.0044631,0.0020014,0.023165,0.0087178,0.0011534,0.0088922,0.0019294,0.0064633,0.0023609,0.0018876,0.0053863,0.0043279,0.013895,0.0091916,0.010364,0.033093,0.0095268,0.0064525,0.0090787,0.027544,0.0025994,0.0045555,0.0045102,0.0097497,0.0076594,0.0070143,0.0077512,0.012065,0.032859,0.013574
0.0080766,0.011063,0.0020661,0.0067932,0.009105,0.0029978,0.002028,0.011779,0.004456,0.0019955,0.02297,0.0087015,0.0011499,0.0088786,0.0019283,0.0064677,0.0023558,0.0018772,0.0053983,0.0043148,0.013828,0.0091588,0.01035,0.03295,0.0094608,0.0064386,0.0090476,0.027409,0.0025983,0.0045397,0.0044816,0.0097213,0.007635,0.0070064,0.0077531,0.012038,0.032644,0.013487
0.0080474,0.011047,0.0020634,0.0067624,0.0090453,0.0029883,0.0020214,0.011746,0.0044486,0.0019897,0.022779,0.0086844,0.0011463,0.008865,0.0019274,0.006471,0.0023506,0.0018669,0.0054097,0.0043015,0.013762,0.0091262,0.010336,0.032807,0.0093976,0.0064245,0.0090167,0.027271,0.0025972,0.004524,0.0044529,0.0096925,0.0076105,0.0069978,0.0077547,0.01201,0.032428,0.013434
0.0080183,0.011031,0.0020608,0.0067321,0.0089861,0.0029789,0.0020149,0.011712,0.0044407,0.0019839,0.022592,0.0086666,0.0011428,0.0088516,0.0019268,0.0064733,0.0023455,0.0018566,0.0054206,0.0042882,0.013695,0.0090938,0.010321,0.032663,0.0093371,0.0064102,0.0089859,0.027132,0.002596,0.0045085,0.0044333,0.0096634,0.0075857,0.0069887,0.007756,0.011981,0.032211,0.013384
0.0079894,0.011013,0.0020581,0.0067022,0.0089275,0.0029694,0.0020085,0.011679,0.0044325,0.0019782,0.022408,0.0086479,0.0011393,0.0088377,0.0019264,0.0064745,0.0023403,0.0018464,0.0054311,0.0042747,0.013629,0.0090616,0.010307,0.032519,0.0092793,0.0063956,0.0089552,0.02699,0.0025947,0.0044931,0.0044133,0.009634,0.0075606,0.0069786,0.0077569,0.011952,0.031992,0.013334
0.0079606,0.010994,0.0020555,0.0066726,0.0088694,0.00296,0.0020022,0.011646,0.0044237,0.0019725,0.022227,0.0086285,0.0011358,0.0088234,0.0019262,0.0064746,0.002335,0.0018363,0.0054412,0.0042612,0.013562,0.0090296,0.010292,0.032375,0.0092242,0.006381,0.0089247,0.026847,0.0025934,0.0044778,0.0043932,0.0096041,0.0075354,0.0069676,0.0077575,0.011923,0.031772,0.013285
0.0079319,0.010975,0.0020529,0.0066435,0.0088119,0.0029507,0.001996,0.011613,0.0044146,0.0019668,0.022049,0.0086083,0.0011323,0.0088088,0.0019263,0.0064737,0.0023297,0.0018263,0.0054509,0.0042477,0.013496,0.0089979,0.010277,0.03223,0.0091717,0.0063661,0.0088943,0.026701,0.002592,0.0044627,0.0043726,0.0095739,0.00751,0.0069556,0.0077578,0.011893,0.031551,0.013235
0.0079034,0.010954,0.0020503,0.0066148,0.0087549,0.0029414,0.0019899,0.011579,0.0044053,0.0019612,0.021874,0.0085873,0.0011288,0.0087937,0.0019265,0.0064718,0.0023244,0.0018164,0.0054603,0.004234,0.01343,0.0089663,0.010261,0.032085,0.0091217,0.0063512,0.0088641,0.026555,0.0025904,0.0044477,0.0043517,0.0095432,0.0074845,0.0069428,0.0077578,0.011863,0.031328,0.013186
0.007875,0.010932,0.0020477,0.0065865,0.0086985,0.0029322,0.0019839,0.011546,0.0043956,0.0019557,0.021702,0.0085654,0.0011254,0.0087783,0.001927,0.0064688,0.002319,0.0018081,0.0054694,0.0042203,0.013364,0.0089348,0.010245,0.03194,0.0090743,0.0063361,0.0088339,0.026406,0.0025888,0.0044328,0.0043306,0.009512,0.0074587,0.0069289,0.0077575,0.011833,0.031104,0.013138
0.0078468,0.010909,0.0020451,0.0065586,0.0086426,0.0029229,0.0019781,0.011513,0.0043856,0.0019501,0.021533,0.008543,0.0011219,0.0087626,0.0019276,0.0064649,0.0023136,0.0018016,0.0054782,0.0042065,0.013298,0.0089036,0.010229,0.031795,0.0090296,0.0063208,0.0088039,0.026257,0.0025871,0.004418,0.0043091,0.0094803,0.0074327,0.0069141,0.0077569,0.011802,0.030878,0.013089
0.0078187,0.010885,0.0020424,0.006531,0.0085872,0.0029138,0.0019723,0.011479,0.0043751,0.0019447,0.021366,0.0085197,0.0011185,0.0087464,0.0019285,0.0064599,0.0023082,0.0017951,0.0054868,0.0041927,0.013232,0.0088725,0.010213,0.03165,0.0089872,0.0063054,0.008774,0.026106,0.0025854,0.0044033,0.0042874,0.0094481,0.0074066,0.0068984,0.0077561,0.011771,0.030652,0.013041
0.0077907,0.01086,0.0020397,0.0065038,0.0085324,0.0029047,0.0019666,0.011446,0.0043642,0.0019392,0.021202,0.0084957,0.0011151,0.00873,0.0019295,0.0064539,0.0023026,0.0017887,0.0054952,0.0041788,0.013166,0.0088416,0.010196,0.031504,0.0089472,0.0062899,0.0087443,0.025955,0.0025835,0.0043888,0.0042655,0.0094153,0.0073803,0.006882,0.0077551,0.011739,0.030452,0.012992
0.0077629,0.010834,0.002037,0.0064769,0.0084781,0.0028956,0.001961,0.011413,0.0043529,0.0019338,0.021041,0.008471,0.0011117,0.0087131,0.0019307,0.0064469,0.0022971,0.0017823,0.0055034,0.0041648,0.013101,0.0088109,0.01018,0.031358,0.0089096,0.0062743,0.0087147,0.025801,0.0025817,0.0043744,0.0042432,0.0093819,0.0073538,0.0068649,0.0077537,0.011707,0.030392,0.012944
0.0077352,0.010807,0.0020343,0.0064504,0.0084244,0.0028865,0.0019555,0.011381,0.0043416,0.0019285,0.020882,0.0084456,0.0011083,0.0086959,0.0019321,0.0064389,0.0022915,0.0017759,0.0055115,0.0041509,0.013035,0.0087804,0.010163,0.031212,0.0088742,0.0062586,0.0086852,0.025648,0.00258,0.0043601,0.0042209,0.0093479,0.0073272,0.0068476,0.007752,0.011675,0.03033,0.012897
0.0077076,0.01078,0.0020315,0.0064242,0.0083711,0.0028775,0.0019501,0.011348,0.0043298,0.0019232,0.020726,0.0084196,0.001105,0.0086784,0.0019336,0.0064299,0.0022858,0.0017696,0.0055195,0.0041368,0.01297,0.0087501,0.010145,0.031066,0.0088409,0.006243,0.0086558,0.025493,0.0025782,0.0043459,0.0041984,0.0093132,0.0073005,0.00683,0.0077501,0.011642,0.030268,0.012849
0.0076802,0.010752,0.0020287,0.0063984,0.0083184,0.0028686,0.0019447,0.011316,0.0043177,0.0019179,0.020572,0.0083929,0.0011016,0.0086606,0.0019353,0.00642,0.0022801,0.0017633,0.0055274,0.0041228,0.012904,0.00872,0.010128,0.03092,0.0088098,0.0062274,0.0086266,0.025337,0.0025764,0.0043318,0.0041757,0.0092779,0.0072736,0.0068116,0.0077478,0.011609,0.030206,0.012802
0.0076529,0.010723,0.0020258,0.0063728,0.0082661,0.0028597,0.0019395,0.011283,0.0043052,0.0019126,0.02042,0.0083656,0.0010983,0.0086424,0.0019372,0.006409,0.0022743,0.0017571,0.0055352,0.0041087,0.012839,0.0086901,0.01011,0.030774,0.0087807,0.0062118,0.0085975,0.025181,0.0025744,0.0043178,0.0041528,0.0092419,0.0072465,0.0067925,0.0077453,0.011576,0.030144,0.012755
0.0076258,0.010693,0.0020229,0.0063476,0.0082144,0.0028508,0.0019344,0.011251,0.0042923,0.0019074,0.02027,0.0083377,0.001095,0.0086239,0.0019391,0.0063972,0.0022685,0.0017509,0.0055431,0.0040945,0.012774,0.0086603,0.010092,0.030627,0.0087537,0.0061963,0.0085685,0.025025,0.0025723,0.0043039,0.0041299,0.0092054,0.0072193,0.0067725,0.0077425,0.011543,0.030082,0.012708
0.0075987,0.010662,0.0020199,0.0063227,0.0081631,0.0028419,0.0019293,0.011219,0.0042791,0.0019023,0.020122,0.0083092,0.0010917,0.0086051,0.0019412,0.0063844,0.0022627,0.0017447,0.0055509,0.0040804,0.012709,0.0086308,0.010074,0.030481,0.0087285,0.0061809,0.0085396,0.024868,0.0025702,0.0042902,0.0041066,0.0091682,0.007192,0.0067516,0.0077394,0.011509,0.030021,0.012662
0.0075718,0.010631,0.0020169,0.0062981,0.0081124,0.0028331,0.0019243,0.011186,0.0042658,0.0018972,0.019991,0.0082803,0.0010884,0.008586,0.0019434,0.0063706,0.0022567,0.0017385,0.0055587,0.0040662,0.012643,0.0086013,0.010055,0.030334,0.0087053,0.0061656,0.0085109,0.02471,0.0025678,0.0042765,0.0040832,0.0091304,0.0071646,0.0067299,0.007736,0.011475,0.029959,0.012615
0.0075451,0.010599,0.0020137,0.0062737,0.0080621,0.0028244,0.0019194,0.011154,0.0042522,0.0018921,0.019885,0.0082508,0.0010851,0.0085666,0.0019457,0.0063559,0.0022507,0.0017324,0.0055666,0.004052,0.012578,0.0085721,0.010037,0.030187,0.0086838,0.0061504,0.0084823,0.024553,0.0025654,0.004263,0.0040597,0.009108,0.007137,0.0067073,0.0077324,0.01144,0.029897,0.012569
0.0075184,0.010567,0.0020105,0.0062497,0.0080124,0.0028157,0.0019146,0.011121,0.0042383,0.001887,0.019782,0.0082208,0.0010819,0.0085468,0.0019481,0.0063402,0.0022447,0.0017264,0.0055745,0.0040378,0.012513,0.008543,0.010018,0.030041,0.0086641,0.0061352,0.0084538,0.024395,0.0025628,0.0042495,0.004036,0.0090985,0.0071093,0.0066838,0.0077285,0.011406,0.029834,0.012523
0.0074919,0.010534,0.0020073,0.0062259,0.0079631,0.002807,0.0019099,0.011089,0.004224,0.001882,0.01968,0.0081904,0.0010786,0.0085268,0.0019506,0.0063237,0.0022386,0.0017203,0.0055825,0.0040236,0.012449,0.0085141,0.0099986,0.029894,0.0086459,0.0061201,0.0084254,0.024237,0.00256,0.0042362,0.004012,0.0090888,0.0070816,0.0066596,0.0077243,0.011371,0.02977,0.012478
0.0074656,0.0105,0.002004,0.0062024,0.0079143,0.0027984,0.0019052,0.011056,0.0042094,0.001877,0.019581,0.0081597,0.0010754,0.0085065,0.0019531,0.0063062,0.0022324,0.0017143,0.0055906,0.0040094,0.012384,0.0084854,0.0099792,0.029747,0.0086293,0.006105,0.0083972,0.02408,0.0025572,0.004223,0.0039879,0.0090788,0.0070536,0.0066345,0.0077198,0.011336,0.029705,0.012432
0.0074393,0.010465,0.0020005,0.0061791,0.007866,0.0027898,0.0019006,0.011024,0.0041945,0.0018721,0.019483,0.0081303,0.0010722,0.0084865,0.0019558,0.0062877,0.0022262,0.0017084,0.0055988,0.0039952,0.012319,0.0084569,0.0099595,0.0296,0.0086142,0.0060899,0.0083691,0.023922,0.0025541,0.0042098,0.0039637,0.0090686,0.0070257,0.0066087,0.0077151,0.0113,0.02964,0.012387
0.0074132,0.010429,0.001997,0.0061561,0.0078182,0.0027812,0.0018961,0.010993,0.0041793,0.0018672,0.019388,0.0081017,0.001069,0.0084664,0.0019584,0.0062684,0.0022199,0.0017024,0.0056072,0.0039809,0.012255,0.0084285,0.0099397,0.029453,0.0086004,0.0060748,0.0083411,0.023765,0.002551,0.0041968,0.0039393,0.0090581,0.0069976,0.006582,0.0077102,0.011264,0.029573,0.012342
0.0073872,0.010393,0.0019934,0.0061333,0.0077708,0.0027727,0.0018917,0.010961,0.0041641,0.0018623,0.019294,0.008073,0.0010658,0.0084461,0.0019612,0.0062482,0.0022135,0.0016966,0.0056156,0.0039667,0.012268,0.0084003,0.0099197,0.029306,0.0085879,0.0060596,0.0083132,0.023608,0.0025476,0.0041838,0.0039148,0.0090472,0.0069693,0.0065545,0.007705,0.011229,0.029506,0.012297
0.0073613,0.010356,0.0019897,0.0061108,0.0077239,0.0027642,0.0018873,0.010929,0.0041485,0.0018574,0.019202,0.0080442,0.0010627,0.0084254,0.0019639,0.0062271,0.0022071,0.0016907,0.0056243,0.0039525,0.01229,0.0083723,0.0098995,0.029159,0.0085766,0.0060444,0.0082854,0.023451,0.0025441,0.004171,0.00389,0.009036,0.006941,0.0065262,0.0076995,0.011192,0.029437,0.012253
0.0073356,0.010318,0.0019859,0.0060885,0.0076775,0.0027558,0.0018831,0.010897,0.0041327,0.0018526,0.019112,0.0080153,0.0010595,0.0084045,0.0019667,0.006205,0.0022006,0.0016849,0.005633,0.0039383,0.01231,0.0083445,0.009879,0.029012,0.0085665,0.0060292,0.0082578,0.023295,0.0025405,0.0041582,0.0038653,0.0090244,0.0069127,0.0064972,0.0076938,0.011156,0.029368,0.012208
0.0073099,0.01028,0.001982,0.0060664,0.0076315,0.0027474,0.0018788,0.010866,0.0041166,0.0018478,0.019024,0.0079865,0.0010564,0.0083834,0.0019695,0.0061821,0.0021941,0.0016791,0.005642,0.0039242,0.01233,0.0083168,0.0098583,0.028866,0.0085574,0.006014,0.0082303,0.023139,0.0025367,0.0041456,0.0038404,0.0090125,0.0068842,0.0064674,0.0076878,0.011119,0.029298,0.012164
0.0072844,0.010241,0.001978,0.0060445,0.007586,0.002739,0.0018747,0.010834,0.0041002,0.0018431,0.018937,0.0079577,0.0010533,0.008362,0.0019723,0.0061583,0.0021875,0.0016733,0.0056511,0.00391,0.012348,0.0082892,0.0098373,0.028719,0.0085492,0.0059986,0.0082029,0.022984,0.0025328,0.004133,0.0038155,0.0090001,0.0068556,0.0064369,0.0076816,0.011083,0.029227,0.01212
0.0072591,0.010201,0.0019739,0.0060229,0.007541,0.0027307,0.0018706,0.010802,0.0040836,0.0018384,0.018851,0.0079286,0.0010502,0.0083403,0.0019751,0.0061336,0.0021809,0.0016676,0.0056604,0.0038959,0.012366,0.0082618,0.0098161,0.028572,0.008542,0.0059831,0.0081756,0.022829,0.0025286,0.0041205,0.0037903,0.0089873,0.006827,0.0064059,0.0076752,0.011046,0.029155,0.012076
0.0072338,0.010162,0.0019697,0.0060014,0.0074964,0.0027224,0.0018666,0.01077,0.0040667,0.0018337,0.018767,0.0078993,0.0010471,0.0083184,0.0019779,0.0061081,0.0021742,0.0016619,0.0056699,0.0038818,0.012382,0.0082346,0.0097947,0.028425,0.0085356,0.0059673,0.0081484,0.022675,0.0025244,0.0041081,0.0037651,0.008974,0.0067983,0.0063743,0.0076687,0.011009,0.029083,0.012033
0.0072087,0.010121,0.0019654,0.0059802,0.0074522,0.0027141,0.0018626,0.010738,0.0040497,0.0018291,0.018684,0.0078698,0.001044,0.0082962,0.0019807,0.0060817,0.0021674,0.0016562,0.0056796,0.0038677,0.012398,0.0082076,0.0097733,0.028279,0.00853,0.0059514,0.0081214,0.022522,0.00252,0.0040958,0.0037398,0.0089603,0.0067695,0.0063423,0.0076619,0.010971,0.02901,0.011989
0.0071836,0.010081,0.001961,0.0059591,0.0074085,0.0027059,0.0018587,0.010706,0.0040326,0.0018244,0.018603,0.00784,0.0010409,0.0082739,0.0019834,0.0060597,0.0021606,0.0016506,0.0056894,0.0038536,0.012412,0.0081806,0.0097516,0.028132,0.008525,0.0059351,0.0080944,0.02237,0.0025154,0.0040836,0.0037146,0.0089461,0.0067406,0.0063098,0.0076549,0.010934,0.028937,0.011946
0.0071587,0.010039,0.0019564,0.0059382,0.0073652,0.0026977,0.0018549,0.010674,0.0040152,0.0018198,0.018523,0.0078099,0.0010379,0.0082513,0.0019861,0.0060723,0.0021537,0.001645,0.0056995,0.0038396,0.012426,0.0081539,0.0097297,0.027985,0.0085205,0.0059187,0.0080676,0.022218,0.0025108,0.0040715,0.0036893,0.0089313,0.0067116,0.0062766,0.0076476,0.010896,0.028862,0.011903
0.007134,0.0099978,0.0019518,0.0059175,0.0073224,0.0026896,0.0018511,0.010643,0.0039976,0.0018153,0.018444,0.0077796,0.0010349,0.0082284,0.0019888,0.0060846,0.0021468,0.0016394,0.0057098,0.0038257,0.012438,0.0081274,0.0097076,0.027839,0.0085166,0.0059019,0.0080409,0.022068,0.0025064,0.0040594,0.0036638,0.008916,0.0066826,0.006243,0.0076401,0.010858,0.028787,0.01186
0.0071093,0.0099558,0.0019471,0.005897,0.0072799,0.0026815,0.0018474,0.010611,0.0039797,0.0018108,0.018366,0.0077491,0.0010318,0.0082054,0.0019914,0.0060969,0.0021398,0.0016339,0.0057202,0.0038117,0.012449,0.008101,0.0096853,0.027693,0.0085132,0.005885,0.0080143,0.021919,0.002502,0.0040475,0.0036384,0.0089001,0.0066536,0.0062087,0.0076324,0.01082,0.028711,0.011817
0.0070848,0.0099133,0.0019422,0.0058767,0.007238,0.0026734,0.0018438,0.01058,0.0039616,0.0018063,0.018289,0.0077183,0.0010288,0.0081821,0.0019939,0.006109,0.0021328,0.0016284,0.0057308,0.0037979,0.01246,0.0080748,0.0096627,0.027546,0.0085101,0.0058677,0.0079878,0.02177,0.0024973,0.0040356,0.0036128,0.0088836,0.0066244,0.006174,0.0076245,0.010782,0.028634,0.011775
0.0070603,0.0098704,0.0019372,0.0058565,0.0071964,0.0026654,0.0018402,0.010548,0.0039433,0.0018018,0.018213,0.0076875,0.0010259,0.0081587,0.0019963,0.006121,0.0021257,0.0016229,0.0057416,0.003784,0.012469,0.0080487,0.00964,0.0274,0.0085073,0.0058503,0.0079615,0.021622,0.0024925,0.0040238,0.0035873,0.0088666,0.0065951,0.0061387,0.0076164,0.010743,0.028556,0.011733
0.007036,0.009827,0.0019321,0.0058365,0.0071553,0.0026574,0.0018366,0.010517,0.0039249,0.0017973,0.018138,0.0076564,0.0010229,0.008135,0.0019987,0.0061328,0.0021185,0.0016175,0.0057526,0.0037702,0.012478,0.0080227,0.0096171,0.027254,0.0085047,0.0058325,0.0079352,0.021476,0.0024876,0.0040121,0.0035619,0.0088489,0.0065658,0.0061027,0.007608,0.010705,0.028477,0.011691
0.0070118,0.0097833,0.0019268,0.0058166,0.0071146,0.0026494,0.0018331,0.010485,0.0039064,0.0017929,0.018063,0.0076252,0.0010199,0.0081112,0.002001,0.0061445,0.0021114,0.0016121,0.0057637,0.0037565,0.012486,0.007997,0.009594,0.027109,0.0085022,0.0058146,0.0079091,0.021331,0.0024825,0.0040004,0.0035364,0.0088305,0.0065365,0.0060662,0.0075994,0.010666,0.028398,0.011649
0.0069878,0.009739,0.0019215,0.0057969,0.0070743,0.0026415,0.0018297,0.010453,0.0038877,0.0017885,0.017989,0.0075939,0.001017,0.0080871,0.0020032,0.0061561,0.0021041,0.0016067,0.005775,0.0037428,0.012493,0.0079713,0.0095709,0.026963,0.0084999,0.0057964,0.0078831,0.021187,0.0024772,0.0039888,0.0035109,0.0088114,0.0065071,0.0060291,0.0075906,0.010627,0.028318,0.011607
0.0069638,0.0096943,0.0019161,0.0057773,0.0070344,0.0026336,0.0018263,0.010421,0.0038689,0.0017842,0.017916,0.0075625,0.001014,0.0080629,0.0020053,0.0061675,0.0020968,0.0016013,0.0057864,0.0037292,0.012499,0.0079458,0.0095475,0.026817,0.0084976,0.0057779,0.0078571,0.021044,0.0024718,0.0039774,0.0034854,0.0087917,0.0064777,0.0059913,0.0075816,0.010587,0.028237,0.011566
0.00694,0.0096491,0.0019105,0.0057578,0.0069949,0.0026257,0.001823,0.010389,0.0038499,0.0017798,0.017843,0.007531,0.0010111,0.0080385,0.0020073,0.0061788,0.0020895,0.001596,0.005798,0.0037157,0.012504,0.0079205,0.0095239,0.026672,0.0084952,0.0057593,0.0078313,0.020903,0.0024662,0.0039659,0.0034599,0.0087712,0.0064481,0.005953,0.0075725,0.010548,0.028156,0.011524
0.0069162,0.0096035,0.0019048,0.0057385,0.0069558,0.0026179,0.0018197,0.010357,0.0038307,0.0017755,0.017771,0.0074995,0.0010082,0.0080139,0.0020091,0.00619,0.0020821,0.0015907,0.0058097,0.0037022,0.012509,0.0078952,0.0095002,0.026527,0.0084927,0.0057403,0.0078056,0.020763,0.0024604,0.0039546,0.0034345,0.0087501,0.0064185,0.0059142,0.0075631,0.010508,0.028075,0.011483
0.0068926,0.0095575,0.001899,0.0057194,0.0069171,0.0026101,0.0018164,0.010325,0.0038113,0.0017712,0.017699,0.007468,0.0010053,0.0079891,0.0020108,0.006201,0.0020747,0.0015855,0.0058215,0.0036888,0.012512,0.0078702,0.0094762,0.026382,0.0084901,0.0057213,0.0077801,0.020624,0.0024545,0.0039433,0.0034091,0.0087281,0.006389,0.005875,0.0075564,0.010468,0.027993,0.011443
0.0068691,0.009511,0.0018931,0.0057003,0.0068789,0.0026023,0.0018132,0.010294,0.0037918,0.001767,0.017628,0.0074365,0.0010025,0.0079642,0.0020125,0.0062119,0.0020672,0.0015802,0.0058334,0.0036755,0.012514,0.0078453,0.0094521,0.026237,0.0084874,0.0057019,0.0077546,0.020487,0.0024483,0.0039321,0.0033838,0.0087055,0.0063594,0.0058354,0.0075503,0.010428,0.027911,0.011402
0.0068457,0.009464,0.001887,0.0056814,0.006841,0.0025946,0.0018101,0.010262,0.0037721,0.0017628,0.017557,0.007405,0.0009996,0.0079391,0.0020139,0.0062226,0.0020597,0.001575,0.0058454,0.0036622,0.012515,0.0078205,0.0094277,0.026092,0.0084845,0.0056825,0.0077292,0.020351,0.002442,0.003921,0.0033585,0.008682,0.0063297,0.0057957,0.0075437,0.010388,0.027828,0.011361
0.0068224,0.0094166,0.0018809,0.0056626,0.0068035,0.0025869,0.001807,0.01023,0.0037524,0.0017586,0.017486,0.0073758,0.00099675,0.0079139,0.0020152,0.0062332,0.0020522,0.0015699,0.0058574,0.003649,0.012516,0.0077959,0.0094032,0.025948,0.0084812,0.0056628,0.007704,0.020217,0.0024356,0.0039099,0.0033332,0.0086577,0.0063,0.0057601,0.0075366,0.010347,0.027744,0.011321
0.0067992,0.0093689,0.0018746,0.0056439,0.0067664,0.0025793,0.0018039,0.010198,0.0037326,0.0017544,0.017415,0.0073475,0.00099392,0.0078884,0.0020164,0.0062437,0.0020446,0.0015647,0.0058696,0.0036359,0.012515,0.0077715,0.0093787,0.025803,0.0084776,0.0056431,0.0076788,0.020084,0.002429,0.0038989,0.0033168,0.0086327,0.0062702,0.0057431,0.007529,0.010307,0.02766,0.011281
0.0067761,0.009321,0.0018683,0.0056253,0.0067297,0.0025716,0.0018009,0.010165,0.0037127,0.0017502,0.017344,0.0073193,0.0009911,0.0078629,0.0020174,0.0062541,0.002037,0.0015596,0.0058817,0.0036229,0.012514,0.0077471,0.009354,0.025659,0.0084737,0.0056231,0.0076538,0.019952,0.0024222,0.0038883,0.0033023,0.0086068,0.0062404,0.0057259,0.0075208,0.010266,0.027574,0.011241
0.0067532,0.009273,0.0018618,0.0056068,0.0066933,0.0025641,0.0017979,0.010133,0.0036927,0.0017461,0.017273,0.0072909,0.00098829,0.0078372,0.0020183,0.0062643,0.0020294,0.0015545,0.0058939,0.00361,0.012536,0.007723,0.0093291,0.025515,0.0084692,0.0056031,0.0076288,0.019822,0.0024153,0.0038793,0.0032877,0.0085802,0.0062106,0.0057085,0.0075122,0.010225,0.027488,0.011202
0.0067303,0.0092248,0.0018552,0.0055884,0.0066573,0.0025565,0.001795,0.010101,0.0036725,0.001742,0.017202,0.0072625,0.00098549,0.0078117,0.0020189,0.0062744,0.0020217,0.0015494,0.005906,0.0035972,0.01257,0.0076989,0.0093041,0.025372,0.0084643,0.0055829,0.007604,0.019693,0.0024082,0.0038703,0.0032729,0.0085527,0.0061808,0.0056908,0.0075031,0.010184,0.027401,0.011162
0.0067076,0.0091763,0.0018485,0.0055701,0.0066217,0.002549,0.0017921,0.010068,0.0036522,0.0017379,0.017131,0.0072341,0.00098271,0.0077864,0.0020195,0.0062844,0.002014,0.0015444,0.0059182,0.0035845,0.01262,0.007675,0.0092789,0.025228,0.0084588,0.0055626,0.0075793,0.019566,0.0024009,0.0038614,0.003258,0.0085244,0.006151,0.005673,0.0074935,0.010143,0.027313,0.011123
0.0066849,0.0091274,0.0018416,0.0055519,0.0065865,0.0025415,0.0017892,0.010036,0.0036318,0.0017339,0.01706,0.0072056,0.00097994,0.0077609,0.0020198,0.0062942,0.0020063,0.0015394,0.0059303,0.0035718,0.01267,0.0076512,0.0092535,0.025085,0.0084529,0.0055424,0.0075547,0.01944,0.0023935,0.0038525,0.003243,0.0084953,0.0061211,0.0056549,0.0074834,0.010101,0.027223,0.011084
0.0066624,0.0090781,0.0018347,0.0055338,0.0065517,0.002534,0.0017864,0.010004,0.0036113,0.0017298,0.016989,0.0071772,0.00097719,0.0077352,0.00202,0.006304,0.0019985,0.0015344,0.0059424,0.0035592,0.012719,0.0076331,0.009228,0.024942,0.0084465,0.0055222,0.0075301,0.019316,0.002386,0.0038437,0.003228,0.0084748,0.0060912,0.0056367,0.007473,0.01006,0.027133,0.011045
0.00664,0.0090283,0.0018277,0.0055158,0.0065172,0.0025266,0.0017836,0.0099712,0.0035907,0.0017258,0.016917,0.0071487,0.00097444,0.0077095,0.00202,0.0063136,0.0019908,0.0015294,0.0059544,0.0035468,0.012767,0.0076392,0.0092023,0.024799,0.0084395,0.005502,0.0075057,0.019194,0.0023782,0.0038349,0.0032129,0.0084711,0.0060612,0.0056183,0.0074622,0.010018,0.027042,0.011006
0.0066176,0.0089781,0.0018206,0.0054978,0.006483,0.0025192,0.0017808,0.0099386,0.00357,0.0017218,0.016845,0.0071203,0.00097171,0.0076836,0.0020197,0.0063232,0.001983,0.0015245,0.0059663,0.0035344,0.012816,0.0076448,0.0091764,0.024656,0.0084319,0.0054819,0.0074814,0.019073,0.0023704,0.0038262,0.0031977,0.0084667,0.0060313,0.0055996,0.0074509,0.0099763,0.02695,0.010967
0.0065954,0.0089275,0.0018133,0.00548,0.0064493,0.0025119,0.0017781,0.0099058,0.0035494,0.0017179,0.016772,0.0070918,0.000969,0.0076575,0.0020193,0.0063326,0.0019752,0.0015196,0.005978,0.0035221,0.012863,0.0076498,0.0091505,0.024514,0.0084236,0.0054618,0.0074572,0.018954,0.0023624,0.0038175,0.0031825,0.0084616,0.0060014,0.0055807,0.0074392,0.0099343,0.026856,0.010929
0.0065733,0.0088765,0.001806,0.0054622,0.0064159,0.0025045,0.0017754,0.0098727,0.0035287,0.0017139,0.016699,0.0070634,0.00096629,0.0076314,0.0020188,0.006342,0.0019673,0.0015147,0.0059897,0.0035098,0.012909,0.0076543,0.0091245,0.024372,0.0084147,0.0054417,0.0074331,0.018836,0.0023542,0.0038089,0.0031674,0.0084557,0.0059715,0.0055617,0.007427,0.0098923,0.026762,0.010891
0.0065513,0.0088249,0.0017985,0.0054445,0.0063828,0.0024972,0.0017727,0.0098398,0.0035079,0.00171,0.016626,0.007035,0.0009636,0.0076052,0.0020179,0.0063513,0.0019595,0.0015098,0.0060011,0.0034977,0.012955,0.0076584,0.0090983,0.02423,0.008405,0.0054216,0.0074091,0.018719,0.002346,0.0038003,0.0031524,0.008449,0.0059415,0.0055424,0.0074144,0.00985,0.026667,0.010853
0.0065294,0.008773,0.001791,0.0054269,0.0063501,0.00249,0.0017701,0.0098072,0.0034871,0.0017061,0.016552,0.0070066,0.00096092,0.0075788,0.002017,0.0063605,0.0019516,0.001505,0.0060124,0.0034856,0.013,0.0076619,0.009072,0.024088,0.0083948,0.0054014,0.0073852,0.018605,0.0023375,0.0037918,0.0031374,0.0084416,0.0059116,0.0055228,0.0074013,0.0098077,0.026571,0.010815
0.0065076,0.0087207,0.0017834,0.0054093,0.0063177,0.0024827,0.0017675,0.0097744,0.0034662,0.0017022,0.016477,0.0069783,0.00095825,0.0075524,0.0020158,0.0063697,0.0019438,0.0015002,0.0060235,0.0034737,0.013044,0.007665,0.0090456,0.023947,0.008384,0.0053811,0.0073614,0.018492,0.002329,0.0037833,0.0031224,0.0084334,0.0058816,0.0055032,0.0073878,0.0097653,0.026475,0.010778
0.0064859,0.0086679,0.0017757,0.0053918,0.0062856,0.0024755,0.0017649,0.0097413,0.0034452,0.0016984,0.016402,0.0069501,0.0009556,0.0075258,0.0020144,0.006379,0.0019359,0.0014954,0.0060344,0.0034618,0.013088,0.0076675,0.009019,0.023805,0.0083724,0.0053608,0.0073377,0.01838,0.0023203,0.0037749,0.0031074,0.0084244,0.0058516,0.0054832,0.0073738,0.0097227,0.026378,0.01074
0.0064642,0.0086148,0.0017679,0.0053744,0.0062539,0.0024684,0.0017624,0.009708,0.0034241,0.0016946,0.016326,0.0069219,0.00095295,0.0074992,0.0020128,0.0063882,0.001928,0.0014907,0.0060451,0.00345,0.01313,0.0076696,0.0089923,0.023664,0.0083601,0.0053403,0.0073141,0.01827,0.0023115,0.0037665,0.0030922,0.0084146,0.0058216,0.005463,0.0073596,0.00968,0.026279,0.010703
0.0064427,0.0085612,0.00176,0.005357,0.0062226,0.0024612,0.0017599,0.0096751,0.003403,0.0016907,0.016249,0.0068938,0.00095032,0.0074724,0.002011,0.0063976,0.0019202,0.0014859,0.0060555,0.0034383,0.013172,0.0076713,0.0089654,0.023546,0.008347,0.0053197,0.0072907,0.018161,0.0023026,0.0037581,0.0030814,0.008404,0.0057917,0.0054427,0.007345,0.0096372,0.02618,0.010666
0.0064213,0.0085072,0.001752,0.0053397,0.0061915,0.0024541,0.0017574,0.0096422,0.0033818,0.0016869,0.016172,0.0068659,0.0009477,0.0074456,0.0020089,0.0064071,0.0019123,0.0014812,0.0060656,0.0034267,0.013213,0.0076724,0.0089384,0.023472,0.0083332,0.0052991,0.0072673,0.018054,0.0022935,0.0037498,0.0030756,0.0083926,0.0057618,0.0054221,0.00733,0.0095944,0.026081,0.010629
0.0064,0.008453,0.0017439,0.0053224,0.0061608,0.002447,0.0017549,0.0096091,0.0033607,0.0016832,0.016094,0.006838,0.0009451,0.0074187,0.0020067,0.0064166,0.0019044,0.0014766,0.0060754,0.0034152,0.013254,0.007673,0.0089112,0.023398,0.0083189,0.0052782,0.007244,0.017949,0.0022843,0.0037415,0.0030695,0.0083804,0.0057319,0.0054013,0.0073145,0.0095514,0.02598,0.010592
0.0063788,0.0083983,0.0017358,0.0053052,0.0061304,0.00244,0.0017525,0.0095759,0.0033396,0.0016794,0.016015,0.0068101,0.0009425,0.0073917,0.0020042,0.0064261,0.0018966,0.0014719,0.0060848,0.0034038,0.013294,0.0076732,0.0088841,0.023324,0.0083038,0.0052574,0.0072208,0.017845,0.0022751,0.0037333,0.0030629,0.0083674,0.005702,0.0053803,0.0072987,0.0095084,0.025879,0.010556
0.0063577,0.0083432,0.0017276,0.0052881,0.0061004,0.002433,0.0017501,0.0095431,0.0033185,0.0016757,0.015935,0.0067825,0.00093992,0.0073646,0.0020016,0.0064356,0.0018887,0.0014673,0.006094,0.0033924,0.013333,0.007673,0.0088568,0.023249,0.0082881,0.0052363,0.0071977,0.017742,0.0022657,0.0037251,0.003056,0.0083536,0.0056721,0.005359,0.0072825,0.0094654,0.025777,0.010519
0.0063367,0.008288,0.0017193,0.0052709,0.0060706,0.002426,0.0017477,0.00951,0.0032973,0.001672,0.015854,0.0067549,0.00093735,0.0073374,0.0019987,0.0064451,0.0018809,0.0014627,0.0061028,0.0033812,0.013371,0.0076724,0.0088294,0.023175,0.0082716,0.0052151,0.0071747,0.017641,0.0022562,0.003717,0.0030488,0.0083389,0.0056421,0.0053376,0.0072658,0.0094223,0.025674,0.010483
0.0063158,0.0082323,0.001711,0.0052539,0.0060412,0.002419,0.0017453,0.0094767,0.0032761,0.0016683,0.015772,0.0067274,0.00093479,0.0073102,0.0019956,0.0064547,0.001873,0.0014581,0.0061112,0.00337,0.013409,0.0076712,0.0088289,0.023101,0.0082544,0.0051939,0.0071518,0.017541,0.0022466,0.0037089,0.0030412,0.0083234,0.0056122,0.005316,0.0072488,0.0093792,0.025571,0.010447
0.006295,0.0081762,0.0017026,0.0052369,0.0060121,0.0024121,0.001743,0.0094437,0.0032549,0.0016646,0.01569,0.0067001,0.00093224,0.0072829,0.0019923,0.0064641,0.0018652,0.0014535,0.0061192,0.003359,0.013445,0.0076696,0.0088339,0.023026,0.0082389,0.0051724,0.0071289,0.017443,0.0022369,0.0037008,0.0030333,0.0083072,0.0055824,0.0052941,0.0072315,0.0093381,0.025466,0.010411
0.0062742,0.0081201,0.0016941,0.0052199,0.0059833,0.0024052,0.0017406,0.0094107,0.0032337,0.001661,0.015606,0.006673,0.0009297,0.0072555,0.0019887,0.0064736,0.0018574,0.0014493,0.0061267,0.003348,0.013481,0.0076676,0.0088385,0.022951,0.0082374,0.0051509,0.0071062,0.017347,0.0022271,0.0036928,0.0030251,0.00829,0.0055525,0.005272,0.0072176,0.0092976,0.025361,0.010375
0.0062536,0.0080635,0.0016855,0.0052029,0.0059548,0.0023983,0.0017383,0.0093774,0.0032125,0.0016573,0.015522,0.0066459,0.00092717,0.0072281,0.001985,0.006483,0.0018496,0.0014454,0.0061339,0.0033371,0.013516,0.0076652,0.0088428,0.022877,0.0082358,0.0051293,0.0070836,0.017251,0.0022173,0.0036848,0.0030165,0.0082721,0.0055227,0.0052498,0.0072035,0.0092571,0.025255,0.010339
0.0062331,0.0080066,0.0016769,0.005186,0.0059266,0.0023915,0.001736,0.0093439,0.0031912,0.0016537,0.015436,0.006619,0.00092466,0.0072006,0.001981,0.0064923,0.0018418,0.0014415,0.0061406,0.0033264,0.01355,0.0076623,0.0088467,0.022802,0.0082343,0.0051075,0.0070611,0.017157,0.0022073,0.0036768,0.0030078,0.0082533,0.0054971,0.0052273,0.0071894,0.0092166,0.025149,0.010304
0.0062126,0.0079497,0.0016683,0.0051692,0.0058987,0.0023847,0.0017337,0.0093101,0.00317,0.0016501,0.01535,0.0065923,0.00092215,0.0071731,0.0019768,0.0065016,0.0018341,0.0014376,0.0061468,0.0033157,0.013584,0.0076589,0.0088504,0.022727,0.0082327,0.0050857,0.0070387,0.017065,0.0021972,0.0036689,0.0029986,0.0082336,0.0054775,0.0052046,0.0071751,0.009176,0.025041,0.010268
0.0061923,0.0078924,0.0016595,0.0051523,0.0058711,0.0023779,0.0017315,0.0092769,0.0031487,0.0016465,0.015263,0.0065658,0.00091966,0.0071455,0.0019724,0.0065108,0.0018263,0.0014338,0.0061525,0.0033051,0.013617,0.0076552,0.0088537,0.022653,0.0082312,0.0050638,0.0070163,0.016974,0.0021871,0.003661,0.0029892,0.0082131,0.005458,0.0051818,0.0071607,0.0091354,0.024933,0.010233
0.006172,0.0078524,0.0016508,0.0051355,0.0058438,0.0023711,0.0017292,0.0092433,0.0031275,0.001643,0.015174,0.0065393,0.00091718,0.0071179,0.0019678,0.0065199,0.0018186,0.00143,0.0061578,0.0032946,0.01365,0.0076511,0.0088566,0.022578,0.0082296,0.0050417,0.0069941,0.016884,0.0021769,0.0036531,0.0029796,0.0081916,0.0054385,0.0051587,0.0071462,0.0090947,0.024824,0.010198
0.0061519,0.0078221,0.0016419,0.0051188,0.005823,0.0023644,0.001727,0.0092095,0.0031064,0.0016394,0.015085,0.0065131,0.00091471,0.0070902,0.0019629,0.0065289,0.001811,0.0014262,0.0061625,0.0032842,0.013681,0.0076466,0.0088593,0.022503,0.008228,0.0050197,0.006972,0.016795,0.0021666,0.0036453,0.0029697,0.0081694,0.005419,0.0051355,0.0071316,0.009054,0.024714,0.010163
0.0061318,0.0077912,0.0016331,0.005102,0.0058062,0.0023577,0.0017248,0.0091753,0.0030853,0.0016359,0.014994,0.0064871,0.00091225,0.0070625,0.0019578,0.0065378,0.0018033,0.0014224,0.0061667,0.0032739,0.013711,0.0076416,0.0088616,0.022428,0.0082264,0.0049974,0.00695,0.016708,0.0021563,0.0036375,0.0029595,0.0081462,0.0053996,0.005112,0.0071169,0.0090132,0.024604,0.010128
0.0061119,0.00776,0.0016241,0.0050853,0.0057895,0.002351,0.0017226,0.0091409,0.0030642,0.0016324,0.014903,0.0064612,0.0009098,0.0070348,0.0019525,0.0065466,0.0017957,0.0014186,0.0061703,0.0032637,0.013741,0.0076362,0.0088636,0.022353,0.0082248,0.0049751,0.0069281,0.016622,0.0021458,0.0036298,0.0029492,0.0081222,0.0053803,0.0050884,0.0071038,0.0089724,0.024493,0.010094
0.006092,0.0077284,0.0016152,0.0050686,0.0057728,0.0023444,0.0017204,0.0091062,0.0030431,0.0016289,0.014811,0.0064355,0.00090736,0.007007,0.0019471,0.0065553,0.0017881,0.0014148,0.0061734,0.0032536,0.01377,0.0076305,0.0088654,0.022278,0.0082231,0.0049528,0.0069063,0.016537,0.0021353,0.0036221,0.0029386,0.0080972,0.0053609,0.0050646,0.0071001,0.0089315,0.024381,0.010059
0.0060722,0.0076962,0.0016062,0.005052,0.0057561,0.0023378,0.0017182,0.009072,0.0030221,0.0016254,0.014717,0.00641,0.00090493,0.0069792,0.0019414,0.0065639,0.0017806,0.001411,0.0061759,0.0032436,0.013798,0.0076244,0.0088669,0.022203,0.0082214,0.0049304,0.0068845,0.016453,0.0021248,0.0036145,0.0029277,0.0080714,0.0053416,0.0050406,0.0070963,0.0088906,0.024269,0.010025
0.0060525,0.0076639,0.0015972,0.0050353,0.0057395,0.0023312,0.0017161,0.0090375,0.0030011,0.001622,0.014623,0.0063846,0.00090251,0.0069513,0.0019354,0.0065723,0.0017731,0.0014073,0.0061778,0.0032337,0.013826,0.0076178,0.0088681,0.022128,0.0082197,0.004908,0.0068629,0.016371,0.0021142,0.0036069,0.0029166,0.0080447,0.0053224,0.0050165,0.0070923,0.0088496,0.024156,0.0099907
0.0060329,0.0076311,0.0015881,0.0050187,0.0057229,0.0023246,0.0017139,0.0090027,0.0029801,0.0016185,0.014527,0.0063595,0.0009001,0.0069234,0.0019293,0.0065806,0.0017656,0.0014036,0.0061791,0.0032239,0.013853,0.0076109,0.008869,0.022053,0.0082179,0.0048855,0.0068413,0.016289,0.0021035,0.0035993,0.0029054,0.0080172,0.0053031,0.0049922,0.0070882,0.0088085,0.024043,0.0099566
0.0060133,0.0075982,0.001579,0.0050022,0.0057064,0.0023181,0.0017118,0.0089676,0.0029591,0.0016151,0.014431,0.0063345,0.00089771,0.0068955,0.001923,0.0065887,0.0017582,0.0013998,0.0061798,0.0032142,0.013879,0.0076036,0.0088697,0.021978,0.0082161,0.004863,0.0068199,0.016209,0.0020928,0.0035918,0.002894,0.0079887,0.0052839,0.0049677,0.007084,0.0087675,0.02393,0.0099226
0.0059939,0.0075648,0.0015699,0.0049856,0.0056898,0.0023116,0.0017097,0.0089322,0.0029382,0.0016117,0.014334,0.0063098,0.00089532,0.0068676,0.0019165,0.0065968,0.0017508,0.0013961,0.0061798,0.0032046,0.013905,0.007596,0.0088699,0.021903,0.0082142,0.0048405,0.0067985,0.01613,0.0020821,0.0035842,0.0028823,0.0079594,0.0052648,0.004943,0.0070796,0.0087263,0.023815,0.0098888
0.0059746,0.0075313,0.0015608,0.004969,0.0056733,0.0023051,0.0017076,0.0088965,0.0029173,0.0016083,0.014295,0.0062852,0.00089294,0.0068397,0.0019097,0.0066046,0.0017435,0.0013924,0.0061793,0.003195,0.013929,0.0075879,0.0088699,0.021827,0.0082122,0.004818,0.0067772,0.016052,0.0020713,0.0035767,0.0028705,0.0079293,0.0052457,0.0049183,0.007075,0.0086851,0.023701,0.0098551
0.0059553,0.0074975,0.0015516,0.0049525,0.0056569,0.0022987,0.0017054,0.0088605,0.0028965,0.0016049,0.014276,0.0062608,0.00089057,0.0068117,0.0019028,0.0066124,0.0017362,0.0013888,0.006178,0.0031856,0.013953,0.0075795,0.0088696,0.021752,0.0082102,0.0047956,0.006756,0.015975,0.0020605,0.0035693,0.0028586,0.0078982,0.0052266,0.0048933,0.0070703,0.0086439,0.023586,0.0098216
0.0059361,0.0074634,0.0015425,0.004936,0.0056405,0.0022922,0.0017034,0.0088242,0.0028757,0.0016016,0.014256,0.0062366,0.00088822,0.0067837,0.0018957,0.0066199,0.001729,0.0013851,0.0061761,0.0031763,0.013976,0.0075708,0.008869,0.021677,0.0082081,0.0047733,0.0067349,0.015899,0.0020496,0.0035618,0.0028465,0.0078663,0.0052076,0.0048682,0.0070655,0.0086026,0.023471,0.0097881
0.005917,0.0074291,0.0015333,0.0049195,0.0056241,0.0022858,0.0017013,0.0087883,0.002855,0.0015982,0.014236,0.0062126,0.00088587,0.0067557,0.0018884,0.0066273,0.0017218,0.0013815,0.0061736,0.003167,0.013998,0.0075617,0.0088681,0.021602,0.0082059,0.004751,0.0067139,0.015823,0.0020387,0.0035544,0.0028342,0.0078335,0.0051887,0.0048429,0.0070605,0.0085613,0.023355,0.0097549
0.005898,0.0073945,0.0015241,0.004903,0.0056077,0.0022795,0.0016992,0.0087522,0.0028343,0.0015949,0.014214,0.0061888,0.00088353,0.0067278,0.0018809,0.0066345,0.0017147,0.0013779,0.0061703,0.0031579,0.014019,0.0075522,0.0088669,0.021527,0.0082037,0.0047289,0.006693,0.015749,0.0020278,0.003547,0.0028218,0.0077999,0.0051697,0.0048175,0.0070554,0.00852,0.023239,0.0097217
0.0058791,0.0073595,0.0015148,0.0048866,0.0055914,0.0022731,0.0016971,0.0087158,0.0028137,0.0015916,0.014191,0.0061652,0.0008812,0.0066998,0.0018732,0.0066416,0.0017076,0.0013742,0.0061664,0.0031488,0.01404,0.0075423,0.0088656,0.021452,0.0082014,0.0047069,0.0066721,0.015676,0.0020169,0.0035396,0.0028094,0.0077654,0.0051508,0.004792,0.0070501,0.0084785,0.023122,0.0096887
0.0058603,0.0073244,0.0015056,0.0048701,0.0055751,0.0022668,0.001695,0.008679,0.0027958,0.0015883,0.014167,0.0061418,0.00087888,0.0066718,0.0018653,0.0066484,0.0017006,0.0013706,0.0061617,0.0031399,0.014061,0.0075322,0.0088639,0.021377,0.0081992,0.0046848,0.0066514,0.015604,0.0020059,0.0035323,0.0027968,0.0077301,0.005132,0.0047662,0.0070447,0.0084371,0.023005,0.0096557
0.0058416,0.0072887,0.0014964,0.0048537,0.0055589,0.0022605,0.001693,0.008642,0.0027876,0.001585,0.014142,0.0061186,0.00087657,0.0066438,0.0018573,0.0066551,0.0016936,0.0013671,0.0061564,0.003131,0.01408,0.0075217,0.008862,0.021302,0.0081968,0.0046628,0.0066307,0.015532,0.001995,0.003525,0.0027841,0.0076939,0.0051132,0.0047404,0.0070392,0.0083957,0.022887,0.009623
0.0058229,0.0072531,0.0014871,0.0048372,0.0055426,0.0022543,0.0016909,0.0086047,0.0027789,0.0015817,0.014116,0.0060955,0.00087427,0.0066157,0.001849,0.0066615,0.0016867,0.0013635,0.0061504,0.0031222,0.014099,0.0075109,0.0088598,0.021227,0.0081943,0.0046408,0.0066101,0.015461,0.001984,0.0035177,0.0027712,0.0076569,0.0050944,0.0047145,0.0070336,0.0083541,0.02277,0.0095904
0.0058043,0.007217,0.0014779,0.0048208,0.0055265,0.002248,0.0016889,0.008567,0.0027699,0.0015785,0.014089,0.0060727,0.00087198,0.0065878,0.0018406,0.0066677,0.0016799,0.0013599,0.0061437,0.0031135,0.014117,0.0074997,0.0088574,0.021151,0.0081917,0.0046188,0.0065896,0.015391,0.0019731,0.0035104,0.0027584,0.0076191,0.0050757,0.0046884,0.0070278,0.0083127,0.022651,0.0095578
0.0057858,0.0071807,0.0014687,0.0048044,0.0055103,0.0022418,0.0016868,0.0085291,0.0027607,0.0015752,0.01406,0.00605,0.0008697,0.0065598,0.0018321,0.0066738,0.0016731,0.0013564,0.0061363,0.0031049,0.014134,0.0074882,0.0088546,0.021076,0.0081891,0.0045967,0.0065692,0.015322,0.0019621,0.0035031,0.0027454,0.0075805,0.0050571,0.0046622,0.0070218,0.0082712,0.022533,0.0095254
0.0057674,0.0071442,0.0014595,0.004788,0.0054942,0.0022356,0.0016848,0.0084908,0.0027511,0.001572,0.014031,0.0060276,0.00086743,0.0065319,0.0018234,0.0066796,0.0016664,0.0013529,0.0061282,0.0030965,0.01415,0.0074765,0.0088516,0.021001,0.0081863,0.0045747,0.0065489,0.015254,0.0019511,0.0034959,0.0027324,0.0075411,0.0050385,0.0046359,0.0070158,0.0082296,0.022414,0.0094932
0.0057491,0.0071075,0.0014502,0.0047717,0.0054781,0.0022294,0.0016827,0.0084637,0.0027412,0.0015688,0.014,0.0060053,0.00086517,0.0065043,0.0018145,0.0066852,0.0016597,0.0013493,0.0061193,0.003088,0.014166,0.0074643,0.0088482,0.020926,0.0081834,0.0045525,0.0065286,0.015186,0.0019402,0.0034887,0.0027192,0.0075008,0.00502,0.0046094,0.0070096,0.0081881,0.022294,0.0094611
0.0057309,0.0070705,0.001441,0.0047553,0.0054621,0.0022233,0.0016807,0.0084691,0.002731,0.0015656,0.013968,0.0059833,0.00086291,0.0064767,0.0018055,0.0066906,0.0016531,0.0013458,0.0061097,0.0030797,0.014181,0.0074519,0.0088446,0.020851,0.0081804,0.0045303,0.0065085,0.015119,0.0019292,0.0034815,0.002706,0.0074598,0.0050015,0.0045829,0.0070033,0.0081466,0.022175,0.0094291
0.0057127,0.0070334,0.0014318,0.0047389,0.0054461,0.0022172,0.0016787,0.0084743,0.0027205,0.0015624,0.013935,0.0059614,0.00086067,0.0064491,0.0017963,0.0066958,0.0016466,0.0013423,0.0060994,0.0030715,0.014195,0.0074391,0.0088408,0.020776,0.0081772,0.0045082,0.0064884,0.015052,0.0019183,0.0034743,0.0026928,0.007418,0.0049831,0.0045562,0.0069969,0.0081051,0.022055,0.0093971
0.0056947,0.0069961,0.0014226,0.0047226,0.0054301,0.0022111,0.0016766,0.0084793,0.0027097,0.0015592,0.0139,0.0059397,0.00085843,0.0064215,0.001787,0.0067008,0.0016401,0.0013388,0.0060883,0.0030634,0.014209,0.0074261,0.0088367,0.020701,0.008174,0.0044859,0.0064684,0.014986,0.0019073,0.0034672,0.0026796,0.0073755,0.0049647,0.0045295,0.0069904,0.0080636,0.021935,0.0093654
