 0.00000000e+00
 -1.25911595e-04
 -2.63400707e-04
 -3.69386231e-04
 -4.52033519e-04
 -5.38795121e-04
 -6.24823670e-04
 -7.09817510e-04
 -7.94893509e-04
 -8.81934941e-04
 -9.71917902e-04
 -1.06503614e-03
 -1.16153098e-03
 -1.26141713e-03
 -1.36467499e-03
 -1.47150662e-03
 -1.58121823e-03
 -1.69117239e-03
 -1.79775657e-03
 -1.89835051e-03
 -1.99171498e-03
 -2.07725646e-03
 -2.15473633e-03
 -2.22430419e-03
 -2.28746588e-03
 -2.34747904e-03
 -2.40731048e-03
 -2.46842678e-03
 -2.53115339e-03
 -2.59417970e-03
 -2.65555719e-03
 -2.71529592e-03
 -2.77430650e-03
 -2.83138648e-03
 -2.88473571e-03
 -2.93541098e-03
 -2.98620471e-03
 -3.03826000e-03
 -3.09136055e-03
 -3.14599024e-03
 -3.20209902e-03
 -3.25738132e-03
 -3.31025354e-03
 -3.36353263e-03
 -3.42230679e-03
 -3.48880976e-03
 -3.56078524e-03
 -3.63317568e-03
 -3.69947510e-03
 -3.75344481e-03
 -3.79147968e-03
 -3.81474819e-03
 -3.83429076e-03
 -3.87026666e-03
 -3.93421265e-03
 -4.01714713e-03
 -4.10487526e-03
 -4.19331511e-03
 -4.28214441e-03
 -4.36731189e-03
 -4.44364988e-03
 -4.50968515e-03
 -4.57035534e-03
 -4.62996385e-03
 -4.68248617e-03
 -4.71816181e-03
 -4.73656434e-03
 -4.74779916e-03
 -4.76717902e-03
 -4.80969551e-03
 -4.88200036e-03
 -4.98015063e-03
 -5.09632850e-03
 -5.22097240e-03
 -5.34052564e-03
 -5.44186221e-03
 -5.52080132e-03
 -5.58489152e-03
 -5.64505232e-03
 -5.70351379e-03
 -5.75448135e-03
 -5.79357379e-03
 -5.82035629e-03
 -5.83941363e-03
 -5.85950900e-03
 -5.88408340e-03
 -5.90999847e-03
 -5.93793981e-03
 -5.97552844e-03
 -6.02826285e-03
 -6.08624143e-03
 -6.12489253e-03
 -6.13485529e-03
 -6.14465922e-03
 -6.18740806e-03
 -6.25424261e-03
 -6.31000616e-03
 -6.34828291e-03
 -6.40547082e-03
 -6.50895921e-03
 -6.62281750e-03
 -6.67336644e-03
 -6.63154956e-03
 -6.54065206e-03
 -6.45509685e-03
 -6.37680863e-03
 -6.26998264e-03
 -6.12357991e-03
 -5.97202547e-03
 -5.85334433e-03
 -5.76650057e-03
 -5.68938196e-03
 -5.63321443e-03
 -5.64274399e-03
 -5.73753189e-03
 -5.89200138e-03
 -6.07814416e-03
 -6.29563284e-03
 -6.54931135e-03
 -6.81261371e-03
 -7.04019321e-03
 -7.21631949e-03
 -7.35929460e-03
 -7.47917280e-03
 -7.55639558e-03
 -7.56964293e-03
 -7.53186118e-03
 -7.48058630e-03
 -7.43395746e-03
 -7.37138979e-03
 -7.26458906e-03
 -7.11424492e-03
 -6.93826480e-03
 -6.73963364e-03
 -6.52653077e-03
 -6.35636209e-03
 -6.30635309e-03
 -6.40025998e-03
 -6.59373034e-03
 -6.82220794e-03
 -7.03658563e-03
 -7.19615460e-03
 -7.27980930e-03
 -7.31599998e-03
 -7.35442055e-03
 -7.39957586e-03
 -7.40037881e-03
 -7.31533163e-03
 -7.16350471e-03
 -7.00511637e-03
 -6.89748817e-03
 -6.85907895e-03
 -6.85801225e-03
 -6.85929620e-03
 -6.88523413e-03
 -6.98549773e-03
 -7.15206834e-03
 -7.31392010e-03
 -7.41206841e-03
 -7.44885944e-03
 -7.46127289e-03
 -7.46309054e-03
 -7.43933486e-03
 -7.40557757e-03
 -7.42523583e-03
 -7.53766334e-03
 -7.74201864e-03
 -8.06316027e-03
 -8.53713213e-03
 -9.14352747e-03
 -9.80652161e-03
 -1.04384205e-02
 -1.09774687e-02
 -1.13951268e-02
 -1.16664544e-02
 -1.17739248e-02
 -1.17554454e-02
 -1.16797193e-02
 -1.15730780e-02
 -1.14445513e-02
 -1.13490838e-02
 -1.13472118e-02
 -1.14209840e-02
 -1.14756414e-02
 -1.14335491e-02
 -1.13182953e-02
 -1.12210704e-02
 -1.11898585e-02
 -1.11953992e-02
 -1.11899225e-02
 -1.11498995e-02
 -1.10997309e-02
 -1.11265196e-02
 -1.13088527e-02
 -1.16309679e-02
 -1.20176669e-02
 -1.23999589e-02
 -1.26837592e-02
 -1.27180736e-02
 -1.24053799e-02
 -1.18529028e-02
 -1.13311302e-02
 -1.10241969e-02
 -1.08717983e-02
 -1.07354138e-02
 -1.06329159e-02
 -1.07118786e-02
 -1.10667132e-02
 -1.16354921e-02
 -1.22399254e-02
 -1.26765629e-02
 -1.27885752e-02
 -1.25431113e-02
 -1.20378271e-02
 -1.13969423e-02
 -1.07333252e-02
 -1.02140947e-02
 -1.00388467e-02
 -1.03249724e-02
 -1.10667262e-02
 -1.21721611e-02
 -1.34701590e-02
 -1.46868639e-02
 -1.55033011e-02
 -1.57302062e-02
 -1.54116237e-02
 -1.47134975e-02
 -1.37761324e-02
 -1.27014028e-02
 -1.16097607e-02
 -1.06615629e-02
 -9.99722721e-03
 -9.66324968e-03
 -9.63577482e-03
 -9.89271000e-03
 -1.04021531e-02
 -1.10693901e-02
 -1.17732036e-02
 -1.24722765e-02
 -1.32451181e-02
 -1.41454823e-02
 -1.49741502e-02
 -1.52874124e-02
 -1.47449827e-02
 -1.34167529e-02
 -1.16638898e-02
 -9.84169702e-03
 -8.22591154e-03
 -7.05327319e-03
 -6.48995258e-03
 -6.52051710e-03
 -6.79587179e-03
 -6.74462533e-03
 -6.12721900e-03
 -5.41976349e-03
 -5.36119534e-03
 -6.14267465e-03
 -7.30360722e-03
 -8.32264304e-03
 -8.96649615e-03
 -9.14436788e-03
 -8.73055609e-03
 -7.57191661e-03
 -5.67065032e-03
 -3.38403251e-03
 -1.21772945e-03
 6.99573737e-04
 2.70510561e-03
 5.09805401e-03
 7.73916597e-03
 1.01792612e-02
 1.20260060e-02
 1.30547930e-02
 1.30082764e-02
 1.15743830e-02
 8.69994266e-03
 4.83889097e-03
 8.95114014e-04
 -2.15786099e-03
 -3.69451165e-03
 -3.56606197e-03
 -2.11784600e-03
 -6.07257884e-05
 1.94306972e-03
 3.51385918e-03
 4.51771648e-03
 5.08403920e-03
 5.49020213e-03
 5.80110850e-03
 5.70930922e-03
 4.84763365e-03
 3.14635402e-03
 7.86144044e-04
 -1.98709636e-03
 -4.79466440e-03
 -7.05113117e-03
 -8.24942022e-03
 -8.35932386e-03
 -7.99177651e-03
 -8.22249471e-03
 -9.84103435e-03
 -1.24457586e-02
 -1.46171825e-02
 -1.52257887e-02
 -1.42722064e-02
 -1.24402920e-02
 -1.04357558e-02
 -8.78632201e-03
 -7.58010894e-03
 -6.35155359e-03
 -4.64725738e-03
 -2.54209760e-03
 -3.95802034e-04
 1.59128214e-03
 3.45321768e-03
 5.28440624e-03
 7.00355478e-03
 8.23257120e-03
 8.47850104e-03
 7.55378150e-03
 5.86051173e-03
 4.15524679e-03
 3.05075360e-03
 2.93558568e-03
 4.15242690e-03
 6.68800779e-03
 9.75617113e-03
 1.22566347e-02
 1.36631876e-02
 1.41863612e-02
 1.42714745e-02
 1.41693951e-02
 1.38345536e-02
 1.31988239e-02
 1.25738342e-02
 1.24786985e-02
 1.29417735e-02
 1.32279353e-02
 1.25042730e-02
 1.08780742e-02
 9.62426298e-03
 1.01422432e-02
 1.25580906e-02
 1.54062721e-02
 1.68535828e-02
 1.61427181e-02
 1.36747207e-02
 1.00548528e-02
 5.57949894e-03
 4.97504463e-04
 -4.62991276e-03
 -8.87038827e-03
 -1.13514967e-02
 -1.19506395e-02
 -1.13533694e-02
 -1.03970367e-02
 -9.66579435e-03
 -9.49956390e-03
 -9.96194844e-03
 -1.07483867e-02
 -1.11707620e-02
 -1.05375470e-02
 -8.93357026e-03
 -7.39304710e-03
 -6.80396594e-03
 -6.75063905e-03
 -5.86101749e-03
 -3.18566862e-03
 1.04839850e-03
 5.76503424e-03
 9.63819637e-03
 1.15479385e-02
 1.11314770e-02
 8.97077056e-03
 5.83831739e-03
 2.07380347e-03
 -1.92268753e-03
 -5.19701047e-03
 -6.66942991e-03
 -5.74192850e-03
 -2.53373722e-03
 2.11019906e-03
 6.86825016e-03
 1.04614570e-02
 1.22422908e-02
 1.25111196e-02
 1.21196006e-02
 1.15759500e-02
 1.06726476e-02
 8.99658215e-03
 6.52900663e-03
 3.67463507e-03
 9.13743008e-04
 -1.45852591e-03
 -3.43829182e-03
 -5.28678766e-03
 -7.16676135e-03
 -8.59308630e-03
 -8.45735759e-03
 -6.04683703e-03
 -2.14082612e-03
 1.28953713e-03
 2.60300198e-03
 1.48255432e-03
 -1.20833603e-03
 -4.13579454e-03
 -6.45819923e-03
 -8.31650998e-03
 -1.03333503e-02
 -1.28791753e-02
 -1.58627666e-02
 -1.89665354e-02
 -2.18831931e-02
 -2.42956609e-02
 -2.58568856e-02
 -2.64423835e-02
 -2.63679378e-02
 -2.60732140e-02
 -2.55198032e-02
 -2.42996918e-02
 -2.25099285e-02
 -2.09911467e-02
 -2.03290843e-02
 -2.00410580e-02
 -1.92103060e-02
 -1.77915348e-02
 -1.70708627e-02
 -1.87771455e-02
 -2.35425075e-02
 -3.01474579e-02
 -3.64503829e-02
 -4.08975992e-02
 -4.29707171e-02
 -4.29301159e-02
 -4.15799779e-02
 -3.96059729e-02
 -3.69704232e-02
 -3.32877811e-02
 -2.86058065e-02
 -2.37175669e-02
 -1.98353968e-02
 -1.77969450e-02
 -1.73584338e-02
 -1.74927668e-02
 -1.77242946e-02
 -1.88205896e-02
 -2.17271871e-02
 -2.61358379e-02
 -3.03704544e-02
 -3.24980545e-02
 -3.17653211e-02
 -2.91800354e-02
 -2.64238448e-02
 -2.44342811e-02
 -2.33198529e-02
 -2.29511014e-02
 -2.31804259e-02
 -2.38802438e-02
 -2.50740840e-02
 -2.69330569e-02
 -2.94542686e-02
 -3.22322056e-02
 -3.47659348e-02
 -3.68617064e-02
 -3.85675796e-02
 -3.99616566e-02
 -4.11068221e-02
 -4.18984964e-02
 -4.19777105e-02
 -4.12393738e-02
 -4.04179629e-02
 -4.06079630e-02
 -4.20880394e-02
 -4.40110225e-02
 -4.52996691e-02
 -4.55914562e-02
 -4.52636943e-02
 -4.48816463e-02
 -4.48633634e-02
 -4.53278370e-02
 -4.59302299e-02
 -4.60010142e-02
 -4.51398166e-02
 -4.37867306e-02
 -4.29719361e-02
 -4.33343538e-02
 -4.46541151e-02
 -4.62372701e-02
 -4.73048998e-02
 -4.72011933e-02
 -4.56777003e-02
 -4.31051210e-02
 -4.04248083e-02
 -3.86542676e-02
 -3.81347619e-02
 -3.84171281e-02
 -3.89030178e-02
 -3.91641500e-02
 -3.87517638e-02
 -3.73635532e-02
 -3.52049657e-02
 -3.27238156e-02
 -3.01281190e-02
 -2.75649107e-02
 -2.55251517e-02
 -2.45525275e-02
 -2.45328747e-02
 -2.44814067e-02
 -2.32579886e-02
 -2.06860151e-02
 -1.78299268e-02
 -1.60451543e-02
 -1.58289222e-02
 -1.66048957e-02
 -1.73842928e-02
 -1.74274919e-02
 -1.66412334e-02
 -1.57618331e-02
 -1.59596321e-02
 -1.79853751e-02
 -2.17154534e-02
 -2.64411340e-02
 -3.13220578e-02
 -3.54547386e-02
 -3.79632856e-02
 -3.86533776e-02
 -3.83025355e-02
 -3.78097613e-02
 -3.75437415e-02
 -3.77259025e-02
 -3.87340273e-02
 -4.07097148e-02
 -4.30671019e-02
 -4.46919445e-02
 -4.48584545e-02
 -4.37903074e-02
 -4.22787556e-02
 -4.11771563e-02
 -4.13671196e-02
 -4.35043017e-02
 -4.72833222e-02
 -5.14932346e-02
 -5.50287635e-02
 -5.72613626e-02
 -5.77883972e-02
 -5.66614732e-02
 -5.44537597e-02
 -5.15841998e-02
 -4.78332899e-02
 -4.26063331e-02
 -3.57138025e-02
 -2.78865262e-02
 -2.01818748e-02
 -1.30274908e-02
 -6.21653046e-03
 4.02374636e-04
 6.57742629e-03
 1.19345422e-02
 1.64209765e-02
 2.04189782e-02
 2.45412530e-02
 2.93349684e-02
 3.50119663e-02
 4.14729550e-02
 4.86101469e-02
 5.63733885e-02
 6.45289320e-02
 7.25470864e-02
 7.98169341e-02
 8.60898405e-02
 9.17012586e-02
 9.70715469e-02
 1.02089767e-01
 1.06413966e-01
 1.10244393e-01
 1.14373110e-01
 1.19472966e-01
 1.25541972e-01
 1.32043280e-01
 1.38473857e-01
 1.44723367e-01
 1.50945433e-01
 1.57203281e-01
 1.63267382e-01
 1.68788597e-01
 1.73653898e-01
 1.78077548e-01
 1.82335194e-01
 1.86451629e-01
 1.90125175e-01
 1.92893493e-01
 1.94330322e-01
 1.94229311e-01
 1.92840767e-01
 1.90816047e-01
 1.88737183e-01
 1.86877155e-01
 1.85484120e-01
 1.85026179e-01
 1.85830357e-01
 1.87402172e-01
 1.88560500e-01
 1.88568284e-01
 1.87757711e-01
 1.86936425e-01
 1.86696748e-01
 1.87415756e-01
 1.89336887e-01
 1.92358306e-01
 1.96081407e-01
 2.00105908e-01
 2.04032657e-01
 2.07503653e-01
 2.10534374e-01
 2.13469875e-01
 2.16543517e-01
 2.19774276e-01
 2.23219604e-01
 2.27071776e-01
 2.31423008e-01
 2.35995082e-01
 2.40295597e-01
 2.44145590e-01
 2.47882852e-01
 2.51900927e-01
 2.56106864e-01
 2.59960583e-01
 2.62979304e-01
 2.65052201e-01
 2.66285563e-01
 2.66827160e-01
 2.66925845e-01
 2.66882056e-01
 2.66833069e-01
 2.66657107e-01
 2.66066016e-01
 2.64818336e-01
 2.62861498e-01
 2.60295389e-01
 2.57330238e-01
 2.54219040e-01
 2.50986260e-01
 2.47267458e-01
 2.42596204e-01
 2.36752166e-01
 2.29728476e-01
 2.21482827e-01
 2.11957882e-01
 2.01378042e-01
 1.90276286e-01
 1.79148140e-01
 1.68135582e-01
 1.57005523e-01
 1.45445983e-01
 1.33396925e-01
 1.21094522e-01
 1.08918032e-01
 9.72127395e-02
 8.61891690e-02
 7.59564806e-02
 6.64920869e-02
 5.75797509e-02
 4.89571533e-02
 4.05089775e-02
 3.22441997e-02
 2.41628443e-02
 1.62865670e-02
 8.83378735e-03
 2.23791123e-03
 -3.11731627e-03
 -6.98103872e-03
 -8.78029082e-03
 -7.39119728e-03
 -1.61149844e-03
 9.17295339e-03
 2.42099912e-02
 4.12956512e-02
 5.82200840e-02
 7.38133733e-02
 8.73911245e-02
 9.84027269e-02
 1.06774826e-01
 1.12787620e-01
 1.16613940e-01
 1.18136998e-01
 1.17056419e-01
 1.13343837e-01
 1.07755031e-01
 1.01514179e-01
 9.54895880e-02
 9.00098446e-02
 8.49484242e-02
 7.95781359e-02
 7.29759078e-02
 6.48938167e-02
 5.58936567e-02
 4.68204858e-02
 3.87218648e-02
 3.30371047e-02
 3.09887211e-02
 3.24763642e-02
 3.61305990e-02
 4.07600704e-02
 4.61404875e-02
 5.22402229e-02
 5.85406218e-02
 6.45111595e-02
 7.02000276e-02
 7.60265054e-02
 8.23165793e-02
 8.90935725e-02
 9.59624119e-02
 1.02233087e-01
 1.07361396e-01
 1.11070557e-01
 1.13103709e-01
 1.13230133e-01
 1.11301191e-01
 1.07201533e-01
 1.01134367e-01
 9.39597985e-02
 8.69023864e-02
 8.06567273e-02
 7.47528976e-02
 6.80078359e-02
 5.96301695e-02
 4.97345527e-02
 3.89910576e-02
 2.81100018e-02
 1.74982060e-02
 7.04996741e-03
 -3.73774624e-03
 -1.53338039e-02
 -2.78540616e-02
 -4.10386771e-02
 -5.44463475e-02
 -6.77624415e-02
 -8.09913981e-02
 -9.43452361e-02
 -1.07888922e-01
 -1.21356532e-01
 -1.34395395e-01
 -1.46860668e-01
 -1.58886379e-01
 -1.70891489e-01
 -1.83452188e-01
 -1.96951190e-01
 -2.11359725e-01
 -2.26416996e-01
 -2.41941493e-01
 -2.57784545e-01
 -2.73558191e-01
 -2.88802318e-01
 -3.03210265e-01
 -3.16223696e-01
 -3.26891777e-01
 -3.34442141e-01
 -3.38462981e-01
 -3.38683701e-01
 -3.35229654e-01
 -3.29044792e-01
 -3.21605869e-01
 -3.14044713e-01
 -3.06690034e-01
 -2.99367531e-01
 -2.91845910e-01
 -2.84029890e-01
 -2.75955721e-01
 -2.67654401e-01
 -2.58942973e-01
 -2.49394680e-01
 -2.38690523e-01
 -2.26988395e-01
 -2.14759224e-01
 -2.02327698e-01
 -1.89650038e-01
 -1.76398690e-01
 -1.62295834e-01
 -1.47361041e-01
 -1.31701976e-01
 -1.15174186e-01
 -9.74202199e-02
 -7.82027487e-02
 -5.76547472e-02
 -3.62646799e-02
 -1.45845553e-02
 7.03842595e-03
 2.84231223e-02
 4.94233893e-02
 6.98137441e-02
 8.92172129e-02
 1.07363064e-01
 1.24281684e-01
 1.39955686e-01
 1.54070387e-01
 1.66316431e-01
 1.76651413e-01
 1.85064322e-01
 1.91426818e-01
 1.95812847e-01
 1.98577756e-01
 2.00066985e-01
 2.00524824e-01
 2.00185168e-01
 1.99236205e-01
 1.97631269e-01
 1.95103053e-01
 1.91486957e-01
 1.86867230e-01
 1.81398694e-01
 1.75137805e-01
 1.68014543e-01
 1.59855100e-01
 1.50396200e-01
 1.39414396e-01
 1.26867332e-01
 1.12829026e-01
 9.74715691e-02
 8.10922045e-02
 6.40810269e-02
 4.69053600e-02
 2.98981309e-02
 1.30431285e-02
 -3.87836126e-03
 -2.10613120e-02
 -3.87004278e-02
 -5.70175126e-02
 -7.60378028e-02
 -9.54905178e-02
 -1.15127955e-01
 -1.34989011e-01
 -1.55173282e-01
 -1.75543183e-01
 -1.95828081e-01
 -2.15912094e-01
 -2.35940459e-01
 -2.55975349e-01
 -2.75303305e-01
 -2.92372411e-01
 -3.05898488e-01
 -3.15672068e-01
 -3.21753854e-01
 -3.23206347e-01
 -3.17938963e-01
 -3.04332248e-01
 -2.83749691e-01
 -2.60651040e-01
 -2.39275222e-01
 -2.20778712e-01
 -2.03773960e-01
 -1.86536220e-01
 -1.68177590e-01
 -1.48680730e-01
 -1.28662444e-01
 -1.08832878e-01
 -8.92442700e-02
 -6.91917471e-02
 -4.80868074e-02
 -2.61337932e-02
 -3.99046504e-03
 1.78678827e-02
 3.93221565e-02
 6.03110684e-02
 8.05776945e-02
 9.99023645e-02
 1.18423424e-01
 1.36452610e-01
 1.54077158e-01
 1.71063786e-01
 1.86958193e-01
 2.01175801e-01
 2.13112609e-01
 2.22329374e-01
 2.28772803e-01
 2.32701710e-01
 2.34303496e-01
 2.33705380e-01
 2.31347041e-01
 2.28041346e-01
 2.24766478e-01
 2.22233676e-01
 2.20317778e-01
 2.18173545e-01
 2.15162871e-01
 2.11385503e-01
 2.07167147e-01
 2.02414097e-01
 1.96636448e-01
 1.89484590e-01
 1.81189965e-01
 1.72213080e-01
 1.62535122e-01
 1.51691369e-01
 1.39470316e-01
 1.26247687e-01
 1.12477562e-01
 9.82233619e-02
 8.34494528e-02
 6.83417095e-02
 5.31496492e-02
 3.81449108e-02
 2.39230595e-02
 1.14080747e-02
 1.14978220e-03
 -7.29120778e-03
 -1.48607019e-02
 -2.20864045e-02
 -2.89628221e-02
 -3.53732647e-02
 -4.12014103e-02
 -4.62815433e-02
 -5.05171506e-02
 -5.39353445e-02
 -5.65689935e-02
 -5.83544920e-02
 -5.91723914e-02
 -5.89691214e-02
 -5.78237597e-02
 -5.59267289e-02
 -5.35660505e-02
 -5.11669561e-02
 -4.91928898e-02
 -4.78935725e-02
 -4.72583723e-02
 -4.71935270e-02
 -4.75881210e-02
 -4.82259280e-02
 -4.87334807e-02
 -4.86296448e-02
 -4.73961599e-02
 -4.45935214e-02
 -3.99934996e-02
 -3.35710888e-02
 -2.54901013e-02
 -1.60879520e-02
 -5.73062758e-03
 5.13742997e-03
 1.58312374e-02
 2.55837017e-02
 3.37598462e-02
 4.00014097e-02
 4.44561086e-02
 4.76451361e-02
 5.00072639e-02
 5.17925981e-02
 5.31776940e-02
 5.42079966e-02
 5.46632934e-02
 5.40925869e-02
 5.22453541e-02
 4.95349099e-02
 4.67900106e-02
 4.45212715e-02
 4.26231396e-02
 4.06311749e-02
 3.80339455e-02
 3.45450852e-02
 3.03156509e-02
 2.57451400e-02
 2.09462401e-02
 1.55737445e-02
 9.26476184e-03
 2.02777769e-03
 -5.75375956e-03
 -1.34886748e-02
 -2.07114835e-02
 -2.73902541e-02
 -3.38147495e-02
 -4.00995506e-02
 -4.57441019e-02
 -4.97311582e-02
 -5.09981545e-02
 -4.90152327e-02
 -4.44476133e-02
 -3.90345044e-02
 -3.46075825e-02
 -3.25371525e-02
 -3.34497376e-02
 -3.68724392e-02
 -4.17633766e-02
 -4.73195399e-02
 -5.27751997e-02
 -5.71543445e-02
 -5.98290581e-02
 -6.08702054e-02
 -6.07247793e-02
 -5.98948901e-02
 -5.89429130e-02
 -5.85881105e-02
 -5.94262507e-02
 -6.13206671e-02
 -6.34999366e-02
 -6.55601666e-02
 -6.79344416e-02
 -7.12085487e-02
 -7.54451640e-02
 -8.03518759e-02
 -8.57059777e-02
 -9.14484328e-02
 -9.76425649e-02
 -1.04389147e-01
 -1.11604795e-01
 -1.18940762e-01
 -1.26093282e-01
 -1.33085752e-01
 -1.40034665e-01
 -1.46791769e-01
 -1.53010377e-01
 -1.58439255e-01
 -1.63093725e-01
 -1.67122569e-01
 -1.70407144e-01
 -1.72390321e-01
 -1.72444018e-01
 -1.70371234e-01
 -1.66362243e-01
 -1.60539738e-01
 -1.52893333e-01
 -1.43590609e-01
 -1.33231396e-01
 -1.22813225e-01
 -1.13313368e-01
 -1.05335067e-01
 -9.89675428e-02
 -9.37629159e-02
 -8.91539351e-02
 -8.49088955e-02
 -8.09813909e-02
 -7.72592856e-02
 -7.37293018e-02
 -7.05756051e-02
 -6.79073587e-02
 -6.56421267e-02
 -6.37746411e-02
 -6.25116821e-02
 -6.20175065e-02
 -6.22768812e-02
 -6.33750617e-02
 -6.56349864e-02
 -6.92520414e-02
 -7.39279067e-02
 -7.89844222e-02
 -8.37556285e-02
 -8.77543684e-02
 -9.06195334e-02
 -9.22032402e-02
 -9.26405786e-02
 -9.22909490e-02
 -9.18341132e-02
 -9.20978735e-02
 -9.34631508e-02
 -9.58042386e-02
 -9.89854818e-02
 -1.03074893e-01
 -1.08082363e-01
 -1.13501775e-01
 -1.18301033e-01
 -1.21523067e-01
 -1.22642736e-01
 -1.21400375e-01
 -1.17731847e-01
 -1.11947744e-01
 -1.04840889e-01
 -9.74546459e-02
 -9.06134708e-02
 -8.47936883e-02
 -8.02743758e-02
 -7.71290494e-02
 -7.53339053e-02
 -7.48573085e-02
 -7.54057316e-02
 -7.64280734e-02
 -7.74904081e-02
 -7.83860489e-02
 -7.89343712e-02
 -7.88877963e-02
 -7.81173785e-02
 -7.67817519e-02
 -7.51324481e-02
 -7.31053514e-02
 -7.02039213e-02
 -6.59251205e-02
 -6.02526842e-02
 -5.36148458e-02
 -4.65507139e-02
 -3.95212112e-02
 -3.28177930e-02
 -2.65647518e-02
 -2.08588144e-02
 -1.58204989e-02
 -1.13907861e-02
 -7.26591897e-03
 -3.26172222e-03
 4.18827914e-04
 3.38206840e-03
 5.35038849e-03
 6.28464384e-03
 6.41796321e-03
 6.17464774e-03
 5.84495621e-03
 5.48964046e-03
 5.34861509e-03
 5.90984592e-03
 7.28976467e-03
 8.87464129e-03
 9.85600671e-03
 9.97059364e-03
 9.39519177e-03
 8.13861416e-03
 5.98760734e-03
 2.90724772e-03
 -7.63892173e-04
 -4.47392872e-03
 -7.74417805e-03
 -1.03631734e-02
 -1.24364335e-02
 -1.43068988e-02
 -1.63420422e-02
 -1.87121971e-02
 -2.15017221e-02
 -2.50400910e-02
 -2.97200765e-02
 -3.53480000e-02
 -4.10138636e-02
 -4.57573444e-02
 -4.92572188e-02
 -5.17332506e-02
 -5.33016905e-02
 -5.38173573e-02
 -5.32696471e-02
 -5.19992374e-02
 -5.05444978e-02
 -4.92708974e-02
 -4.80655255e-02
 -4.65416745e-02
 -4.45728786e-02
 -4.23640099e-02
 -4.00032015e-02
 -3.72915827e-02
 -3.40736917e-02
 -3.04401634e-02
 -2.65888089e-02
 -2.27631100e-02
 -1.92271838e-02
 -1.60855607e-02
 -1.32940271e-02
 -1.08298311e-02
 -8.61489256e-03
 -6.34350233e-03
 -3.63019122e-03
 -4.18517389e-04
 2.97411415e-03
 6.34157814e-03
 9.82167318e-03
 1.35461697e-02
 1.74012372e-02
 2.12533741e-02
 2.51238998e-02
 2.90063888e-02
 3.27412961e-02
 3.62137565e-02
 3.95363250e-02
 4.29304820e-02
 4.64878112e-02
 5.00988403e-02
 5.35209460e-02
 5.64446694e-02
 5.86011011e-02
 5.98659093e-02
 6.02455203e-02
 5.97523404e-02
 5.82883573e-02
 5.57949349e-02
 5.24443074e-02
 4.84909215e-02
 4.41359388e-02
 3.95548723e-02
 3.48490227e-02
 3.00702676e-02
 2.53934236e-02
 2.12128578e-02
 1.79716387e-02
 1.58087986e-02
 1.44985210e-02
 1.37719086e-02
 1.34666032e-02
 1.34098741e-02
 1.34223938e-02
 1.34582572e-02
 1.36004740e-02
 1.38831219e-02
 1.42952822e-02
 1.49231158e-02
 1.58354360e-02
 1.69196617e-02
 1.80034116e-02
 1.90136234e-02
 1.98926680e-02
 2.05031735e-02
 2.08075920e-02
 2.10063753e-02
 2.12964268e-02
 2.16807897e-02
 2.21197747e-02
 2.26179836e-02
 2.31595104e-02
 2.37810401e-02
 2.46639523e-02
 2.60074858e-02
 2.78609700e-02
 3.01864354e-02
 3.29953499e-02
 3.61772602e-02
 3.92775783e-02
 4.17880529e-02
 4.35598811e-02
 4.47011349e-02
 4.52741468e-02
 4.52369600e-02
 4.45550600e-02
 4.33234317e-02
 4.17960588e-02
 4.03187440e-02
 3.91200748e-02
 3.80907752e-02
 3.70442935e-02
 3.61565032e-02
 3.57997659e-02
 3.61260254e-02
 3.70185294e-02
 3.82078325e-02
 3.93046910e-02
 3.98757341e-02
 3.96704775e-02
 3.87630697e-02
 3.73674304e-02
 3.56333706e-02
 3.37338505e-02
 3.19096099e-02
 3.02956957e-02
 2.89571604e-02
 2.80619709e-02
 2.77013222e-02
 2.76637202e-02
 2.76324321e-02
 2.74339000e-02
 2.69349930e-02
 2.58798491e-02
 2.40679175e-02
 2.16703879e-02
 1.90915498e-02
 1.65317308e-02
 1.40301490e-02
 1.17968362e-02
 1.01121257e-02
 9.00965828e-03
 8.22191528e-03
 7.32853330e-03
 6.01598718e-03
 4.30191776e-03
 2.41624937e-03
 5.23037092e-04
 -1.33101857e-03
 -3.19309146e-03
 -5.25471446e-03
 -7.73773337e-03
 -1.06390041e-02
 -1.37254165e-02
 -1.68341172e-02
 -2.00415948e-02
 -2.35020870e-02
 -2.72557780e-02
 -3.11723519e-02
 -3.49659941e-02
 -3.83427556e-02
 -4.12012203e-02
 -4.36435032e-02
 -4.57890679e-02
 -4.76885464e-02
 -4.95424132e-02
 -5.17818694e-02
 -5.46730187e-02
 -5.79994842e-02
 -6.12149937e-02
 -6.38012457e-02
 -6.55585552e-02
 -6.66523726e-02
 -6.73635559e-02
 -6.78264192e-02
 -6.80270290e-02
 -6.79548959e-02
 -6.77160707e-02
 -6.74926516e-02
 -6.73517319e-02
 -6.71804523e-02
 -6.68931831e-02
 -6.65263806e-02
 -6.59792232e-02
 -6.49029411e-02
 -6.30172016e-02
 -6.03169770e-02
 -5.68800975e-02
 -5.27276790e-02
 -4.79961811e-02
 -4.30028911e-02
 -3.79674671e-02
 -3.28355373e-02
 -2.74811903e-02
 -2.19017528e-02
 -1.62098681e-02
 -1.06413933e-02
 -5.52449241e-03
 -1.06787808e-03
 2.76435183e-03
 6.06063200e-03
 8.77838949e-03
 1.08274974e-02
 1.22314531e-02
 1.31774461e-02
 1.39210662e-02
 1.47036957e-02
 1.57067461e-02
 1.69442678e-02
 1.82769392e-02
 1.94971241e-02
 2.03331225e-02
 2.06085227e-02
 2.04423814e-02
 2.01079482e-02
 1.97729249e-02
 1.94748007e-02
 1.92076602e-02
 1.89636340e-02
 1.87376008e-02
 1.85038033e-02
 1.82396094e-02
 1.79571030e-02
 1.76465768e-02
 1.72666237e-02
 1.68211256e-02
 1.63656520e-02
 1.59369103e-02
 1.55739685e-02
 1.53862591e-02
 1.54343774e-02
 1.55599998e-02
 1.54898490e-02
 1.51490212e-02
 1.47693837e-02
 1.45925873e-02
 1.45748997e-02
 1.44953805e-02
 1.42400159e-02
 1.38759582e-02
 1.34967921e-02
 1.30952085e-02
 1.26110710e-02
 1.20226132e-02
 1.13949621e-02
 1.08952794e-02
 1.06941603e-02
 1.08374758e-02
 1.12433869e-02
 1.17949517e-02
 1.24950203e-02
 1.35083148e-02
 1.49539213e-02
 1.67288642e-02
 1.85724379e-02
 2.02676500e-02
 2.17880946e-02
 2.32231602e-02
 2.46062378e-02
 2.59339355e-02
 2.73148818e-02
 2.89620936e-02
 3.10188680e-02
 3.34817544e-02
 3.62788968e-02
 3.92427333e-02
 4.20213030e-02
 4.42639450e-02
 4.58458590e-02
 4.67750450e-02
 4.70993173e-02
 4.69171765e-02
 4.62922635e-02
 4.52817673e-02
 4.40294571e-02
 4.26874809e-02
 4.13408034e-02
 4.00200831e-02
 3.87585024e-02
 3.76390514e-02
 3.66900810e-02
 3.57432566e-02
 3.45209650e-02
 3.28815055e-02
 3.08716768e-02
 2.85439674e-02
 2.58984385e-02
 2.29859770e-02
 1.98910569e-02
 1.66683566e-02
 1.34030932e-02
 1.02621323e-02
 7.41552048e-03
 4.93649424e-03
 2.82964468e-03
 1.10884561e-03
 -2.76608430e-04
 -1.51791188e-03
 -2.78286478e-03
 -4.09679411e-03
 -5.49964618e-03
 -7.16116588e-03
 -9.23021996e-03
 -1.16351684e-02
 -1.41094246e-02
 -1.64244717e-02
 -1.85814578e-02
 -2.07040303e-02
 -2.27459573e-02
 -2.44738612e-02
 -2.57383997e-02
 -2.66231194e-02
 -2.73698615e-02
 -2.81984337e-02
 -2.91335426e-02
 -3.00447003e-02
 -3.08618095e-02
 -3.16214321e-02
 -3.23421115e-02
 -3.30143442e-02
 -3.36426944e-02
 -3.41968048e-02
 -3.45876595e-02
 -3.47491780e-02
 -3.47570642e-02
 -3.48235570e-02
 -3.51165484e-02
 -3.55900989e-02
 -3.60245595e-02
 -3.62573699e-02
 -3.63165166e-02
 -3.62819648e-02
 -3.61348560e-02
 -3.58122726e-02
 -3.52724138e-02
 -3.44292271e-02
 -3.31572061e-02
 -3.14444316e-02
 -2.94354417e-02
 -2.72756476e-02
 -2.49820966e-02
 -2.24825184e-02
 -1.97569423e-02
 -1.68491479e-02
 -1.37178033e-02
 -1.02549616e-02
 -6.50125338e-03
 -2.73805645e-03
 7.07431370e-04
 3.74438910e-03
 6.49331787e-03
 9.04043286e-03
 1.13731086e-02
 1.34438598e-02
 1.51419193e-02
 1.62604948e-02
 1.65913672e-02
 1.60509644e-02
 1.47250547e-02
 1.28413483e-02
 1.06653701e-02
 8.42169066e-03
 6.42610367e-03
 5.16932250e-03
 5.00253656e-03
 5.83463425e-03
 7.24925832e-03
 8.69047240e-03
 9.54200345e-03
 9.35563896e-03
 8.07071289e-03
 5.93940701e-03
 3.33338051e-03
 5.70256668e-04
 -2.23308572e-03
 -5.11839066e-03
 -8.07805294e-03
 -1.09182147e-02
 -1.33743787e-02
 -1.54107361e-02
 -1.72747931e-02
 -1.91951275e-02
 -2.11932921e-02
 -2.31587771e-02
 -2.49760575e-02
 -2.66305606e-02
 -2.81897792e-02
 -2.96722051e-02
 -3.10763692e-02
 -3.25765684e-02
 -3.44791860e-02
 -3.69006079e-02
 -3.96317266e-02
 -4.22699030e-02
 -4.44039949e-02
 -4.58175840e-02
 -4.64812234e-02
 -4.62532858e-02
 -4.49022453e-02
 -4.25969272e-02
 -3.99360064e-02
 -3.73790323e-02
 -3.50313227e-02
 -3.28554083e-02
 -3.07778048e-02
 -2.87149507e-02
 -2.66442927e-02
 -2.45924772e-02
 -2.25163746e-02
 -2.02904268e-02
 -1.78794084e-02
 -1.54442868e-02
 -1.31748684e-02
 -1.10832120e-02
 -9.05656905e-03
 -7.04545038e-03
 -5.14621966e-03
 -3.54691498e-03
 -2.41055401e-03
 -1.77776168e-03
 -1.59846468e-03
 -1.86650932e-03
 -2.62358381e-03
 -3.81809355e-03
 -5.26886502e-03
 -6.77027081e-03
 -8.19662764e-03
 -9.52165943e-03
 -1.06894664e-02
 -1.14633321e-02
 -1.15453999e-02
 -1.09029633e-02
 -9.89445366e-03
 -9.03849192e-03
 -8.65803633e-03
 -8.78755506e-03
 -9.41336341e-03
 -1.05972612e-02
 -1.23183227e-02
 -1.44011157e-02
 -1.66405032e-02
 -1.88799987e-02
 -2.09627696e-02
 -2.26747446e-02
 -2.37998314e-02
 -2.42788694e-02
 -2.42980997e-02
 -2.42042570e-02
 -2.43039205e-02
 -2.47053317e-02
 -2.53821432e-02
 -2.63679477e-02
 -2.77938778e-02
 -2.97290302e-02
 -3.20617575e-02
 -3.45949840e-02
 -3.72192841e-02
 -3.99375639e-02
 -4.27920434e-02
 -4.58361968e-02
 -4.91624440e-02
 -5.28881226e-02
 -5.70521929e-02
 -6.16017129e-02
 -6.64502416e-02
 -7.13680142e-02
 -7.58662965e-02
 -7.93580655e-02
 -8.15118363e-02
 -8.24531808e-02
 -8.25217775e-02
 -8.19496178e-02
 -8.09827516e-02
 -8.00126480e-02
 -7.92328904e-02
 -7.84102998e-02
 -7.72379925e-02
 -7.57106393e-02
 -7.40887324e-02
 -7.26440873e-02
 -7.14286160e-02
 -7.02650911e-02
 -6.89630025e-02
 -6.74990292e-02
 -6.59927258e-02
 -6.45648607e-02
 -6.32104724e-02
 -6.17258761e-02
 -5.98260347e-02
 -5.73685831e-02
 -5.43331533e-02
 -5.07091406e-02
 -4.65312333e-02
 -4.18703527e-02
 -3.68026906e-02
 -3.15085770e-02
 -2.63455004e-02
 -2.17148273e-02
 -1.78848659e-02
 -1.50135133e-02
 -1.32009882e-02
 -1.24412854e-02
 -1.26190826e-02
 -1.34989954e-02
 -1.47531769e-02
 -1.60943315e-02
 -1.72922379e-02
 -1.82017328e-02
 -1.89790454e-02
 -2.00564065e-02
 -2.16978354e-02
 -2.37731973e-02
 -2.60455391e-02
 -2.83846477e-02
 -3.06726757e-02
 -3.28273858e-02
 -3.49352286e-02
 -3.71157611e-02
 -3.93130490e-02
 -4.13994129e-02
 -4.33446010e-02
 -4.51366157e-02
 -4.66811267e-02
 -4.79155386e-02
 -4.89483256e-02
 -4.99929557e-02
 -5.12224087e-02
 -5.27036941e-02
 -5.43619962e-02
 -5.59766510e-02
 -5.72172138e-02
 -5.77425101e-02
 -5.73866208e-02
 -5.62463554e-02
 -5.45752832e-02
 -5.26300534e-02
 -5.06477197e-02
 -4.89036096e-02
 -4.76366751e-02
 -4.69585770e-02
 -4.68819862e-02
 -4.72976528e-02
 -4.79541405e-02
 -4.86111873e-02
 -4.91712672e-02
 -4.95743939e-02
 -4.96439125e-02
 -4.91489396e-02
 -4.79913204e-02
 -4.62746758e-02
 -4.41920986e-02
 -4.18764776e-02
 -3.93869154e-02
 -3.67853475e-02
 -3.41663939e-02
 -3.16632571e-02
 -2.94520562e-02
 -2.76622413e-02
 -2.62852042e-02
 -2.52451112e-02
 -2.44849687e-02
 -2.39181125e-02
 -2.33595262e-02
 -2.26133973e-02
 -2.17137197e-02
 -2.09744921e-02
 -2.06505234e-02
 -2.06307033e-02
 -2.05910434e-02
 -2.03455541e-02
 -1.99311552e-02
 -1.94767935e-02
 -1.91195018e-02
 -1.89580546e-02
 -1.89716103e-02
 -1.90588793e-02
 -1.92488808e-02
 -1.97601572e-02
 -2.07361369e-02
 -2.20367884e-02
 -2.33631961e-02
 -2.44699603e-02
 -2.52537670e-02
 -2.57017750e-02
 -2.57826562e-02
 -2.54158900e-02
 -2.45165068e-02
 -2.30862553e-02
 -2.12707947e-02
 -1.93323877e-02
 -1.76108995e-02
 -1.63639455e-02
 -1.55938826e-02
 -1.51501498e-02
 -1.49014464e-02
 -1.47797727e-02
 -1.48082661e-02
 -1.50736320e-02
 -1.55863475e-02
 -1.62334642e-02
 -1.69083088e-02
 -1.76037250e-02
 -1.83780847e-02
 -1.92326387e-02
 -1.99812937e-02
 -2.03078927e-02
 -1.99894301e-02
 -1.90038881e-02
 -1.74803877e-02
 -1.56740381e-02
 -1.39403144e-02
 -1.26147136e-02
 -1.18854943e-02
 -1.17366367e-02
 -1.19661338e-02
 -1.23017258e-02
 -1.25197378e-02
 -1.24567091e-02
 -1.19906289e-02
 -1.10688911e-02
 -9.78554932e-03
 -8.43301273e-03
 -7.36164547e-03
 -6.71421122e-03
 -6.35882410e-03
 -6.04987287e-03
 -5.56153009e-03
 -4.78373443e-03
 -3.81984797e-03
 -2.91132180e-03
 -2.16558277e-03
 -1.44501619e-03
 -6.15715581e-04
 2.51716502e-04
 1.00070510e-03
 1.58678638e-03
 2.15709809e-03
 2.98686713e-03
 4.30448747e-03
 6.15269637e-03
 8.43416883e-03
 1.10451592e-02
 1.38311011e-02
 1.64163206e-02
 1.83376753e-02
 1.94150684e-02
 1.97728391e-02
 1.95334629e-02
 1.86891603e-02
 1.72579794e-02
 1.54289663e-02
 1.34575756e-02
 1.14858833e-02
 9.53788467e-03
 7.61644657e-03
 5.79945063e-03
 4.27121204e-03
 3.25504074e-03
 2.92579360e-03
 3.30634410e-03
 4.21545887e-03
 5.40930399e-03
 6.71909840e-03
 7.97886672e-03
 9.03727007e-03
 9.94037622e-03
 1.08537191e-02
 1.17706426e-02
 1.25272045e-02
 1.30656894e-02
 1.34701359e-02
 1.38070066e-02
 1.41244771e-02
 1.45101467e-02
 1.50049015e-02
 1.56348335e-02
 1.65337042e-02
 1.78134162e-02
 1.93710726e-02
 2.09361649e-02
 2.23198261e-02
 2.35613307e-02
 2.47965593e-02
 2.61193789e-02
 2.75633324e-02
 2.91027127e-02
 3.06495560e-02
 3.20610090e-02
 3.32063289e-02
 3.40313647e-02
 3.45570492e-02
 3.48447194e-02
 3.49438438e-02
 3.48539688e-02
 3.45507014e-02
 3.40973183e-02
 3.36694363e-02
 3.33450949e-02
 3.30306378e-02
 3.26956861e-02
 3.24139059e-02
 3.21517380e-02
 3.17604875e-02
 3.11489199e-02
 3.03301037e-02
 2.93650523e-02
 2.83722533e-02
 2.75502930e-02
 2.71012118e-02
 2.71526003e-02
 2.77510179e-02
 2.88454657e-02
 3.02886025e-02
 3.19048147e-02
 3.35203868e-02
 3.49612723e-02
 3.61608292e-02
 3.71724683e-02
 3.79553137e-02
 3.83419449e-02
 3.82259758e-02
 3.76195758e-02
 3.65683435e-02
 3.50928901e-02
 3.32645734e-02
 3.12629337e-02
 2.92557169e-02
 2.73414205e-02
 2.56174601e-02
 2.41337246e-02
 2.28193072e-02
 2.15552225e-02
 2.03100466e-02
 1.91873607e-02
 1.83240513e-02
 1.77535834e-02
 1.73945018e-02
 1.71636598e-02
 1.70527673e-02
 1.70740723e-02
 1.71552166e-02
 1.71284785e-02
 1.68642121e-02
 1.63873215e-02
 1.58376794e-02
 1.53370609e-02
 1.49409248e-02
 1.47346092e-02
 1.48519726e-02
 1.53716171e-02
 1.62860195e-02
 1.75334959e-02
 1.90290672e-02
 2.07266337e-02
 2.26401968e-02
 2.46809025e-02
 2.65378889e-02
 2.79213834e-02
 2.87769821e-02
 2.91205693e-02
 2.89157654e-02
 2.81854112e-02
 2.70498644e-02
 2.56597654e-02
 2.41509481e-02
 2.25976180e-02
 2.09801280e-02
 1.92694333e-02
 1.75669642e-02
 1.60810337e-02
 1.49430982e-02
 1.40865748e-02
 1.33425378e-02
 1.26556220e-02
 1.21195732e-02
 1.17846546e-02
 1.15535769e-02
 1.12995457e-02
 1.09914382e-02
 1.06687409e-02
 1.03462090e-02
 1.00034044e-02
 9.66952349e-03
 9.43566511e-03
 9.37953607e-03
 9.56962723e-03
 1.00300145e-02
 1.06188303e-02
 1.11439127e-02
 1.15470513e-02
 1.18122774e-02
 1.18904012e-02
 1.17745169e-02
 1.15060459e-02
 1.11516547e-02
 1.08018100e-02
 1.05367919e-02
 1.03991517e-02
 1.03889546e-02
 1.04711909e-02
 1.06047798e-02
 1.07791631e-02
 1.09875457e-02
 1.11807764e-02
 1.13527744e-02
 1.16048674e-02
 1.19965159e-02
 1.23887852e-02
 1.25448361e-02
 1.23679270e-02
 1.19466772e-02
 1.14230709e-02
 1.08803278e-02
 1.02325784e-02
 9.23039861e-03
 7.72435515e-03
 5.83060577e-03
 3.76227273e-03
 1.66683956e-03
 -3.80990583e-04
 -2.34835175e-03
 -4.18782730e-03
 -5.82510894e-03
 -7.19596570e-03
 -8.26426734e-03
 -9.03784470e-03
 -9.55965356e-03
 -9.88045626e-03
 -1.00602098e-02
 -1.01847301e-02
 -1.03711667e-02
 -1.06999623e-02
 -1.11211436e-02
 -1.15200960e-02
 -1.18678914e-02
 -1.22266497e-02
 -1.26459318e-02
 -1.31430957e-02
 -1.37568903e-02
 -1.45050107e-02
 -1.53167857e-02
 -1.60946967e-02
 -1.67755965e-02
 -1.72846967e-02
 -1.75544622e-02
 -1.76256318e-02
 -1.76333591e-02
 -1.76864739e-02
 -1.77947052e-02
 -1.79354247e-02
 -1.81559996e-02
 -1.85329013e-02
 -1.90406784e-02
 -1.95013697e-02
 -1.96600480e-02
 -1.93362566e-02
 -1.84756008e-02
 -1.70147471e-02
 -1.48391466e-02
 -1.19429673e-02
 -8.52754960e-03
 -4.98387594e-03
 -1.77264847e-03
 8.73064386e-04
 3.05866126e-03
 4.94458471e-03
 6.56133157e-03
 7.90363142e-03
 9.00162793e-03
 9.89661140e-03
 1.05815333e-02
 1.09697496e-02
 1.10079728e-02
 1.07916358e-02
 1.04791925e-02
 1.01738467e-02
 9.95007811e-03
 9.89261348e-03
 1.00246315e-02
 1.02566240e-02
 1.04649420e-02
 1.05545970e-02
 1.04404518e-02
 1.00468032e-02
 9.33306683e-03
 8.33341802e-03
 7.16664360e-03
 5.93135123e-03
 4.61637714e-03
 3.18848994e-03
 1.69317862e-03
 2.22196098e-04
 -1.12636498e-03
 -2.26919074e-03
 -3.17708907e-03
 -3.84393363e-03
 -4.23273655e-03
 -4.31309468e-03
 -4.09086335e-03
 -3.59926292e-03
 -2.94499478e-03
 -2.25186432e-03
 -1.48373642e-03
 -5.09466075e-04
 6.57327967e-04
 1.90271973e-03
 3.20740068e-03
 4.58859472e-03
 5.97555460e-03
 7.27852615e-03
 8.44153844e-03
 9.35955824e-03
 9.89488038e-03
 1.00394769e-02
 9.95327215e-03
 9.83804756e-03
 9.83616257e-03
 9.97243108e-03
 1.01760330e-02
 1.04350192e-02
 1.08706089e-02
 1.16064840e-02
 1.26570835e-02
 1.39199861e-02
 1.51570198e-02
 1.60822671e-02
 1.65369812e-02
 1.64897146e-02
 1.59533230e-02
 1.49841268e-02
 1.36779867e-02
 1.21767991e-02
 1.06821230e-02
 9.35544805e-03
 8.23745630e-03
 7.31994908e-03
 6.58869451e-03
 5.98573022e-03
 5.43649775e-03
 4.92594267e-03
 4.49042355e-03
 4.12595949e-03
 3.76871412e-03
 3.39224286e-03
 3.05491007e-03
 2.79042192e-03
 2.56230386e-03
 2.42075488e-03
 2.48961176e-03
 2.72111623e-03
 2.92572389e-03
 3.03688444e-03
 3.15256150e-03
 3.38978226e-03
 3.81706344e-03
 4.46118558e-03
 5.26851670e-03
 6.09403556e-03
 6.80988352e-03
 7.37637914e-03
 7.76759875e-03
 7.93512976e-03
 7.93595299e-03
 7.95666722e-03
 8.11818912e-03
 8.41294553e-03
 8.81884679e-03
 9.28960760e-03
 9.67370073e-03
 9.83385227e-03
 9.81894534e-03
 9.77333256e-03
 9.78545998e-03
 9.93646948e-03
 1.03803656e-02
 1.12646905e-02
 1.25897002e-02
 1.42225796e-02
 1.60618688e-02
 1.80791947e-02
 2.01265663e-02
 2.18831718e-02
 2.31251988e-02
 2.38952151e-02
 2.44129781e-02
 2.49545352e-02
 2.57227122e-02
 2.67421919e-02
 2.78944377e-02
 2.90693250e-02
 3.03030944e-02
 3.16745324e-02
 3.30817254e-02
 3.43401350e-02
 3.53699667e-02
 3.61010692e-02
 3.64411505e-02
 3.63769769e-02
 3.59402485e-02
 3.51750391e-02
 3.41601774e-02
 3.29928781e-02
 3.18084702e-02
 3.07661259e-02
 2.99296836e-02
 2.92380688e-02
 2.86183147e-02
 2.80422616e-02
 2.74902603e-02
 2.69572830e-02
 2.65010282e-02
 2.62026882e-02
 2.60562186e-02
 2.59573858e-02
 2.58141904e-02
 2.56587262e-02
 2.56436254e-02
 2.58825114e-02
 2.63112675e-02
 2.67679858e-02
 2.71868250e-02
 2.76702154e-02
 2.83560840e-02
 2.91658235e-02
 2.97741475e-02
 2.99573567e-02
 2.98033662e-02
 2.94594970e-02
 2.88853253e-02
 2.79655324e-02
 2.67019455e-02
 2.52020799e-02
 2.35455143e-02
 2.16967217e-02
 1.95782718e-02
 1.72185915e-02
 1.47610786e-02
 1.23713798e-02
 1.01132748e-02
 7.88744708e-03
 5.63086259e-03
 3.46394395e-03
 1.48438160e-03
 -3.79204481e-04
 -2.20479398e-03
 -3.91651881e-03
 -5.39117763e-03
 -6.63679011e-03
 -7.70885144e-03
 -8.55273707e-03
 -9.09688992e-03
 -9.35728116e-03
 -9.30596996e-03
 -8.83996308e-03
 -7.97046599e-03
 -6.85063487e-03
 -5.61812364e-03
 -4.34050602e-03
 -3.09254159e-03
 -1.97048605e-03
 -1.00714405e-03
 -1.30470950e-04
 7.78521198e-04
 1.78142202e-03
 2.81981543e-03
 3.72741456e-03
 4.29940696e-03
 4.40767601e-03
 4.07112458e-03
 3.40733338e-03
 2.57275254e-03
 1.70203411e-03
 8.47426147e-04
 9.19727623e-05
 -3.49150565e-04
 -3.05206915e-04
 1.57986214e-04
 7.89531942e-04
 1.30931406e-03
 1.51452535e-03
 1.35153350e-03
 9.24310207e-04
 3.80487952e-04
 -2.67465000e-04
 -1.18415800e-03
 -2.52973439e-03
 -4.32345855e-03
 -6.50493523e-03
 -8.99308722e-03
 -1.16287963e-02
 -1.41347044e-02
 -1.62252228e-02
 -1.77398328e-02
 -1.86679545e-02
 -1.91189928e-02
 -1.92084779e-02
 -1.89684556e-02
 -1.84619700e-02
 -1.78891150e-02
 -1.74679401e-02
 -1.72692111e-02
 -1.72314528e-02
 -1.72676279e-02
 -1.72872811e-02
 -1.71992083e-02
 -1.69697460e-02
 -1.66200065e-02
 -1.61314786e-02
 -1.54225540e-02
 -1.44879651e-02
 -1.35370622e-02
 -1.28814722e-02
 -1.26819364e-02
 -1.29101141e-02
 -1.34717096e-02
 -1.42487156e-02
 -1.51213887e-02
 -1.60082740e-02
 -1.68818986e-02
 -1.77558961e-02
 -1.86143054e-02
 -1.94173765e-02
 -2.01798048e-02
 -2.08771658e-02
 -2.13549040e-02
 -2.15075679e-02
 -2.14357802e-02
 -2.13050308e-02
 -2.11764087e-02
 -2.10650689e-02
 -2.10099174e-02
 -2.10206919e-02
 -2.10780143e-02
 -2.11725904e-02
 -2.12368251e-02
 -2.10902456e-02
 -2.05798497e-02
 -1.97144483e-02
 -1.86042923e-02
 -1.73865353e-02
 -1.61952064e-02
 -1.51056490e-02
 -1.41202271e-02
 -1.31924709e-02
 -1.22677067e-02
 -1.13475017e-02
 -1.04857570e-02
 -9.75175564e-03
 -9.21576250e-03
 -8.84143399e-03
 -8.45381318e-03
 -7.92603616e-03
 -7.24458451e-03
 -6.38254302e-03
 -5.28638833e-03
 -4.00200427e-03
 -2.71541296e-03
 -1.63323753e-03
 -8.39802276e-04
 -2.61426749e-04
 2.44688319e-04
 7.78528899e-04
 1.35952615e-03
 1.97535626e-03
 2.64343442e-03
 3.36887166e-03
 4.04972735e-03
 4.50704625e-03
 4.64488330e-03
 4.52059372e-03
 4.23714039e-03
 3.89181466e-03
 3.63619107e-03
 3.61390864e-03
 3.86294211e-03
 4.37222998e-03
 5.13976192e-03
 6.12022483e-03
 7.19777730e-03
 8.24631670e-03
 9.16773811e-03
 9.90229129e-03
 1.04551925e-02
 1.08970662e-02
 1.13016471e-02
 1.16481745e-02
 1.18500518e-02
 1.18961959e-02
 1.18478948e-02
 1.17324882e-02
 1.15667151e-02
 1.14579399e-02
 1.15908299e-02
 1.20888193e-02
 1.29108704e-02
 1.38798801e-02
 1.47871972e-02
 1.54748120e-02
 1.58605085e-02
 1.59226127e-02
 1.56716224e-02
 1.51706951e-02
 1.45572611e-02
 1.39577646e-02
 1.34137437e-02
 1.29417289e-02
 1.25605364e-02
 1.22430818e-02
 1.19593568e-02
 1.16913000e-02
 1.13515292e-02
 1.08373071e-02
 1.01868600e-02
 9.58086193e-03
 9.18745347e-03
 9.06267512e-03
 9.15518534e-03
 9.33826372e-03
 9.49558915e-03
 9.60424937e-03
 9.70190105e-03
 9.81512586e-03
 9.94418009e-03
 1.00907219e-02
 1.02855870e-02
 1.05892938e-02
 1.10648907e-02
 1.17404882e-02
 1.25790151e-02
 1.34408016e-02
 1.41492552e-02
 1.46685334e-02
 1.51163613e-02
 1.56201720e-02
 1.62503051e-02
 1.70358335e-02
 1.79788369e-02
 1.90500276e-02
 2.02374987e-02
 2.15959458e-02
 2.31473213e-02
 2.48062143e-02
 2.64930021e-02
 2.81908360e-02
 2.98350656e-02
 3.13150733e-02
 3.25913641e-02
 3.36648577e-02
 3.45140334e-02
 3.51412529e-02
 3.55641100e-02
 3.57285724e-02
 3.55563330e-02
 3.50946391e-02
 3.45002732e-02
 3.38863610e-02
 3.32509526e-02
 3.25221480e-02
 3.16334381e-02
 3.06017817e-02
 2.95814313e-02
 2.87761333e-02
 2.82629732e-02
 2.79320822e-02
 2.75836690e-02
 2.70865933e-02
 2.64497036e-02
 2.57465179e-02
 2.50032485e-02
 2.42069193e-02
 2.34214056e-02
 2.27551080e-02
 2.21802984e-02
 2.15209953e-02
 2.06345563e-02
 1.95235321e-02
 1.82404479e-02
 1.67522071e-02
 1.49736051e-02
 1.29075431e-02
 1.07458213e-02
 8.82905027e-03
 7.44662997e-03
 6.66996393e-03
 6.38495964e-03
 6.46443781e-03
 6.87399133e-03
 7.56681768e-03
 8.35913459e-03
 9.01472953e-03
 9.41192319e-03
 9.60105803e-03
 9.70075902e-03
 9.71110808e-03
 9.53467596e-03
 9.20970230e-03
 8.93910375e-03
 8.91172698e-03
 9.21465733e-03
 9.86827752e-03
 1.08793574e-02
 1.22033224e-02
 1.36616034e-02
 1.49922514e-02
 1.59930946e-02
 1.65757233e-02
 1.67414051e-02
 1.65727915e-02
 1.62217870e-02
 1.58954640e-02
 1.58161825e-02
 1.60683490e-02
 1.65195306e-02
 1.69906946e-02
 1.74454707e-02
 1.79670951e-02
 1.85863048e-02
 1.92222429e-02
 1.98284249e-02
 2.04631712e-02
 2.11484708e-02
 2.18022435e-02
 2.23484283e-02
 2.27943526e-02
 2.32101921e-02
 2.36662632e-02
 2.41772475e-02
 2.47008268e-02
 2.51797672e-02
 2.55875431e-02
 2.59418636e-02
 2.62426777e-02
 2.64350194e-02
 2.65199645e-02
 2.66091597e-02
 2.68043216e-02
 2.71277671e-02
 2.75667702e-02
 2.81157108e-02
 2.87853684e-02
 2.95413319e-02
 3.02076590e-02
 3.05382339e-02
 3.03745026e-02
 2.96646534e-02
 2.84936607e-02
 2.71109927e-02
 2.57971468e-02
 2.47270254e-02
 2.39605627e-02
 2.35433851e-02
 2.35330628e-02
 2.38724324e-02
 2.43496381e-02
 2.46960312e-02
 2.46951495e-02
 2.42574324e-02
 2.34003499e-02
 2.21840546e-02
 2.07250771e-02
 1.92096724e-02
 1.77995609e-02
 1.65422206e-02
 1.54134599e-02
 1.44027847e-02
 1.35269209e-02
 1.28228842e-02
 1.23453079e-02
 1.21275842e-02
 1.21506377e-02
 1.23590644e-02
 1.26712949e-02
 1.29767636e-02
 1.31838098e-02
 1.32590997e-02
 1.31937506e-02
 1.29821984e-02
 1.26782854e-02
 1.24148064e-02
 1.22680883e-02
 1.21961359e-02
 1.21766009e-02
 1.22528284e-02
 1.24583241e-02
 1.27834000e-02
 1.31797780e-02
 1.36176292e-02
 1.41133917e-02
 1.46511465e-02
 1.51362098e-02
 1.54440680e-02
 1.54868580e-02
 1.52493686e-02
 1.47627485e-02
 1.40820596e-02
 1.33068341e-02
 1.25318490e-02
 1.18204376e-02
 1.12829370e-02
 1.10413606e-02
 1.11168127e-02
 1.14676848e-02
 1.20670978e-02
 1.28592602e-02
 1.37185280e-02
 1.45064966e-02
 1.51168282e-02
 1.54797884e-02
 1.55968245e-02
 1.55372683e-02
 1.53515290e-02
 1.50579875e-02
 1.47338752e-02
 1.45145152e-02
 1.44901045e-02
 1.46753710e-02
 1.50587679e-02
 1.56017813e-02
 1.62098321e-02
 1.67810758e-02
 1.72834736e-02
 1.77554829e-02
 1.82446787e-02
 1.87691385e-02
 1.93440413e-02
 2.00054854e-02
 2.07482496e-02
 2.15043161e-02
 2.22739106e-02
 2.31288055e-02
 2.40157693e-02
 2.47848438e-02
 2.54283406e-02
 2.60774536e-02
 2.67689163e-02
 2.74114762e-02
 2.79690570e-02
 2.84678109e-02
 2.89000290e-02
 2.92849444e-02
 2.96756841e-02
 3.00467265e-02
 3.03256454e-02
 3.04939207e-02
 3.05656757e-02
 3.05575234e-02
 3.05216138e-02
 3.05558845e-02
 3.07443672e-02
 3.10950460e-02
 3.15452799e-02
 3.19675705e-02
 3.21811406e-02
 3.20470102e-02
 3.15507470e-02
 3.07613878e-02
 2.97324218e-02
 2.84859093e-02
 2.71065742e-02
 2.57994972e-02
 2.47657782e-02
 2.40327235e-02
 2.34999214e-02
 2.30604623e-02
 2.25657229e-02
 2.18565359e-02
 2.09410471e-02
 1.99878609e-02
 1.91048187e-02
 1.82312970e-02
 1.72819490e-02
 1.63055106e-02
 1.54352803e-02
 1.47995587e-02
 1.45144445e-02
 1.46035095e-02
 1.49515376e-02
 1.54279718e-02
 1.59311485e-02
 1.63324457e-02
 1.65493809e-02
 1.66102657e-02
 1.65681730e-02
 1.64685898e-02
 1.63910224e-02
 1.63987364e-02
 1.64920160e-02
 1.66530008e-02
 1.68570966e-02
 1.70267365e-02
 1.70484620e-02
 1.68733518e-02
 1.65649700e-02
 1.62471407e-02
 1.60153687e-02
 1.58399735e-02
 1.55889741e-02
 1.51813178e-02
 1.46228748e-02
 1.39146394e-02
 1.30170685e-02
 1.18995599e-02
 1.05885638e-02
 9.15184021e-03
 7.68442117e-03
 6.30260665e-03
 5.10213487e-03
 4.17043258e-03
 3.62296517e-03
 3.55949545e-03
 3.98831189e-03
 4.78137681e-03
 5.67701019e-03
 6.37277954e-03
 6.71876794e-03
 6.78528967e-03
 6.64532071e-03
 6.20690396e-03
 5.36786447e-03
 4.18806973e-03
 2.80902653e-03
 1.32798140e-03
 -1.55913538e-04
 -1.45347979e-03
 -2.36213594e-03
 -2.79576688e-03
 -2.79486019e-03
 -2.49988207e-03
 -2.10740433e-03
 -1.76808035e-03
 -1.52255567e-03
 -1.35661781e-03
 -1.30808077e-03
 -1.45536532e-03
 -1.83316877e-03
 -2.41085760e-03
 -3.09353550e-03
 -3.77083997e-03
 -4.38718756e-03
 -4.90154842e-03
 -5.20244074e-03
 -5.14922885e-03
 -4.69723359e-03
 -3.91537168e-03
 -2.96493474e-03
 -2.14335705e-03
 -1.77567114e-03
 -1.99503034e-03
 -2.74736169e-03
 -3.93743732e-03
 -5.47518670e-03
 -7.22608531e-03
 -8.93892848e-03
 -1.03242967e-02
 -1.12615711e-02
 -1.17839580e-02
 -1.19299351e-02
 -1.17992471e-02
 -1.16218144e-02
 -1.16141501e-02
 -1.18410400e-02
 -1.22662120e-02
 -1.28458039e-02
 -1.35304610e-02
 -1.42326265e-02
 -1.48522334e-02
 -1.53672302e-02
 -1.58378042e-02
 -1.63160711e-02
 -1.68348688e-02
 -1.74244203e-02
 -1.80807952e-02
 -1.87381952e-02
 -1.92519110e-02
 -1.94447600e-02
 -1.92068442e-02
 -1.85475291e-02
 -1.75716205e-02
 -1.64180601e-02
 -1.52638866e-02
 -1.43193725e-02
 -1.36558020e-02
 -1.31468501e-02
 -1.26877017e-02
 -1.22783564e-02
 -1.19031999e-02
 -1.15234739e-02
 -1.11214388e-02
 -1.06738048e-02
 -1.01704571e-02
 -9.65417891e-03
 -9.16015663e-03
 -8.65922321e-03
 -8.15245332e-03
 -7.76273954e-03
 -7.59744754e-03
 -7.60392251e-03
 -7.70414883e-03
 -7.91980647e-03
 -8.27212894e-03
 -8.73038813e-03
 -9.21866960e-03
 -9.57077699e-03
 -9.63925790e-03
 -9.44026843e-03
 -9.08126731e-03
 -8.67284316e-03
 -8.34678599e-03
 -8.22163976e-03
 -8.31675794e-03
 -8.57319110e-03
 -8.94045077e-03
 -9.37440347e-03
 -9.78083570e-03
 -1.00158399e-02
 -9.95507969e-03
 -9.56448473e-03
 -8.90616506e-03
 -8.07221206e-03
 -7.14702851e-03
 -6.23082601e-03
 -5.40340156e-03
 -4.69316492e-03
 -4.14369185e-03
 -3.82558617e-03
 -3.77020357e-03
 -3.94549307e-03
 -4.27816586e-03
 -4.69273941e-03
 -5.15149302e-03
 -5.68306602e-03
 -6.36681566e-03
 -7.25956000e-03
 -8.35336764e-03
 -9.60478519e-03
 -1.09688289e-02
 -1.23843383e-02
 -1.37576648e-02
 -1.50336613e-02
 -1.62420963e-02
 -1.73974911e-02
 -1.84206864e-02
 -1.92115735e-02
 -1.97728853e-02
 -2.02307253e-02
 -2.06986569e-02
 -2.11382631e-02
 -2.13946686e-02
 -2.13848191e-02
 -2.12038087e-02
 -2.10173071e-02
 -2.09358144e-02
 -2.09929659e-02
 -2.11686348e-02
 -2.14280676e-02
 -2.17213967e-02
 -2.19535469e-02
 -2.20330168e-02
 -2.19830062e-02
 -2.19324721e-02
 -2.19524363e-02
 -2.19839375e-02
 -2.19449749e-02
 -2.17998122e-02
 -2.15192491e-02
 -2.10942870e-02
 -2.05901094e-02
 -2.00648134e-02
 -1.95005397e-02
 -1.88906716e-02
 -1.82480553e-02
 -1.75347727e-02
 -1.67108577e-02
 -1.58193078e-02
 -1.49473165e-02
 -1.41113181e-02
 -1.32593122e-02
 -1.23861070e-02
 -1.15880414e-02
 -1.09758361e-02
 -1.05203661e-02
 -1.00773061e-02
 -9.60919371e-03
 -9.23143783e-03
 -9.00664070e-03
 -8.84741901e-03
 -8.64041771e-03
 -8.35801699e-03
 -8.01224000e-03
 -7.55477615e-03
 -6.89683171e-03
 -6.03425803e-03
 -5.05368967e-03
 -4.00654820e-03
 -2.88452455e-03
 -1.65560377e-03
 -2.83403047e-04
 1.19762246e-03
 2.68726606e-03
 4.12200799e-03
 5.47287442e-03
 6.69928138e-03
 7.78507916e-03
 8.73759827e-03
 9.51488627e-03
 1.00448902e-02
 1.03340799e-02
 1.04406338e-02
 1.03352796e-02
 9.93426352e-03
 9.25464879e-03
 8.43391231e-03
 7.63022316e-03
 6.94816083e-03
 6.42725204e-03
 6.06663448e-03
 5.83168669e-03
 5.66294930e-03
 5.56094762e-03
 5.57361110e-03
 5.64058667e-03
 5.63675562e-03
 5.55575518e-03
 5.44193662e-03
 5.22536934e-03
 4.81048041e-03
 4.23933240e-03
 3.64021363e-03
 3.07758805e-03
 2.51935736e-03
 1.90655854e-03
 1.21276101e-03
 4.61273317e-04
 -3.11683560e-04
 -1.12467995e-03
 -2.04427181e-03
 -3.08901964e-03
 -4.16260887e-03
 -5.10456017e-03
 -5.80965392e-03
 -6.28281866e-03
 -6.60546098e-03
 -6.88560466e-03
 -7.15269932e-03
 -7.28579194e-03
 -7.16817749e-03
 -6.82389775e-03
 -6.31578095e-03
 -5.66971888e-03
 -4.92103684e-03
 -4.12072478e-03
 -3.28198695e-03
 -2.34601730e-03
 -1.25701411e-03
 -6.12241560e-05
 1.15433540e-03
 2.33806886e-03
 3.42617934e-03
 4.38952134e-03
 5.31301267e-03
 6.26713327e-03
 7.20636474e-03
 8.07467972e-03
 8.89618629e-03
 9.74122460e-03
 1.06402964e-02
 1.15447416e-02
 1.23826112e-02
 1.31061184e-02
 1.36786319e-02
 1.40608204e-02
 1.42014049e-02
 1.40354040e-02
 1.35347193e-02
 1.27886369e-02
 1.19800943e-02
 1.12425834e-02
 1.06277808e-02
 1.02214715e-02
 1.01403261e-02
 1.03873377e-02
 1.08353963e-02
 1.13708628e-02
 1.19444339e-02
 1.25036481e-02
 1.29778958e-02
 1.32810604e-02
 1.33271350e-02
 1.31037971e-02
 1.26486158e-02
 1.19774720e-02
 1.11074894e-02
 1.00506286e-02
 8.78890567e-03
 7.33428868e-03
 5.76784995e-03
 4.19601817e-03
 2.73274386e-03
 1.52145411e-03
 6.76903852e-04
 1.73391132e-04
 -1.37140004e-04
 -3.59098611e-04
 -4.86554791e-04
 -5.35102690e-04
 -6.29090020e-04
 -8.93407471e-04
 -1.33066787e-03
 -1.87429147e-03
 -2.50114311e-03
 -3.18698964e-03
 -3.82690575e-03
 -4.34430109e-03
 -4.78777710e-03
 -5.21393454e-03
 -5.58423580e-03
 -5.83430790e-03
 -5.96916892e-03
 -6.03131450e-03
 -6.00438284e-03
 -5.85317150e-03
 -5.61444859e-03
 -5.30332664e-03
 -4.84429982e-03
 -4.23646241e-03
 -3.63391995e-03
 -3.17930615e-03
 -2.87311791e-03
 -2.60717763e-03
 -2.25686008e-03
 -1.76785243e-03
 -1.18603359e-03
 -5.99410306e-04
 -7.47337376e-05
 3.49308417e-04
 6.70838034e-04
 9.51009427e-04
 1.25299949e-03
 1.56476398e-03
 1.88880128e-03
 2.29447789e-03
 2.80821435e-03
 3.39288789e-03
 3.99398583e-03
 4.51058755e-03
 4.80136159e-03
 4.81593165e-03
 4.65612405e-03
 4.41870414e-03
 4.09034996e-03
 3.65599847e-03
 3.20311590e-03
 2.85454845e-03
 2.62387390e-03
 2.41596076e-03
 2.15663194e-03
 1.85919691e-03
 1.58949892e-03
 1.35822424e-03
 1.06525473e-03
 6.13190060e-04
 2.36703724e-05
 -6.01611670e-04
 -1.19794195e-03
 -1.80416562e-03
 -2.48542597e-03
 -3.18945288e-03
 -3.81021252e-03
 -4.37204103e-03
 -4.96900160e-03
 -5.60591830e-03
 -6.24351189e-03
 -6.88163768e-03
 -7.51192037e-03
 -8.10055716e-03
 -8.65925628e-03
 -9.24444730e-03
 -9.86831180e-03
 -1.04700106e-02
 -1.09876360e-02
 -1.14049259e-02
 -1.17129867e-02
 -1.18889839e-02
 -1.19278694e-02
 -1.18579830e-02
 -1.17168473e-02
 -1.15068510e-02
 -1.12036531e-02
 -1.08009845e-02
 -1.02907124e-02
 -9.65271905e-03
 -8.87519807e-03
 -7.95255040e-03
 -6.93415958e-03
 -5.93492034e-03
 -5.02184969e-03
 -4.15590382e-03
 -3.26992593e-03
 -2.35475348e-03
 -1.47426674e-03
 -7.22801124e-04
 -1.69745697e-04
 1.56856426e-04
 2.69543160e-04
 2.27402589e-04
 1.09511649e-04
 -3.62428782e-05
 -2.02077740e-04
 -3.86470179e-04
 -5.80399409e-04
 -7.65308589e-04
 -9.18544468e-04
 -1.06227225e-03
 -1.28219553e-03
 -1.65195159e-03
 -2.15596806e-03
 -2.70533296e-03
 -3.21578135e-03
 -3.67094647e-03
 -4.13498007e-03
 -4.68572328e-03
 -5.30514875e-03
 -5.87552913e-03
 -6.30919073e-03
 -6.61247472e-03
 -6.80833628e-03
 -6.90170420e-03
 -6.91760972e-03
 -6.88193571e-03
 -6.79949050e-03
 -6.68954566e-03
 -6.60065014e-03
 -6.59215775e-03
 -6.70888166e-03
 -6.93282729e-03
 -7.17445176e-03
 -7.37347017e-03
 -7.56469748e-03
 -7.80768873e-03
 -8.12722103e-03
 -8.53422616e-03
 -9.02319457e-03
 -9.50827013e-03
 -9.83966934e-03
 -9.93569480e-03
 -9.82967497e-03
 -9.59622860e-03
 -9.31102664e-03
 -9.05900897e-03
 -8.91509063e-03
 -8.90065472e-03
 -8.97975937e-03
 -9.10835572e-03
 -9.26679507e-03
 -9.44347489e-03
 -9.62662857e-03
 -9.82035252e-03
 -1.00340617e-02
 -1.02629569e-02
 -1.05108380e-02
 -1.08074421e-02
 -1.11343159e-02
 -1.13646221e-02
 -1.13825219e-02
 -1.12035485e-02
 -1.08924087e-02
 -1.04656658e-02
 -9.93406734e-03
 -9.31868604e-03
 -8.59241496e-03
 -7.72631458e-03
 -6.77685864e-03
 -5.79496102e-03
 -4.71179968e-03
 -3.44710184e-03
 -2.04574334e-03
 -6.68465937e-04
 5.04584433e-04
 1.40603514e-03
 2.07613908e-03
 2.52779957e-03
 2.72085743e-03
 2.65198411e-03
 2.43226071e-03
 2.26077235e-03
 2.26644670e-03
 2.41319032e-03
 2.61148279e-03
 2.82536851e-03
 3.01131191e-03
 3.03848512e-03
 2.76074783e-03
 2.14707715e-03
 1.24303414e-03
 5.81161273e-05
 -1.39723416e-03
 -3.01840043e-03
 -4.59825433e-03
 -5.91240438e-03
 -6.83848555e-03
 -7.41008286e-03
 -7.77111342e-03
 -8.05838455e-03
 -8.31326969e-03
 -8.49545341e-03
 -8.56064698e-03
 -8.54356395e-03
 -8.54677999e-03
 -8.62565725e-03
 -8.73595941e-03
 -8.78467158e-03
 -8.68586833e-03
 -8.40114338e-03
 -7.93385531e-03
 -7.27747066e-03
 -6.38539831e-03
 -5.21223513e-03
 -3.80056141e-03
 -2.28054361e-03
 -7.73131648e-04
 6.71827397e-04
 2.05484855e-03
 3.35120572e-03
 4.47354084e-03
 5.34006795e-03
 5.93683698e-03
 6.29970619e-03
 6.48588282e-03
 6.57379661e-03
 6.66242628e-03
 6.82142798e-03
 7.01700652e-03
 7.12515929e-03
 7.05037494e-03
 6.79331076e-03
 6.40124675e-03
 5.92798071e-03
 5.42420778e-03
 4.89758982e-03
 4.32360917e-03
 3.71087657e-03
 3.07229462e-03
 2.33687080e-03
 1.36916335e-03
 1.06861600e-04
 -1.37145635e-03
 -2.95106010e-03
 -4.53206913e-03
 -5.92448336e-03
 -6.85085392e-03
 -7.12523423e-03
 -6.77545819e-03
 -6.01947997e-03
 -5.13828691e-03
 -4.32873382e-03
 -3.67925296e-03
 -3.21552372e-03
 -2.89383027e-03
 -2.62061000e-03
 -2.33145903e-03
 -2.01348161e-03
 -1.66248815e-03
 -1.25881131e-03
 -7.79821136e-04
 -2.28577616e-04
 3.82994952e-04
 1.08979809e-03
 1.94208354e-03
 2.91398721e-03
 3.93354787e-03
 4.97425153e-03
 6.02575600e-03
 7.04249874e-03
 7.97071358e-03
 8.75502553e-03
 9.31504630e-03
 9.58849073e-03
 9.61870578e-03
 9.54173824e-03
 9.45831056e-03
 9.38863823e-03
 9.35823058e-03
 9.38492425e-03
 9.38674570e-03
 9.24794276e-03
 8.93303415e-03
 8.45046456e-03
 7.78561143e-03
 6.96238320e-03
 6.09791129e-03
 5.28318834e-03
 4.51744426e-03
 3.82666821e-03
 3.27279953e-03
 2.84771776e-03
 2.50539855e-03
 2.24994173e-03
 2.08673399e-03
 1.94878847e-03
 1.74745072e-03
 1.43172789e-03
 1.00025540e-03
 4.97344520e-04
 -5.79358146e-05
 -7.04522725e-04
 -1.43355287e-03
 -2.15601523e-03
 -2.79235559e-03
 -3.26387790e-03
 -3.50087892e-03
 -3.54238319e-03
 -3.49522272e-03
 -3.42053845e-03
 -3.33267470e-03
 -3.23425293e-03
 -3.12435101e-03
 -3.03202248e-03
 -3.01298222e-03
 -3.05328634e-03
 -3.04409731e-03
 -2.88955670e-03
 -2.56678220e-03
 -2.07404650e-03
 -1.43934195e-03
 -8.11847754e-04
 -3.68454393e-04
 -1.12865634e-04
 6.13148397e-05
 2.03826672e-04
 3.28708462e-04
 4.55748207e-04
 5.84591766e-04
 7.22015151e-04
 9.15662589e-04
 1.22048823e-03
 1.65870657e-03
 2.20348039e-03
 2.77184236e-03
 3.28053158e-03
 3.70885482e-03
 4.04639901e-03
 4.24870157e-03
 4.28502415e-03
 4.17869878e-03
 4.01323694e-03
 3.86960138e-03
 3.73854247e-03
 3.55665919e-03
 3.30800046e-03
 3.01402076e-03
 2.65749887e-03
 2.22184315e-03
 1.77453118e-03
 1.43304238e-03
 1.29192507e-03
 1.35358535e-03
 1.48715831e-03
 1.56119537e-03
 1.59576963e-03
 1.67051781e-03
 1.76383568e-03
 1.77198338e-03
 1.59078262e-03
 1.14988247e-03
 4.77931806e-04
 -3.00077222e-04
 -1.09635492e-03
 -1.92563101e-03
 -2.84666003e-03
 -3.89225888e-03
 -5.00310894e-03
 -5.99212862e-03
 -6.66644864e-03
 -7.00182875e-03
 -7.11220835e-03
 -7.08477363e-03
 -6.91657554e-03
 -6.61053787e-03
 -6.25281769e-03
 -5.92058684e-03
 -5.62102279e-03
 -5.39184427e-03
 -5.28607871e-03
 -5.22069822e-03
 -5.02958005e-03
 -4.65389531e-03
 -4.15155513e-03
 -3.56020342e-03
 -2.84852226e-03
 -2.00867590e-03
 -1.13516897e-03
 -3.57287474e-04
 2.80453268e-04
 8.03949939e-04
 1.22917444e-03
 1.56654255e-03
 1.85460977e-03
 2.15197981e-03
 2.46710349e-03
 2.69006934e-03
 2.68306500e-03
 2.40118814e-03
 1.86758717e-03
 1.16111757e-03
 4.23018074e-04
 -2.31495316e-04
 -7.66157728e-04
 -1.18575865e-03
 -1.49866086e-03
 -1.71821479e-03
 -1.88366510e-03
 -2.03205386e-03
 -2.15269430e-03
 -2.18859154e-03
 -2.06470326e-03
 -1.76586491e-03
 -1.37751766e-03
 -1.01398016e-03
 -7.90900265e-04
 -8.25380208e-04
 -1.15220894e-03
 -1.70815047e-03
 -2.41751402e-03
 -3.21024296e-03
 -4.01828285e-03
 -4.84540809e-03
 -5.76354071e-03
 -6.77429934e-03
 -7.77184145e-03
 -8.70035795e-03
 -9.65537617e-03
 -1.07607228e-02
 -1.19835957e-02
 -1.31593610e-02
 -1.41792797e-02
 -1.50222947e-02
 -1.56466399e-02
 -1.59974271e-02
 -1.60944193e-02
 -1.60373716e-02
 -1.59194519e-02
 -1.57499584e-02
 -1.54966559e-02
 -1.51740999e-02
 -1.48229814e-02
 -1.44580173e-02
 -1.40855806e-02
 -1.36940299e-02
 -1.32346252e-02
 -1.27048189e-02
 -1.21820146e-02
 -1.17075618e-02
 -1.12405310e-02
 -1.07376344e-02
 -1.01934687e-02
 -9.64055017e-03
 -9.13384061e-03
 -8.70453785e-03
 -8.36927374e-03
 -8.13361007e-03
 -7.93688426e-03
 -7.70248657e-03
 -7.41165710e-03
 -7.04004866e-03
 -6.53326455e-03
 -5.88233426e-03
 -5.14059035e-03
 -4.37259488e-03
 -3.60799122e-03
 -2.84029250e-03
 -2.07535530e-03
 -1.36940808e-03
 -7.98423162e-04
 -3.97616727e-04
 -1.44221484e-04
 1.13979790e-05
 8.60018518e-05
 1.35283186e-05
 -2.78112190e-04
 -7.22127260e-04
 -1.17391234e-03
 -1.58916424e-03
 -2.01590047e-03
 -2.47765423e-03
 -2.94929107e-03
 -3.39621431e-03
 -3.78539909e-03
 -4.08155808e-03
 -4.25253927e-03
 -4.28657811e-03
 -4.22382486e-03
 -4.14784886e-03
 -4.11704962e-03
 -4.12523793e-03
 -4.14590639e-03
 -4.20714986e-03
 -4.39149423e-03
 -4.74048375e-03
 -5.22311122e-03
 -5.82905776e-03
 -6.59994472e-03
 -7.53571572e-03
 -8.57330961e-03
 -9.66785791e-03
 -1.07935358e-02
 -1.18747866e-02
 -1.27915458e-02
 -1.34785916e-02
 -1.39623860e-02
 -1.42445770e-02
 -1.42648112e-02
 -1.40303990e-02
 -1.36244163e-02
 -1.30671107e-02
 -1.23322755e-02
 -1.14824990e-02
 -1.06550156e-02
 -9.95971227e-03
 -9.45378114e-03
 -9.15959347e-03
 -9.05973586e-03
 -9.07600805e-03
 -9.09501115e-03
 -9.03770618e-03
 -8.87293472e-03
 -8.59294310e-03
 -8.23756285e-03
 -7.88622089e-03
 -7.56965243e-03
 -7.24864495e-03
 -6.89608042e-03
 -6.53098852e-03
 -6.15273920e-03
 -5.69746445e-03
 -5.11770572e-03
 -4.47106485e-03
 -3.84996187e-03
 -3.26181558e-03
 -2.65608242e-03
 -2.02032575e-03
 -1.38680821e-03
 -7.92677822e-04
 -2.56379837e-04
 2.67689983e-04
 8.65928308e-04
 1.53984343e-03
 2.20093442e-03
 2.78962271e-03
 3.30514312e-03
 3.77302935e-03
 4.24092883e-03
 4.72973513e-03
 5.17876752e-03
 5.53144070e-03
 5.82149150e-03
 6.08983301e-03
 6.32825133e-03
 6.55139008e-03
 6.80876401e-03
 7.11310234e-03
 7.40893270e-03
 7.58583839e-03
 7.52108283e-03
 7.15874312e-03
 6.54173336e-03
 5.75536867e-03
 4.86607255e-03
 3.90933268e-03
 2.91200148e-03
 1.93050117e-03
 1.06071223e-03
 3.72275864e-04
 -1.42814127e-04
 -5.18923396e-04
 -7.84200511e-04
 -1.00021132e-03
 -1.23138666e-03
 -1.47319556e-03
 -1.69371700e-03
 -1.92110226e-03
 -2.21527105e-03
 -2.56837317e-03
 -2.92004377e-03
 -3.26081374e-03
 -3.62081940e-03
 -4.00798993e-03
 -4.43373584e-03
 -4.90321007e-03
 -5.37778353e-03
 -5.83044195e-03
 -6.27422722e-03
 -6.69778795e-03
 -7.04776460e-03
 -7.27101470e-03
 -7.33699372e-03
 -7.25573101e-03
 -7.05698998e-03
 -6.74489586e-03
 -6.32759072e-03
 -5.85682280e-03
 -5.38912321e-03
 -4.93788920e-03
 -4.50547348e-03
 -4.11719147e-03
 -3.76801801e-03
 -3.40293052e-03
 -2.98407344e-03
 -2.53760219e-03
 -2.13630820e-03
 -1.82978715e-03
 -1.59094847e-03
 -1.36304182e-03
 -1.14923973e-03
 -9.99999959e-04
 -9.19235700e-04
 -8.56613811e-04
 -7.72600235e-04
 -6.64769696e-04
 -5.42319069e-04
 -3.77388689e-04
 -1.46127258e-04
 1.13417383e-04
 4.10695454e-04
 8.42372241e-04
 1.40957663e-03
 1.95326964e-03
 2.32440401e-03
 2.49599465e-03
 2.48720906e-03
 2.26695175e-03
 1.78528050e-03
 1.06440982e-03
 2.11942892e-04
 -6.29669271e-04
 -1.33956502e-03
 -1.87413644e-03
 -2.26236793e-03
 -2.52541940e-03
 -2.65132977e-03
 -2.67800559e-03
 -2.72757501e-03
 -2.91041722e-03
 -3.23664730e-03
 -3.60734684e-03
 -3.87515003e-03
 -3.99800679e-03
 -4.09668755e-03
 -4.28053234e-03
 -4.53749352e-03
 -4.84349391e-03
 -5.22833064e-03
 -5.69288834e-03
 -6.17948985e-03
 -6.65134839e-03
 -7.11494104e-03
 -7.57144546e-03
 -8.02834499e-03
 -8.51325598e-03
 -9.01969723e-03
 -9.51375508e-03
 -9.98237853e-03
 -1.03951583e-02
 -1.06738207e-02
 -1.07458427e-02
 -1.05829659e-02
 -1.01805889e-02
 -9.53345508e-03
 -8.65764280e-03
 -7.64878976e-03
 -6.69832338e-03
 -5.97580217e-03
 -5.48719820e-03
 -5.14836644e-03
 -4.94839425e-03
 -4.91781917e-03
 -5.00588722e-03
 -5.09121509e-03
 -5.08831697e-03
 -4.97178619e-03
 -4.69474615e-03
 -4.19559128e-03
 -3.49617752e-03
 -2.66422085e-03
 -1.72753262e-03
 -7.30272543e-04
 2.34921094e-04
 1.12187262e-03
 1.97682639e-03
 2.85235662e-03
 3.72483840e-03
 4.54651174e-03
 5.33994945e-03
 6.17815754e-03
 7.09585851e-03
 8.05139175e-03
 8.95855679e-03
 9.73023346e-03
 1.02648422e-02
 1.04513563e-02
 1.02715633e-02
 9.81365829e-03
 9.15382788e-03
 8.34931959e-03
 7.51015012e-03
 6.77449577e-03
 6.23515300e-03
 5.90010815e-03
 5.73109803e-03
 5.69532008e-03
 5.73631200e-03
 5.77156345e-03
 5.75662250e-03
 5.69574750e-03
 5.60725836e-03
 5.50623866e-03
 5.41028926e-03
 5.33270466e-03
 5.23716213e-03
 5.07351024e-03
 4.89715930e-03
 4.82046533e-03
 4.86793235e-03
 5.00766649e-03
 5.21907566e-03
 5.49562349e-03
 5.87497079e-03
 6.37911626e-03
 6.90665882e-03
 7.29500827e-03
 7.44719852e-03
 7.35292258e-03
 7.07043971e-03
 6.67795289e-03
 6.19529525e-03
 5.62705345e-03
 5.05648178e-03
 4.56955189e-03
 4.13373209e-03
 3.66017641e-03
 3.11776434e-03
 2.52327099e-03
 1.90412755e-03
 1.29244217e-03
 6.97750160e-04
 9.31353346e-05
 -5.50577245e-04
 -1.19377480e-03
 -1.69683896e-03
 -1.95845547e-03
 -2.04782935e-03
 -2.07845014e-03
 -2.07375893e-03
 -2.04795958e-03
 -2.07678850e-03
 -2.23685214e-03
 -2.53148739e-03
 -2.88646519e-03
 -3.19609012e-03
 -3.34003292e-03
 -3.22250610e-03
 -2.85745049e-03
 -2.30845763e-03
 -1.58541403e-03
 -7.31004727e-04
 1.24697048e-04
 8.66019128e-04
 1.45698334e-03
 1.94661147e-03
 2.42421500e-03
 2.93016085e-03
 3.45409333e-03
 4.01661344e-03
 4.70590574e-03
 5.60626508e-03
 6.68612536e-03
 7.82238823e-03
 8.93123705e-03
 9.98702604e-03
 1.09463582e-02
 1.17495740e-02
 1.23798395e-02
 1.28556613e-02
 1.31804278e-02
 1.33328112e-02
 1.32888170e-02
 1.30559771e-02
 1.26818389e-02
 1.21979832e-02
 1.16033010e-02
 1.09198114e-02
 1.02019744e-02
 9.51266987e-03
 8.93634708e-03
 8.57696632e-03
 8.49526913e-03
 8.65885554e-03
 8.97569377e-03
 9.35343174e-03
 9.71373416e-03
 9.98374975e-03
 1.00936692e-02
 1.00011409e-02
 9.71322301e-03
 9.26165914e-03
 8.72568979e-03
 8.24486319e-03
 7.90014837e-03
 7.66397287e-03
 7.48332932e-03
 7.33948063e-03
 7.24929092e-03
 7.20699341e-03
 7.16365261e-03
 7.08322729e-03
 6.94958149e-03
 6.74232587e-03
 6.44608741e-03
 6.05736052e-03
 5.56951314e-03
 4.98542084e-03
 4.39238672e-03
 3.97341413e-03
 3.86283581e-03
 4.03739519e-03
 4.38823292e-03
 4.80532763e-03
 5.18793921e-03
 5.49269594e-03
 5.74741602e-03
 5.95234251e-03
 6.03526898e-03
 5.93761028e-03
 5.68746852e-03
 5.35535637e-03
 4.98527682e-03
 4.59466911e-03
 4.17125087e-03
 3.67566438e-03
 3.11466727e-03
 2.55286574e-03
 2.02396204e-03
 1.52208514e-03
 1.06098325e-03
 6.33315813e-04
 1.56382798e-04
 -4.16369147e-04
 -9.87728072e-04
 -1.43731130e-03
 -1.75201119e-03
 -1.96157241e-03
 -2.07227679e-03
 -2.09568048e-03
 -2.06051725e-03
 -1.99750051e-03
 -1.95409722e-03
 -2.00395343e-03
 -2.16579905e-03
 -2.34631703e-03
 -2.42867174e-03
 -2.34438471e-03
 -2.06033591e-03
 -1.56834773e-03
 -8.86731767e-04
 -8.02688349e-05
 7.75065065e-04
 1.65503923e-03
 2.53083679e-03
 3.33232115e-03
 4.00673413e-03
 4.51802838e-03
 4.82179699e-03
 4.89591944e-03
 4.77253691e-03
 4.50109617e-03
 4.10398934e-03
 3.63488887e-03
 3.22780306e-03
 3.01622711e-03
 3.03168325e-03
 3.21339192e-03
 3.46839355e-03
 3.70975830e-03
 3.91021118e-03
 4.08935331e-03
 4.24372543e-03
 4.35058551e-03
 4.39213191e-03
 4.36814358e-03
 4.29455828e-03
 4.15477559e-03
 3.90315228e-03
 3.54226151e-03
 3.13443504e-03
 2.74396933e-03
 2.43207166e-03
 2.24749798e-03
 2.14121718e-03
 1.99943325e-03
 1.80404968e-03
 1.62654828e-03
 1.48869154e-03
 1.35222438e-03
 1.19788709e-03
 1.01897133e-03
 7.82707040e-04
 4.87541063e-04
 1.97376223e-04
 -4.29121243e-05
 -2.35429696e-04
 -3.83894726e-04
 -5.09011466e-04
 -6.47549758e-04
 -8.00873926e-04
 -9.44644872e-04
 -1.07337096e-03
 -1.17551022e-03
 -1.21116661e-03
 -1.18596273e-03
 -1.14425689e-03
 -1.06314280e-03
 -8.91130341e-04
 -6.38114009e-04
 -3.43961159e-04
 -1.28145538e-05
 4.00347330e-04
 9.17780930e-04
 1.46147320e-03
 1.92186950e-03
 2.29615117e-03
 2.67179495e-03
 3.07782055e-03
 3.45563161e-03
 3.79534382e-03
 4.16912321e-03
 4.59504815e-03
 4.99965424e-03
 5.32019011e-03
 5.54626572e-03
 5.69810147e-03
 5.82796012e-03
 5.98467585e-03
 6.15625864e-03
 6.30673889e-03
 6.43822771e-03
 6.57300706e-03
 6.71239440e-03
 6.82012856e-03
 6.84805258e-03
 6.79152255e-03
 6.68181536e-03
 6.55169380e-03
 6.43128390e-03
 6.32383105e-03
 6.20395383e-03
 6.03027636e-03
 5.73733210e-03
 5.29049298e-03
 4.74642547e-03
 4.18487410e-03
 3.60083820e-03
 2.95591163e-03
 2.31346209e-03
 1.76960476e-03
 1.28432197e-03
 7.53089866e-04
 1.81044241e-04
 -3.27708981e-04
 -6.87671235e-04
 -9.14681502e-04
 -1.10546074e-03
 -1.31368510e-03
 -1.50328763e-03
 -1.64931905e-03
 -1.78478460e-03
 -1.93195373e-03
 -2.07845799e-03
 -2.21646556e-03
 -2.35244270e-03
 -2.49020404e-03
 -2.62749205e-03
 -2.76246784e-03
 -2.89812395e-03
 -3.05509597e-03
 -3.26841197e-03
 -3.54647151e-03
 -3.87507831e-03
 -4.25677609e-03
 -4.67187177e-03
 -5.05431609e-03
 -5.35561038e-03
 -5.56580876e-03
 -5.68608622e-03
 -5.72984096e-03
 -5.71169989e-03
 -5.63080261e-03
 -5.49177161e-03
 -5.29929941e-03
 -5.03517080e-03
 -4.67563969e-03
 -4.20566418e-03
 -3.64920664e-03
 -3.09618261e-03
 -2.63820962e-03
 -2.32116538e-03
 -2.17982482e-03
 -2.23216627e-03
 -2.44750460e-03
 -2.77197893e-03
 -3.16634338e-03
 -3.61763527e-03
 -4.11705869e-03
 -4.64437071e-03
 -5.21366463e-03
 -5.86354034e-03
 -6.57149371e-03
 -7.25422556e-03
 -7.83087208e-03
 -8.25013995e-03
 -8.48396106e-03
 -8.53149681e-03
 -8.44575047e-03
 -8.31356391e-03
 -8.20038447e-03
 -8.14554897e-03
 -8.17161139e-03
 -8.26114653e-03
 -8.36043059e-03
 -8.41629347e-03
 -8.40788402e-03
 -8.36742493e-03
 -8.34642978e-03
 -8.35151185e-03
 -8.34132097e-03
 -8.25269942e-03
 -8.02917367e-03
 -7.68060156e-03
 -7.28547585e-03
 -6.91990792e-03
 -6.62192451e-03
 -6.39183782e-03
 -6.21559480e-03
 -6.10533481e-03
 -6.05991456e-03
 -6.01213206e-03
 -5.91984424e-03
 -5.82667107e-03
 -5.77542299e-03
 -5.78110786e-03
 -5.85465723e-03
 -5.96857169e-03
 -6.06969145e-03
 -6.14874117e-03
 -6.22880524e-03
 -6.28809683e-03
 -6.27875324e-03
 -6.22097087e-03
 -6.17966204e-03
 -6.17855427e-03
 -6.24135512e-03
 -6.43371794e-03
 -6.76849204e-03
 -7.15351001e-03
 -7.49819589e-03
 -7.80686582e-03
 -8.10616721e-03
 -8.36904945e-03
 -8.58692293e-03
 -8.79900630e-03
 -8.99705083e-03
 -9.10881611e-03
 -9.09783867e-03
 -9.01354943e-03
 -8.91988208e-03
 -8.81623992e-03
 -8.66538886e-03
 -8.46856445e-03
 -8.27018810e-03
 -8.09415035e-03
 -7.92155076e-03
 -7.73716469e-03
 -7.54847842e-03
 -7.37881962e-03
 -7.27285322e-03
 -7.23942207e-03
 -7.21035268e-03
 -7.13060695e-03
 -7.00326089e-03
 -6.84021133e-03
 -6.68398487e-03
 -6.60381355e-03
 -6.58599680e-03
 -6.54520192e-03
 -6.47804388e-03
 -6.48123778e-03
 -6.60340587e-03
 -6.80705436e-03
 -7.07393909e-03
 -7.42791013e-03
 -7.88353656e-03
 -8.41803932e-03
 -8.96194005e-03
 -9.45134624e-03
 -9.88209083e-03
 -1.02490071e-02
 -1.05177305e-02
 -1.07119815e-02
 -1.08872190e-02
 -1.10536008e-02
 -1.12393615e-02
 -1.14918770e-02
 -1.18032464e-02
 -1.21466634e-02
 -1.24987038e-02
 -1.28156428e-02
 -1.30801822e-02
 -1.33194150e-02
 -1.35561011e-02
 -1.37856963e-02
 -1.39741283e-02
 -1.40926591e-02
 -1.41634650e-02
 -1.42095621e-02
 -1.42220647e-02
 -1.42500474e-02
 -1.43849470e-02
 -1.46018100e-02
 -1.47723838e-02
 -1.48214419e-02
 -1.47335814e-02
 -1.44760460e-02
 -1.40302075e-02
 -1.34469785e-02
 -1.28243550e-02
 -1.22302933e-02
 -1.16493132e-02
 -1.10753129e-02
 -1.05844583e-02
 -1.02230258e-02
 -9.95568413e-03
 -9.74350732e-03
 -9.55846276e-03
 -9.37194351e-03
 -9.21152450e-03
 -9.14263604e-03
 -9.14379592e-03
 -9.12545895e-03
 -9.08214733e-03
 -9.06907842e-03
 -9.07017241e-03
 -9.05716614e-03
 -9.08781373e-03
 -9.19134676e-03
 -9.26570410e-03
 -9.22294648e-03
 -9.12478860e-03
 -9.04250968e-03
 -8.94108139e-03
 -8.79002309e-03
 -8.58196035e-03
 -8.26803593e-03
 -7.82724786e-03
 -7.29527854e-03
 -6.68290646e-03
 -5.95345938e-03
 -5.09160919e-03
 -4.15057268e-03
 -3.20881023e-03
 -2.31247788e-03
 -1.47362724e-03
 -6.85239228e-04
 6.34011118e-05
 7.39251252e-04
 1.27647677e-03
 1.68041726e-03
 2.02617095e-03
 2.33378705e-03
 2.54512657e-03
 2.61752014e-03
 2.55384532e-03
 2.37808004e-03
 2.15268597e-03
 1.95212788e-03
 1.79883486e-03
 1.69420851e-03
 1.67206864e-03
 1.75682490e-03
 1.92607904e-03
 2.15855519e-03
 2.42853792e-03
 2.65712907e-03
 2.77818839e-03
 2.78588959e-03
 2.68107891e-03
 2.47589001e-03
 2.20916273e-03
 1.89837972e-03
 1.53866394e-03
 1.14261217e-03
 7.55387191e-04
 4.35332753e-04
 2.10046593e-04
 6.89287623e-05
 -1.04954502e-05
 -2.85723372e-05
 2.71904005e-05
 1.06583466e-04
 1.34766689e-04
 1.30499922e-04
 1.63355103e-04
 2.51715735e-04
 3.64758572e-04
 4.74516531e-04
 5.96940671e-04
 7.66003758e-04
 9.87096388e-04
 1.26965161e-03
 1.65287141e-03
 2.13831411e-03
 2.64360686e-03
 3.09298456e-03
 3.51306642e-03
 3.95558277e-03
 4.40355789e-03
 4.82092753e-03
 5.19026986e-03
 5.50210155e-03
 5.78350288e-03
 6.08068849e-03
 6.39470757e-03
 6.69793025e-03
 7.00857936e-03
 7.38755805e-03
 7.84791265e-03
 8.34769291e-03
 8.86309069e-03
 9.37478275e-03
 9.84793033e-03
 1.02901843e-02
 1.07474389e-02
 1.12183057e-02
 1.16577915e-02
 1.20468924e-02
 1.23790852e-02
 1.26394985e-02
 1.28307158e-02
 1.29738125e-02
 1.30796269e-02
 1.31376408e-02
 1.31496423e-02
 1.31468599e-02
 1.31602846e-02
 1.31689373e-02
 1.31006019e-02
 1.29266218e-02
 1.26911011e-02
 1.24425618e-02
 1.21756496e-02
 1.18057844e-02
 1.12337326e-02
 1.04639370e-02
 9.61039835e-03
 8.77828963e-03
 8.00240201e-03
 7.28671837e-03
 6.65037065e-03
 6.12182182e-03
 5.68387448e-03
 5.27398424e-03
 4.82736437e-03
 4.30244377e-03
 3.70429864e-03
 3.04973866e-03
 2.33965652e-03
 1.60539764e-03
 9.05338874e-04
 2.83402041e-04
 -2.36398957e-04
 -6.42864045e-04
 -9.14101471e-04
 -1.02455520e-03
 -9.91129591e-04
 -8.72639260e-04
 -7.09282650e-04
 -4.81605058e-04
 -1.58319696e-04
 2.40911498e-04
 6.63453704e-04
 1.10874554e-03
 1.64868279e-03
 2.30684060e-03
 3.00508452e-03
 3.67698368e-03
 4.33412124e-03
 4.99012575e-03
 5.60501410e-03
 6.15585051e-03
 6.67287184e-03
 7.16386798e-03
 7.62320995e-03
 8.09252795e-03
 8.57626617e-03
 8.99253561e-03
 9.30093970e-03
 9.55511851e-03
 9.78426098e-03
 9.93495117e-03
 9.97817600e-03
 9.97315326e-03
 9.96530641e-03
 9.91687415e-03
 9.79111019e-03
 9.60407396e-03
 9.37237819e-03
 9.11113666e-03
 8.84353703e-03
 8.56994349e-03
 8.27968889e-03
 7.96549641e-03
 7.62931409e-03
 7.29767846e-03
 6.99620048e-03
 6.70564569e-03
 6.37549995e-03
 5.98949951e-03
 5.56967614e-03
 5.10954349e-03
 4.58629599e-03
 4.03569012e-03
 3.51252773e-03
 3.00023236e-03
 2.44816725e-03
 1.86263288e-03
 1.28306789e-03
 6.97143564e-04
 4.97522336e-05
 -6.96430701e-04
 -1.52281529e-03
 -2.35191235e-03
 -3.10874404e-03
 -3.77661619e-03
 -4.40177316e-03
 -5.03595532e-03
 -5.65252854e-03
 -6.19827355e-03
 -6.68434581e-03
 -7.13546724e-03
 -7.53816701e-03
 -7.85319848e-03
 -8.04094275e-03
 -8.10316613e-03
 -8.05106402e-03
 -7.85176161e-03
 -7.50546861e-03
 -7.10235756e-03
 -6.70530443e-03
 -6.28402208e-03
 -5.82214692e-03
 -5.36630197e-03
 -4.94856814e-03
 -4.53435781e-03
 -4.07642529e-03
 -3.60122521e-03
 -3.19401285e-03
 -2.90395322e-03
 -2.68255207e-03
 -2.44640158e-03
 -2.19503676e-03
 -1.96677229e-03
 -1.74126638e-03
 -1.49813412e-03
 -1.26176339e-03
 -1.05637191e-03
 -9.21902319e-04
 -9.25201667e-04
 -1.07916618e-03
 -1.31888997e-03
 -1.58596207e-03
 -1.87627700e-03
 -2.21013214e-03
 -2.59610856e-03
 -3.01675277e-03
 -3.43008952e-03
 -3.80654435e-03
 -4.17059958e-03
 -4.54379209e-03
 -4.86509656e-03
 -5.05678347e-03
 -5.13871802e-03
 -5.21517833e-03
 -5.34442778e-03
 -5.47034870e-03
 -5.55557037e-03
 -5.69089565e-03
 -5.96170683e-03
 -6.31848181e-03
 -6.67484429e-03
 -7.02780195e-03
 -7.39523869e-03
 -7.72204462e-03
 -7.94309654e-03
 -8.07599874e-03
 -8.15756349e-03
 -8.18916678e-03
 -8.21080847e-03
 -8.27478117e-03
 -8.35305835e-03
 -8.40047751e-03
 -8.43400309e-03
 -8.48262765e-03
 -8.51755893e-03
 -8.43586353e-03
 -8.14210823e-03
 -7.68402807e-03
 -7.18734679e-03
 -6.67568074e-03
 -6.13548573e-03
 -5.62729486e-03
 -5.19178678e-03
 -4.80797715e-03
 -4.45008726e-03
 -4.08730193e-03
 -3.67716496e-03
 -3.19499954e-03
 -2.67436567e-03
 -2.17746710e-03
 -1.70695498e-03
 -1.22248322e-03
 -7.33299968e-04
 -3.00434699e-04
 4.16613380e-05
 3.12584844e-04
 5.49026200e-04
 7.96929559e-04
 1.10775941e-03
 1.48089674e-03
 1.85433597e-03
 2.19202536e-03
 2.52095515e-03
 2.85610595e-03
 3.16156777e-03
 3.41123619e-03
 3.62464587e-03
 3.83596137e-03
 4.05963476e-03
 4.28468916e-03
 4.50017685e-03
 4.71156076e-03
 4.92620553e-03
 5.14314485e-03
 5.35928760e-03
 5.57163535e-03
 5.76231550e-03
 5.89378177e-03
 5.94644092e-03
 5.95353182e-03
 5.96530971e-03
 5.97637458e-03
 5.94156195e-03
 5.86690589e-03
 5.80164192e-03
 5.76011386e-03
 5.74085011e-03
 5.77006898e-03
 5.84896468e-03
 5.93391315e-03
 6.01359904e-03
 6.10667387e-03
 6.18378734e-03
 6.18288163e-03
 6.07964683e-03
 5.90115020e-03
 5.67653480e-03
 5.40132997e-03
 5.07762866e-03
 4.75438229e-03
 4.50189472e-03
 4.35647987e-03
 4.28551874e-03
 4.23112916e-03
 4.18816099e-03
 4.17525320e-03
 4.15505322e-03
 4.08656833e-03
 4.00420431e-03
 3.95688227e-03
 3.95553506e-03
 4.01089488e-03
 4.12917356e-03
 4.28361092e-03
 4.44594508e-03
 4.59353849e-03
 4.68255622e-03
 4.68749693e-03
 4.63929876e-03
 4.56920434e-03
 4.46658954e-03
 4.35335957e-03
 4.29398359e-03
 4.27475965e-03
 4.22577606e-03
 4.14766565e-03
 4.08623887e-03
 4.04628497e-03
 3.99259462e-03
 3.88512337e-03
 3.72263028e-03
 3.56751922e-03
 3.46592784e-03
 3.38826281e-03
 3.31124156e-03
 3.26258391e-03
 3.26879928e-03
 3.33005518e-03
 3.43914409e-03
 3.60500152e-03
 3.83347323e-03
 4.10967035e-03
 4.41843200e-03
 4.73832825e-03
 5.03743000e-03
 5.26701147e-03
 5.35864563e-03
 5.31283506e-03
 5.23937950e-03
 5.20789663e-03
 5.15642148e-03
 5.03388624e-03
 4.89455702e-03
 4.80131370e-03
 4.75528320e-03
 4.72022807e-03
 4.66637063e-03
 4.60041089e-03
 4.55868736e-03
 4.57996783e-03
 4.68147018e-03
 4.86330098e-03
 5.11849268e-03
 5.40789676e-03
 5.69224083e-03
 5.99288104e-03
 6.32197662e-03
 6.62578643e-03
 6.86709158e-03
 7.04357961e-03
 7.14255099e-03
 7.16586629e-03
 7.13315620e-03
 7.06696665e-03
 7.00218436e-03
 6.96751390e-03
 6.98407085e-03
 7.07363819e-03
 7.23280740e-03
 7.42588733e-03
 7.61973465e-03
 7.82092549e-03
 8.04125980e-03
 8.23724496e-03
 8.38380710e-03
 8.55013344e-03
 8.79240709e-03
 9.07399970e-03
 9.34187892e-03
 9.59121969e-03
 9.84192013e-03
 1.00835225e-02
 1.02706981e-02
 1.03943099e-02
 1.05007227e-02
 1.05966768e-02
 1.06273977e-02
 1.05841950e-02
 1.05080095e-02
 1.03802615e-02
 1.01435401e-02
 9.82471285e-03
 9.51052700e-03
 9.19765691e-03
 8.80630732e-03
 8.34942349e-03
 7.94274332e-03
 7.63928446e-03
 7.38511251e-03
 7.15247449e-03
 6.96931075e-03
 6.81240544e-03
 6.64778874e-03
 6.53497031e-03
 6.51916846e-03
 6.51283998e-03
 6.42889541e-03
 6.31390897e-03
 6.24036727e-03
 6.18391166e-03
 6.06904465e-03
 5.87655675e-03
 5.68199404e-03
 5.57025986e-03
 5.53670966e-03
 5.53401283e-03
 5.59048869e-03
 5.77957202e-03
 6.07748603e-03
 6.38660428e-03
 6.67652362e-03
 6.95831980e-03
 7.18236990e-03
 7.28879402e-03
 7.30607149e-03
 7.31039589e-03
 7.31708295e-03
 7.29272349e-03
 7.24112247e-03
 7.19513170e-03
 7.17831671e-03
 7.19785165e-03
 7.20705071e-03
 7.16170648e-03
 7.12440168e-03
 7.15833097e-03
 7.21138026e-03
 7.22536179e-03
 7.23311968e-03
 7.29176394e-03
 7.39485428e-03
 7.49141387e-03
 7.55570942e-03
 7.60011939e-03
 7.63823673e-03
 7.64537250e-03
 7.58655557e-03
 7.47793213e-03
 7.35344054e-03
 7.20762347e-03
 7.03113789e-03
 6.86911495e-03
 6.78625562e-03
 6.77094738e-03
 6.75480063e-03
 6.71987651e-03
 6.68428738e-03
 6.64353527e-03
 6.59761598e-03
 6.55897343e-03
 6.52435524e-03
 6.48319864e-03
 6.43852378e-03
 6.41247842e-03
 6.44263005e-03
 6.55412340e-03
 6.73297711e-03
 6.93415053e-03
 7.12175550e-03
 7.31135730e-03
 7.50648040e-03
 7.61493034e-03
 7.54841722e-03
 7.33199023e-03
 7.03265966e-03
 6.68882652e-03
 6.33313799e-03
 5.99947880e-03
 5.71333581e-03
 5.48930656e-03
 5.31082759e-03
 5.13638862e-03
 4.95934804e-03
 4.80370724e-03
 4.63962150e-03
 4.42177574e-03
 4.17059314e-03
 3.90107075e-03
 3.62318557e-03
 3.40838704e-03
 3.26979823e-03
 3.11802159e-03
 2.93151534e-03
 2.78451764e-03
 2.70767395e-03
 2.66373998e-03
 2.61950983e-03
 2.56543498e-03
 2.49393406e-03
 2.39092440e-03
 2.25091117e-03
 2.08047567e-03
 1.86930095e-03
 1.58785009e-03
 1.24128241e-03
 8.84370081e-04
 5.64185660e-04
 2.71751032e-04
 -4.72991078e-05
 -4.27864814e-04
 -8.52739838e-04
 -1.28814909e-03
 -1.68816802e-03
 -1.99894465e-03
 -2.20271920e-03
 -2.29908268e-03
 -2.28851520e-03
 -2.20584363e-03
 -2.09487635e-03
 -1.96619220e-03
 -1.83175204e-03
 -1.73161107e-03
 -1.69897509e-03
 -1.75053220e-03
 -1.88094021e-03
 -2.04703700e-03
 -2.20315334e-03
 -2.32894354e-03
 -2.40305277e-03
 -2.39237343e-03
 -2.29766842e-03
 -2.16338841e-03
 -2.00719015e-03
 -1.82335173e-03
 -1.64719209e-03
 -1.50563747e-03
 -1.38377790e-03
 -1.29939669e-03
 -1.29230065e-03
 -1.34618578e-03
 -1.42400753e-03
 -1.54708943e-03
 -1.75183615e-03
 -2.01395591e-03
 -2.29098615e-03
 -2.59335463e-03
 -2.96660354e-03
 -3.41105540e-03
 -3.84794964e-03
 -4.21263075e-03
 -4.52994231e-03
 -4.84765437e-03
 -5.17560782e-03
 -5.51172294e-03
 -5.86469802e-03
 -6.22443808e-03
 -6.56145989e-03
 -6.89013879e-03
 -7.25312841e-03
 -7.64990245e-03
 -8.03661731e-03
 -8.36903087e-03
 -8.66401267e-03
 -8.97804107e-03
 -9.29338769e-03
 -9.53701413e-03
 -9.71205274e-03
 -9.88651721e-03
 -1.00583781e-02
 -1.01605414e-02
 -1.01984586e-02
 -1.02498686e-02
 -1.03377189e-02
 -1.04197271e-02
 -1.04788294e-02
 -1.05369806e-02
 -1.06059589e-02
 -1.06771628e-02
 -1.07449823e-02
 -1.08140123e-02
 -1.08942461e-02
 -1.10117554e-02
 -1.11956846e-02
 -1.14251682e-02
 -1.16354495e-02
 -1.17821124e-02
 -1.18658940e-02
 -1.19275219e-02
 -1.19951319e-02
 -1.20170549e-02
 -1.19477480e-02
 -1.18528336e-02
 -1.18026743e-02
 -1.17699336e-02
 -1.17229071e-02
 -1.17071255e-02
 -1.17695058e-02
 -1.18922986e-02
 -1.20551455e-02
 -1.22788996e-02
 -1.25682789e-02
 -1.28584830e-02
 -1.30749083e-02
 -1.32405943e-02
 -1.34145864e-02
 -1.35593876e-02
 -1.36093076e-02
 -1.35782703e-02
 -1.35012627e-02
 -1.33701516e-02
 -1.31857611e-02
 -1.30071534e-02
 -1.28977501e-02
 -1.28545541e-02
 -1.28223364e-02
 -1.27744129e-02
 -1.27491488e-02
 -1.27625783e-02
 -1.27525096e-02
 -1.26648939e-02
 -1.25078621e-02
 -1.23203079e-02
 -1.21285969e-02
 -1.19090646e-02
 -1.16545449e-02
 -1.14437711e-02
 -1.13263437e-02
 -1.12579062e-02
 -1.12051416e-02
 -1.11696917e-02
 -1.11354515e-02
 -1.10633993e-02
 -1.09185454e-02
 -1.07259670e-02
 -1.05546682e-02
 -1.04122545e-02
 -1.02265166e-02
 -9.94152675e-03
 -9.60135200e-03
 -9.29417270e-03
 -9.03828425e-03
 -8.80226570e-03
 -8.58385611e-03
 -8.42474968e-03
 -8.36249625e-03
 -8.38234885e-03
 -8.45201677e-03
 -8.56416984e-03
 -8.72731995e-03
 -8.93048505e-03
 -9.12012608e-03
 -9.26667915e-03
 -9.39685245e-03
 -9.51772955e-03
 -9.61602085e-03
 -9.70922566e-03
 -9.81643473e-03
 -9.92737750e-03
 -1.00331337e-02
 -1.01571238e-02
 -1.03412994e-02
 -1.05930674e-02
 -1.08604628e-02
 -1.10980953e-02
 -1.13230592e-02
 -1.15679379e-02
 -1.18268554e-02
 -1.20594858e-02
 -1.22275010e-02
 -1.23334392e-02
 -1.24024216e-02
 -1.24619668e-02
 -1.25550137e-02
 -1.26589283e-02
 -1.26810676e-02
 -1.26439917e-02
 -1.26548972e-02
 -1.26955132e-02
 -1.26898748e-02
 -1.26787919e-02
 -1.27513009e-02
 -1.28985731e-02
 -1.30386446e-02
 -1.31393610e-02
 -1.32378934e-02
 -1.33601142e-02
 -1.34877835e-02
 -1.35840949e-02
 -1.36188865e-02
 -1.35953944e-02
 -1.35300377e-02
 -1.34102882e-02
 -1.32282222e-02
 -1.29968026e-02
 -1.27236309e-02
 -1.24309044e-02
 -1.21509008e-02
 -1.19011696e-02
 -1.17000682e-02
 -1.15507760e-02
 -1.14321532e-02
 -1.13520389e-02
 -1.13290712e-02
 -1.13270410e-02
 -1.13030365e-02
 -1.12711064e-02
 -1.12569018e-02
 -1.12520232e-02
 -1.12407430e-02
 -1.12245759e-02
 -1.12110211e-02
 -1.11939155e-02
 -1.11530869e-02
 -1.10907247e-02
 -1.10305354e-02
 -1.09595073e-02
 -1.08452853e-02
 -1.07195972e-02
 -1.06606897e-02
 -1.06697807e-02
 -1.06433751e-02
 -1.05106102e-02
 -1.03221614e-02
 -1.01613887e-02
 -1.00345778e-02
 -9.89718210e-03
 -9.73600552e-03
 -9.57806599e-03
 -9.45645559e-03
 -9.37217739e-03
 -9.27235941e-03
 -9.11116419e-03
 -8.90013172e-03
 -8.65469852e-03
 -8.36437230e-03
 -8.01506175e-03
 -7.60030255e-03
 -7.14246960e-03
 -6.69132046e-03
 -6.27977207e-03
 -5.90926554e-03
 -5.57992422e-03
 -5.29236148e-03
 -5.03298950e-03
 -4.79758432e-03
 -4.59955255e-03
 -4.43836714e-03
 -4.28567743e-03
 -4.13050187e-03
 -4.02317998e-03
 -4.00058196e-03
 -4.01007448e-03
 -4.00682668e-03
 -4.01810987e-03
 -4.04438632e-03
 -4.05722896e-03
 -4.07564719e-03
 -4.10159218e-03
 -4.08944426e-03
 -4.04445131e-03
 -4.01627483e-03
 -4.00886686e-03
 -3.99464028e-03
 -3.96417154e-03
 -3.90895169e-03
 -3.82493248e-03
 -3.75440831e-03
 -3.73850689e-03
 -3.74329170e-03
 -3.71902108e-03
 -3.67690925e-03
 -3.64727098e-03
 -3.62856348e-03
 -3.60067407e-03
 -3.54096516e-03
 -3.44688555e-03
 -3.36135436e-03
 -3.30889357e-03
 -3.24449450e-03
 -3.15700598e-03
 -3.10810320e-03
 -3.10793222e-03
 -3.09479072e-03
 -3.03332577e-03
 -2.93553037e-03
 -2.81690638e-03
 -2.67719873e-03
 -2.52148877e-03
 -2.36883193e-03
 -2.22363485e-03
 -2.07343444e-03
 -1.91692128e-03
 -1.76295505e-03
 -1.61296211e-03
 -1.46353398e-03
 -1.31529630e-03
 -1.16300635e-03
 -9.71224773e-04
 -6.99009781e-04
 -3.68940314e-04
 -5.18627198e-05
 2.22396676e-04
 5.02234039e-04
 8.42629757e-04
 1.20245369e-03
 1.49758018e-03
 1.72373747e-03
 1.91708080e-03
 2.07666644e-03
 2.18105613e-03
 2.21540800e-03
 2.19440511e-03
 2.15038465e-03
 2.08281761e-03
 1.97364702e-03
 1.83674063e-03
 1.68875898e-03
 1.50884971e-03
 1.27878093e-03
 1.01520953e-03
 7.45648637e-04
 4.86580761e-04
 2.47610388e-04
 3.98703940e-05
 -1.33389657e-04
 -2.81513054e-04
 -4.19676603e-04
 -5.64163434e-04
 -7.30909399e-04
 -9.28841355e-04
 -1.14100860e-03
 -1.33750805e-03
 -1.50475212e-03
 -1.64382628e-03
 -1.76891703e-03
 -1.88234540e-03
 -1.94664504e-03
 -1.93922471e-03
 -1.87891597e-03
 -1.76557147e-03
 -1.57764596e-03
 -1.31911886e-03
 -1.01931692e-03
 -6.98311897e-04
 -3.48310963e-04
 4.14037951e-05
 4.49335968e-04
 8.29038885e-04
 1.15707817e-03
 1.45387801e-03
 1.75736875e-03
 2.08874932e-03
 2.42240067e-03
 2.72157648e-03
 3.00412435e-03
 3.30955600e-03
 3.64116073e-03
 3.96196833e-03
 4.23407836e-03
 4.47199293e-03
 4.71161690e-03
 4.95068218e-03
 5.15538328e-03
 5.29527266e-03
 5.37404671e-03
 5.41026869e-03
 5.42091533e-03
 5.44539676e-03
 5.49490908e-03
 5.51937831e-03
 5.50233307e-03
 5.48851402e-03
 5.49074620e-03
 5.46522630e-03
 5.38820406e-03
 5.29156183e-03
 5.18749833e-03
 5.03009173e-03
 4.81498320e-03
 4.62241192e-03
 4.49738788e-03
 4.38647480e-03
 4.24416480e-03
 4.11680942e-03
 4.07131251e-03
 4.09121113e-03
 4.09753059e-03
 4.04642194e-03
 3.95439555e-03
 3.85120367e-03
 3.75281918e-03
 3.66036778e-03
 3.57585880e-03
 3.52824462e-03
 3.53284251e-03
 3.54610784e-03
 3.53112934e-03
 3.50854228e-03
 3.50468838e-03
 3.50002075e-03
 3.43631120e-03
 3.28927009e-03
 3.12048733e-03
 2.99125578e-03
 2.88007660e-03
 2.74087466e-03
 2.56693650e-03
 2.38987139e-03
 2.23664385e-03
 2.06044448e-03
 1.80340580e-03
 1.52538967e-03
 1.29865972e-03
 1.07622533e-03
 8.28514980e-04
 6.34688019e-04
 5.47518247e-04
 5.25172048e-04
 5.12435553e-04
 4.85408145e-04
 4.22656150e-04
 3.01532571e-04
 1.39140038e-04
 -1.41784901e-05
 -1.48123740e-04
 -3.10698248e-04
 -5.21645621e-04
 -7.32844130e-04
 -9.22830231e-04
 -1.11419292e-03
 -1.28404645e-03
 -1.41190140e-03
 -1.54371396e-03
 -1.69910166e-03
 -1.82737452e-03
 -1.90668764e-03
 -2.00043911e-03
 -2.15361932e-03
 -2.30755980e-03
 -2.41536140e-03
 -2.53157115e-03
 -2.69953405e-03
 -2.90087449e-03
 -3.13875301e-03
 -3.42368887e-03
 -3.71763792e-03
 -3.98980582e-03
 -4.24921607e-03
 -4.47604902e-03
 -4.63624264e-03
 -4.75743268e-03
 -4.85384683e-03
 -4.86221844e-03
 -4.76322475e-03
 -4.63332662e-03
 -4.53057888e-03
 -4.43900695e-03
 -4.32882029e-03
 -4.20954860e-03
 -4.11346602e-03
 -4.03695342e-03
 -3.93631459e-03
 -3.80459155e-03
 -3.67660416e-03
 -3.53812399e-03
 -3.33193815e-03
 -3.06320840e-03
 -2.80052800e-03
 -2.57025590e-03
 -2.34503130e-03
 -2.12673109e-03
 -1.94589306e-03
 -1.82150422e-03
 -1.77617002e-03
 -1.80096756e-03
 -1.82681524e-03
 -1.81808201e-03
 -1.81169994e-03
 -1.83280873e-03
 -1.86345706e-03
 -1.88850614e-03
 -1.91317819e-03
 -1.94279299e-03
 -1.97323104e-03
 -2.00074811e-03
 -2.03637764e-03
 -2.09792921e-03
 -2.16585487e-03
 -2.20590251e-03
 -2.24429200e-03
 -2.30782058e-03
 -2.35612446e-03
 -2.38793105e-03
 -2.48731661e-03
 -2.68742148e-03
 -2.92062553e-03
 -3.14452284e-03
 -3.39762207e-03
 -3.70460296e-03
 -4.01803541e-03
 -4.27396457e-03
 -4.44294599e-03
 -4.51698895e-03
 -4.51811144e-03
 -4.52493510e-03
 -4.59379309e-03
 -4.67805584e-03
 -4.71930049e-03
 -4.73919031e-03
 -4.77717250e-03
 -4.82796696e-03
 -4.87208976e-03
 -4.90986991e-03
 -4.95029675e-03
 -4.99344143e-03
 -5.04266749e-03
 -5.12962529e-03
 -5.27922387e-03
 -5.44123259e-03
 -5.54103438e-03
 -5.58224040e-03
 -5.61863569e-03
 -5.67554189e-03
 -5.73255814e-03
 -5.74193780e-03
 -5.67647325e-03
 -5.55596451e-03
 -5.39328307e-03
 -5.18144495e-03
 -4.95210088e-03
 -4.74499682e-03
 -4.54530643e-03
 -4.34168075e-03
 -4.18913770e-03
 -4.11835337e-03
 -4.05957134e-03
 -3.95504702e-03
 -3.83940575e-03
 -3.75196873e-03
 -3.66154212e-03
 -3.49963322e-03
 -3.25715748e-03
 -3.01753107e-03
 -2.85744290e-03
 -2.77719416e-03
 -2.75072142e-03
 -2.76882059e-03
 -2.81482550e-03
 -2.85784029e-03
 -2.89054661e-03
 -2.93016584e-03
 -2.98248006e-03
 -3.03727259e-03
 -3.08799012e-03
 -3.13615511e-03
 -3.19172830e-03
 -3.28484384e-03
 -3.45111083e-03
 -3.68639387e-03
 -3.95017962e-03
 -4.22858423e-03
 -4.53883259e-03
 -4.85394107e-03
 -5.09120941e-03
 -5.21628985e-03
 -5.29652756e-03
 -5.39006812e-03
 -5.47205323e-03
 -5.52310013e-03
 -5.57117190e-03
 -5.62990682e-03
 -5.68590083e-03
 -5.75136027e-03
 -5.86597981e-03
 -5.99283145e-03
 -6.01710237e-03
 -5.92428212e-03
 -5.80806182e-03
 -5.67325771e-03
 -5.43203643e-03
 -5.08326370e-03
 -4.72060983e-03
 -4.39092418e-03
 -4.07095607e-03
 -3.75574434e-03
 -3.47388072e-03
 -3.23438576e-03
 -3.02480933e-03
 -2.85013394e-03
 -2.73311977e-03
 -2.66228152e-03
 -2.58667266e-03
 -2.48853342e-03
 -2.39618429e-03
 -2.31449862e-03
 -2.19765392e-03
 -2.00772570e-03
 -1.77726378e-03
 -1.55988522e-03
 -1.32868829e-03
 -1.01727965e-03
 -6.43913012e-04
 -2.94556104e-04
 -8.52887678e-06
 2.43133430e-04
 4.78276922e-04
 6.62629631e-04
 7.56700271e-04
 7.56576862e-04
 7.03593640e-04
 6.53596362e-04
 5.99524746e-04
 4.88577324e-04
 3.22288505e-04
 1.71511748e-04
 1.03878420e-04
 1.22025693e-04
 1.98408806e-04
 3.44050273e-04
 5.59247583e-04
 7.81577990e-04
 9.72685864e-04
 1.15632342e-03
 1.33599357e-03
 1.48227931e-03
 1.57919525e-03
 1.61463143e-03
 1.58256746e-03
 1.51780772e-03
 1.46626802e-03
 1.43551082e-03
 1.42965259e-03
 1.47512049e-03
 1.56170723e-03
 1.64605165e-03
 1.74568029e-03
 1.92127218e-03
 2.15622413e-03
 2.37504672e-03
 2.55417463e-03
 2.71248056e-03
 2.85025146e-03
 2.94438283e-03
 2.96775248e-03
 2.92431064e-03
 2.86349697e-03
 2.84508329e-03
 2.89061314e-03
 2.95999706e-03
 3.00244255e-03
 3.02428974e-03
 3.06953493e-03
 3.14359896e-03
 3.20248616e-03
 3.24362091e-03
 3.31253785e-03
 3.40627216e-03
 3.50799058e-03
 3.66272567e-03
 3.87821262e-03
 4.07372518e-03
 4.23141995e-03
 4.42292391e-03
 4.67940219e-03
 4.99192058e-03
 5.34618985e-03
 5.69911662e-03
 6.01317494e-03
 6.27959639e-03
 6.48659401e-03
 6.62394161e-03
 6.71054282e-03
 6.78500587e-03
 6.84837114e-03
 6.84457886e-03
 6.76058932e-03
 6.66285989e-03
 6.58506439e-03
 6.51156958e-03
 6.44556373e-03
 6.39671155e-03
 6.35881506e-03
 6.33120574e-03
 6.34310000e-03
 6.41129794e-03
 6.46690235e-03
 6.42197240e-03
 6.30492390e-03
 6.20571978e-03
 6.11215077e-03
 5.94512620e-03
 5.71618925e-03
 5.50450687e-03
 5.33939942e-03
 5.20162115e-03
 5.05783402e-03
 4.89830920e-03
 4.77917460e-03
 4.73037254e-03
 4.68531104e-03
 4.58315363e-03
 4.42164988e-03
 4.21740151e-03
 4.00339244e-03
 3.80515392e-03
 3.59512746e-03
 3.34569178e-03
 3.09902644e-03
 2.91077475e-03
 2.78791750e-03
 2.72364336e-03
 2.72196494e-03
 2.77052157e-03
 2.82869242e-03
 2.85589570e-03
 2.84361440e-03
 2.81730194e-03
 2.77707971e-03
 2.65871250e-03
 2.44045054e-03
 2.20572594e-03
 1.99995138e-03
 1.74992195e-03
 1.40448045e-03
 1.02795230e-03
 6.88683014e-04
 3.82110949e-04
 1.06598325e-04
 -1.19480728e-04
 -3.19961321e-04
 -5.10143867e-04
 -6.40202395e-04
 -6.89074539e-04
 -7.10328248e-04
 -7.54194546e-04
 -8.21826157e-04
 -8.86009063e-04
 -9.42071742e-04
 -1.00103229e-03
 -1.04953058e-03
 -1.08232436e-03
 -1.10467080e-03
 -1.09589870e-03
 -1.06175166e-03
 -1.06516971e-03
 -1.11138852e-03
 -1.11940942e-03
 -1.08541115e-03
 -1.08241819e-03
 -1.09280693e-03
 -1.04855880e-03
 -9.87465800e-04
 -1.00819654e-03
 -1.11070000e-03
 -1.20666363e-03
 -1.26059977e-03
 -1.31352548e-03
 -1.39233240e-03
 -1.47955801e-03
 -1.55791465e-03
 -1.63401769e-03
 -1.71356919e-03
 -1.77674465e-03
 -1.81710353e-03
 -1.87475028e-03
 -1.96935939e-03
 -2.06425790e-03
 -2.13739096e-03
 -2.20938238e-03
 -2.29470535e-03
 -2.38334851e-03
 -2.47295452e-03
 -2.60248993e-03
 -2.81407568e-03
 -3.06452940e-03
 -3.26505806e-03
 -3.41875795e-03
 -3.60531644e-03
 -3.83080910e-03
 -4.02978092e-03
 -4.19304482e-03
 -4.34895343e-03
 -4.50215081e-03
 -4.66931885e-03
 -4.86029846e-03
 -5.03618342e-03
 -5.17616525e-03
 -5.31387068e-03
 -5.45607055e-03
 -5.56118225e-03
 -5.61228425e-03
 -5.63400357e-03
 -5.65370600e-03
 -5.68447359e-03
 -5.73609254e-03
 -5.81740836e-03
 -5.91720696e-03
 -6.02058867e-03
 -6.13067183e-03
 -6.25362718e-03
 -6.39086516e-03
 -6.51946592e-03
 -6.60801122e-03
 -6.66522265e-03
 -6.69094050e-03
 -6.65578731e-03
 -6.58178434e-03
 -6.50345983e-03
 -6.38383792e-03
 -6.19763946e-03
 -5.99954049e-03
 -5.83060885e-03
 -5.66577093e-03
 -5.48132969e-03
 -5.28912727e-03
 -5.11054308e-03
 -4.96493252e-03
 -4.85478437e-03
 -4.75659166e-03
 -4.66612384e-03
 -4.60771108e-03
 -4.57326616e-03
 -4.52284134e-03
 -4.43570229e-03
 -4.32640835e-03
 -4.23919867e-03
 -4.20219256e-03
 -4.18236834e-03
 -4.13803418e-03
 -4.08384531e-03
 -4.03873498e-03
 -3.96036620e-03
 -3.81941587e-03
 -3.66125587e-03
 -3.51576792e-03
 -3.36005993e-03
 -3.18873809e-03
 -3.01984962e-03
 -2.85558141e-03
 -2.68734335e-03
 -2.51524161e-03
 -2.34911637e-03
 -2.21485867e-03
 -2.14480237e-03
 -2.12627999e-03
 -2.10708199e-03
 -2.08996068e-03
 -2.13267187e-03
 -2.22177757e-03
 -2.27034242e-03
 -2.23918679e-03
 -2.13904337e-03
 -1.98412851e-03
 -1.81716967e-03
 -1.67602878e-03
 -1.54452819e-03
 -1.41756962e-03
 -1.34506737e-03
 -1.35584098e-03
 -1.40570251e-03
 -1.43316927e-03
 -1.41727725e-03
 -1.37492946e-03
 -1.33710333e-03
 -1.31751369e-03
 -1.29419588e-03
 -1.23267276e-03
 -1.12854476e-03
 -1.01087455e-03
 -8.87958928e-04
 -7.36751757e-04
 -5.62972758e-04
 -3.97926620e-04
 -2.41924321e-04
 -7.70255787e-05
 9.38817888e-05
 2.65176161e-04
 4.63625349e-04
 7.28699642e-04
 1.04263607e-03
 1.31956600e-03
 1.50335046e-03
 1.63886482e-03
 1.80265601e-03
 1.98904528e-03
 2.11254729e-03
 2.14087796e-03
 2.16474753e-03
 2.24253494e-03
 2.29353133e-03
 2.27030085e-03
 2.23299751e-03
 2.19409196e-03
 2.11993449e-03
 2.02900487e-03
 1.94426241e-03
 1.86898979e-03
 1.82489055e-03
 1.82502877e-03
 1.84443418e-03
 1.83568763e-03
 1.78172434e-03
 1.74573683e-03
 1.80663753e-03
 1.95533089e-03
 2.11946690e-03
 2.25704577e-03
 2.38384174e-03
 2.52656351e-03
 2.68378274e-03
 2.84024046e-03
 2.99156560e-03
 3.14245591e-03
 3.29458718e-03
 3.44729822e-03
 3.60220769e-03
 3.75174201e-03
 3.87833319e-03
 3.99679581e-03
 4.14046498e-03
 4.27871436e-03
 4.36419502e-03
 4.42175863e-03
 4.47673167e-03
 4.50863744e-03
 4.52056086e-03
 4.53946259e-03
 4.56516926e-03
 4.58262907e-03
 4.59212221e-03
 4.61122878e-03
 4.66605687e-03
 4.75152870e-03
 4.80749826e-03
 4.80352842e-03
 4.79399729e-03
 4.82061695e-03
 4.85428977e-03
 4.86670570e-03
 4.87126808e-03
 4.88542143e-03
 4.90443461e-03
 4.91749456e-03
 4.92669024e-03
 4.96066940e-03
 5.06511525e-03
 5.23539036e-03
 5.42207687e-03
 5.61727232e-03
 5.81137887e-03
 5.96042907e-03
 6.08347050e-03
 6.23709044e-03
 6.41443979e-03
 6.57658217e-03
 6.70973722e-03
 6.81180905e-03
 6.87943796e-03
 6.91750912e-03
 6.95212143e-03
 7.02377529e-03
 7.12303139e-03
 7.16964307e-03
 7.12317992e-03
 7.04739644e-03
 7.00956258e-03
 6.99468633e-03
 6.96144326e-03
 6.92227968e-03
 6.90945283e-03
 6.88581675e-03
 6.78711098e-03
 6.63006049e-03
 6.48201459e-03
 6.37552385e-03
 6.29072081e-03
 6.18822005e-03
 6.06625158e-03
 5.97755324e-03
 5.95950858e-03
 5.97305160e-03
 5.97461630e-03
 5.98153951e-03
 6.00774506e-03
 6.03441127e-03
 6.05429079e-03
 6.07787641e-03
 6.10481001e-03
 6.09888354e-03
 6.01602924e-03
 5.89302116e-03
 5.81552196e-03
 5.79327622e-03
 5.79776456e-03
 5.82405754e-03
 5.84892891e-03
 5.85453436e-03
 5.86255808e-03
 5.88782423e-03
 5.91640181e-03
 5.93759968e-03
 5.95767959e-03
 5.98168775e-03
 6.00634259e-03
 6.03322738e-03
 6.07752365e-03
 6.14039202e-03
 6.18598338e-03
 6.20045877e-03
 6.23452535e-03
 6.32641979e-03
 6.43910628e-03
 6.52524102e-03
 6.59538620e-03
 6.67919450e-03
 6.77544556e-03
 6.86578315e-03
 6.93171047e-03
 6.95833964e-03
 6.94771453e-03
 6.91285013e-03
 6.86819305e-03
 6.82856595e-03
 6.78873975e-03
 6.71890170e-03
 6.59928322e-03
 6.44101358e-03
 6.26009904e-03
 6.05170030e-03
 5.81012513e-03
 5.55505041e-03
 5.31536587e-03
 5.10600576e-03
 4.93595676e-03
 4.82251147e-03
 4.77561329e-03
 4.76534637e-03
 4.74277579e-03
 4.70679882e-03
 4.70072819e-03
 4.71928695e-03
 4.68767086e-03
 4.58189773e-03
 4.45999695e-03
 4.33942150e-03
 4.19434607e-03
 4.03270793e-03
 3.85521903e-03
 3.63370923e-03
 3.37391468e-03
 3.10944297e-03
 2.84131654e-03
 2.56534750e-03
 2.30873949e-03
 2.07380666e-03
 1.82769853e-03
 1.56407440e-03
 1.31009228e-03
 1.10204621e-03
 9.62315760e-04
 8.61373557e-04
 7.44026337e-04
 5.95102935e-04
 4.24145046e-04
 2.34707814e-04
 4.29554232e-05
 -1.35299389e-04
 -3.10770614e-04
 -4.87881090e-04
 -6.49278153e-04
 -7.97691190e-04
 -9.44341861e-04
 -1.07616619e-03
 -1.18264319e-03
 -1.27208857e-03
 -1.37124731e-03
 -1.50172056e-03
 -1.63051850e-03
 -1.70527568e-03
 -1.73745861e-03
 -1.79263365e-03
 -1.90769931e-03
 -2.04027459e-03
 -2.11835305e-03
 -2.13114752e-03
 -2.11888529e-03
 -2.10561775e-03
 -2.09496203e-03
 -2.09601634e-03
 -2.12715048e-03
 -2.19967336e-03
 -2.30655356e-03
 -2.42556259e-03
 -2.52316302e-03
 -2.57794419e-03
 -2.61242430e-03
 -2.66309884e-03
 -2.72892173e-03
 -2.80235105e-03
 -2.90377321e-03
 -3.03295031e-03
 -3.15643516e-03
 -3.26050773e-03
 -3.33787871e-03
 -3.36932727e-03
 -3.38521348e-03
 -3.42796448e-03
 -3.45782603e-03
 -3.43502092e-03
 -3.38724213e-03
 -3.31360584e-03
 -3.18062835e-03
 -3.01559692e-03
 -2.87209624e-03
 -2.74633180e-03
 -2.60266852e-03
 -2.42730030e-03
 -2.23968748e-03
 -2.08055383e-03
 -1.95831927e-03
 -1.83283637e-03
 -1.68385558e-03
 -1.53190653e-03
 -1.39530620e-03
 -1.28106924e-03
 -1.18352719e-03
 -1.08793413e-03
 -1.01700477e-03
 -1.00659611e-03
 -1.02364584e-03
 -1.01598465e-03
 -1.01395172e-03
 -1.08652571e-03
 -1.23112413e-03
 -1.37088401e-03
 -1.43589115e-03
 -1.42138866e-03
 -1.38973012e-03
 -1.39631923e-03
 -1.42268314e-03
 -1.42772033e-03
 -1.41498965e-03
 -1.40897084e-03
 -1.40597873e-03
 -1.35983543e-03
 -1.22996059e-03
 -1.05468459e-03
 -8.94893423e-04
 -7.44738865e-04
 -5.91234192e-04
 -4.48571532e-04
 -3.08931822e-04
 -1.57372963e-04
 -1.72480548e-06
 1.47874752e-04
 2.88382891e-04
 4.11054243e-04
 5.18214269e-04
 6.24866382e-04
 7.22617881e-04
 7.94850138e-04
 8.40238629e-04
 8.58993632e-04
 8.65342909e-04
 8.83054226e-04
 9.04462614e-04
 8.87754541e-04
 8.01330967e-04
 6.62573177e-04
 5.09057713e-04
 3.40401250e-04
 1.29784964e-04
 -1.23072445e-04
 -3.84947207e-04
 -6.33078649e-04
 -8.77643666e-04
 -1.13284567e-03
 -1.39414605e-03
 -1.65124383e-03
 -1.90392000e-03
 -2.16455773e-03
 -2.44974252e-03
 -2.74686069e-03
 -3.01531281e-03
 -3.25351555e-03
 -3.50232045e-03
 -3.76714434e-03
 -4.00986115e-03
 -4.22357078e-03
 -4.44237694e-03
 -4.68538707e-03
 -4.93590210e-03
 -5.13775340e-03
 -5.25545647e-03
 -5.35070961e-03
 -5.47627884e-03
 -5.56152818e-03
 -5.54880799e-03
 -5.50508320e-03
 -5.47963501e-03
 -5.42395230e-03
 -5.30340604e-03
 -5.15170518e-03
 -5.00438056e-03
 -4.83443212e-03
 -4.59977030e-03
 -4.33464450e-03
 -4.08941707e-03
 -3.84506370e-03
 -3.59630540e-03
 -3.38060508e-03
 -3.18520435e-03
 -2.97696380e-03
 -2.78535096e-03
 -2.64240430e-03
 -2.51278869e-03
 -2.35068923e-03
 -2.14959551e-03
 -1.93412524e-03
 -1.75296078e-03
 -1.62325492e-03
 -1.49594614e-03
 -1.33593106e-03
 -1.17770091e-03
 -1.07114592e-03
 -1.02111268e-03
 -9.99531494e-04
 -9.73489034e-04
 -8.99912366e-04
 -7.67510965e-04
 -6.32720830e-04
 -5.25065644e-04
 -4.00567915e-04
 -2.43396019e-04
 -9.93310191e-05
 6.39870837e-06
 9.33351736e-05
 1.56049351e-04
 1.68858391e-04
 1.52166455e-04
 1.38399714e-04
 1.36738513e-04
 1.42674863e-04
 1.30859405e-04
 9.45551452e-05
 6.55119290e-05
 5.16575848e-05
 3.09347412e-06
 -1.17445675e-04
 -2.52416560e-04
 -3.18885564e-04
 -3.37291650e-04
 -3.99419066e-04
 -5.34092463e-04
 -6.70330310e-04
 -7.49672069e-04
 -8.09729330e-04
 -9.02292566e-04
 -1.02650482e-03
 -1.16171507e-03
 -1.27595228e-03
 -1.34401058e-03
 -1.39974678e-03
 -1.48112490e-03
 -1.53614541e-03
 -1.51899547e-03
 -1.49074782e-03
 -1.49951085e-03
 -1.49680034e-03
 -1.44988770e-03
 -1.41245625e-03
 -1.41968460e-03
 -1.42559372e-03
 -1.38424585e-03
 -1.30194167e-03
 -1.21469570e-03
 -1.14339637e-03
 -1.05516204e-03
 -8.96203745e-04
 -6.72857022e-04
 -4.48324271e-04
 -2.55301239e-04
 -8.28053874e-05
 7.21609753e-05
 2.07630454e-04
 3.28633861e-04
 4.47996545e-04
 5.85506994e-04
 7.13966246e-04
 7.68000805e-04
 7.49587754e-04
 7.16189192e-04
 6.87988777e-04
 6.68746953e-04
 6.81417304e-04
 7.38086044e-04
 8.41231572e-04
 9.82963755e-04
 1.12841515e-03
 1.25637802e-03
 1.38473353e-03
 1.52738221e-03
 1.68954200e-03
 1.89988557e-03
 2.14624067e-03
 2.33789177e-03
 2.44728038e-03
 2.56118920e-03
 2.72512460e-03
 2.89341294e-03
 3.03489178e-03
 3.16825775e-03
 3.30253605e-03
 3.40980423e-03
 3.47762591e-03
 3.53201377e-03
 3.57578104e-03
 3.58584083e-03
 3.57686328e-03
 3.58812827e-03
 3.63926489e-03
 3.71230916e-03
 3.75771065e-03
 3.78417384e-03
 3.87496382e-03
 4.02966458e-03
 4.15008282e-03
 4.20617959e-03
 4.23177339e-03
 4.23390010e-03
 4.22636951e-03
 4.23348322e-03
 4.23593751e-03
 4.19378369e-03
 4.11254757e-03
 4.03857968e-03
 3.99783949e-03
 3.96768877e-03
 3.91050635e-03
 3.83950427e-03
 3.79232435e-03
 3.75770579e-03
 3.70818506e-03
 3.64183071e-03
 3.59112275e-03
 3.59571118e-03
 3.63563292e-03
 3.66960800e-03
 3.71273401e-03
 3.79872724e-03
 3.90276205e-03
 3.97521856e-03
 4.02598222e-03
 4.07950656e-03
 4.11144012e-03
 4.12315007e-03
 4.17486197e-03
 4.29002229e-03
 4.43229966e-03
 4.57154330e-03
 4.70338871e-03
 4.83623819e-03
 4.97750366e-03
 5.12402435e-03
 5.26965968e-03
 5.41322462e-03
 5.55637533e-03
 5.69638217e-03
 5.81990577e-03
 5.92377994e-03
 6.04067222e-03
 6.19160839e-03
 6.34481459e-03
 6.47469041e-03
 6.59829763e-03
 6.73476111e-03
 6.87748337e-03
 6.99530956e-03
 7.04987241e-03
 7.04473415e-03
 7.03715299e-03
 7.05700438e-03
 7.06218762e-03
 7.02696496e-03
 7.00090288e-03
 7.02018102e-03
 7.05869648e-03
 7.08729832e-03
 7.09162494e-03
 7.07483258e-03
 7.06465102e-03
 7.07126004e-03
 7.07649669e-03
 7.07146526e-03
 7.06430832e-03
 7.06072694e-03
 7.05838980e-03
 7.05462873e-03
 7.05061172e-03
 7.04215146e-03
 7.01350239e-03
 6.97204687e-03
 6.95803699e-03
 6.97649669e-03
 6.98651233e-03
 6.97392247e-03
 6.96184225e-03
 6.96252239e-03
 6.96602162e-03
 6.96402519e-03
 6.96002603e-03
 6.95812577e-03
 6.95714252e-03
 6.96057110e-03
 6.98914297e-03
 7.05720976e-03
 7.13759707e-03
 7.19886108e-03
 7.25116538e-03
 7.31593786e-03
 7.38223630e-03
 7.41309525e-03
 7.40106140e-03
 7.38784375e-03
 7.39866418e-03
 7.41082635e-03
 7.40639351e-03
 7.39780699e-03
 7.39611684e-03
 7.39687884e-03
 7.39568693e-03
 7.40136095e-03
 7.43853207e-03
 7.51459415e-03
 7.59575301e-03
 7.64882372e-03
 7.66665746e-03
 7.65938424e-03
 7.65378820e-03
 7.66429420e-03
 7.67506018e-03
 7.68255621e-03
 7.70958688e-03
 7.74628810e-03
 7.74870431e-03
 7.73694742e-03
 7.79267383e-03
 7.91899009e-03
 8.03995965e-03
 8.13970209e-03
 8.25451343e-03
 8.39286729e-03
 8.55145894e-03
 8.71334797e-03
 8.85232306e-03
 9.00081825e-03
 9.19654418e-03
 9.38135894e-03
 9.49888323e-03
 9.59806748e-03
 9.73353966e-03
 9.88314731e-03
 1.00137135e-02
 1.01326144e-02
 1.02576931e-02
 1.03728130e-02
 1.04339484e-02
 1.04431235e-02
 1.04500684e-02
 1.04615697e-02
 1.04533039e-02
 1.04344300e-02
 1.04312046e-02
 1.04692551e-02
 1.05690285e-02
 1.06994117e-02
 1.07929981e-02
 1.08571997e-02
 1.09637287e-02
 1.11140525e-02
 1.12499732e-02
 1.13544210e-02
 1.14356890e-02
 1.14864023e-02
 1.15032243e-02
 1.14984557e-02
 1.15001898e-02
 1.15348635e-02
 1.15686427e-02
 1.15368544e-02
 1.14539746e-02
 1.13610859e-02
 1.12367964e-02
 1.10817935e-02
 1.09261044e-02
 1.07263988e-02
 1.04378847e-02
 1.01411484e-02
 9.94423152e-03
 9.80865143e-03
 9.60669272e-03
 9.32650097e-03
 9.09314020e-03
 8.97164874e-03
 8.87521497e-03
 8.71510449e-03
 8.50466920e-03
 8.27962387e-03
 8.04131911e-03
 7.80245763e-03
 7.59408734e-03
 7.40441761e-03
 7.18611225e-03
 6.91801280e-03
 6.62812558e-03
 6.38347154e-03
 6.22506113e-03
 6.10591721e-03
 5.95649031e-03
 5.78015678e-03
 5.62890645e-03
 5.52309383e-03
 5.43642419e-03
 5.35872777e-03
 5.29283228e-03
 5.18893285e-03
 5.01962574e-03
 4.84871371e-03
 4.71829859e-03
 4.59253219e-03
 4.44310651e-03
 4.28615877e-03
 4.14869002e-03
 4.04991068e-03
 3.99214711e-03
 3.96131809e-03
 3.92150611e-03
 3.82538896e-03
 3.69464471e-03
 3.60409473e-03
 3.54362099e-03
 3.44411644e-03
 3.32061394e-03
 3.22583536e-03
 3.12570739e-03
 2.97194716e-03
 2.80237935e-03
 2.66185429e-03
 2.53144334e-03
 2.39612027e-03
 2.28696097e-03
 2.21655068e-03
 2.16945314e-03
 2.16785680e-03
 2.21721849e-03
 2.23956476e-03
 2.19491462e-03
 2.16119225e-03
 2.21761715e-03
 2.33787377e-03
 2.42643070e-03
 2.43581936e-03
 2.40728315e-03
 2.39142976e-03
 2.37992837e-03
 2.33000283e-03
 2.24024403e-03
 2.15829055e-03
 2.11479615e-03
 2.08994902e-03
 2.02421777e-03
 1.88155217e-03
 1.71220140e-03
 1.59014637e-03
 1.50934802e-03
 1.41343467e-03
 1.30195996e-03
 1.21623650e-03
 1.15003837e-03
 1.07295703e-03
 1.00169082e-03
 9.59498571e-04
 8.96644013e-04
 7.54961617e-04
 5.75951189e-04
 4.31047924e-04
 3.10583332e-04
 1.72552708e-04
 3.19572591e-05
 -6.66182807e-05
 -1.32567232e-04
 -2.27695783e-04
 -3.82269255e-04
 -5.57841523e-04
 -7.09391308e-04
 -8.41610978e-04
 -9.62921929e-04
 -1.04299157e-03
 -1.08093679e-03
 -1.12509207e-03
 -1.18167688e-03
 -1.22805403e-03
 -1.27909386e-03
 -1.34323311e-03
 -1.39808411e-03
 -1.43125623e-03
 -1.46584350e-03
 -1.52973102e-03
 -1.60629440e-03
 -1.66463925e-03
 -1.69492775e-03
 -1.69549783e-03
 -1.68321578e-03
 -1.68072841e-03
 -1.66817046e-03
 -1.60793787e-03
 -1.52338474e-03
 -1.49265489e-03
 -1.54060345e-03
 -1.59902636e-03
 -1.61616580e-03
 -1.62158599e-03
 -1.65102161e-03
 -1.69348513e-03
 -1.72791283e-03
 -1.76142475e-03
 -1.82414000e-03
 -1.92847426e-03
 -2.04313231e-03
 -2.14456894e-03
 -2.25377435e-03
 -2.36094247e-03
 -2.41050553e-03
 -2.41394298e-03
 -2.44050456e-03
 -2.49680808e-03
 -2.53906122e-03
 -2.57046391e-03
 -2.65472190e-03
 -2.83004475e-03
 -3.05492527e-03
 -3.28394511e-03
 -3.52840222e-03
 -3.79794963e-03
 -4.07001968e-03
 -4.32869417e-03
 -4.57146052e-03
 -4.79942628e-03
 -5.00304093e-03
 -5.15139094e-03
 -5.24048879e-03
 -5.29918864e-03
 -5.31687634e-03
 -5.26606719e-03
 -5.18521636e-03
 -5.12454889e-03
 -5.05919788e-03
 -4.95674837e-03
 -4.84521652e-03
 -4.75096523e-03
 -4.66835326e-03
 -4.59919815e-03
 -4.54162154e-03
 -4.48720155e-03
 -4.44267185e-03
 -4.37942369e-03
 -4.25061717e-03
 -4.08425134e-03
 -3.92263110e-03
 -3.74657323e-03
 -3.54678032e-03
 -3.35851514e-03
 -3.20307324e-03
 -3.05600589e-03
 -2.89736740e-03
 -2.75985572e-03
 -2.67794786e-03
 -2.64077100e-03
 -2.61990783e-03
 -2.60179416e-03
 -2.60634092e-03
 -2.65497520e-03
 -2.71975406e-03
 -2.76603494e-03
 -2.79642129e-03
 -2.80813347e-03
 -2.79947158e-03
 -2.81555900e-03
 -2.88344866e-03
 -2.95646646e-03
 -2.99737501e-03
 -3.03039815e-03
 -3.08016413e-03
 -3.13731768e-03
 -3.19945765e-03
 -3.28148495e-03
 -3.36506958e-03
 -3.41669336e-03
 -3.46380576e-03
 -3.55298577e-03
 -3.65223134e-03
 -3.70552529e-03
 -3.73454965e-03
 -3.77616131e-03
 -3.80003721e-03
 -3.77917762e-03
 -3.73897865e-03
 -3.68709343e-03
 -3.60673408e-03
 -3.51516779e-03
 -3.43688742e-03
 -3.35236691e-03
 -3.23418560e-03
 -3.09961423e-03
 -2.96943258e-03
 -2.83688918e-03
 -2.72046091e-03
 -2.64139011e-03
 -2.54611293e-03
 -2.35804861e-03
 -2.09793352e-03
 -1.85754952e-03
 -1.66173800e-03
 -1.45863004e-03
 -1.22394738e-03
 -9.82322416e-04
 -7.52881967e-04
 -5.49923613e-04
 -4.08927426e-04
 -3.29050482e-04
 -2.45671123e-04
 -1.26511750e-04
 -8.55165070e-06
 6.31734776e-05
 8.38497743e-05
 1.18193314e-04
 2.28593582e-04
 3.69329804e-04
 4.58400926e-04
 4.89156894e-04
 5.07647616e-04
 5.57748218e-04
 6.55302046e-04
 7.53998740e-04
 7.69213167e-04
 7.00024071e-04
 6.41749752e-04
 6.34627128e-04
 6.27818645e-04
 5.99984388e-04
 5.86152654e-04
 5.94424345e-04
 6.07440057e-04
 6.20767874e-04
 6.13337020e-04
 5.69800142e-04
 5.22870279e-04
 4.98666949e-04
 4.78509679e-04
 4.32556083e-04
 3.44190792e-04
 2.25922903e-04
 1.05844334e-04
 -2.72239017e-05
 -2.01185367e-04
 -3.84427584e-04
 -5.26922003e-04
 -6.57944608e-04
 -8.37370244e-04
 -1.04676052e-03
 -1.23349240e-03
 -1.40156811e-03
 -1.57311877e-03
 -1.72541706e-03
 -1.82934518e-03
 -1.89488358e-03
 -1.94716132e-03
 -2.00225403e-03
 -2.06282661e-03
 -2.12055601e-03
 -2.17251075e-03
 -2.22419032e-03
 -2.27804820e-03
 -2.33259352e-03
 -2.38819121e-03
 -2.43807915e-03
 -2.46537415e-03
 -2.48416352e-03
 -2.52777098e-03
 -2.57520968e-03
 -2.60097690e-03
 -2.64164698e-03
 -2.71336151e-03
 -2.77900635e-03
 -2.82524647e-03
 -2.88147048e-03
 -2.96979138e-03
 -3.07116228e-03
 -3.17387028e-03
 -3.30430404e-03
 -3.44942214e-03
 -3.56879096e-03
 -3.66106186e-03
 -3.72658935e-03
 -3.77277434e-03
 -3.83160086e-03
 -3.90525459e-03
 -3.97048495e-03
 -4.01644103e-03
 -4.04080664e-03
 -4.05577045e-03
 -4.08109528e-03
 -4.11381759e-03
 -4.13979739e-03
 -4.16809568e-03
 -4.22175530e-03
 -4.29387425e-03
 -4.35005880e-03
 -4.36909908e-03
 -4.35126596e-03
 -4.30321378e-03
 -4.23296412e-03
 -4.15772854e-03
 -4.09319958e-03
 -4.02709956e-03
 -3.92615490e-03
 -3.78142528e-03
 -3.62164882e-03
 -3.46808995e-03
 -3.32433323e-03
 -3.18519457e-03
 -3.03021300e-03
 -2.87297145e-03
 -2.76395905e-03
 -2.70478177e-03
 -2.64445206e-03
 -2.55921837e-03
 -2.47088202e-03
 -2.40157216e-03
 -2.35620341e-03
 -2.32438686e-03
 -2.28608197e-03
 -2.23664624e-03
 -2.20141042e-03
 -2.22166068e-03
 -2.29371759e-03
 -2.34721706e-03
 -2.35044808e-03
 -2.35411810e-03
 -2.39530872e-03
 -2.46089323e-03
 -2.52881105e-03
 -2.58880705e-03
 -2.64586667e-03
 -2.70727702e-03
 -2.76998769e-03
 -2.83036186e-03
 -2.89081820e-03
 -2.95236834e-03
 -3.01630011e-03
 -3.10176704e-03
 -3.22711088e-03
 -3.35449888e-03
 -3.42676045e-03
 -3.46053946e-03
 -3.50229463e-03
 -3.55296965e-03
 -3.60793680e-03
 -3.66327035e-03
 -3.70176263e-03
 -3.74354470e-03
 -3.81733650e-03
 -3.89699590e-03
 -3.93630997e-03
 -3.91286260e-03
 -3.84117431e-03
 -3.76784701e-03
 -3.71893069e-03
 -3.67334218e-03
 -3.61029478e-03
 -3.53899693e-03
 -3.47265042e-03
 -3.41199446e-03
 -3.37190023e-03
 -3.38725359e-03
 -3.44149553e-03
 -3.44360198e-03
 -3.35956119e-03
 -3.28115260e-03
 -3.27294977e-03
 -3.28200237e-03
 -3.26983365e-03
 -3.26334981e-03
 -3.25191417e-03
 -3.19792898e-03
 -3.13447775e-03
 -3.11362934e-03
 -3.09664678e-03
 -3.02909986e-03
 -2.94346665e-03
 -2.88450526e-03
 -2.83589588e-03
 -2.75734598e-03
 -2.63324581e-03
 -2.50116200e-03
 -2.41915185e-03
 -2.38145251e-03
 -2.34500750e-03
 -2.31657005e-03
 -2.30463876e-03
 -2.27687244e-03
 -2.24519379e-03
 -2.26341180e-03
 -2.32058006e-03
 -2.34904607e-03
 -2.33071526e-03
 -2.30031302e-03
 -2.26061817e-03
 -2.19656721e-03
 -2.12712664e-03
 -2.06928810e-03
 -2.01124871e-03
 -1.94263880e-03
 -1.87014314e-03
 -1.80129803e-03
 -1.72146523e-03
 -1.60535407e-03
 -1.47632756e-03
 -1.39398139e-03
 -1.34166461e-03
 -1.23684868e-03
 -1.07521716e-03
 -9.28830625e-04
 -8.17829494e-04
 -7.02869538e-04
 -5.68404603e-04
 -4.43347950e-04
 -3.61649289e-04
 -3.37518601e-04
 -3.76282522e-04
 -4.60504806e-04
 -5.40497017e-04
 -5.95525918e-04
 -6.54928852e-04
 -7.35578089e-04
 -8.21143361e-04
 -8.98298275e-04
 -9.62082650e-04
 -1.00861146e-03
 -1.06087323e-03
 -1.14738148e-03
 -1.24774416e-03
 -1.32826587e-03
 -1.39798971e-03
 -1.48926832e-03
 -1.61201521e-03
 -1.73093694e-03
 -1.81109003e-03
 -1.87574897e-03
 -1.95142355e-03
 -2.00625527e-03
 -2.01738469e-03
 -2.01097432e-03
 -1.99265486e-03
 -1.94535646e-03
 -1.88751351e-03
 -1.83701610e-03
 -1.76274709e-03
 -1.63587313e-03
 -1.46131890e-03
 -1.24844533e-03
 -1.03875217e-03
 -8.92488254e-04
 -7.76669677e-04
 -6.04343538e-04
 -3.94774470e-04
 -2.41621731e-04
 -1.63598632e-04
 -1.12322988e-04
 -5.61381753e-05
 3.61913375e-05
 1.98766091e-04
 4.02455290e-04
 5.83229065e-04
 7.37918541e-04
 8.92004701e-04
 1.00706031e-03
 1.04532092e-03
 1.06345612e-03
 1.12019721e-03
 1.18880908e-03
 1.23219030e-03
 1.26259983e-03
 1.30161734e-03
 1.34676180e-03
 1.39440132e-03
 1.45850133e-03
 1.53245819e-03
 1.58664497e-03
 1.63664289e-03
 1.71092029e-03
 1.77583443e-03
 1.80494453e-03
 1.83750244e-03
 1.92049652e-03
 2.06937209e-03
 2.24847670e-03
 2.36671099e-03
 2.38273697e-03
 2.37753571e-03
 2.42666750e-03
 2.49599134e-03
 2.53269908e-03
 2.54801470e-03
 2.58411064e-03
 2.68252677e-03
 2.84766954e-03
 3.00378073e-03
 3.08569746e-03
 3.14120421e-03
 3.23674355e-03
 3.35971141e-03
 3.48336156e-03
 3.59963017e-03
 3.67244166e-03
 3.68319175e-03
 3.68707813e-03
 3.74353546e-03
 3.84895961e-03
 3.97300338e-03
 4.11012928e-03
 4.26123859e-03
 4.40873954e-03
 4.54559469e-03
 4.68286209e-03
 4.81392222e-03
 4.92843484e-03
 5.05452939e-03
 5.20929048e-03
 5.34792099e-03
 5.44412520e-03
 5.53091844e-03
 5.60769494e-03
 5.64992000e-03
 5.69368719e-03
 5.76239986e-03
 5.83464365e-03
 5.93724962e-03
 6.09042149e-03
 6.23903024e-03
 6.35241397e-03
 6.45174709e-03
 6.53632229e-03
 6.61290307e-03
 6.72807027e-03
 6.88585063e-03
 7.03099203e-03
 7.13101798e-03
 7.19259211e-03
 7.22651347e-03
 7.23665244e-03
 7.23063605e-03
 7.22484769e-03
 7.22534205e-03
 7.22370224e-03
 7.21751907e-03
 7.21169501e-03
 7.20595526e-03
 7.19874560e-03
 7.19306710e-03
 7.18946023e-03
 7.18460032e-03
 7.17789660e-03
 7.18157570e-03
 7.21991006e-03
 7.29163024e-03
 7.36054524e-03
 7.42128140e-03
 7.51731542e-03
 7.65974779e-03
 7.80248084e-03
 7.92076810e-03
 8.03817541e-03
 8.17118429e-03
 8.30770614e-03
 8.42738495e-03
 8.52336427e-03
 8.61420168e-03
 8.69700887e-03
 8.72691054e-03
 8.69459669e-03
 8.62803805e-03
 8.53554422e-03
 8.43352856e-03
 8.33560514e-03
 8.21493380e-03
 8.06594541e-03
 7.91609545e-03
 7.74415264e-03
 7.50137083e-03
 7.20935779e-03
 6.93407055e-03
 6.69451893e-03
 6.46953909e-03
 6.23091599e-03
 5.95571336e-03
 5.67740342e-03
 5.47666090e-03
 5.37033104e-03
 5.30206350e-03
 5.25383690e-03
 5.24250348e-03
 5.24448898e-03
 5.23181282e-03
 5.21772532e-03
 5.21099434e-03
 5.18785240e-03
 5.14207477e-03
 5.09490559e-03
 5.04136654e-03
 4.97233773e-03
 4.92257739e-03
 4.93134160e-03
 5.00816474e-03
 5.13729965e-03
 5.27480912e-03
 5.38877140e-03
 5.49815584e-03
 5.62752424e-03
 5.76720466e-03
 5.90075849e-03
 6.02954907e-03
 6.16124881e-03
 6.29071335e-03
 6.38820488e-03
 6.41992314e-03
 6.40121431e-03
 6.38929448e-03
 6.40423503e-03
 6.42217799e-03
 6.44168488e-03
 6.46980439e-03
 6.47310776e-03
 6.42759090e-03
 6.37636411e-03
 6.36656684e-03
 6.35460867e-03
 6.25768396e-03
 6.08826796e-03
 5.93267474e-03
 5.81721839e-03
 5.69832414e-03
 5.55428415e-03
 5.40538061e-03
 5.26572791e-03
 5.13436342e-03
 5.01905006e-03
 4.91924729e-03
 4.82081865e-03
 4.72623848e-03
 4.63119724e-03
 4.52491717e-03
 4.43309484e-03
 4.37691537e-03
 4.33962332e-03
 4.30180842e-03
 4.26443364e-03
 4.23374563e-03
 4.18319642e-03
 4.10151026e-03
 4.03114804e-03
 3.95780872e-03
 3.82034806e-03
 3.65309492e-03
 3.54178109e-03
 3.49521231e-03
 3.46446483e-03
 3.41397347e-03
 3.33394104e-03
 3.24252876e-03
 3.16217505e-03
 3.07010673e-03
 2.93399028e-03
 2.77237029e-03
 2.60613125e-03
 2.41112170e-03
 2.17148326e-03
 1.92998460e-03
 1.75049986e-03
 1.63110309e-03
 1.50473901e-03
 1.34232293e-03
 1.17840470e-03
 1.03607631e-03
 9.00461647e-04
 7.58353251e-04
 6.14470717e-04
 4.72942338e-04
 3.37293091e-04
 2.20810377e-04
 1.15791630e-04
 -9.60616684e-06
 -1.38213060e-04
 -2.18424770e-04
 -2.71369095e-04
 -3.71182656e-04
 -5.29860142e-04
 -6.90038803e-04
 -8.19474886e-04
 -9.43472305e-04
 -1.08594612e-03
 -1.23179139e-03
 -1.34613258e-03
 -1.41841953e-03
 -1.47529718e-03
 -1.53103220e-03
 -1.58234463e-03
 -1.64288116e-03
 -1.69997737e-03
 -1.71417573e-03
 -1.70188797e-03
 -1.70989175e-03
 -1.73360995e-03
 -1.74221265e-03
 -1.74869449e-03
 -1.80741867e-03
 -1.92341432e-03
 -2.02806102e-03
 -2.10740332e-03
 -2.22686582e-03
 -2.39220455e-03
 -2.54520032e-03
 -2.66868959e-03
 -2.77383390e-03
 -2.84987219e-03
 -2.89339445e-03
 -2.93105132e-03
 -2.97531023e-03
 -3.00611881e-03
 -3.04045665e-03
 -3.14136305e-03
 -3.30971589e-03
 -3.47311935e-03
 -3.59537868e-03
 -3.68558923e-03
 -3.73929265e-03
 -3.76980394e-03
 -3.81146841e-03
 -3.85173657e-03
 -3.86344486e-03
 -3.86591346e-03
 -3.88269886e-03
 -3.89813360e-03
 -3.88503404e-03
 -3.85096356e-03
 -3.82091720e-03
 -3.78407494e-03
 -3.73095231e-03
 -3.69089988e-03
 -3.65518488e-03
 -3.58165618e-03
 -3.49729754e-03
 -3.44885951e-03
 -3.41205654e-03
 -3.35378357e-03
 -3.28215070e-03
 -3.19539719e-03
 -3.07663929e-03
 -2.94298099e-03
 -2.82405656e-03
 -2.71396801e-03
 -2.59402923e-03
 -2.47050588e-03
 -2.37767802e-03
 -2.35094050e-03
 -2.37600792e-03
 -2.39558985e-03
 -2.38814149e-03
 -2.38280441e-03
 -2.39517224e-03
 -2.42245366e-03
 -2.49027313e-03
 -2.60720490e-03
 -2.71316859e-03
 -2.77989033e-03
 -2.86664506e-03
 -2.99419566e-03
 -3.10539545e-03
 -3.19784611e-03
 -3.33274269e-03
 -3.50593775e-03
 -3.66095046e-03
 -3.79890138e-03
 -3.96816459e-03
 -4.16566515e-03
 -4.33464191e-03
 -4.46732437e-03
 -4.61128072e-03
 -4.77925098e-03
 -4.93943945e-03
 -5.05751800e-03
 -5.11230928e-03
 -5.12271559e-03
 -5.13628727e-03
 -5.15136966e-03
 -5.13412219e-03
 -5.10932633e-03
 -5.10137803e-03
 -5.05847030e-03
 -4.96224377e-03
 -4.86820069e-03
 -4.78578443e-03
 -4.68120443e-03
 -4.56293630e-03
 -4.45553250e-03
 -4.35440979e-03
 -4.24682401e-03
 -4.13389767e-03
 -4.02355871e-03
 -3.91887718e-03
 -3.81592565e-03
 -3.71068225e-03
 -3.60479311e-03
 -3.50194556e-03
 -3.40147424e-03
 -3.29917678e-03
 -3.19366092e-03
 -3.09336397e-03
 -3.02681641e-03
 -3.02575543e-03
 -3.07315385e-03
 -3.11262340e-03
 -3.12635654e-03
 -3.14413054e-03
 -3.18183658e-03
 -3.21904937e-03
 -3.22927681e-03
 -3.21253141e-03
 -3.17150753e-03
 -3.09229007e-03
 -3.00154683e-03
 -2.93742661e-03
 -2.87131324e-03
 -2.79087885e-03
 -2.74488106e-03
 -2.73372078e-03
 -2.70641887e-03
 -2.66215960e-03
 -2.65077409e-03
 -2.69113439e-03
 -2.73755475e-03
 -2.72894893e-03
 -2.64814207e-03
 -2.53175549e-03
 -2.42926576e-03
 -2.34836956e-03
 -2.26114419e-03
 -2.15642465e-03
 -2.04848792e-03
 -1.94672830e-03
 -1.84612258e-03
 -1.74791074e-03
 -1.67559952e-03
 -1.63838398e-03
 -1.58799067e-03
 -1.47995437e-03
 -1.34954538e-03
 -1.24858773e-03
 -1.16654179e-03
 -1.06867870e-03
 -9.35490050e-04
 -7.51078237e-04
 -5.34971294e-04
 -3.49570633e-04
 -2.06324522e-04
 -5.46736943e-05
 1.06102886e-04
 2.30330840e-04
 3.36041193e-04
 4.75886176e-04
 6.35460541e-04
 7.70685996e-04
 8.74338701e-04
 9.65893469e-04
 1.06774506e-03
 1.18148539e-03
 1.29077933e-03
 1.38784806e-03
 1.46168449e-03
 1.48197503e-03
 1.44599541e-03
 1.40375448e-03
 1.38895319e-03
 1.37975636e-03
 1.34889140e-03
 1.28802580e-03
 1.19364281e-03
 1.08342010e-03
 9.83692620e-04
 8.76122537e-04
 7.21910318e-04
 5.36255087e-04
 3.69321750e-04
 2.45076384e-04
 1.72103252e-04
 1.44529034e-04
 1.27605852e-04
 1.23137152e-04
 1.73813306e-04
 2.63759970e-04
 3.29414916e-04
 3.36622249e-04
 2.99965958e-04
 2.78183589e-04
 3.02491027e-04
 3.33424165e-04
 3.48295977e-04
 3.56273607e-04
 3.46144134e-04
 3.46092288e-04
 4.12428489e-04
 5.17952452e-04
 6.09023097e-04
 6.97278516e-04
 8.01072731e-04
 9.10110881e-04
 1.01123972e-03
 1.07075235e-03
 1.05189020e-03
 9.91443678e-04
 9.65818732e-04
 9.87895180e-04
 1.00884181e-03
 9.86040722e-04
 9.31189334e-04
 8.89156353e-04
 8.69505844e-04
 8.50017788e-04
 8.35156374e-04
 8.40522052e-04
 8.52848979e-04
 8.71118780e-04
 9.26444825e-04
 1.02632215e-03
 1.13670182e-03
 1.23074293e-03
 1.31890270e-03
 1.41748487e-03
 1.52238810e-03
 1.62124494e-03
 1.70021912e-03
 1.76301735e-03
 1.84329356e-03
 1.93762112e-03
 1.99051036e-03
 2.00077647e-03
 2.02146107e-03
 2.04946592e-03
 2.05578653e-03
 2.08279851e-03
 2.16638805e-03
 2.25698389e-03
 2.32902166e-03
 2.41810554e-03
 2.52671425e-03
 2.62802335e-03
 2.72134220e-03
 2.81954717e-03
 2.92146522e-03
 3.01912720e-03
 3.11367500e-03
 3.21515627e-03
 3.33730990e-03
 3.47136992e-03
 3.56404377e-03
 3.58533178e-03
 3.58876872e-03
 3.62384111e-03
 3.65586588e-03
 3.64752228e-03
 3.62444342e-03
 3.60233634e-03
 3.56707206e-03
 3.54328908e-03
 3.56811872e-03
 3.61791178e-03
 3.64627416e-03
 3.65680117e-03
 3.68237481e-03
 3.74200176e-03
 3.83152831e-03
 3.91436198e-03
 3.96633029e-03
 4.02770246e-03
 4.13086662e-03
 4.24062507e-03
 4.32673529e-03
 4.40696589e-03
 4.49940306e-03
 4.59680606e-03
 4.68940584e-03
 4.77937605e-03
 4.87129232e-03
 4.96465556e-03
 5.05794032e-03
 5.14802212e-03
 5.21838802e-03
 5.24742175e-03
 5.23487398e-03
 5.19806233e-03
 5.15447400e-03
 5.11988067e-03
 5.10568913e-03
 5.10595630e-03
 5.10010021e-03
 5.07907387e-03
 5.04335537e-03
 4.99220341e-03
 4.92301470e-03
 4.82447767e-03
 4.70272379e-03
 4.58705114e-03
 4.48157083e-03
 4.35286511e-03
 4.17694409e-03
 3.97899693e-03
 3.79856430e-03
 3.63570334e-03
 3.48140209e-03
 3.35533942e-03
 3.26834925e-03
 3.19350900e-03
 3.10691319e-03
 3.02990494e-03
 2.98755526e-03
 2.97130387e-03
 2.97516656e-03
 2.99391359e-03
 3.01256794e-03
 3.04765098e-03
 3.12622761e-03
 3.22510383e-03
 3.30651604e-03
 3.37166817e-03
 3.42277197e-03
 3.43859893e-03
 3.41786900e-03
 3.39851311e-03
 3.41576419e-03
 3.45471740e-03
 3.47122061e-03
 3.44432434e-03
 3.38589154e-03
 3.32568218e-03
 3.28112636e-03
 3.23791059e-03
 3.18086519e-03
 3.11866464e-03
 3.06269172e-03
 3.00920049e-03
 2.95125012e-03
 2.89117834e-03
 2.82800807e-03
 2.74033905e-03
 2.62004343e-03
 2.50859521e-03
 2.42118222e-03
 2.29466928e-03
 2.11480783e-03
 1.96428883e-03
 1.86164018e-03
 1.72679952e-03
 1.54971038e-03
 1.42332030e-03
 1.37840804e-03
 1.34241625e-03
 1.28955580e-03
 1.26368290e-03
 1.25409705e-03
 1.21700667e-03
 1.16826524e-03
 1.13887208e-03
 1.11725106e-03
 1.09661597e-03
 1.11729523e-03
 1.19303554e-03
 1.25738605e-03
 1.27293824e-03
 1.27735801e-03
 1.26776491e-03
 1.20675581e-03
 1.12340343e-03
 1.06718560e-03
 1.04057205e-03
 1.01054308e-03
 9.36833954e-04
 8.16802963e-04
 6.98736425e-04
 6.25815727e-04
 5.78339717e-04
 5.05215241e-04
 3.91121263e-04
 2.71872374e-04
 1.91721731e-04
 1.35759850e-04
 3.97893561e-05
 -1.19773973e-04
 -3.11859659e-04
 -5.13134862e-04
 -7.17552944e-04
 -9.18448501e-04
 -1.11924547e-03
 -1.32294717e-03
 -1.50160886e-03
 -1.61621835e-03
 -1.67952964e-03
 -1.74920075e-03
 -1.84577456e-03
 -1.93924277e-03
 -2.01279054e-03
 -2.08077188e-03
 -2.16024612e-03
 -2.26834472e-03
 -2.40673243e-03
 -2.53501952e-03
 -2.63481763e-03
 -2.74810351e-03
 -2.87617796e-03
 -2.96521696e-03
 -3.02025939e-03
 -3.08787825e-03
 -3.14503038e-03
 -3.13426911e-03
 -3.07985353e-03
 -3.05056248e-03
 -3.05427532e-03
 -3.06974309e-03
 -3.10679006e-03
 -3.17467036e-03
 -3.25290119e-03
 -3.31984119e-03
 -3.38052340e-03
 -3.44983326e-03
 -3.52633017e-03
 -3.60024533e-03
 -3.67059799e-03
 -3.74150050e-03
 -3.81389805e-03
 -3.88617176e-03
 -3.95831842e-03
 -4.02750712e-03
 -4.07688600e-03
 -4.08534943e-03
 -4.05634175e-03
 -4.02043137e-03
 -3.99991110e-03
 -3.99943473e-03
 -4.03860071e-03
 -4.12235261e-03
 -4.20362650e-03
 -4.25577913e-03
 -4.30825230e-03
 -4.38223712e-03
 -4.47541078e-03
 -4.58211709e-03
 -4.67551295e-03
 -4.73573586e-03
 -4.78914694e-03
 -4.84853472e-03
 -4.89220280e-03
 -4.93383507e-03
 -4.99100113e-03
 -5.03616863e-03
 -5.08557184e-03
 -5.18699644e-03
 -5.29648340e-03
 -5.34159859e-03
 -5.32660926e-03
 -5.27966241e-03
 -5.21617797e-03
 -5.15694372e-03
 -5.10664957e-03
 -5.04920147e-03
 -4.98042062e-03
 -4.91115392e-03
 -4.84596304e-03
 -4.78107848e-03
 -4.71481904e-03
 -4.65936524e-03
 -4.64899717e-03
 -4.70394882e-03
 -4.77622743e-03
 -4.79304435e-03
 -4.74977722e-03
 -4.68957153e-03
 -4.63166580e-03
 -4.57455370e-03
 -4.51762970e-03
 -4.45902353e-03
 -4.39822581e-03
 -4.33700332e-03
 -4.27609597e-03
 -4.21597514e-03
 -4.15724169e-03
 -4.09254793e-03
 -3.99042240e-03
 -3.83601201e-03
 -3.70084983e-03
 -3.65458472e-03
 -3.63969830e-03
 -3.57598374e-03
 -3.48656094e-03
 -3.42177648e-03
 -3.37475659e-03
 -3.32728445e-03
 -3.29510400e-03
 -3.27494160e-03
 -3.22513366e-03
 -3.14398485e-03
 -3.07541295e-03
 -3.02984550e-03
 -2.98083081e-03
 -2.91883357e-03
 -2.85591420e-03
 -2.79867554e-03
 -2.74180452e-03
 -2.68583308e-03
 -2.65785992e-03
 -2.69028596e-03
 -2.76780728e-03
 -2.83890721e-03
 -2.88219156e-03
 -2.90618230e-03
 -2.91220436e-03
 -2.90778376e-03
 -2.91145211e-03
 -2.92270482e-03
 -2.93031464e-03
 -2.94661375e-03
 -2.98370043e-03
 -3.02609452e-03
 -3.06944824e-03
 -3.11403283e-03
 -3.12862888e-03
 -3.10076218e-03
 -3.08367137e-03
 -3.13370806e-03
 -3.21106726e-03
 -3.22881292e-03
 -3.19674535e-03
 -3.18777462e-03
 -3.19675083e-03
 -3.16367939e-03
 -3.10048754e-03
 -3.06610322e-03
 -3.04464009e-03
 -2.98457464e-03
 -2.90300130e-03
 -2.84031737e-03
 -2.78973651e-03
 -2.73144917e-03
 -2.68194036e-03
 -2.67060513e-03
 -2.67463477e-03
 -2.63523512e-03
 -2.55231806e-03
 -2.48074430e-03
 -2.43763940e-03
 -2.40214653e-03
 -2.37056679e-03
 -2.34570953e-03
 -2.33568912e-03
 -2.36039223e-03
 -2.40465429e-03
 -2.44103615e-03
 -2.48408964e-03
 -2.54513432e-03
 -2.60522401e-03
 -2.65671964e-03
 -2.70963821e-03
 -2.76740587e-03
 -2.82513968e-03
 -2.88103584e-03
 -2.93037315e-03
 -2.95510918e-03
 -2.94932040e-03
 -2.94580746e-03
 -2.98352341e-03
 -3.05492378e-03
 -3.11858626e-03
 -3.16094719e-03
 -3.20387146e-03
 -3.25929967e-03
 -3.31782098e-03
 -3.37158567e-03
 -3.42318995e-03
 -3.47632140e-03
 -3.53020160e-03
 -3.58337229e-03
 -3.63646401e-03
 -3.68586418e-03
 -3.70938036e-03
 -3.67876648e-03
 -3.60622717e-03
 -3.53919642e-03
 -3.49368101e-03
 -3.44469262e-03
 -3.37966630e-03
 -3.31196773e-03
 -3.24636385e-03
 -3.16172513e-03
 -3.04324535e-03
 -2.91393164e-03
 -2.80020162e-03
 -2.69663916e-03
 -2.60170215e-03
 -2.52999841e-03
 -2.46251885e-03
 -2.37055182e-03
 -2.28127297e-03
 -2.22495239e-03
 -2.17623161e-03
 -2.10730851e-03
 -2.01975966e-03
 -1.92791501e-03
 -1.85619876e-03
 -1.80869454e-03
 -1.75642439e-03
 -1.68756309e-03
 -1.61961609e-03
 -1.56140551e-03
 -1.50450923e-03
 -1.44247128e-03
 -1.37746973e-03
 -1.31351270e-03
 -1.25132735e-03
 -1.19147850e-03
 -1.14417638e-03
 -1.11433566e-03
 -1.08496456e-03
 -1.04204307e-03
 -9.84787002e-04
 -9.17751348e-04
 -8.56752033e-04
 -8.17387519e-04
 -7.92944138e-04
 -7.64917091e-04
 -7.36708510e-04
 -7.14222150e-04
 -6.82239220e-04
 -6.38743005e-04
 -5.88539864e-04
 -5.32500729e-04
 -5.04048406e-04
 -5.24314431e-04
 -5.34349129e-04
 -4.95602449e-04
 -4.73483744e-04
 -4.99396442e-04
 -5.11070563e-04
 -4.88104445e-04
 -4.83219556e-04
 -5.25953853e-04
 -5.87320063e-04
 -6.30103607e-04
 -6.47372199e-04
 -6.46464921e-04
 -6.45844316e-04
 -6.67715637e-04
 -7.01860323e-04
 -7.32437627e-04
 -7.70306410e-04
 -8.16987712e-04
 -8.59287942e-04
 -8.96177098e-04
 -9.24466440e-04
 -9.29147134e-04
 -9.24203373e-04
 -9.51833691e-04
 -1.01146451e-03
 -1.06047826e-03
 -1.08772603e-03
 -1.11739996e-03
 -1.15927016e-03
 -1.20076234e-03
 -1.22674185e-03
 -1.23575384e-03
 -1.24333298e-03
 -1.25021366e-03
 -1.23144173e-03
 -1.17784066e-03
 -1.11278883e-03
 -1.06056696e-03
 -1.02576196e-03
 -9.99099046e-04
 -9.69740463e-04
 -9.53798158e-04
 -9.80706841e-04
 -1.03327152e-03
 -1.06991749e-03
 -1.09080727e-03
 -1.12113128e-03
 -1.16146293e-03
 -1.17874210e-03
 -1.13998666e-03
 -1.06441263e-03
 -1.00368748e-03
 -9.67668517e-04
 -9.35053676e-04
 -9.02455586e-04
 -8.70569432e-04
 -8.33036445e-04
 -7.87006037e-04
 -7.32217187e-04
 -6.75982588e-04
 -6.25530739e-04
 -5.76052042e-04
 -5.22755293e-04
 -4.67897283e-04
 -4.13826279e-04
 -3.67771125e-04
 -3.43529095e-04
 -3.32576156e-04
 -3.05123165e-04
 -2.67449013e-04
 -2.59249594e-04
 -2.82483157e-04
 -3.00640461e-04
 -3.07905600e-04
 -3.31241481e-04
 -3.64508589e-04
 -3.70641433e-04
 -3.48038531e-04
 -3.37072324e-04
 -3.56324695e-04
 -3.73090929e-04
 -3.59202164e-04
 -3.34897447e-04
 -3.26035748e-04
 -3.25210931e-04
 -3.17354631e-04
 -3.04286019e-04
 -2.93861447e-04
 -2.92600127e-04
 -3.09458906e-04
 -3.37264443e-04
 -3.51462989e-04
 -3.56373033e-04
 -3.80697296e-04
 -4.21924655e-04
 -4.55962486e-04
 -4.81072088e-04
 -5.09728202e-04
 -5.37232303e-04
 -5.50328287e-04
 -5.61627570e-04
 -5.93428549e-04
 -6.35318377e-04
 -6.65405476e-04
 -6.87687002e-04
 -7.15260313e-04
 -7.47680351e-04
 -7.79049715e-04
 -8.03097655e-04
 -8.14410429e-04
 -8.20705462e-04
 -8.33583735e-04
 -8.49744656e-04
 -8.62019100e-04
 -8.77039191e-04
 -8.99895828e-04
 -9.17733082e-04
 -9.29938070e-04
 -9.50480284e-04
 -9.70597651e-04
 -9.78687529e-04
 -9.86788664e-04
 -1.00797885e-03
 -1.03439201e-03
 -1.03710045e-03
 -9.99612345e-04
 -9.46952019e-04
 -9.09910637e-04
 -8.83691082e-04
 -8.49517383e-04
 -8.07108753e-04
 -7.66475904e-04
 -7.29780349e-04
 -6.93232114e-04
 -6.55075408e-04
 -6.16406694e-04
 -5.79007638e-04
 -5.43286559e-04
 -5.07932128e-04
 -4.72414508e-04
 -4.42508993e-04
 -4.24672721e-04
 -4.11943265e-04
 -3.98487771e-04
 -3.93181838e-04
 -3.96424274e-04
 -3.95993058e-04
 -3.85588057e-04
 -3.66815224e-04
 -3.46935676e-04
 -3.31957351e-04
 -3.23324183e-04
 -3.27591067e-04
 -3.45543416e-04
 -3.52894932e-04
 -3.30126143e-04
 -2.99098732e-04
 -2.86547585e-04
 -2.87089393e-04
 -2.83496814e-04
 -2.67600028e-04
 -2.55073728e-04
 -2.72923307e-04
 -3.13457369e-04
 -3.44425797e-04
 -3.61338434e-04
 -3.82872659e-04
 -4.13082063e-04
 -4.41672450e-04
 -4.66282674e-04
 -4.97230012e-04
 -5.38904780e-04
 -5.76023122e-04
 -6.02114215e-04
 -6.33834899e-04
 -6.70411190e-04
 -6.93817188e-04
 -7.09309262e-04
 -7.32730564e-04
 -7.61246836e-04
 -7.85200379e-04
 -8.05245863e-04
 -8.26277914e-04
 -8.48201548e-04
 -8.68820721e-04
 -8.88096954e-04
 -9.07370023e-04
 -9.32022234e-04
 -9.70749319e-04
 -1.02543183e-03
 -1.09004196e-03
 -1.15728681e-03
 -1.22144568e-03
 -1.28261790e-03
 -1.34521821e-03
 -1.40895206e-03
 -1.46539390e-03
 -1.50601588e-03
 -1.53614624e-03
 -1.57024470e-03
 -1.60924962e-03
 -1.63886258e-03
 -1.65547167e-03
 -1.68124436e-03
 -1.73443040e-03
 -1.79813997e-03
 -1.84853654e-03
 -1.88914886e-03
 -1.92966117e-03
 -1.96271866e-03
 -1.98447469e-03
 -2.00594699e-03
 -2.02770015e-03
 -2.03629377e-03
 -2.03609569e-03
 -2.04518535e-03
 -2.05772648e-03
 -2.05682572e-03
 -2.04862859e-03
 -2.04311148e-03
 -2.03537668e-03
 -2.02681945e-03
 -2.02510720e-03
 -2.02557214e-03
 -2.02100414e-03
 -2.01429094e-03
 -2.00993044e-03
 -2.00679868e-03
 -2.00133569e-03
 -1.98999822e-03
 -1.97407598e-03
 -1.96325091e-03
 -1.96124880e-03
 -1.95830525e-03
 -1.94905803e-03
 -1.93934750e-03
 -1.93282888e-03
 -1.92674612e-03
 -1.91895072e-03
 -1.91040209e-03
 -1.90222568e-03
 -1.89432188e-03
 -1.88607820e-03
 -1.87718940e-03
 -1.86797043e-03
 -1.85870871e-03
 -1.84922330e-03
 -1.83950407e-03
 -1.82908536e-03
 -1.81415974e-03
 -1.78975278e-03
 -1.75597003e-03
 -1.71676907e-03
 -1.67586096e-03
 -1.63669946e-03
 -1.60381264e-03
 -1.58310432e-03
 -1.57437706e-03
 -1.56692151e-03
 -1.55347695e-03
 -1.53917846e-03
 -1.52857480e-03
 -1.51600962e-03
 -1.49802193e-03
 -1.48288480e-03
 -1.47504254e-03
 -1.46666998e-03
 -1.45341779e-03
 -1.43976821e-03
 -1.42836504e-03
 -1.41724425e-03
 -1.40609867e-03
 -1.40049843e-03
 -1.40684713e-03
 -1.42091045e-03
 -1.42733002e-03
 -1.41678773e-03
 -1.39775650e-03
 -1.38346681e-03
 -1.37447609e-03
 -1.36342495e-03
 -1.34765050e-03
 -1.32840115e-03
 -1.30874909e-03
 -1.29258981e-03
 -1.27716430e-03
 -1.25742349e-03
 -1.23513949e-03
 -1.21229371e-03
 -1.18879965e-03
 -1.16810020e-03
 -1.15053505e-03
 -1.12866106e-03
 -1.09799941e-03
 -1.06301823e-03
 -1.02985231e-03
 -9.99511822e-04
 -9.69219008e-04
 -9.37539697e-04
 -9.05507815e-04
 -8.75090537e-04
 -8.50300226e-04
 -8.34922683e-04
 -8.25409607e-04
 -8.13668288e-04
 -7.98285938e-04
 -7.84022762e-04
 -7.72399089e-04
 -7.60998667e-04
 -7.48366649e-04
 -7.35970120e-04
 -7.26476468e-04
 -7.18017648e-04
 -7.04585845e-04
 -6.85557854e-04
 -6.67024410e-04
 -6.50106378e-04
 -6.29455225e-04
 -6.07226231e-04
 -5.90555705e-04
 -5.77035784e-04
 -5.60554395e-04
 -5.42332639e-04
 -5.24992876e-04
 -5.07317169e-04
 -4.90637986e-04
 -4.78022571e-04
 -4.66951152e-04
 -4.53653403e-04
 -4.38545047e-04
 -4.21019555e-04
 -3.98245616e-04
 -3.72033982e-04
 -3.46344413e-04
 -3.19102018e-04
 -2.87474921e-04
 -2.54296079e-04
 -2.23077103e-04
 -1.95821882e-04
 -1.73560000e-04
 -1.53535656e-04
 -1.31941712e-04
 -1.09336333e-04
 -8.82920193e-05
 -6.87512350e-05
 -4.78766096e-05
 -2.32372495e-05
 3.56776613e-06
 2.94030388e-05
 5.44549584e-05
 7.92927503e-05
 1.01201301e-04
 1.18332062e-04
 1.33440615e-04
 1.49844578e-04
 1.67059657e-04
 1.83159338e-04
 1.97993873e-04
 2.11926182e-04
 2.24741574e-04
 2.36999512e-04
 2.49579120e-04
 2.62691927e-04
 2.76255134e-04
 2.89609659e-04
 3.02148065e-04
 3.14245586e-04
 3.25917058e-04
 3.36047747e-04
 3.44474414e-04
 3.52716138e-04
 3.61030947e-04
 3.67853729e-04
 3.74049455e-04
 3.83036764e-04
 3.94676697e-04
 4.05243464e-04
 4.13793787e-04
 4.22396004e-04
 4.31693702e-04
 4.40270535e-04
 4.46988571e-04
 4.52177683e-04
 4.57081569e-04
 4.63189913e-04
 4.71054566e-04
 4.79156669e-04
 4.86005202e-04
 4.92912055e-04
 5.02042541e-04
 5.12604992e-04
 5.22061244e-04
 5.30084597e-04
 5.38104837e-04
 5.46425041e-04
 5.54304188e-04
 5.61512330e-04
 5.68380679e-04
 5.75055624e-04
 5.81412013e-04
 5.87357732e-04
 5.92895109e-04
 5.98132202e-04
 6.03391220e-04
 6.08937745e-04
 6.14274140e-04
 6.18647838e-04
 6.22353048e-04
 6.26125834e-04
 6.30055700e-04
 6.33849424e-04
 6.37196726e-04
 6.39847272e-04
 6.41718172e-04
 6.43097693e-04
 6.44418264e-04
 6.45679987e-04
 6.46589026e-04
 6.46965224e-04
 6.46885545e-04
 6.46779393e-04
 6.46892308e-04
 6.46816452e-04
 6.46093860e-04
 6.44756107e-04
 6.43255937e-04
 6.41950339e-04
 6.40602884e-04
 6.38854521e-04
 6.36704535e-04
 6.34291934e-04
 6.31663070e-04
 6.28705843e-04
 6.25431920e-04
 6.22086019e-04
 6.18735928e-04
 6.15254957e-04
 6.11616813e-04
 6.07872317e-04
 6.04047059e-04
 6.00134226e-04
 5.96119603e-04
 5.92008142e-04
 5.87801817e-04
 5.83497263e-04
 5.79098407e-04
 5.74597385e-04
 5.70010031e-04
 5.65406100e-04
 5.60805107e-04
 5.56123358e-04
 5.51329149e-04
 5.46442685e-04
 5.41389800e-04
 5.36158568e-04
 5.30886625e-04
 5.25616178e-04
 5.20249519e-04
 5.14753295e-04
 5.09188377e-04
 5.03593636e-04
 4.97976111e-04
 4.92317016e-04
 4.86552464e-04
 4.80661093e-04
 4.74712530e-04
 4.68766100e-04
 4.62831957e-04
 4.56900709e-04
 4.50916609e-04
 4.44824182e-04
 4.38633434e-04
 4.32398321e-04
 4.26138731e-04
 4.19786462e-04
 4.13324542e-04
 4.06848813e-04
 4.00385421e-04
 3.93868467e-04
 3.87276564e-04
 3.80631515e-04
 3.73942346e-04
 3.67209252e-04
 3.60423160e-04
 3.53571415e-04
 3.46658725e-04
 3.39699143e-04
 3.32707360e-04
 3.25692302e-04
 3.18650880e-04
 3.11581525e-04
 3.04488429e-04
 2.97376767e-04
 2.90248895e-04
 2.83102849e-04
 2.75938753e-04
 2.68757711e-04
 2.61562395e-04
 2.54358961e-04
 2.47150818e-04
 2.39938702e-04
 2.32723128e-04
 2.25503680e-04
 2.18279497e-04
 2.11053206e-04
 2.03829637e-04
 1.96610777e-04
 1.89397116e-04
 1.82189734e-04
 1.74990837e-04
 1.67801750e-04
 1.60622964e-04
 1.53457225e-04
 1.46308236e-04
 1.39178304e-04
 1.32069046e-04
 1.24982743e-04
 1.17921652e-04
 1.10887514e-04
 1.03882390e-04
 9.69081418e-05
 8.99662425e-05
 8.30588989e-05
 7.61884899e-05
 6.93569285e-05
 6.25662503e-05
 5.58187116e-05
 4.91165196e-05
 4.24617099e-05
 3.58563916e-05
 2.93027966e-05
 2.28031075e-05
 1.63595071e-05
 9.97425172e-06
 3.64959757e-06
 -2.64420413e-06
