       1     350.000      4.000
       2     350.000      3.429
       3     350.000      2.857
       4     350.000      2.286
       5     350.000      1.714
       6     350.000      1.143
       7     350.000      0.571
       8     350.000      0.000
       9     350.000     -0.571
      10     350.000     -1.143
      11     350.000     -1.714
      12     350.000     -2.286
      13     350.000     -2.857
      14     350.000     -3.429
      15     350.000     -4.000
      16     350.000     -4.500
      17     350.000     -5.000
      18     350.000     -5.500
      19     350.000     -6.000
      20     350.000     -6.500
      21     350.000     -7.000
      22     350.000     -7.500
      23     350.000     -8.000
      24     350.000     -8.500
      25     350.000     -9.000
      26     350.000     -9.500
      27     350.000    -10.000
      28     350.000    -10.500
      29     350.000    -11.000
      30     350.000    -11.500
      31     350.000    -12.000
      32     350.000    -12.500
      33     350.000    -13.000
      34     350.000    -13.500
      35     350.000    -14.000
      36     350.000    -14.500
      37     350.000    -15.000
      38     350.000    -15.500
      39     350.000    -16.000
      40     350.000    -16.500
      41     350.000    -17.000
      42     350.000    -17.500
      43     350.000    -18.000
      44     350.000    -18.500
      45     350.000    -19.000
      46     350.000    -19.500
      47     350.000    -20.000
      48     350.000    -20.500
      49     350.000    -21.000
      50     350.000    -21.500
      51     350.000    -22.000
      52     350.000    -22.500
      53     350.000    -23.000
      54     350.000    -23.500
      55     350.000    -24.000
      56     300.000      4.000
      57     300.000      3.429
      58     300.000      2.857
      59     300.000      2.286
      60     300.000      1.714
      61     300.000      1.143
      62     300.000      0.571
      63     300.000      0.000
      64     300.000     -0.571
      65     300.000     -1.143
      66     300.000     -1.714
      67     300.000     -2.286
      68     300.000     -2.857
      69     300.000     -3.429
      70     300.000     -4.000
      71     300.000     -4.500
      72     300.000     -5.000
      73     300.000     -5.500
      74     300.000     -6.000
      75     300.000     -6.500
      76     300.000     -7.000
      77     300.000     -7.500
      78     300.000     -8.000
      79     300.000     -8.500
      80     300.000     -9.000
      81     300.000     -9.500
      82     300.000    -10.000
      83     300.000    -10.500
      84     300.000    -11.000
      85     300.000    -11.500
      86     300.000    -12.000
      87     300.000    -12.500
      88     300.000    -13.000
      89     300.000    -13.500
      90     300.000    -14.000
      91     300.000    -14.500
      92     300.000    -15.000
      93     300.000    -15.500
      94     300.000    -16.000
      95     300.000    -16.500
      96     300.000    -17.000
      97     300.000    -17.500
      98     300.000    -18.000
      99     300.000    -18.500
     100     300.000    -19.000
     101     300.000    -19.500
     102     300.000    -20.000
     103     300.000    -20.500
     104     300.000    -21.000
     105     300.000    -21.500
     106     300.000    -22.000
     107     300.000    -22.500
     108     300.000    -23.000
     109     300.000    -23.500
     110     300.000    -24.000
     111     292.572      4.000
     112     292.572      3.429
     113     292.572      2.857
     114     292.572      2.286
     115     292.572      1.714
     116     292.572      1.143
     117     292.572      0.571
     118     292.572      0.000
     119     292.572     -0.571
     120     292.572     -1.143
     121     292.572     -1.714
     122     292.572     -2.286
     123     292.572     -2.857
     124     292.572     -3.429
     125     292.572     -4.000
     126     292.572     -4.500
     127     292.572     -5.000
     128     292.572     -5.500
     129     292.572     -6.000
     130     292.572     -6.500
     131     292.572     -7.000
     132     292.572     -7.500
     133     292.572     -8.000
     134     292.572     -8.500
     135     292.572     -9.000
     136     292.572     -9.500
     137     292.572    -10.000
     138     292.572    -10.500
     139     292.572    -11.000
     140     292.572    -11.500
     141     292.572    -12.000
     142     292.572    -12.500
     143     292.572    -13.000
     144     292.572    -13.500
     145     292.572    -14.000
     146     292.572    -14.500
     147     292.572    -15.000
     148     292.572    -15.500
     149     292.572    -16.000
     150     292.572    -16.500
     151     292.572    -17.000
     152     292.572    -17.500
     153     292.572    -18.000
     154     292.572    -18.500
     155     292.572    -19.000
     156     292.572    -19.500
     157     292.572    -20.000
     158     292.572    -20.500
     159     292.572    -21.000
     160     292.572    -21.500
     161     292.572    -22.000
     162     292.572    -22.500
     163     292.572    -23.000
     164     292.572    -23.500
     165     292.572    -24.000
     166     285.393      4.000
     167     285.393      3.429
     168     285.393      2.857
     169     285.393      2.286
     170     285.393      1.714
     171     285.393      1.143
     172     285.393      0.571
     173     285.393      0.000
     174     285.393     -0.571
     175     285.393     -1.143
     176     285.393     -1.714
     177     285.393     -2.286
     178     285.393     -2.857
     179     285.393     -3.429
     180     285.393     -4.000
     181     285.393     -4.500
     182     285.393     -5.000
     183     285.393     -5.500
     184     285.393     -6.000
     185     285.393     -6.500
     186     285.393     -7.000
     187     285.393     -7.500
     188     285.393     -8.000
     189     285.393     -8.500
     190     285.393     -9.000
     191     285.393     -9.500
     192     285.393    -10.000
     193     285.393    -10.500
     194     285.393    -11.000
     195     285.393    -11.500
     196     285.393    -12.000
     197     285.393    -12.500
     198     285.393    -13.000
     199     285.393    -13.500
     200     285.393    -14.000
     201     285.393    -14.500
     202     285.393    -15.000
     203     285.393    -15.500
     204     285.393    -16.000
     205     285.393    -16.500
     206     285.393    -17.000
     207     285.393    -17.500
     208     285.393    -18.000
     209     285.393    -18.500
     210     285.393    -19.000
     211     285.393    -19.500
     212     285.393    -20.000
     213     285.393    -20.500
     214     285.393    -21.000
     215     285.393    -21.500
     216     285.393    -22.000
     217     285.393    -22.500
     218     285.393    -23.000
     219     285.393    -23.500
     220     285.393    -24.000
     221     278.454      4.000
     222     278.454      3.429
     223     278.454      2.857
     224     278.454      2.286
     225     278.454      1.714
     226     278.454      1.143
     227     278.454      0.571
     228     278.454      0.000
     229     278.454     -0.571
     230     278.454     -1.143
     231     278.454     -1.714
     232     278.454     -2.286
     233     278.454     -2.857
     234     278.454     -3.429
     235     278.454     -4.000
     236     278.454     -4.500
     237     278.454     -5.000
     238     278.454     -5.500
     239     278.454     -6.000
     240     278.454     -6.500
     241     278.454     -7.000
     242     278.454     -7.500
     243     278.454     -8.000
     244     278.454     -8.500
     245     278.454     -9.000
     246     278.454     -9.500
     247     278.454    -10.000
     248     278.454    -10.500
     249     278.454    -11.000
     250     278.454    -11.500
     251     278.454    -12.000
     252     278.454    -12.500
     253     278.454    -13.000
     254     278.454    -13.500
     255     278.454    -14.000
     256     278.454    -14.500
     257     278.454    -15.000
     258     278.454    -15.500
     259     278.454    -16.000
     260     278.454    -16.500
     261     278.454    -17.000
     262     278.454    -17.500
     263     278.454    -18.000
     264     278.454    -18.500
     265     278.454    -19.000
     266     278.454    -19.500
     267     278.454    -20.000
     268     278.454    -20.500
     269     278.454    -21.000
     270     278.454    -21.500
     271     278.454    -22.000
     272     278.454    -22.500
     273     278.454    -23.000
     274     278.454    -23.500
     275     278.454    -24.000
     276     271.745      4.000
     277     271.745      3.429
     278     271.745      2.857
     279     271.745      2.286
     280     271.745      1.714
     281     271.745      1.143
     282     271.745      0.571
     283     271.745      0.000
     284     271.745     -0.571
     285     271.745     -1.143
     286     271.745     -1.714
     287     271.745     -2.286
     288     271.745     -2.857
     289     271.745     -3.429
     290     271.745     -4.000
     291     271.745     -4.500
     292     271.745     -5.000
     293     271.745     -5.500
     294     271.745     -6.000
     295     271.745     -6.500
     296     271.745     -7.000
     297     271.745     -7.500
     298     271.745     -8.000
     299     271.745     -8.500
     300     271.745     -9.000
     301     271.745     -9.500
     302     271.745    -10.000
     303     271.745    -10.500
     304     271.745    -11.000
     305     271.745    -11.500
     306     271.745    -12.000
     307     271.745    -12.500
     308     271.745    -13.000
     309     271.745    -13.500
     310     271.745    -14.000
     311     271.745    -14.500
     312     271.745    -15.000
     313     271.745    -15.500
     314     271.745    -16.000
     315     271.745    -16.500
     316     271.745    -17.000
     317     271.745    -17.500
     318     271.745    -18.000
     319     271.745    -18.500
     320     271.745    -19.000
     321     271.745    -19.500
     322     271.745    -20.000
     323     271.745    -20.500
     324     271.745    -21.000
     325     271.745    -21.500
     326     271.745    -22.000
     327     271.745    -22.500
     328     271.745    -23.000
     329     271.745    -23.500
     330     271.745    -24.000
     331     265.257      4.000
     332     265.257      3.429
     333     265.257      2.857
     334     265.257      2.286
     335     265.257      1.714
     336     265.257      1.143
     337     265.257      0.571
     338     265.257     -0.000
     339     265.257     -0.571
     340     265.257     -1.143
     341     265.257     -1.714
     342     265.257     -2.286
     343     265.257     -2.857
     344     265.257     -3.429
     345     265.257     -4.000
     346     265.257     -4.500
     347     265.257     -5.000
     348     265.257     -5.500
     349     265.257     -6.000
     350     265.257     -6.500
     351     265.257     -7.000
     352     265.257     -7.500
     353     265.257     -8.000
     354     265.257     -8.500
     355     265.257     -9.000
     356     265.257     -9.500
     357     265.257    -10.000
     358     265.257    -10.500
     359     265.257    -11.000
     360     265.257    -11.500
     361     265.257    -12.000
     362     265.257    -12.500
     363     265.257    -13.000
     364     265.257    -13.500
     365     265.257    -14.000
     366     265.257    -14.500
     367     265.257    -15.000
     368     265.257    -15.500
     369     265.257    -16.000
     370     265.257    -16.500
     371     265.257    -17.000
     372     265.257    -17.500
     373     265.257    -18.000
     374     265.257    -18.500
     375     265.257    -19.000
     376     265.257    -19.500
     377     265.257    -20.000
     378     265.257    -20.500
     379     265.257    -21.000
     380     265.257    -21.500
     381     265.257    -22.000
     382     265.257    -22.500
     383     265.257    -23.000
     384     265.257    -23.500
     385     265.257    -24.000
     386     258.982      4.000
     387     258.982      3.429
     388     258.982      2.857
     389     258.982      2.286
     390     258.982      1.714
     391     258.982      1.143
     392     258.982      0.571
     393     258.982      0.000
     394     258.982     -0.571
     395     258.982     -1.143
     396     258.982     -1.714
     397     258.982     -2.286
     398     258.982     -2.857
     399     258.982     -3.429
     400     258.982     -4.000
     401     258.982     -4.500
     402     258.982     -5.000
     403     258.982     -5.500
     404     258.982     -6.000
     405     258.982     -6.500
     406     258.982     -7.000
     407     258.982     -7.500
     408     258.982     -8.000
     409     258.982     -8.500
     410     258.982     -9.000
     411     258.982     -9.500
     412     258.982    -10.000
     413     258.982    -10.500
     414     258.982    -11.000
     415     258.982    -11.500
     416     258.982    -12.000
     417     258.982    -12.500
     418     258.982    -13.000
     419     258.982    -13.500
     420     258.982    -14.000
     421     258.982    -14.500
     422     258.982    -15.000
     423     258.982    -15.500
     424     258.982    -16.000
     425     258.982    -16.500
     426     258.982    -17.000
     427     258.982    -17.500
     428     258.982    -18.000
     429     258.982    -18.500
     430     258.982    -19.000
     431     258.982    -19.500
     432     258.982    -20.000
     433     258.982    -20.500
     434     258.982    -21.000
     435     258.982    -21.500
     436     258.982    -22.000
     437     258.982    -22.500
     438     258.982    -23.000
     439     258.982    -23.500
     440     258.982    -24.000
     441     252.910      4.000
     442     252.910      3.429
     443     252.910      2.857
     444     252.910      2.286
     445     252.910      1.714
     446     252.910      1.143
     447     252.910      0.571
     448     252.910      0.000
     449     252.910     -0.571
     450     252.910     -1.143
     451     252.910     -1.714
     452     252.910     -2.286
     453     252.910     -2.857
     454     252.910     -3.429
     455     252.910     -4.000
     456     252.910     -4.500
     457     252.910     -5.000
     458     252.910     -5.500
     459     252.910     -6.000
     460     252.910     -6.500
     461     252.910     -7.000
     462     252.910     -7.500
     463     252.910     -8.000
     464     252.910     -8.500
     465     252.910     -9.000
     466     252.910     -9.500
     467     252.910    -10.000
     468     252.910    -10.500
     469     252.910    -11.000
     470     252.910    -11.500
     471     252.910    -12.000
     472     252.910    -12.500
     473     252.910    -13.000
     474     252.910    -13.500
     475     252.910    -14.000
     476     252.910    -14.500
     477     252.910    -15.000
     478     252.910    -15.500
     479     252.910    -16.000
     480     252.910    -16.500
     481     252.910    -17.000
     482     252.910    -17.500
     483     252.910    -18.000
     484     252.910    -18.500
     485     252.910    -19.000
     486     252.910    -19.500
     487     252.910    -20.000
     488     252.910    -20.500
     489     252.910    -21.000
     490     252.910    -21.500
     491     252.910    -22.000
     492     252.910    -22.500
     493     252.910    -23.000
     494     252.910    -23.500
     495     252.910    -24.000
     496     247.034      4.000
     497     247.034      3.429
     498     247.034      2.857
     499     247.034      2.286
     500     247.034      1.714
     501     247.034      1.143
     502     247.034      0.571
     503     247.034      0.000
     504     247.034     -0.571
     505     247.034     -1.143
     506     247.034     -1.714
     507     247.034     -2.286
     508     247.034     -2.857
     509     247.034     -3.429
     510     247.034     -4.000
     511     247.034     -4.500
     512     247.034     -5.000
     513     247.034     -5.500
     514     247.034     -6.000
     515     247.034     -6.500
     516     247.034     -7.000
     517     247.034     -7.500
     518     247.034     -8.000
     519     247.034     -8.500
     520     247.034     -9.000
     521     247.034     -9.500
     522     247.034    -10.000
     523     247.034    -10.500
     524     247.034    -11.000
     525     247.034    -11.500
     526     247.034    -12.000
     527     247.034    -12.500
     528     247.034    -13.000
     529     247.034    -13.500
     530     247.034    -14.000
     531     247.034    -14.500
     532     247.034    -15.000
     533     247.034    -15.500
     534     247.034    -16.000
     535     247.034    -16.500
     536     247.034    -17.000
     537     247.034    -17.500
     538     247.034    -18.000
     539     247.034    -18.500
     540     247.034    -19.000
     541     247.034    -19.500
     542     247.034    -20.000
     543     247.034    -20.500
     544     247.034    -21.000
     545     247.034    -21.500
     546     247.034    -22.000
     547     247.034    -22.500
     548     247.034    -23.000
     549     247.034    -23.500
     550     247.034    -24.000
     551     241.347      4.000
     552     241.347      3.429
     553     241.347      2.857
     554     241.347      2.286
     555     241.347      1.714
     556     241.347      1.143
     557     241.347      0.571
     558     241.347      0.000
     559     241.347     -0.571
     560     241.347     -1.143
     561     241.347     -1.714
     562     241.347     -2.286
     563     241.347     -2.857
     564     241.347     -3.429
     565     241.347     -4.000
     566     241.347     -4.500
     567     241.347     -5.000
     568     241.347     -5.500
     569     241.347     -6.000
     570     241.347     -6.500
     571     241.347     -7.000
     572     241.347     -7.500
     573     241.347     -8.000
     574     241.347     -8.500
     575     241.347     -9.000
     576     241.347     -9.500
     577     241.347    -10.000
     578     241.347    -10.500
     579     241.347    -11.000
     580     241.347    -11.500
     581     241.347    -12.000
     582     241.347    -12.500
     583     241.347    -13.000
     584     241.347    -13.500
     585     241.347    -14.000
     586     241.347    -14.500
     587     241.347    -15.000
     588     241.347    -15.500
     589     241.347    -16.000
     590     241.347    -16.500
     591     241.347    -17.000
     592     241.347    -17.500
     593     241.347    -18.000
     594     241.347    -18.500
     595     241.347    -19.000
     596     241.347    -19.500
     597     241.347    -20.000
     598     241.347    -20.500
     599     241.347    -21.000
     600     241.347    -21.500
     601     241.347    -22.000
     602     241.347    -22.500
     603     241.347    -23.000
     604     241.347    -23.500
     605     241.347    -24.000
     606     235.841      4.000
     607     235.841      3.429
     608     235.841      2.857
     609     235.841      2.286
     610     235.841      1.714
     611     235.841      1.143
     612     235.841      0.571
     613     235.841      0.000
     614     235.841     -0.571
     615     235.841     -1.143
     616     235.841     -1.714
     617     235.841     -2.286
     618     235.841     -2.857
     619     235.841     -3.429
     620     235.841     -4.000
     621     235.841     -4.500
     622     235.841     -5.000
     623     235.841     -5.500
     624     235.841     -6.000
     625     235.841     -6.500
     626     235.841     -7.000
     627     235.841     -7.500
     628     235.841     -8.000
     629     235.841     -8.500
     630     235.841     -9.000
     631     235.841     -9.500
     632     235.841    -10.000
     633     235.841    -10.500
     634     235.841    -11.000
     635     235.841    -11.500
     636     235.841    -12.000
     637     235.841    -12.500
     638     235.841    -13.000
     639     235.841    -13.500
     640     235.841    -14.000
     641     235.841    -14.500
     642     235.841    -15.000
     643     235.841    -15.500
     644     235.841    -16.000
     645     235.841    -16.500
     646     235.841    -17.000
     647     235.841    -17.500
     648     235.841    -18.000
     649     235.841    -18.500
     650     235.841    -19.000
     651     235.841    -19.500
     652     235.841    -20.000
     653     235.841    -20.500
     654     235.841    -21.000
     655     235.841    -21.500
     656     235.841    -22.000
     657     235.841    -22.500
     658     235.841    -23.000
     659     235.841    -23.500
     660     235.841    -24.000
     661     230.510      4.000
     662     230.510      3.429
     663     230.510      2.857
     664     230.510      2.286
     665     230.510      1.714
     666     230.510      1.143
     667     230.510      0.571
     668     230.510      0.000
     669     230.510     -0.571
     670     230.510     -1.143
     671     230.510     -1.714
     672     230.510     -2.286
     673     230.510     -2.857
     674     230.510     -3.429
     675     230.510     -4.000
     676     230.510     -4.500
     677     230.510     -5.000
     678     230.510     -5.500
     679     230.510     -6.000
     680     230.510     -6.500
     681     230.510     -7.000
     682     230.510     -7.500
     683     230.510     -8.000
     684     230.510     -8.500
     685     230.510     -9.000
     686     230.510     -9.500
     687     230.510    -10.000
     688     230.510    -10.500
     689     230.510    -11.000
     690     230.510    -11.500
     691     230.510    -12.000
     692     230.510    -12.500
     693     230.510    -13.000
     694     230.510    -13.500
     695     230.510    -14.000
     696     230.510    -14.500
     697     230.510    -15.000
     698     230.510    -15.500
     699     230.510    -16.000
     700     230.510    -16.500
     701     230.510    -17.000
     702     230.510    -17.500
     703     230.510    -18.000
     704     230.510    -18.500
     705     230.510    -19.000
     706     230.510    -19.500
     707     230.510    -20.000
     708     230.510    -20.500
     709     230.510    -21.000
     710     230.510    -21.500
     711     230.510    -22.000
     712     230.510    -22.500
     713     230.510    -23.000
     714     230.510    -23.500
     715     230.510    -24.000
     716     225.345      4.000
     717     225.345      3.429
     718     225.345      2.857
     719     225.345      2.286
     720     225.345      1.714
     721     225.345      1.143
     722     225.345      0.571
     723     225.345      0.000
     724     225.345     -0.571
     725     225.345     -1.143
     726     225.345     -1.714
     727     225.345     -2.286
     728     225.345     -2.857
     729     225.345     -3.429
     730     225.345     -4.000
     731     225.345     -4.500
     732     225.345     -5.000
     733     225.345     -5.500
     734     225.345     -6.000
     735     225.345     -6.500
     736     225.345     -7.000
     737     225.345     -7.500
     738     225.345     -8.000
     739     225.345     -8.500
     740     225.345     -9.000
     741     225.345     -9.500
     742     225.345    -10.000
     743     225.345    -10.500
     744     225.345    -11.000
     745     225.345    -11.500
     746     225.345    -12.000
     747     225.345    -12.500
     748     225.345    -13.000
     749     225.345    -13.500
     750     225.345    -14.000
     751     225.345    -14.500
     752     225.345    -15.000
     753     225.345    -15.500
     754     225.345    -16.000
     755     225.345    -16.500
     756     225.345    -17.000
     757     225.345    -17.500
     758     225.345    -18.000
     759     225.345    -18.500
     760     225.345    -19.000
     761     225.345    -19.500
     762     225.345    -20.000
     763     225.345    -20.500
     764     225.345    -21.000
     765     225.345    -21.500
     766     225.345    -22.000
     767     225.345    -22.500
     768     225.345    -23.000
     769     225.345    -23.500
     770     225.345    -24.000
     771     220.342      4.000
     772     220.342      3.429
     773     220.342      2.857
     774     220.342      2.286
     775     220.342      1.714
     776     220.342      1.143
     777     220.342      0.571
     778     220.342      0.000
     779     220.342     -0.571
     780     220.342     -1.143
     781     220.342     -1.714
     782     220.342     -2.286
     783     220.342     -2.857
     784     220.342     -3.429
     785     220.342     -4.000
     786     220.342     -4.500
     787     220.342     -5.000
     788     220.342     -5.500
     789     220.342     -6.000
     790     220.342     -6.500
     791     220.342     -7.000
     792     220.342     -7.500
     793     220.342     -8.000
     794     220.342     -8.500
     795     220.342     -9.000
     796     220.342     -9.500
     797     220.342    -10.000
     798     220.342    -10.500
     799     220.342    -11.000
     800     220.342    -11.500
     801     220.342    -12.000
     802     220.342    -12.500
     803     220.342    -13.000
     804     220.342    -13.500
     805     220.342    -14.000
     806     220.342    -14.500
     807     220.342    -15.000
     808     220.342    -15.500
     809     220.342    -16.000
     810     220.342    -16.500
     811     220.342    -17.000
     812     220.342    -17.500
     813     220.342    -18.000
     814     220.342    -18.500
     815     220.342    -19.000
     816     220.342    -19.500
     817     220.342    -20.000
     818     220.342    -20.500
     819     220.342    -21.000
     820     220.342    -21.500
     821     220.342    -22.000
     822     220.342    -22.500
     823     220.342    -23.000
     824     220.342    -23.500
     825     220.342    -24.000
     826     215.494      4.000
     827     215.494      3.429
     828     215.494      2.857
     829     215.494      2.286
     830     215.494      1.714
     831     215.494      1.143
     832     215.494      0.571
     833     215.494      0.000
     834     215.494     -0.571
     835     215.494     -1.143
     836     215.494     -1.714
     837     215.494     -2.286
     838     215.494     -2.857
     839     215.494     -3.429
     840     215.494     -4.000
     841     215.494     -4.500
     842     215.494     -5.000
     843     215.494     -5.500
     844     215.494     -6.000
     845     215.494     -6.500
     846     215.494     -7.000
     847     215.494     -7.500
     848     215.494     -8.000
     849     215.494     -8.500
     850     215.494     -9.000
     851     215.494     -9.500
     852     215.494    -10.000
     853     215.494    -10.500
     854     215.494    -11.000
     855     215.494    -11.500
     856     215.494    -12.000
     857     215.494    -12.500
     858     215.494    -13.000
     859     215.494    -13.500
     860     215.494    -14.000
     861     215.494    -14.500
     862     215.494    -15.000
     863     215.494    -15.500
     864     215.494    -16.000
     865     215.494    -16.500
     866     215.494    -17.000
     867     215.494    -17.500
     868     215.494    -18.000
     869     215.494    -18.500
     870     215.494    -19.000
     871     215.494    -19.500
     872     215.494    -20.000
     873     215.494    -20.500
     874     215.494    -21.000
     875     215.494    -21.500
     876     215.494    -22.000
     877     215.494    -22.500
     878     215.494    -23.000
     879     215.494    -23.500
     880     215.494    -24.000
     881     210.795      4.000
     882     210.795      3.429
     883     210.795      2.857
     884     210.795      2.286
     885     210.795      1.714
     886     210.795      1.143
     887     210.795      0.571
     888     210.795      0.000
     889     210.795     -0.571
     890     210.795     -1.143
     891     210.795     -1.714
     892     210.795     -2.286
     893     210.795     -2.857
     894     210.795     -3.429
     895     210.795     -4.000
     896     210.795     -4.500
     897     210.795     -5.000
     898     210.795     -5.500
     899     210.795     -6.000
     900     210.795     -6.500
     901     210.795     -7.000
     902     210.795     -7.500
     903     210.795     -8.000
     904     210.795     -8.500
     905     210.795     -9.000
     906     210.795     -9.500
     907     210.795    -10.000
     908     210.795    -10.500
     909     210.795    -11.000
     910     210.795    -11.500
     911     210.795    -12.000
     912     210.795    -12.500
     913     210.795    -13.000
     914     210.795    -13.500
     915     210.795    -14.000
     916     210.795    -14.500
     917     210.795    -15.000
     918     210.795    -15.500
     919     210.795    -16.000
     920     210.795    -16.500
     921     210.795    -17.000
     922     210.795    -17.500
     923     210.795    -18.000
     924     210.795    -18.500
     925     210.795    -19.000
     926     210.795    -19.500
     927     210.795    -20.000
     928     210.795    -20.500
     929     210.795    -21.000
     930     210.795    -21.500
     931     210.795    -22.000
     932     210.795    -22.500
     933     210.795    -23.000
     934     210.795    -23.500
     935     210.795    -24.000
     936     206.239      4.000
     937     206.239      3.429
     938     206.239      2.857
     939     206.239      2.286
     940     206.239      1.714
     941     206.239      1.143
     942     206.239      0.571
     943     206.239      0.000
     944     206.239     -0.571
     945     206.239     -1.143
     946     206.239     -1.714
     947     206.239     -2.286
     948     206.239     -2.857
     949     206.239     -3.429
     950     206.239     -4.000
     951     206.239     -4.500
     952     206.239     -5.000
     953     206.239     -5.500
     954     206.239     -6.000
     955     206.239     -6.500
     956     206.239     -7.000
     957     206.239     -7.500
     958     206.239     -8.000
     959     206.239     -8.500
     960     206.239     -9.000
     961     206.239     -9.500
     962     206.239    -10.000
     963     206.239    -10.500
     964     206.239    -11.000
     965     206.239    -11.500
     966     206.239    -12.000
     967     206.239    -12.500
     968     206.239    -13.000
     969     206.239    -13.500
     970     206.239    -14.000
     971     206.239    -14.500
     972     206.239    -15.000
     973     206.239    -15.500
     974     206.239    -16.000
     975     206.239    -16.500
     976     206.239    -17.000
     977     206.239    -17.500
     978     206.239    -18.000
     979     206.239    -18.500
     980     206.239    -19.000
     981     206.239    -19.500
     982     206.239    -20.000
     983     206.239    -20.500
     984     206.239    -21.000
     985     206.239    -21.500
     986     206.239    -22.000
     987     206.239    -22.500
     988     206.239    -23.000
     989     206.239    -23.500
     990     206.239    -24.000
     991     201.822      4.000
     992     201.822      3.429
     993     201.822      2.857
     994     201.822      2.286
     995     201.822      1.714
     996     201.822      1.143
     997     201.822      0.571
     998     201.822      0.000
     999     201.822     -0.571
    1000     201.822     -1.143
    1001     201.822     -1.714
    1002     201.822     -2.286
    1003     201.822     -2.857
    1004     201.822     -3.429
    1005     201.822     -4.000
    1006     201.822     -4.500
    1007     201.822     -5.000
    1008     201.822     -5.500
    1009     201.822     -6.000
    1010     201.822     -6.500
    1011     201.822     -7.000
    1012     201.822     -7.500
    1013     201.822     -8.000
    1014     201.822     -8.500
    1015     201.822     -9.000
    1016     201.822     -9.500
    1017     201.822    -10.000
    1018     201.822    -10.500
    1019     201.822    -11.000
    1020     201.822    -11.500
    1021     201.822    -12.000
    1022     201.822    -12.500
    1023     201.822    -13.000
    1024     201.822    -13.500
    1025     201.822    -14.000
    1026     201.822    -14.500
    1027     201.822    -15.000
    1028     201.822    -15.500
    1029     201.822    -16.000
    1030     201.822    -16.500
    1031     201.822    -17.000
    1032     201.822    -17.500
    1033     201.822    -18.000
    1034     201.822    -18.500
    1035     201.822    -19.000
    1036     201.822    -19.500
    1037     201.822    -20.000
    1038     201.822    -20.500
    1039     201.822    -21.000
    1040     201.822    -21.500
    1041     201.822    -22.000
    1042     201.822    -22.500
    1043     201.822    -23.000
    1044     201.822    -23.500
    1045     201.822    -24.000
    1046     197.537      4.000
    1047     197.537      3.429
    1048     197.537      2.857
    1049     197.537      2.286
    1050     197.537      1.714
    1051     197.537      1.143
    1052     197.537      0.571
    1053     197.537      0.000
    1054     197.537     -0.571
    1055     197.537     -1.143
    1056     197.537     -1.714
    1057     197.537     -2.286
    1058     197.537     -2.857
    1059     197.537     -3.429
    1060     197.537     -4.000
    1061     197.537     -4.500
    1062     197.537     -5.000
    1063     197.537     -5.500
    1064     197.537     -6.000
    1065     197.537     -6.500
    1066     197.537     -7.000
    1067     197.537     -7.500
    1068     197.537     -8.000
    1069     197.537     -8.500
    1070     197.537     -9.000
    1071     197.537     -9.500
    1072     197.537    -10.000
    1073     197.537    -10.500
    1074     197.537    -11.000
    1075     197.537    -11.500
    1076     197.537    -12.000
    1077     197.537    -12.500
    1078     197.537    -13.000
    1079     197.537    -13.500
    1080     197.537    -14.000
    1081     197.537    -14.500
    1082     197.537    -15.000
    1083     197.537    -15.500
    1084     197.537    -16.000
    1085     197.537    -16.500
    1086     197.537    -17.000
    1087     197.537    -17.500
    1088     197.537    -18.000
    1089     197.537    -18.500
    1090     197.537    -19.000
    1091     197.537    -19.500
    1092     197.537    -20.000
    1093     197.537    -20.500
    1094     197.537    -21.000
    1095     197.537    -21.500
    1096     197.537    -22.000
    1097     197.537    -22.500
    1098     197.537    -23.000
    1099     197.537    -23.500
    1100     197.537    -24.000
    1101     193.381      4.000
    1102     193.381      3.429
    1103     193.381      2.857
    1104     193.381      2.286
    1105     193.381      1.714
    1106     193.381      1.143
    1107     193.381      0.571
    1108     193.381     -0.000
    1109     193.381     -0.571
    1110     193.381     -1.143
    1111     193.381     -1.714
    1112     193.381     -2.286
    1113     193.381     -2.857
    1114     193.381     -3.429
    1115     193.381     -4.000
    1116     193.381     -4.500
    1117     193.381     -5.000
    1118     193.381     -5.500
    1119     193.381     -6.000
    1120     193.381     -6.500
    1121     193.381     -7.000
    1122     193.381     -7.500
    1123     193.381     -8.000
    1124     193.381     -8.500
    1125     193.381     -9.000
    1126     193.381     -9.500
    1127     193.381    -10.000
    1128     193.381    -10.500
    1129     193.381    -11.000
    1130     193.381    -11.500
    1131     193.381    -12.000
    1132     193.381    -12.500
    1133     193.381    -13.000
    1134     193.381    -13.500
    1135     193.381    -14.000
    1136     193.381    -14.500
    1137     193.381    -15.000
    1138     193.381    -15.500
    1139     193.381    -16.000
    1140     193.381    -16.500
    1141     193.381    -17.000
    1142     193.381    -17.500
    1143     193.381    -18.000
    1144     193.381    -18.500
    1145     193.381    -19.000
    1146     193.381    -19.500
    1147     193.381    -20.000
    1148     193.381    -20.500
    1149     193.381    -21.000
    1150     193.381    -21.500
    1151     193.381    -22.000
    1152     193.381    -22.500
    1153     193.381    -23.000
    1154     193.381    -23.500
    1155     193.381    -24.000
    1156     189.348      4.000
    1157     189.348      3.429
    1158     189.348      2.857
    1159     189.348      2.286
    1160     189.348      1.714
    1161     189.348      1.143
    1162     189.348      0.571
    1163     189.348      0.000
    1164     189.348     -0.571
    1165     189.348     -1.143
    1166     189.348     -1.714
    1167     189.348     -2.286
    1168     189.348     -2.857
    1169     189.348     -3.429
    1170     189.348     -4.000
    1171     189.348     -4.500
    1172     189.348     -5.000
    1173     189.348     -5.500
    1174     189.348     -6.000
    1175     189.348     -6.500
    1176     189.348     -7.000
    1177     189.348     -7.500
    1178     189.348     -8.000
    1179     189.348     -8.500
    1180     189.348     -9.000
    1181     189.348     -9.500
    1182     189.348    -10.000
    1183     189.348    -10.500
    1184     189.348    -11.000
    1185     189.348    -11.500
    1186     189.348    -12.000
    1187     189.348    -12.500
    1188     189.348    -13.000
    1189     189.348    -13.500
    1190     189.348    -14.000
    1191     189.348    -14.500
    1192     189.348    -15.000
    1193     189.348    -15.500
    1194     189.348    -16.000
    1195     189.348    -16.500
    1196     189.348    -17.000
    1197     189.348    -17.500
    1198     189.348    -18.000
    1199     189.348    -18.500
    1200     189.348    -19.000
    1201     189.348    -19.500
    1202     189.348    -20.000
    1203     189.348    -20.500
    1204     189.348    -21.000
    1205     189.348    -21.500
    1206     189.348    -22.000
    1207     189.348    -22.500
    1208     189.348    -23.000
    1209     189.348    -23.500
    1210     189.348    -24.000
    1211     185.433      4.000
    1212     185.433      3.429
    1213     185.433      2.857
    1214     185.433      2.286
    1215     185.433      1.714
    1216     185.433      1.143
    1217     185.433      0.571
    1218     185.433      0.000
    1219     185.433     -0.571
    1220     185.433     -1.143
    1221     185.433     -1.714
    1222     185.433     -2.286
    1223     185.433     -2.857
    1224     185.433     -3.429
    1225     185.433     -4.000
    1226     185.433     -4.500
    1227     185.433     -5.000
    1228     185.433     -5.500
    1229     185.433     -6.000
    1230     185.433     -6.500
    1231     185.433     -7.000
    1232     185.433     -7.500
    1233     185.433     -8.000
    1234     185.433     -8.500
    1235     185.433     -9.000
    1236     185.433     -9.500
    1237     185.433    -10.000
    1238     185.433    -10.500
    1239     185.433    -11.000
    1240     185.433    -11.500
    1241     185.433    -12.000
    1242     185.433    -12.500
    1243     185.433    -13.000
    1244     185.433    -13.500
    1245     185.433    -14.000
    1246     185.433    -14.500
    1247     185.433    -15.000
    1248     185.433    -15.500
    1249     185.433    -16.000
    1250     185.433    -16.500
    1251     185.433    -17.000
    1252     185.433    -17.500
    1253     185.433    -18.000
    1254     185.433    -18.500
    1255     185.433    -19.000
    1256     185.433    -19.500
    1257     185.433    -20.000
    1258     185.433    -20.500
    1259     185.433    -21.000
    1260     185.433    -21.500
    1261     185.433    -22.000
    1262     185.433    -22.500
    1263     185.433    -23.000
    1264     185.433    -23.500
    1265     185.433    -24.000
    1266     181.633      4.000
    1267     181.633      3.429
    1268     181.633      2.857
    1269     181.633      2.286
    1270     181.633      1.714
    1271     181.633      1.143
    1272     181.633      0.571
    1273     181.633      0.000
    1274     181.633     -0.571
    1275     181.633     -1.143
    1276     181.633     -1.714
    1277     181.633     -2.286
    1278     181.633     -2.857
    1279     181.633     -3.429
    1280     181.633     -4.000
    1281     181.633     -4.500
    1282     181.633     -5.000
    1283     181.633     -5.500
    1284     181.633     -6.000
    1285     181.633     -6.500
    1286     181.633     -7.000
    1287     181.633     -7.500
    1288     181.633     -8.000
    1289     181.633     -8.500
    1290     181.633     -9.000
    1291     181.633     -9.500
    1292     181.633    -10.000
    1293     181.633    -10.500
    1294     181.633    -11.000
    1295     181.633    -11.500
    1296     181.633    -12.000
    1297     181.633    -12.500
    1298     181.633    -13.000
    1299     181.633    -13.500
    1300     181.633    -14.000
    1301     181.633    -14.500
    1302     181.633    -15.000
    1303     181.633    -15.500
    1304     181.633    -16.000
    1305     181.633    -16.500
    1306     181.633    -17.000
    1307     181.633    -17.500
    1308     181.633    -18.000
    1309     181.633    -18.500
    1310     181.633    -19.000
    1311     181.633    -19.500
    1312     181.633    -20.000
    1313     181.633    -20.500
    1314     181.633    -21.000
    1315     181.633    -21.500
    1316     181.633    -22.000
    1317     181.633    -22.500
    1318     181.633    -23.000
    1319     181.633    -23.500
    1320     181.633    -24.000
    1321     177.943      4.000
    1322     177.943      3.429
    1323     177.943      2.857
    1324     177.943      2.286
    1325     177.943      1.714
    1326     177.943      1.143
    1327     177.943      0.571
    1328     177.943      0.000
    1329     177.943     -0.571
    1330     177.943     -1.143
    1331     177.943     -1.714
    1332     177.943     -2.286
    1333     177.943     -2.857
    1334     177.943     -3.429
    1335     177.943     -4.000
    1336     177.943     -4.500
    1337     177.943     -5.000
    1338     177.943     -5.500
    1339     177.943     -6.000
    1340     177.943     -6.500
    1341     177.943     -7.000
    1342     177.943     -7.500
    1343     177.943     -8.000
    1344     177.943     -8.500
    1345     177.943     -9.000
    1346     177.943     -9.500
    1347     177.943    -10.000
    1348     177.943    -10.500
    1349     177.943    -11.000
    1350     177.943    -11.500
    1351     177.943    -12.000
    1352     177.943    -12.500
    1353     177.943    -13.000
    1354     177.943    -13.500
    1355     177.943    -14.000
    1356     177.943    -14.500
    1357     177.943    -15.000
    1358     177.943    -15.500
    1359     177.943    -16.000
    1360     177.943    -16.500
    1361     177.943    -17.000
    1362     177.943    -17.500
    1363     177.943    -18.000
    1364     177.943    -18.500
    1365     177.943    -19.000
    1366     177.943    -19.500
    1367     177.943    -20.000
    1368     177.943    -20.500
    1369     177.943    -21.000
    1370     177.943    -21.500
    1371     177.943    -22.000
    1372     177.943    -22.500
    1373     177.943    -23.000
    1374     177.943    -23.500
    1375     177.943    -24.000
    1376     174.360      4.000
    1377     174.360      3.429
    1378     174.360      2.857
    1379     174.360      2.286
    1380     174.360      1.714
    1381     174.360      1.143
    1382     174.360      0.571
    1383     174.360      0.000
    1384     174.360     -0.571
    1385     174.360     -1.143
    1386     174.360     -1.714
    1387     174.360     -2.286
    1388     174.360     -2.857
    1389     174.360     -3.429
    1390     174.360     -4.000
    1391     174.360     -4.500
    1392     174.360     -5.000
    1393     174.360     -5.500
    1394     174.360     -6.000
    1395     174.360     -6.500
    1396     174.360     -7.000
    1397     174.360     -7.500
    1398     174.360     -8.000
    1399     174.360     -8.500
    1400     174.360     -9.000
    1401     174.360     -9.500
    1402     174.360    -10.000
    1403     174.360    -10.500
    1404     174.360    -11.000
    1405     174.360    -11.500
    1406     174.360    -12.000
    1407     174.360    -12.500
    1408     174.360    -13.000
    1409     174.360    -13.500
    1410     174.360    -14.000
    1411     174.360    -14.500
    1412     174.360    -15.000
    1413     174.360    -15.500
    1414     174.360    -16.000
    1415     174.360    -16.500
    1416     174.360    -17.000
    1417     174.360    -17.500
    1418     174.360    -18.000
    1419     174.360    -18.500
    1420     174.360    -19.000
    1421     174.360    -19.500
    1422     174.360    -20.000
    1423     174.360    -20.500
    1424     174.360    -21.000
    1425     174.360    -21.500
    1426     174.360    -22.000
    1427     174.360    -22.500
    1428     174.360    -23.000
    1429     174.360    -23.500
    1430     174.360    -24.000
    1431     170.878      4.000
    1432     170.878      3.429
    1433     170.878      2.857
    1434     170.878      2.286
    1435     170.878      1.714
    1436     170.878      1.143
    1437     170.878      0.571
    1438     170.878     -0.000
    1439     170.878     -0.571
    1440     170.878     -1.143
    1441     170.878     -1.714
    1442     170.878     -2.286
    1443     170.878     -2.857
    1444     170.878     -3.429
    1445     170.878     -4.000
    1446     170.878     -4.500
    1447     170.878     -5.000
    1448     170.878     -5.500
    1449     170.878     -6.000
    1450     170.878     -6.500
    1451     170.878     -7.000
    1452     170.878     -7.500
    1453     170.878     -8.000
    1454     170.878     -8.500
    1455     170.878     -9.000
    1456     170.878     -9.500
    1457     170.878    -10.000
    1458     170.878    -10.500
    1459     170.878    -11.000
    1460     170.878    -11.500
    1461     170.878    -12.000
    1462     170.878    -12.500
    1463     170.878    -13.000
    1464     170.878    -13.500
    1465     170.878    -14.000
    1466     170.878    -14.500
    1467     170.878    -15.000
    1468     170.878    -15.500
    1469     170.878    -16.000
    1470     170.878    -16.500
    1471     170.878    -17.000
    1472     170.878    -17.500
    1473     170.878    -18.000
    1474     170.878    -18.500
    1475     170.878    -19.000
    1476     170.878    -19.500
    1477     170.878    -20.000
    1478     170.878    -20.500
    1479     170.878    -21.000
    1480     170.878    -21.500
    1481     170.878    -22.000
    1482     170.878    -22.500
    1483     170.878    -23.000
    1484     170.878    -23.500
    1485     170.878    -24.000
    1486     167.496      4.000
    1487     167.496      3.429
    1488     167.496      2.857
    1489     167.496      2.286
    1490     167.496      1.714
    1491     167.496      1.143
    1492     167.496      0.571
    1493     167.496      0.000
    1494     167.496     -0.571
    1495     167.496     -1.143
    1496     167.496     -1.714
    1497     167.496     -2.286
    1498     167.496     -2.857
    1499     167.496     -3.429
    1500     167.496     -4.000
    1501     167.496     -4.500
    1502     167.496     -5.000
    1503     167.496     -5.500
    1504     167.496     -6.000
    1505     167.496     -6.500
    1506     167.496     -7.000
    1507     167.496     -7.500
    1508     167.496     -8.000
    1509     167.496     -8.500
    1510     167.496     -9.000
    1511     167.496     -9.500
    1512     167.496    -10.000
    1513     167.496    -10.500
    1514     167.496    -11.000
    1515     167.496    -11.500
    1516     167.496    -12.000
    1517     167.496    -12.500
    1518     167.496    -13.000
    1519     167.496    -13.500
    1520     167.496    -14.000
    1521     167.496    -14.500
    1522     167.496    -15.000
    1523     167.496    -15.500
    1524     167.496    -16.000
    1525     167.496    -16.500
    1526     167.496    -17.000
    1527     167.496    -17.500
    1528     167.496    -18.000
    1529     167.496    -18.500
    1530     167.496    -19.000
    1531     167.496    -19.500
    1532     167.496    -20.000
    1533     167.496    -20.500
    1534     167.496    -21.000
    1535     167.496    -21.500
    1536     167.496    -22.000
    1537     167.496    -22.500
    1538     167.496    -23.000
    1539     167.496    -23.500
    1540     167.496    -24.000
    1541     164.208      4.000
    1542     164.208      3.429
    1543     164.208      2.857
    1544     164.208      2.286
    1545     164.208      1.714
    1546     164.208      1.143
    1547     164.208      0.571
    1548     164.208      0.000
    1549     164.208     -0.571
    1550     164.208     -1.143
    1551     164.208     -1.714
    1552     164.208     -2.286
    1553     164.208     -2.857
    1554     164.208     -3.429
    1555     164.208     -4.000
    1556     164.208     -4.500
    1557     164.208     -5.000
    1558     164.208     -5.500
    1559     164.208     -6.000
    1560     164.208     -6.500
    1561     164.208     -7.000
    1562     164.208     -7.500
    1563     164.208     -8.000
    1564     164.208     -8.500
    1565     164.208     -9.000
    1566     164.208     -9.500
    1567     164.208    -10.000
    1568     164.208    -10.500
    1569     164.208    -11.000
    1570     164.208    -11.500
    1571     164.208    -12.000
    1572     164.208    -12.500
    1573     164.208    -13.000
    1574     164.208    -13.500
    1575     164.208    -14.000
    1576     164.208    -14.500
    1577     164.208    -15.000
    1578     164.208    -15.500
    1579     164.208    -16.000
    1580     164.208    -16.500
    1581     164.208    -17.000
    1582     164.208    -17.500
    1583     164.208    -18.000
    1584     164.208    -18.500
    1585     164.208    -19.000
    1586     164.208    -19.500
    1587     164.208    -20.000
    1588     164.208    -20.500
    1589     164.208    -21.000
    1590     164.208    -21.500
    1591     164.208    -22.000
    1592     164.208    -22.500
    1593     164.208    -23.000
    1594     164.208    -23.500
    1595     164.208    -24.000
    1596     161.012      4.000
    1597     161.012      3.429
    1598     161.012      2.857
    1599     161.012      2.286
    1600     161.012      1.714
    1601     161.012      1.143
    1602     161.012      0.571
    1603     161.012      0.000
    1604     161.012     -0.571
    1605     161.012     -1.143
    1606     161.012     -1.714
    1607     161.012     -2.286
    1608     161.012     -2.857
    1609     161.012     -3.429
    1610     161.012     -4.000
    1611     161.012     -4.500
    1612     161.012     -5.000
    1613     161.012     -5.500
    1614     161.012     -6.000
    1615     161.012     -6.500
    1616     161.012     -7.000
    1617     161.012     -7.500
    1618     161.012     -8.000
    1619     161.012     -8.500
    1620     161.012     -9.000
    1621     161.012     -9.500
    1622     161.012    -10.000
    1623     161.012    -10.500
    1624     161.012    -11.000
    1625     161.012    -11.500
    1626     161.012    -12.000
    1627     161.012    -12.500
    1628     161.012    -13.000
    1629     161.012    -13.500
    1630     161.012    -14.000
    1631     161.012    -14.500
    1632     161.012    -15.000
    1633     161.012    -15.500
    1634     161.012    -16.000
    1635     161.012    -16.500
    1636     161.012    -17.000
    1637     161.012    -17.500
    1638     161.012    -18.000
    1639     161.012    -18.500
    1640     161.012    -19.000
    1641     161.012    -19.500
    1642     161.012    -20.000
    1643     161.012    -20.500
    1644     161.012    -21.000
    1645     161.012    -21.500
    1646     161.012    -22.000
    1647     161.012    -22.500
    1648     161.012    -23.000
    1649     161.012    -23.500
    1650     161.012    -24.000
    1651     157.905      4.000
    1652     157.905      3.429
    1653     157.905      2.857
    1654     157.905      2.286
    1655     157.905      1.714
    1656     157.905      1.143
    1657     157.905      0.571
    1658     157.905      0.000
    1659     157.905     -0.571
    1660     157.905     -1.143
    1661     157.905     -1.714
    1662     157.905     -2.286
    1663     157.905     -2.857
    1664     157.905     -3.429
    1665     157.905     -4.000
    1666     157.905     -4.500
    1667     157.905     -5.000
    1668     157.905     -5.500
    1669     157.905     -6.000
    1670     157.905     -6.500
    1671     157.905     -7.000
    1672     157.905     -7.500
    1673     157.905     -8.000
    1674     157.905     -8.500
    1675     157.905     -9.000
    1676     157.905     -9.500
    1677     157.905    -10.000
    1678     157.905    -10.500
    1679     157.905    -11.000
    1680     157.905    -11.500
    1681     157.905    -12.000
    1682     157.905    -12.500
    1683     157.905    -13.000
    1684     157.905    -13.500
    1685     157.905    -14.000
    1686     157.905    -14.500
    1687     157.905    -15.000
    1688     157.905    -15.500
    1689     157.905    -16.000
    1690     157.905    -16.500
    1691     157.905    -17.000
    1692     157.905    -17.500
    1693     157.905    -18.000
    1694     157.905    -18.500
    1695     157.905    -19.000
    1696     157.905    -19.500
    1697     157.905    -20.000
    1698     157.905    -20.500
    1699     157.905    -21.000
    1700     157.905    -21.500
    1701     157.905    -22.000
    1702     157.905    -22.500
    1703     157.905    -23.000
    1704     157.905    -23.500
    1705     157.905    -24.000
    1706     154.883      4.000
    1707     154.883      3.429
    1708     154.883      2.857
    1709     154.883      2.286
    1710     154.883      1.714
    1711     154.883      1.143
    1712     154.883      0.571
    1713     154.883      0.000
    1714     154.883     -0.571
    1715     154.883     -1.143
    1716     154.883     -1.714
    1717     154.883     -2.286
    1718     154.883     -2.857
    1719     154.883     -3.429
    1720     154.883     -4.000
    1721     154.883     -4.500
    1722     154.883     -5.000
    1723     154.883     -5.500
    1724     154.883     -6.000
    1725     154.883     -6.500
    1726     154.883     -7.000
    1727     154.883     -7.500
    1728     154.883     -8.000
    1729     154.883     -8.500
    1730     154.883     -9.000
    1731     154.883     -9.500
    1732     154.883    -10.000
    1733     154.883    -10.500
    1734     154.883    -11.000
    1735     154.883    -11.500
    1736     154.883    -12.000
    1737     154.883    -12.500
    1738     154.883    -13.000
    1739     154.883    -13.500
    1740     154.883    -14.000
    1741     154.883    -14.500
    1742     154.883    -15.000
    1743     154.883    -15.500
    1744     154.883    -16.000
    1745     154.883    -16.500
    1746     154.883    -17.000
    1747     154.883    -17.500
    1748     154.883    -18.000
    1749     154.883    -18.500
    1750     154.883    -19.000
    1751     154.883    -19.500
    1752     154.883    -20.000
    1753     154.883    -20.500
    1754     154.883    -21.000
    1755     154.883    -21.500
    1756     154.883    -22.000
    1757     154.883    -22.500
    1758     154.883    -23.000
    1759     154.883    -23.500
    1760     154.883    -24.000
    1761     151.943      4.000
    1762     151.943      3.429
    1763     151.943      2.857
    1764     151.943      2.286
    1765     151.943      1.714
    1766     151.943      1.143
    1767     151.943      0.571
    1768     151.943      0.000
    1769     151.943     -0.571
    1770     151.943     -1.143
    1771     151.943     -1.714
    1772     151.943     -2.286
    1773     151.943     -2.857
    1774     151.943     -3.429
    1775     151.943     -4.000
    1776     151.943     -4.500
    1777     151.943     -5.000
    1778     151.943     -5.500
    1779     151.943     -6.000
    1780     151.943     -6.500
    1781     151.943     -7.000
    1782     151.943     -7.500
    1783     151.943     -8.000
    1784     151.943     -8.500
    1785     151.943     -9.000
    1786     151.943     -9.500
    1787     151.943    -10.000
    1788     151.943    -10.500
    1789     151.943    -11.000
    1790     151.943    -11.500
    1791     151.943    -12.000
    1792     151.943    -12.500
    1793     151.943    -13.000
    1794     151.943    -13.500
    1795     151.943    -14.000
    1796     151.943    -14.500
    1797     151.943    -15.000
    1798     151.943    -15.500
    1799     151.943    -16.000
    1800     151.943    -16.500
    1801     151.943    -17.000
    1802     151.943    -17.500
    1803     151.943    -18.000
    1804     151.943    -18.500
    1805     151.943    -19.000
    1806     151.943    -19.500
    1807     151.943    -20.000
    1808     151.943    -20.500
    1809     151.943    -21.000
    1810     151.943    -21.500
    1811     151.943    -22.000
    1812     151.943    -22.500
    1813     151.943    -23.000
    1814     151.943    -23.500
    1815     151.943    -24.000
    1816     149.083      4.000
    1817     149.083      3.429
    1818     149.083      2.857
    1819     149.083      2.286
    1820     149.083      1.714
    1821     149.083      1.143
    1822     149.083      0.571
    1823     149.083      0.000
    1824     149.083     -0.571
    1825     149.083     -1.143
    1826     149.083     -1.714
    1827     149.083     -2.286
    1828     149.083     -2.857
    1829     149.083     -3.429
    1830     149.083     -4.000
    1831     149.083     -4.500
    1832     149.083     -5.000
    1833     149.083     -5.500
    1834     149.083     -6.000
    1835     149.083     -6.500
    1836     149.083     -7.000
    1837     149.083     -7.500
    1838     149.083     -8.000
    1839     149.083     -8.500
    1840     149.083     -9.000
    1841     149.083     -9.500
    1842     149.083    -10.000
    1843     149.083    -10.500
    1844     149.083    -11.000
    1845     149.083    -11.500
    1846     149.083    -12.000
    1847     149.083    -12.500
    1848     149.083    -13.000
    1849     149.083    -13.500
    1850     149.083    -14.000
    1851     149.083    -14.500
    1852     149.083    -15.000
    1853     149.083    -15.500
    1854     149.083    -16.000
    1855     149.083    -16.500
    1856     149.083    -17.000
    1857     149.083    -17.500
    1858     149.083    -18.000
    1859     149.083    -18.500
    1860     149.083    -19.000
    1861     149.083    -19.500
    1862     149.083    -20.000
    1863     149.083    -20.500
    1864     149.083    -21.000
    1865     149.083    -21.500
    1866     149.083    -22.000
    1867     149.083    -22.500
    1868     149.083    -23.000
    1869     149.083    -23.500
    1870     149.083    -24.000
    1871     146.299      4.000
    1872     146.299      3.429
    1873     146.299      2.857
    1874     146.299      2.286
    1875     146.299      1.714
    1876     146.299      1.143
    1877     146.299      0.571
    1878     146.299      0.000
    1879     146.299     -0.571
    1880     146.299     -1.143
    1881     146.299     -1.714
    1882     146.299     -2.286
    1883     146.299     -2.857
    1884     146.299     -3.429
    1885     146.299     -4.000
    1886     146.299     -4.500
    1887     146.299     -5.000
    1888     146.299     -5.500
    1889     146.299     -6.000
    1890     146.299     -6.500
    1891     146.299     -7.000
    1892     146.299     -7.500
    1893     146.299     -8.000
    1894     146.299     -8.500
    1895     146.299     -9.000
    1896     146.299     -9.500
    1897     146.299    -10.000
    1898     146.299    -10.500
    1899     146.299    -11.000
    1900     146.299    -11.500
    1901     146.299    -12.000
    1902     146.299    -12.500
    1903     146.299    -13.000
    1904     146.299    -13.500
    1905     146.299    -14.000
    1906     146.299    -14.500
    1907     146.299    -15.000
    1908     146.299    -15.500
    1909     146.299    -16.000
    1910     146.299    -16.500
    1911     146.299    -17.000
    1912     146.299    -17.500
    1913     146.299    -18.000
    1914     146.299    -18.500
    1915     146.299    -19.000
    1916     146.299    -19.500
    1917     146.299    -20.000
    1918     146.299    -20.500
    1919     146.299    -21.000
    1920     146.299    -21.500
    1921     146.299    -22.000
    1922     146.299    -22.500
    1923     146.299    -23.000
    1924     146.299    -23.500
    1925     146.299    -24.000
    1926     143.589      4.000
    1927     143.589      3.429
    1928     143.589      2.857
    1929     143.589      2.286
    1930     143.589      1.714
    1931     143.589      1.143
    1932     143.589      0.571
    1933     143.589      0.000
    1934     143.589     -0.571
    1935     143.589     -1.143
    1936     143.589     -1.714
    1937     143.589     -2.286
    1938     143.589     -2.857
    1939     143.589     -3.429
    1940     143.589     -4.000
    1941     143.589     -4.500
    1942     143.589     -5.000
    1943     143.589     -5.500
    1944     143.589     -6.000
    1945     143.589     -6.500
    1946     143.589     -7.000
    1947     143.589     -7.500
    1948     143.589     -8.000
    1949     143.589     -8.500
    1950     143.589     -9.000
    1951     143.589     -9.500
    1952     143.589    -10.000
    1953     143.589    -10.500
    1954     143.589    -11.000
    1955     143.589    -11.500
    1956     143.589    -12.000
    1957     143.589    -12.500
    1958     143.589    -13.000
    1959     143.589    -13.500
    1960     143.589    -14.000
    1961     143.589    -14.500
    1962     143.589    -15.000
    1963     143.589    -15.500
    1964     143.589    -16.000
    1965     143.589    -16.500
    1966     143.589    -17.000
    1967     143.589    -17.500
    1968     143.589    -18.000
    1969     143.589    -18.500
    1970     143.589    -19.000
    1971     143.589    -19.500
    1972     143.589    -20.000
    1973     143.589    -20.500
    1974     143.589    -21.000
    1975     143.589    -21.500
    1976     143.589    -22.000
    1977     143.589    -22.500
    1978     143.589    -23.000
    1979     143.589    -23.500
    1980     143.589    -24.000
    1981     140.951      4.000
    1982     140.951      3.429
    1983     140.951      2.857
    1984     140.951      2.286
    1985     140.951      1.714
    1986     140.951      1.143
    1987     140.951      0.571
    1988     140.951     -0.000
    1989     140.951     -0.571
    1990     140.951     -1.143
    1991     140.951     -1.714
    1992     140.951     -2.286
    1993     140.951     -2.857
    1994     140.951     -3.429
    1995     140.951     -4.000
    1996     140.951     -4.500
    1997     140.951     -5.000
    1998     140.951     -5.500
    1999     140.951     -6.000
    2000     140.951     -6.500
    2001     140.951     -7.000
    2002     140.951     -7.500
    2003     140.951     -8.000
    2004     140.951     -8.500
    2005     140.951     -9.000
    2006     140.951     -9.500
    2007     140.951    -10.000
    2008     140.951    -10.500
    2009     140.951    -11.000
    2010     140.951    -11.500
    2011     140.951    -12.000
    2012     140.951    -12.500
    2013     140.951    -13.000
    2014     140.951    -13.500
    2015     140.951    -14.000
    2016     140.951    -14.500
    2017     140.951    -15.000
    2018     140.951    -15.500
    2019     140.951    -16.000
    2020     140.951    -16.500
    2021     140.951    -17.000
    2022     140.951    -17.500
    2023     140.951    -18.000
    2024     140.951    -18.500
    2025     140.951    -19.000
    2026     140.951    -19.500
    2027     140.951    -20.000
    2028     140.951    -20.500
    2029     140.951    -21.000
    2030     140.951    -21.500
    2031     140.951    -22.000
    2032     140.951    -22.500
    2033     140.951    -23.000
    2034     140.951    -23.500
    2035     140.951    -24.000
    2036     138.382      4.000
    2037     138.382      3.429
    2038     138.382      2.857
    2039     138.382      2.286
    2040     138.382      1.714
    2041     138.382      1.143
    2042     138.382      0.571
    2043     138.382      0.000
    2044     138.382     -0.571
    2045     138.382     -1.143
    2046     138.382     -1.714
    2047     138.382     -2.286
    2048     138.382     -2.857
    2049     138.382     -3.429
    2050     138.382     -4.000
    2051     138.382     -4.500
    2052     138.382     -5.000
    2053     138.382     -5.500
    2054     138.382     -6.000
    2055     138.382     -6.500
    2056     138.382     -7.000
    2057     138.382     -7.500
    2058     138.382     -8.000
    2059     138.382     -8.500
    2060     138.382     -9.000
    2061     138.382     -9.500
    2062     138.382    -10.000
    2063     138.382    -10.500
    2064     138.382    -11.000
    2065     138.382    -11.500
    2066     138.382    -12.000
    2067     138.382    -12.500
    2068     138.382    -13.000
    2069     138.382    -13.500
    2070     138.382    -14.000
    2071     138.382    -14.500
    2072     138.382    -15.000
    2073     138.382    -15.500
    2074     138.382    -16.000
    2075     138.382    -16.500
    2076     138.382    -17.000
    2077     138.382    -17.500
    2078     138.382    -18.000
    2079     138.382    -18.500
    2080     138.382    -19.000
    2081     138.382    -19.500
    2082     138.382    -20.000
    2083     138.382    -20.500
    2084     138.382    -21.000
    2085     138.382    -21.500
    2086     138.382    -22.000
    2087     138.382    -22.500
    2088     138.382    -23.000
    2089     138.382    -23.500
    2090     138.382    -24.000
    2091     135.879      4.000
    2092     135.879      3.429
    2093     135.879      2.857
    2094     135.879      2.286
    2095     135.879      1.714
    2096     135.879      1.143
    2097     135.879      0.571
    2098     135.879      0.000
    2099     135.879     -0.571
    2100     135.879     -1.143
    2101     135.879     -1.714
    2102     135.879     -2.286
    2103     135.879     -2.857
    2104     135.879     -3.429
    2105     135.879     -4.000
    2106     135.879     -4.500
    2107     135.879     -5.000
    2108     135.879     -5.500
    2109     135.879     -6.000
    2110     135.879     -6.500
    2111     135.879     -7.000
    2112     135.879     -7.500
    2113     135.879     -8.000
    2114     135.879     -8.500
    2115     135.879     -9.000
    2116     135.879     -9.500
    2117     135.879    -10.000
    2118     135.879    -10.500
    2119     135.879    -11.000
    2120     135.879    -11.500
    2121     135.879    -12.000
    2122     135.879    -12.500
    2123     135.879    -13.000
    2124     135.879    -13.500
    2125     135.879    -14.000
    2126     135.879    -14.500
    2127     135.879    -15.000
    2128     135.879    -15.500
    2129     135.879    -16.000
    2130     135.879    -16.500
    2131     135.879    -17.000
    2132     135.879    -17.500
    2133     135.879    -18.000
    2134     135.879    -18.500
    2135     135.879    -19.000
    2136     135.879    -19.500
    2137     135.879    -20.000
    2138     135.879    -20.500
    2139     135.879    -21.000
    2140     135.879    -21.500
    2141     135.879    -22.000
    2142     135.879    -22.500
    2143     135.879    -23.000
    2144     135.879    -23.500
    2145     135.879    -24.000
    2146     133.440      4.000
    2147     133.440      3.429
    2148     133.440      2.857
    2149     133.440      2.286
    2150     133.440      1.714
    2151     133.440      1.143
    2152     133.440      0.571
    2153     133.440      0.000
    2154     133.440     -0.571
    2155     133.440     -1.143
    2156     133.440     -1.714
    2157     133.440     -2.286
    2158     133.440     -2.857
    2159     133.440     -3.429
    2160     133.440     -4.000
    2161     133.440     -4.500
    2162     133.440     -5.000
    2163     133.440     -5.500
    2164     133.440     -6.000
    2165     133.440     -6.500
    2166     133.440     -7.000
    2167     133.440     -7.500
    2168     133.440     -8.000
    2169     133.440     -8.500
    2170     133.440     -9.000
    2171     133.440     -9.500
    2172     133.440    -10.000
    2173     133.440    -10.500
    2174     133.440    -11.000
    2175     133.440    -11.500
    2176     133.440    -12.000
    2177     133.440    -12.500
    2178     133.440    -13.000
    2179     133.440    -13.500
    2180     133.440    -14.000
    2181     133.440    -14.500
    2182     133.440    -15.000
    2183     133.440    -15.500
    2184     133.440    -16.000
    2185     133.440    -16.500
    2186     133.440    -17.000
    2187     133.440    -17.500
    2188     133.440    -18.000
    2189     133.440    -18.500
    2190     133.440    -19.000
    2191     133.440    -19.500
    2192     133.440    -20.000
    2193     133.440    -20.500
    2194     133.440    -21.000
    2195     133.440    -21.500
    2196     133.440    -22.000
    2197     133.440    -22.500
    2198     133.440    -23.000
    2199     133.440    -23.500
    2200     133.440    -24.000
    2201     131.064      4.000
    2202     131.064      3.429
    2203     131.064      2.857
    2204     131.064      2.286
    2205     131.064      1.714
    2206     131.064      1.143
    2207     131.064      0.571
    2208     131.064     -0.000
    2209     131.064     -0.571
    2210     131.064     -1.143
    2211     131.064     -1.714
    2212     131.064     -2.286
    2213     131.064     -2.857
    2214     131.064     -3.429
    2215     131.064     -4.000
    2216     131.064     -4.500
    2217     131.064     -5.000
    2218     131.064     -5.500
    2219     131.064     -6.000
    2220     131.064     -6.500
    2221     131.064     -7.000
    2222     131.064     -7.500
    2223     131.064     -8.000
    2224     131.064     -8.500
    2225     131.064     -9.000
    2226     131.064     -9.500
    2227     131.064    -10.000
    2228     131.064    -10.500
    2229     131.064    -11.000
    2230     131.064    -11.500
    2231     131.064    -12.000
    2232     131.064    -12.500
    2233     131.064    -13.000
    2234     131.064    -13.500
    2235     131.064    -14.000
    2236     131.064    -14.500
    2237     131.064    -15.000
    2238     131.064    -15.500
    2239     131.064    -16.000
    2240     131.064    -16.500
    2241     131.064    -17.000
    2242     131.064    -17.500
    2243     131.064    -18.000
    2244     131.064    -18.500
    2245     131.064    -19.000
    2246     131.064    -19.500
    2247     131.064    -20.000
    2248     131.064    -20.500
    2249     131.064    -21.000
    2250     131.064    -21.500
    2251     131.064    -22.000
    2252     131.064    -22.500
    2253     131.064    -23.000
    2254     131.064    -23.500
    2255     131.064    -24.000
    2256     128.748      4.000
    2257     128.748      3.429
    2258     128.748      2.857
    2259     128.748      2.286
    2260     128.748      1.714
    2261     128.748      1.143
    2262     128.748      0.571
    2263     128.748      0.000
    2264     128.748     -0.571
    2265     128.748     -1.143
    2266     128.748     -1.714
    2267     128.748     -2.286
    2268     128.748     -2.857
    2269     128.748     -3.429
    2270     128.748     -4.000
    2271     128.748     -4.500
    2272     128.748     -5.000
    2273     128.748     -5.500
    2274     128.748     -6.000
    2275     128.748     -6.500
    2276     128.748     -7.000
    2277     128.748     -7.500
    2278     128.748     -8.000
    2279     128.748     -8.500
    2280     128.748     -9.000
    2281     128.748     -9.500
    2282     128.748    -10.000
    2283     128.748    -10.500
    2284     128.748    -11.000
    2285     128.748    -11.500
    2286     128.748    -12.000
    2287     128.748    -12.500
    2288     128.748    -13.000
    2289     128.748    -13.500
    2290     128.748    -14.000
    2291     128.748    -14.500
    2292     128.748    -15.000
    2293     128.748    -15.500
    2294     128.748    -16.000
    2295     128.748    -16.500
    2296     128.748    -17.000
    2297     128.748    -17.500
    2298     128.748    -18.000
    2299     128.748    -18.500
    2300     128.748    -19.000
    2301     128.748    -19.500
    2302     128.748    -20.000
    2303     128.748    -20.500
    2304     128.748    -21.000
    2305     128.748    -21.500
    2306     128.748    -22.000
    2307     128.748    -22.500
    2308     128.748    -23.000
    2309     128.748    -23.500
    2310     128.748    -24.000
    2311     126.489      4.000
    2312     126.489      3.429
    2313     126.489      2.857
    2314     126.489      2.286
    2315     126.489      1.714
    2316     126.489      1.143
    2317     126.489      0.571
    2318     126.489     -0.000
    2319     126.489     -0.571
    2320     126.489     -1.143
    2321     126.489     -1.714
    2322     126.489     -2.286
    2323     126.489     -2.857
    2324     126.489     -3.429
    2325     126.489     -4.000
    2326     126.489     -4.500
    2327     126.489     -5.000
    2328     126.489     -5.500
    2329     126.489     -6.000
    2330     126.489     -6.500
    2331     126.489     -7.000
    2332     126.489     -7.500
    2333     126.489     -8.000
    2334     126.489     -8.500
    2335     126.489     -9.000
    2336     126.489     -9.500
    2337     126.489    -10.000
    2338     126.489    -10.500
    2339     126.489    -11.000
    2340     126.489    -11.500
    2341     126.489    -12.000
    2342     126.489    -12.500
    2343     126.489    -13.000
    2344     126.489    -13.500
    2345     126.489    -14.000
    2346     126.489    -14.500
    2347     126.489    -15.000
    2348     126.489    -15.500
    2349     126.489    -16.000
    2350     126.489    -16.500
    2351     126.489    -17.000
    2352     126.489    -17.500
    2353     126.489    -18.000
    2354     126.489    -18.500
    2355     126.489    -19.000
    2356     126.489    -19.500
    2357     126.489    -20.000
    2358     126.489    -20.500
    2359     126.489    -21.000
    2360     126.489    -21.500
    2361     126.489    -22.000
    2362     126.489    -22.500
    2363     126.489    -23.000
    2364     126.489    -23.500
    2365     126.489    -24.000
    2366     124.287      4.000
    2367     124.287      3.429
    2368     124.287      2.857
    2369     124.287      2.286
    2370     124.287      1.714
    2371     124.287      1.143
    2372     124.287      0.571
    2373     124.287      0.000
    2374     124.287     -0.571
    2375     124.287     -1.143
    2376     124.287     -1.714
    2377     124.287     -2.286
    2378     124.287     -2.857
    2379     124.287     -3.429
    2380     124.287     -4.000
    2381     124.287     -4.500
    2382     124.287     -5.000
    2383     124.287     -5.500
    2384     124.287     -6.000
    2385     124.287     -6.500
    2386     124.287     -7.000
    2387     124.287     -7.500
    2388     124.287     -8.000
    2389     124.287     -8.500
    2390     124.287     -9.000
    2391     124.287     -9.500
    2392     124.287    -10.000
    2393     124.287    -10.500
    2394     124.287    -11.000
    2395     124.287    -11.500
    2396     124.287    -12.000
    2397     124.287    -12.500
    2398     124.287    -13.000
    2399     124.287    -13.500
    2400     124.287    -14.000
    2401     124.287    -14.500
    2402     124.287    -15.000
    2403     124.287    -15.500
    2404     124.287    -16.000
    2405     124.287    -16.500
    2406     124.287    -17.000
    2407     124.287    -17.500
    2408     124.287    -18.000
    2409     124.287    -18.500
    2410     124.287    -19.000
    2411     124.287    -19.500
    2412     124.287    -20.000
    2413     124.287    -20.500
    2414     124.287    -21.000
    2415     124.287    -21.500
    2416     124.287    -22.000
    2417     124.287    -22.500
    2418     124.287    -23.000
    2419     124.287    -23.500
    2420     124.287    -24.000
    2421     122.139      4.000
    2422     122.139      3.429
    2423     122.139      2.857
    2424     122.139      2.286
    2425     122.139      1.714
    2426     122.139      1.143
    2427     122.139      0.571
    2428     122.139      0.000
    2429     122.139     -0.571
    2430     122.139     -1.143
    2431     122.139     -1.714
    2432     122.139     -2.286
    2433     122.139     -2.857
    2434     122.139     -3.429
    2435     122.139     -4.000
    2436     122.139     -4.500
    2437     122.139     -5.000
    2438     122.139     -5.500
    2439     122.139     -6.000
    2440     122.139     -6.500
    2441     122.139     -7.000
    2442     122.139     -7.500
    2443     122.139     -8.000
    2444     122.139     -8.500
    2445     122.139     -9.000
    2446     122.139     -9.500
    2447     122.139    -10.000
    2448     122.139    -10.500
    2449     122.139    -11.000
    2450     122.139    -11.500
    2451     122.139    -12.000
    2452     122.139    -12.500
    2453     122.139    -13.000
    2454     122.139    -13.500
    2455     122.139    -14.000
    2456     122.139    -14.500
    2457     122.139    -15.000
    2458     122.139    -15.500
    2459     122.139    -16.000
    2460     122.139    -16.500
    2461     122.139    -17.000
    2462     122.139    -17.500
    2463     122.139    -18.000
    2464     122.139    -18.500
    2465     122.139    -19.000
    2466     122.139    -19.500
    2467     122.139    -20.000
    2468     122.139    -20.500
    2469     122.139    -21.000
    2470     122.139    -21.500
    2471     122.139    -22.000
    2472     122.139    -22.500
    2473     122.139    -23.000
    2474     122.139    -23.500
    2475     122.139    -24.000
    2476     120.043      4.000
    2477     120.043      3.429
    2478     120.043      2.857
    2479     120.043      2.286
    2480     120.043      1.714
    2481     120.043      1.143
    2482     120.043      0.571
    2483     120.043      0.000
    2484     120.043     -0.571
    2485     120.043     -1.143
    2486     120.043     -1.714
    2487     120.043     -2.286
    2488     120.043     -2.857
    2489     120.043     -3.429
    2490     120.043     -4.000
    2491     120.043     -4.500
    2492     120.043     -5.000
    2493     120.043     -5.500
    2494     120.043     -6.000
    2495     120.043     -6.500
    2496     120.043     -7.000
    2497     120.043     -7.500
    2498     120.043     -8.000
    2499     120.043     -8.500
    2500     120.043     -9.000
    2501     120.043     -9.500
    2502     120.043    -10.000
    2503     120.043    -10.500
    2504     120.043    -11.000
    2505     120.043    -11.500
    2506     120.043    -12.000
    2507     120.043    -12.500
    2508     120.043    -13.000
    2509     120.043    -13.500
    2510     120.043    -14.000
    2511     120.043    -14.500
    2512     120.043    -15.000
    2513     120.043    -15.500
    2514     120.043    -16.000
    2515     120.043    -16.500
    2516     120.043    -17.000
    2517     120.043    -17.500
    2518     120.043    -18.000
    2519     120.043    -18.500
    2520     120.043    -19.000
    2521     120.043    -19.500
    2522     120.043    -20.000
    2523     120.043    -20.500
    2524     120.043    -21.000
    2525     120.043    -21.500
    2526     120.043    -22.000
    2527     120.043    -22.500
    2528     120.043    -23.000
    2529     120.043    -23.500
    2530     120.043    -24.000
    2531     117.997      4.000
    2532     117.997      3.429
    2533     117.997      2.857
    2534     117.997      2.286
    2535     117.997      1.714
    2536     117.997      1.143
    2537     117.997      0.571
    2538     117.997      0.000
    2539     117.997     -0.571
    2540     117.997     -1.143
    2541     117.997     -1.714
    2542     117.997     -2.286
    2543     117.997     -2.857
    2544     117.997     -3.429
    2545     117.997     -4.000
    2546     117.997     -4.500
    2547     117.997     -5.000
    2548     117.997     -5.500
    2549     117.997     -6.000
    2550     117.997     -6.500
    2551     117.997     -7.000
    2552     117.997     -7.500
    2553     117.997     -8.000
    2554     117.997     -8.500
    2555     117.997     -9.000
    2556     117.997     -9.500
    2557     117.997    -10.000
    2558     117.997    -10.500
    2559     117.997    -11.000
    2560     117.997    -11.500
    2561     117.997    -12.000
    2562     117.997    -12.500
    2563     117.997    -13.000
    2564     117.997    -13.500
    2565     117.997    -14.000
    2566     117.997    -14.500
    2567     117.997    -15.000
    2568     117.997    -15.500
    2569     117.997    -16.000
    2570     117.997    -16.500
    2571     117.997    -17.000
    2572     117.997    -17.500
    2573     117.997    -18.000
    2574     117.997    -18.500
    2575     117.997    -19.000
    2576     117.997    -19.500
    2577     117.997    -20.000
    2578     117.997    -20.500
    2579     117.997    -21.000
    2580     117.997    -21.500
    2581     117.997    -22.000
    2582     117.997    -22.500
    2583     117.997    -23.000
    2584     117.997    -23.500
    2585     117.997    -24.000
    2586     116.001      4.000
    2587     116.001      3.429
    2588     116.001      2.857
    2589     116.001      2.286
    2590     116.001      1.714
    2591     116.001      1.143
    2592     116.001      0.571
    2593     116.001      0.000
    2594     116.001     -0.571
    2595     116.001     -1.143
    2596     116.001     -1.714
    2597     116.001     -2.286
    2598     116.001     -2.857
    2599     116.001     -3.429
    2600     116.001     -4.000
    2601     116.001     -4.500
    2602     116.001     -5.000
    2603     116.001     -5.500
    2604     116.001     -6.000
    2605     116.001     -6.500
    2606     116.001     -7.000
    2607     116.001     -7.500
    2608     116.001     -8.000
    2609     116.001     -8.500
    2610     116.001     -9.000
    2611     116.001     -9.500
    2612     116.001    -10.000
    2613     116.001    -10.500
    2614     116.001    -11.000
    2615     116.001    -11.500
    2616     116.001    -12.000
    2617     116.001    -12.500
    2618     116.001    -13.000
    2619     116.001    -13.500
    2620     116.001    -14.000
    2621     116.001    -14.500
    2622     116.001    -15.000
    2623     116.001    -15.500
    2624     116.001    -16.000
    2625     116.001    -16.500
    2626     116.001    -17.000
    2627     116.001    -17.500
    2628     116.001    -18.000
    2629     116.001    -18.500
    2630     116.001    -19.000
    2631     116.001    -19.500
    2632     116.001    -20.000
    2633     116.001    -20.500
    2634     116.001    -21.000
    2635     116.001    -21.500
    2636     116.001    -22.000
    2637     116.001    -22.500
    2638     116.001    -23.000
    2639     116.001    -23.500
    2640     116.001    -24.000
    2641     114.052      4.000
    2642     114.052      3.429
    2643     114.052      2.857
    2644     114.052      2.286
    2645     114.052      1.714
    2646     114.052      1.143
    2647     114.052      0.571
    2648     114.052      0.000
    2649     114.052     -0.571
    2650     114.052     -1.143
    2651     114.052     -1.714
    2652     114.052     -2.286
    2653     114.052     -2.857
    2654     114.052     -3.429
    2655     114.052     -4.000
    2656     114.052     -4.500
    2657     114.052     -5.000
    2658     114.052     -5.500
    2659     114.052     -6.000
    2660     114.052     -6.500
    2661     114.052     -7.000
    2662     114.052     -7.500
    2663     114.052     -8.000
    2664     114.052     -8.500
    2665     114.052     -9.000
    2666     114.052     -9.500
    2667     114.052    -10.000
    2668     114.052    -10.500
    2669     114.052    -11.000
    2670     114.052    -11.500
    2671     114.052    -12.000
    2672     114.052    -12.500
    2673     114.052    -13.000
    2674     114.052    -13.500
    2675     114.052    -14.000
    2676     114.052    -14.500
    2677     114.052    -15.000
    2678     114.052    -15.500
    2679     114.052    -16.000
    2680     114.052    -16.500
    2681     114.052    -17.000
    2682     114.052    -17.500
    2683     114.052    -18.000
    2684     114.052    -18.500
    2685     114.052    -19.000
    2686     114.052    -19.500
    2687     114.052    -20.000
    2688     114.052    -20.500
    2689     114.052    -21.000
    2690     114.052    -21.500
    2691     114.052    -22.000
    2692     114.052    -22.500
    2693     114.052    -23.000
    2694     114.052    -23.500
    2695     114.052    -24.000
    2696     112.148      4.000
    2697     112.148      3.429
    2698     112.148      2.857
    2699     112.148      2.286
    2700     112.148      1.714
    2701     112.148      1.143
    2702     112.148      0.571
    2703     112.148      0.000
    2704     112.148     -0.571
    2705     112.148     -1.143
    2706     112.148     -1.714
    2707     112.148     -2.286
    2708     112.148     -2.857
    2709     112.148     -3.429
    2710     112.148     -4.000
    2711     112.148     -4.500
    2712     112.148     -5.000
    2713     112.148     -5.500
    2714     112.148     -6.000
    2715     112.148     -6.500
    2716     112.148     -7.000
    2717     112.148     -7.500
    2718     112.148     -8.000
    2719     112.148     -8.500
    2720     112.148     -9.000
    2721     112.148     -9.500
    2722     112.148    -10.000
    2723     112.148    -10.500
    2724     112.148    -11.000
    2725     112.148    -11.500
    2726     112.148    -12.000
    2727     112.148    -12.500
    2728     112.148    -13.000
    2729     112.148    -13.500
    2730     112.148    -14.000
    2731     112.148    -14.500
    2732     112.148    -15.000
    2733     112.148    -15.500
    2734     112.148    -16.000
    2735     112.148    -16.500
    2736     112.148    -17.000
    2737     112.148    -17.500
    2738     112.148    -18.000
    2739     112.148    -18.500
    2740     112.148    -19.000
    2741     112.148    -19.500
    2742     112.148    -20.000
    2743     112.148    -20.500
    2744     112.148    -21.000
    2745     112.148    -21.500
    2746     112.148    -22.000
    2747     112.148    -22.500
    2748     112.148    -23.000
    2749     112.148    -23.500
    2750     112.148    -24.000
    2751     110.289      4.000
    2752     110.289      3.429
    2753     110.289      2.857
    2754     110.289      2.286
    2755     110.289      1.714
    2756     110.289      1.143
    2757     110.289      0.571
    2758     110.289      0.000
    2759     110.289     -0.571
    2760     110.289     -1.143
    2761     110.289     -1.714
    2762     110.289     -2.286
    2763     110.289     -2.857
    2764     110.289     -3.429
    2765     110.289     -4.000
    2766     110.289     -4.500
    2767     110.289     -5.000
    2768     110.289     -5.500
    2769     110.289     -6.000
    2770     110.289     -6.500
    2771     110.289     -7.000
    2772     110.289     -7.500
    2773     110.289     -8.000
    2774     110.289     -8.500
    2775     110.289     -9.000
    2776     110.289     -9.500
    2777     110.289    -10.000
    2778     110.289    -10.500
    2779     110.289    -11.000
    2780     110.289    -11.500
    2781     110.289    -12.000
    2782     110.289    -12.500
    2783     110.289    -13.000
    2784     110.289    -13.500
    2785     110.289    -14.000
    2786     110.289    -14.500
    2787     110.289    -15.000
    2788     110.289    -15.500
    2789     110.289    -16.000
    2790     110.289    -16.500
    2791     110.289    -17.000
    2792     110.289    -17.500
    2793     110.289    -18.000
    2794     110.289    -18.500
    2795     110.289    -19.000
    2796     110.289    -19.500
    2797     110.289    -20.000
    2798     110.289    -20.500
    2799     110.289    -21.000
    2800     110.289    -21.500
    2801     110.289    -22.000
    2802     110.289    -22.500
    2803     110.289    -23.000
    2804     110.289    -23.500
    2805     110.289    -24.000
    2806     108.473      4.000
    2807     108.473      3.429
    2808     108.473      2.857
    2809     108.473      2.286
    2810     108.473      1.714
    2811     108.473      1.143
    2812     108.473      0.571
    2813     108.473      0.000
    2814     108.473     -0.571
    2815     108.473     -1.143
    2816     108.473     -1.714
    2817     108.473     -2.286
    2818     108.473     -2.857
    2819     108.473     -3.429
    2820     108.473     -4.000
    2821     108.473     -4.500
    2822     108.473     -5.000
    2823     108.473     -5.500
    2824     108.473     -6.000
    2825     108.473     -6.500
    2826     108.473     -7.000
    2827     108.473     -7.500
    2828     108.473     -8.000
    2829     108.473     -8.500
    2830     108.473     -9.000
    2831     108.473     -9.500
    2832     108.473    -10.000
    2833     108.473    -10.500
    2834     108.473    -11.000
    2835     108.473    -11.500
    2836     108.473    -12.000
    2837     108.473    -12.500
    2838     108.473    -13.000
    2839     108.473    -13.500
    2840     108.473    -14.000
    2841     108.473    -14.500
    2842     108.473    -15.000
    2843     108.473    -15.500
    2844     108.473    -16.000
    2845     108.473    -16.500
    2846     108.473    -17.000
    2847     108.473    -17.500
    2848     108.473    -18.000
    2849     108.473    -18.500
    2850     108.473    -19.000
    2851     108.473    -19.500
    2852     108.473    -20.000
    2853     108.473    -20.500
    2854     108.473    -21.000
    2855     108.473    -21.500
    2856     108.473    -22.000
    2857     108.473    -22.500
    2858     108.473    -23.000
    2859     108.473    -23.500
    2860     108.473    -24.000
    2861     106.698      4.000
    2862     106.698      3.429
    2863     106.698      2.857
    2864     106.698      2.286
    2865     106.698      1.714
    2866     106.698      1.143
    2867     106.698      0.571
    2868     106.698      0.000
    2869     106.698     -0.571
    2870     106.698     -1.143
    2871     106.698     -1.714
    2872     106.698     -2.286
    2873     106.698     -2.857
    2874     106.698     -3.429
    2875     106.698     -4.000
    2876     106.698     -4.500
    2877     106.698     -5.000
    2878     106.698     -5.500
    2879     106.698     -6.000
    2880     106.698     -6.500
    2881     106.698     -7.000
    2882     106.698     -7.500
    2883     106.698     -8.000
    2884     106.698     -8.500
    2885     106.698     -9.000
    2886     106.698     -9.500
    2887     106.698    -10.000
    2888     106.698    -10.500
    2889     106.698    -11.000
    2890     106.698    -11.500
    2891     106.698    -12.000
    2892     106.698    -12.500
    2893     106.698    -13.000
    2894     106.698    -13.500
    2895     106.698    -14.000
    2896     106.698    -14.500
    2897     106.698    -15.000
    2898     106.698    -15.500
    2899     106.698    -16.000
    2900     106.698    -16.500
    2901     106.698    -17.000
    2902     106.698    -17.500
    2903     106.698    -18.000
    2904     106.698    -18.500
    2905     106.698    -19.000
    2906     106.698    -19.500
    2907     106.698    -20.000
    2908     106.698    -20.500
    2909     106.698    -21.000
    2910     106.698    -21.500
    2911     106.698    -22.000
    2912     106.698    -22.500
    2913     106.698    -23.000
    2914     106.698    -23.500
    2915     106.698    -24.000
    2916     104.963      4.000
    2917     104.963      3.429
    2918     104.963      2.857
    2919     104.963      2.286
    2920     104.963      1.714
    2921     104.963      1.143
    2922     104.963      0.571
    2923     104.963      0.000
    2924     104.963     -0.571
    2925     104.963     -1.143
    2926     104.963     -1.714
    2927     104.963     -2.286
    2928     104.963     -2.857
    2929     104.963     -3.429
    2930     104.963     -4.000
    2931     104.963     -4.500
    2932     104.963     -5.000
    2933     104.963     -5.500
    2934     104.963     -6.000
    2935     104.963     -6.500
    2936     104.963     -7.000
    2937     104.963     -7.500
    2938     104.963     -8.000
    2939     104.963     -8.500
    2940     104.963     -9.000
    2941     104.963     -9.500
    2942     104.963    -10.000
    2943     104.963    -10.500
    2944     104.963    -11.000
    2945     104.963    -11.500
    2946     104.963    -12.000
    2947     104.963    -12.500
    2948     104.963    -13.000
    2949     104.963    -13.500
    2950     104.963    -14.000
    2951     104.963    -14.500
    2952     104.963    -15.000
    2953     104.963    -15.500
    2954     104.963    -16.000
    2955     104.963    -16.500
    2956     104.963    -17.000
    2957     104.963    -17.500
    2958     104.963    -18.000
    2959     104.963    -18.500
    2960     104.963    -19.000
    2961     104.963    -19.500
    2962     104.963    -20.000
    2963     104.963    -20.500
    2964     104.963    -21.000
    2965     104.963    -21.500
    2966     104.963    -22.000
    2967     104.963    -22.500
    2968     104.963    -23.000
    2969     104.963    -23.500
    2970     104.963    -24.000
    2971     103.267      4.000
    2972     103.267      3.429
    2973     103.267      2.857
    2974     103.267      2.286
    2975     103.267      1.714
    2976     103.267      1.143
    2977     103.267      0.571
    2978     103.267      0.000
    2979     103.267     -0.571
    2980     103.267     -1.143
    2981     103.267     -1.714
    2982     103.267     -2.286
    2983     103.267     -2.857
    2984     103.267     -3.429
    2985     103.267     -4.000
    2986     103.267     -4.500
    2987     103.267     -5.000
    2988     103.267     -5.500
    2989     103.267     -6.000
    2990     103.267     -6.500
    2991     103.267     -7.000
    2992     103.267     -7.500
    2993     103.267     -8.000
    2994     103.267     -8.500
    2995     103.267     -9.000
    2996     103.267     -9.500
    2997     103.267    -10.000
    2998     103.267    -10.500
    2999     103.267    -11.000
    3000     103.267    -11.500
    3001     103.267    -12.000
    3002     103.267    -12.500
    3003     103.267    -13.000
    3004     103.267    -13.500
    3005     103.267    -14.000
    3006     103.267    -14.500
    3007     103.267    -15.000
    3008     103.267    -15.500
    3009     103.267    -16.000
    3010     103.267    -16.500
    3011     103.267    -17.000
    3012     103.267    -17.500
    3013     103.267    -18.000
    3014     103.267    -18.500
    3015     103.267    -19.000
    3016     103.267    -19.500
    3017     103.267    -20.000
    3018     103.267    -20.500
    3019     103.267    -21.000
    3020     103.267    -21.500
    3021     103.267    -22.000
    3022     103.267    -22.500
    3023     103.267    -23.000
    3024     103.267    -23.500
    3025     103.267    -24.000
    3026     101.609      4.000
    3027     101.609      3.429
    3028     101.609      2.857
    3029     101.609      2.286
    3030     101.609      1.714
    3031     101.609      1.143
    3032     101.609      0.571
    3033     101.609      0.000
    3034     101.609     -0.571
    3035     101.609     -1.143
    3036     101.609     -1.714
    3037     101.609     -2.286
    3038     101.609     -2.857
    3039     101.609     -3.429
    3040     101.609     -4.000
    3041     101.609     -4.500
    3042     101.609     -5.000
    3043     101.609     -5.500
    3044     101.609     -6.000
    3045     101.609     -6.500
    3046     101.609     -7.000
    3047     101.609     -7.500
    3048     101.609     -8.000
    3049     101.609     -8.500
    3050     101.609     -9.000
    3051     101.609     -9.500
    3052     101.609    -10.000
    3053     101.609    -10.500
    3054     101.609    -11.000
    3055     101.609    -11.500
    3056     101.609    -12.000
    3057     101.609    -12.500
    3058     101.609    -13.000
    3059     101.609    -13.500
    3060     101.609    -14.000
    3061     101.609    -14.500
    3062     101.609    -15.000
    3063     101.609    -15.500
    3064     101.609    -16.000
    3065     101.609    -16.500
    3066     101.609    -17.000
    3067     101.609    -17.500
    3068     101.609    -18.000
    3069     101.609    -18.500
    3070     101.609    -19.000
    3071     101.609    -19.500
    3072     101.609    -20.000
    3073     101.609    -20.500
    3074     101.609    -21.000
    3075     101.609    -21.500
    3076     101.609    -22.000
    3077     101.609    -22.500
    3078     101.609    -23.000
    3079     101.609    -23.500
    3080     101.609    -24.000
    3081      99.986      4.000
    3082      99.986      3.429
    3083      99.986      2.857
    3084      99.986      2.286
    3085      99.986      1.714
    3086      99.986      1.143
    3087      99.986      0.571
    3088      99.986      0.000
    3089      99.986     -0.571
    3090      99.986     -1.143
    3091      99.986     -1.714
    3092      99.986     -2.286
    3093      99.986     -2.857
    3094      99.986     -3.429
    3095      99.986     -4.000
    3096      99.986     -4.500
    3097      99.986     -5.000
    3098      99.986     -5.500
    3099      99.986     -6.000
    3100      99.986     -6.500
    3101      99.986     -7.000
    3102      99.986     -7.500
    3103      99.986     -8.000
    3104      99.986     -8.500
    3105      99.986     -9.000
    3106      99.986     -9.500
    3107      99.986    -10.000
    3108      99.986    -10.500
    3109      99.986    -11.000
    3110      99.986    -11.500
    3111      99.986    -12.000
    3112      99.986    -12.500
    3113      99.986    -13.000
    3114      99.986    -13.500
    3115      99.986    -14.000
    3116      99.986    -14.500
    3117      99.986    -15.000
    3118      99.986    -15.500
    3119      99.986    -16.000
    3120      99.986    -16.500
    3121      99.986    -17.000
    3122      99.986    -17.500
    3123      99.986    -18.000
    3124      99.986    -18.500
    3125      99.986    -19.000
    3126      99.986    -19.500
    3127      99.986    -20.000
    3128      99.986    -20.500
    3129      99.986    -21.000
    3130      99.986    -21.500
    3131      99.986    -22.000
    3132      99.986    -22.500
    3133      99.986    -23.000
    3134      99.986    -23.500
    3135      99.986    -24.000
    3136      98.399      4.000
    3137      98.399      3.429
    3138      98.399      2.857
    3139      98.399      2.286
    3140      98.399      1.714
    3141      98.399      1.143
    3142      98.399      0.571
    3143      98.399      0.000
    3144      98.399     -0.571
    3145      98.399     -1.143
    3146      98.399     -1.714
    3147      98.399     -2.286
    3148      98.399     -2.857
    3149      98.399     -3.429
    3150      98.399     -4.000
    3151      98.399     -4.500
    3152      98.399     -5.000
    3153      98.399     -5.500
    3154      98.399     -6.000
    3155      98.399     -6.500
    3156      98.399     -7.000
    3157      98.399     -7.500
    3158      98.399     -8.000
    3159      98.399     -8.500
    3160      98.399     -9.000
    3161      98.399     -9.500
    3162      98.399    -10.000
    3163      98.399    -10.500
    3164      98.399    -11.000
    3165      98.399    -11.500
    3166      98.399    -12.000
    3167      98.399    -12.500
    3168      98.399    -13.000
    3169      98.399    -13.500
    3170      98.399    -14.000
    3171      98.399    -14.500
    3172      98.399    -15.000
    3173      98.399    -15.500
    3174      98.399    -16.000
    3175      98.399    -16.500
    3176      98.399    -17.000
    3177      98.399    -17.500
    3178      98.399    -18.000
    3179      98.399    -18.500
    3180      98.399    -19.000
    3181      98.399    -19.500
    3182      98.399    -20.000
    3183      98.399    -20.500
    3184      98.399    -21.000
    3185      98.399    -21.500
    3186      98.399    -22.000
    3187      98.399    -22.500
    3188      98.399    -23.000
    3189      98.399    -23.500
    3190      96.846      4.000
    3191      98.399    -24.000
    3192      96.846      3.429
    3193      96.846      2.857
    3194      96.846      2.286
    3195      96.846      1.714
    3196      96.846      1.143
    3197      96.846      0.571
    3198      96.846      0.000
    3199      96.846     -0.571
    3200      96.846     -1.143
    3201      96.846     -1.714
    3202      96.846     -2.286
    3203      96.846     -2.857
    3204      96.846     -3.429
    3205      96.846     -4.000
    3206      96.846     -4.500
    3207      96.846     -5.000
    3208      96.846     -5.500
    3209      96.846     -6.000
    3210      96.846     -6.500
    3211      96.846     -7.000
    3212      96.846     -7.500
    3213      96.846     -8.000
    3214      96.846     -8.500
    3215      96.846     -9.000
    3216      96.846     -9.500
    3217      96.846    -10.000
    3218      96.846    -10.500
    3219      96.846    -11.000
    3220      96.846    -11.500
    3221      96.846    -12.000
    3222      96.846    -12.500
    3223      96.846    -13.000
    3224      96.846    -13.500
    3225      96.846    -14.000
    3226      96.846    -14.500
    3227      96.846    -15.000
    3228      96.846    -15.500
    3229      96.846    -16.000
    3230      96.846    -16.500
    3231      96.846    -17.000
    3232      96.846    -17.500
    3233      96.846    -18.000
    3234      96.846    -18.500
    3235      96.846    -19.000
    3236      96.846    -19.500
    3237      96.846    -20.000
    3238      96.846    -20.500
    3239      96.846    -21.000
    3240      96.846    -21.500
    3241      96.846    -22.000
    3242      96.846    -22.500
    3243      96.846    -23.000
    3244      96.846    -23.500
    3245      95.326      4.000
    3246      95.326      3.429
    3247      95.326      2.857
    3248      95.326      2.286
    3249      95.326      1.714
    3250      95.326      1.143
    3251      95.326      0.571
    3252      96.846    -24.000
    3253      95.326      0.000
    3254      95.326     -0.571
    3255      95.326     -1.143
    3256      95.326     -1.714
    3257      95.326     -2.286
    3258      95.326     -2.857
    3259      95.326     -3.429
    3260      95.326     -4.000
    3261      95.326     -4.500
    3262      95.326     -5.000
    3263      95.326     -5.500
    3264      95.326     -6.000
    3265      95.326     -6.500
    3266      95.326     -7.000
    3267      95.326     -7.500
    3268      95.326     -8.000
    3269      95.326     -8.500
    3270      95.326     -9.000
    3271      95.326     -9.500
    3272      95.326    -10.000
    3273      95.326    -10.500
    3274      95.326    -11.000
    3275      95.326    -11.500
    3276      95.326    -12.000
    3277      95.326    -12.500
    3278      95.326    -13.000
    3279      95.326    -13.500
    3280      95.326    -14.000
    3281      95.326    -14.500
    3282      95.326    -15.000
    3283      95.326    -15.500
    3284      95.326    -16.000
    3285      95.326    -16.500
    3286      95.326    -17.000
    3287      95.326    -17.500
    3288      95.326    -18.000
    3289      95.326    -18.500
    3290      95.326    -19.000
    3291      95.326    -19.500
    3292      95.326    -20.000
    3293      95.326    -20.500
    3294      95.326    -21.000
    3295      95.326    -21.500
    3296      95.326    -22.000
    3297      95.326    -22.500
    3298      95.326    -23.000
    3299      95.326    -23.500
    3300      93.838      4.000
    3301      93.838      3.429
    3302      93.838      2.857
    3303      93.838      2.286
    3304      93.838      1.714
    3305      93.838      1.143
    3306      93.838      0.571
    3307      93.838      0.000
    3308      93.838     -0.571
    3309      95.326    -24.000
    3310      93.838     -1.143
    3311      93.838     -1.714
    3312      93.838     -2.286
    3313      93.838     -2.857
    3314      93.838     -3.429
    3315      93.838     -4.000
    3316      93.838     -4.500
    3317      93.838     -5.000
    3318      93.838     -5.500
    3319      93.838     -6.000
    3320      93.838     -6.500
    3321      93.838     -7.000
    3322      93.838     -7.500
    3323      93.838     -8.000
    3324      93.838     -8.500
    3325      93.838     -9.000
    3326      93.838     -9.500
    3327      93.838    -10.000
    3328      93.838    -10.500
    3329      93.838    -11.000
    3330      93.838    -11.500
    3331      93.838    -12.000
    3332      93.838    -12.500
    3333      93.838    -13.000
    3334      93.838    -13.500
    3335      93.838    -14.000
    3336      93.838    -14.500
    3337      93.838    -15.000
    3338      93.838    -15.500
    3339      93.838    -16.000
    3340      93.838    -16.500
    3341      93.838    -17.000
    3342      93.838    -17.500
    3343      93.838    -18.000
    3344      93.838    -18.500
    3345      93.838    -19.000
    3346      93.838    -19.500
    3347      93.838    -20.000
    3348      93.838    -20.500
    3349      93.838    -21.000
    3350      93.838    -21.500
    3351      93.838    -22.000
    3352      93.838    -22.500
    3353      93.838    -23.000
    3354      92.381      4.000
    3355      92.381      3.429
    3356      92.381      2.857
    3357      92.381      2.286
    3358      92.381      1.714
    3359      93.838    -23.500
    3360      92.381      1.143
    3361      92.381      0.571
    3362      92.381      0.000
    3363      92.381     -0.571
    3364      92.381     -1.143
    3365      92.381     -1.714
    3366      93.838    -24.000
    3367      92.381     -2.286
    3368      92.381     -2.857
    3369      92.381     -3.429
    3370      92.381     -4.000
    3371      92.381     -4.500
    3372      92.381     -5.000
    3373      92.381     -5.500
    3374      92.381     -6.000
    3375      92.381     -6.500
    3376      92.381     -7.000
    3377      92.381     -7.500
    3378      92.381     -8.000
    3379      92.381     -8.500
    3380      92.381     -9.000
    3381      92.381     -9.500
    3382      92.381    -10.000
    3383      92.381    -10.500
    3384      92.381    -11.000
    3385      92.381    -11.500
    3386      92.381    -12.000
    3387      92.381    -12.500
    3388      92.381    -13.000
    3389      92.381    -13.500
    3390      92.381    -14.000
    3391      92.381    -14.500
    3392      92.381    -15.000
    3393      92.381    -15.500
    3394      92.381    -16.000
    3395      92.381    -16.500
    3396      92.381    -17.000
    3397      92.381    -17.500
    3398      92.381    -18.000
    3399      92.381    -18.500
    3400      92.381    -19.000
    3401      92.381    -19.500
    3402      92.381    -20.000
    3403      92.381    -20.500
    3404      92.381    -21.000
    3405      92.381    -21.500
    3406      92.381    -22.000
    3407      92.381    -22.500
    3408      92.381    -23.000
    3409      90.954      4.000
    3410      90.954      3.429
    3411      90.954      2.857
    3412      90.954      2.286
    3413      90.954      1.714
    3414      90.954      1.143
    3415      90.954      0.571
    3416      90.954      0.000
    3417      92.381    -23.500
    3418      90.954     -0.571
    3419      90.954     -1.143
    3420      90.954     -1.714
    3421      90.954     -2.286
    3422      92.381    -24.000
    3423      90.954     -2.857
    3424      90.954     -3.429
    3425      90.954     -4.000
    3426      90.954     -4.500
    3427      90.954     -5.000
    3428      90.954     -5.500
    3429      90.954     -6.000
    3430      90.954     -6.500
    3431      90.954     -7.000
    3432      90.954     -7.500
    3433      90.954     -8.000
    3434      90.954     -8.500
    3435      90.954     -9.000
    3436      90.954     -9.500
    3437      90.954    -10.000
    3438      90.954    -10.500
    3439      90.954    -11.000
    3440      90.954    -11.500
    3441      90.954    -12.000
    3442      90.954    -12.500
    3443      90.954    -13.000
    3444      90.954    -13.500
    3445      90.954    -14.000
    3446      90.954    -14.500
    3447      90.954    -15.000
    3448      90.954    -15.500
    3449      90.954    -16.000
    3450      90.954    -16.500
    3451      90.954    -17.000
    3452      90.954    -17.500
    3453      90.954    -18.000
    3454      90.954    -18.500
    3455      90.954    -19.000
    3456      90.954    -19.500
    3457      90.954    -20.000
    3458      90.954    -20.500
    3459      90.954    -21.000
    3460      90.954    -21.500
    3461      90.954    -22.000
    3462      90.954    -22.500
    3463      89.556      4.000
    3464      89.556      3.429
    3465      89.556      2.857
    3466      90.954    -23.000
    3467      89.556      2.286
    3468      89.556      1.714
    3469      89.556      1.143
    3470      89.556      0.571
    3471      89.556      0.000
    3472      89.556     -0.571
    3473      89.556     -1.143
    3474      90.954    -23.500
    3475      89.556     -1.714
    3476      89.556     -2.286
    3477      89.556     -2.857
    3478      89.556     -3.429
    3479      90.954    -24.000
    3480      89.556     -4.000
    3481      89.556     -4.500
    3482      89.556     -5.000
    3483      89.556     -5.500
    3484      89.556     -6.000
    3485      89.556     -6.500
    3486      89.556     -7.000
    3487      89.556     -7.500
    3488      89.556     -8.000
    3489      89.556     -8.500
    3490      89.556     -9.000
    3491      89.556     -9.500
    3492      89.556    -10.000
    3493      89.556    -10.500
    3494      89.556    -11.000
    3495      89.556    -11.500
    3496      89.556    -12.000
    3497      89.556    -12.500
    3498      89.556    -13.000
    3499      89.556    -13.500
    3500      89.556    -14.000
    3501      89.556    -14.500
    3502      89.556    -15.000
    3503      89.556    -15.500
    3504      89.556    -16.000
    3505      89.556    -16.500
    3506      89.556    -17.000
    3507      89.556    -17.500
    3508      89.556    -18.000
    3509      89.556    -18.500
    3510      89.556    -19.000
    3511      89.556    -19.500
    3512      89.556    -20.000
    3513      89.556    -20.500
    3514      89.556    -21.000
    3515      89.556    -21.500
    3516      89.556    -22.000
    3517      89.556    -22.500
    3518      88.186      4.000
    3519      88.186      3.429
    3520      88.186      2.857
    3521      88.186      2.286
    3522      88.186      1.714
    3523      88.186      1.143
    3524      88.186      0.571
    3525      89.556    -23.000
    3526      88.186      0.000
    3527      88.186     -0.571
    3528      88.186     -1.143
    3529      88.186     -1.714
    3530      88.186     -2.286
    3531      89.556    -23.500
    3532      88.186     -2.857
    3533      88.186     -3.429
    3534      88.186     -4.000
    3535      89.556    -24.000
    3536      88.186     -4.500
    3537      88.186     -5.000
    3538      88.186     -5.500
    3539      88.186     -6.000
    3540      88.186     -6.500
    3541      88.186     -7.000
    3542      88.186     -7.500
    3543      88.186     -8.000
    3544      88.186     -8.500
    3545      88.186     -9.000
    3546      88.186     -9.500
    3547      88.186    -10.000
    3548      88.186    -10.500
    3549      88.186    -11.000
    3550      88.186    -11.500
    3551      88.186    -12.000
    3552      88.186    -12.500
    3553      88.186    -13.000
    3554      88.186    -13.500
    3555      88.186    -14.000
    3556      88.186    -14.500
    3557      88.186    -15.000
    3558      88.186    -15.500
    3559      88.186    -16.000
    3560      88.186    -16.500
    3561      88.186    -17.000
    3562      88.186    -17.500
    3563      88.186    -18.000
    3564      88.186    -18.500
    3565      88.186    -19.000
    3566      88.186    -19.500
    3567      88.186    -20.000
    3568      88.186    -20.500
    3569      88.186    -21.000
    3570      88.186    -21.500
    3571      88.186    -22.000
    3572      88.186    -22.500
    3573      86.843      4.000
    3574      86.843      3.429
    3575      86.843      2.857
    3576      86.843      2.286
    3577      86.843      1.714
    3578      86.843      1.143
    3579      86.843      0.571
    3580      86.843      0.000
    3581      86.843     -0.571
    3582      88.186    -23.000
    3583      86.843     -1.143
    3584      86.843     -1.714
    3585      86.843     -2.286
    3586      86.843     -2.857
    3587      88.186    -23.500
    3588      86.843     -3.429
    3589      86.843     -4.000
    3590      86.843     -4.500
    3591      88.186    -24.000
    3592      86.843     -5.000
    3593      86.843     -5.500
    3594      86.843     -6.000
    3595      86.843     -6.500
    3596      86.843     -7.000
    3597      86.843     -7.500
    3598      86.843     -8.000
    3599      86.843     -8.500
    3600      86.843     -9.000
    3601      86.843     -9.500
    3602      86.843    -10.000
    3603      86.843    -10.500
    3604      86.843    -11.000
    3605      86.843    -11.500
    3606      86.843    -12.000
    3607      86.843    -12.500
    3608      86.843    -13.000
    3609      86.843    -13.500
    3610      86.843    -14.000
    3611      86.843    -14.500
    3612      86.843    -15.000
    3613      86.843    -15.500
    3614      86.843    -16.000
    3615      86.843    -16.500
    3616      86.843    -17.000
    3617      86.843    -17.500
    3618      86.843    -18.000
    3619      86.843    -18.500
    3620      86.843    -19.000
    3621      86.843    -19.500
    3622      86.843    -20.000
    3623      86.843    -20.500
    3624      86.843    -21.000
    3625      86.843    -21.500
    3626      86.843    -22.000
    3627      85.527      4.000
    3628      85.527      3.429
    3629      85.527      2.857
    3630      85.527      2.286
    3631      85.527      1.714
    3632      86.843    -22.500
    3633      85.527      1.143
    3634      85.527      0.571
    3635      85.527      0.000
    3636      85.527     -0.571
    3637      85.527     -1.143
    3638      85.527     -1.714
    3639      86.843    -23.000
    3640      85.527     -2.286
    3641      85.527     -2.857
    3642      85.527     -3.429
    3643      86.843    -23.500
    3644      85.527     -4.000
    3645      85.527     -4.500
    3646      85.527     -5.000
    3647      86.843    -24.000
    3648      85.527     -5.500
    3649      85.527     -6.000
    3650      85.527     -6.500
    3651      85.527     -7.000
    3652      85.527     -7.500
    3653      85.527     -8.000
    3654      85.527     -8.500
    3655      85.527     -9.000
    3656      85.527     -9.500
    3657      85.527    -10.000
    3658      85.527    -10.500
    3659      85.527    -11.000
    3660      85.527    -11.500
    3661      85.527    -12.000
    3662      85.527    -12.500
    3663      85.527    -13.000
    3664      85.527    -13.500
    3665      85.527    -14.000
    3666      85.527    -14.500
    3667      85.527    -15.000
    3668      85.527    -15.500
    3669      85.527    -16.000
    3670      85.527    -16.500
    3671      85.527    -17.000
    3672      85.527    -17.500
    3673      85.527    -18.000
    3674      85.527    -18.500
    3675      85.527    -19.000
    3676      85.527    -19.500
    3677      85.527    -20.000
    3678      85.527    -20.500
    3679      85.527    -21.000
    3680      85.527    -21.500
    3681      85.527    -22.000
    3682      84.236      4.000
    3683      84.236      3.429
    3684      84.236      2.857
    3685      84.236      2.286
    3686      84.236      1.714
    3687      84.236      1.143
    3688      84.236      0.571
    3689      84.236      0.000
    3690      85.527    -22.500
    3691      84.236     -0.571
    3692      84.236     -1.143
    3693      84.236     -1.714
    3694      84.236     -2.286
    3695      85.527    -23.000
    3696      84.236     -2.857
    3697      84.236     -3.429
    3698      84.236     -4.000
    3699      85.527    -23.500
    3700      84.236     -4.500
    3701      84.236     -5.000
    3702      84.236     -5.500
    3703      85.527    -24.000
    3704      84.236     -6.000
    3705      84.236     -6.500
    3706      84.236     -7.000
    3707      84.236     -7.500
    3708      84.236     -8.000
    3709      84.236     -8.500
    3710      84.236     -9.000
    3711      84.236     -9.500
    3712      84.236    -10.000
    3713      84.236    -10.500
    3714      84.236    -11.000
    3715      84.236    -11.500
    3716      84.236    -12.000
    3717      84.236    -12.500
    3718      84.236    -13.000
    3719      84.236    -13.500
    3720      84.236    -14.000
    3721      84.236    -14.500
    3722      84.236    -15.000
    3723      84.236    -15.500
    3724      84.236    -16.000
    3725      84.236    -16.500
    3726      84.236    -17.000
    3727      84.236    -17.500
    3728      84.236    -18.000
    3729      84.236    -18.500
    3730      84.236    -19.000
    3731      84.236    -19.500
    3732      84.236    -20.000
    3733      84.236    -20.500
    3734      84.236    -21.000
    3735      84.236    -21.500
    3736      82.971      4.000
    3737      82.971      3.429
    3738      82.971      2.857
    3739      84.236    -22.000
    3740      82.971      2.286
    3741      82.971      1.714
    3742      82.971      1.143
    3743      82.971      0.571
    3744      82.971      0.000
    3745      82.971     -0.571
    3746      82.971     -1.143
    3747      84.236    -22.500
    3748      82.971     -1.714
    3749      82.971     -2.286
    3750      82.971     -2.857
    3751      84.236    -23.000
    3752      82.971     -3.429
    3753      82.971     -4.000
    3754      82.971     -4.500
    3755      82.971     -5.000
    3756      84.236    -23.500
    3757      82.971     -5.500
    3758      82.971     -6.000
    3759      84.236    -24.000
    3760      82.971     -6.500
    3761      82.971     -7.000
    3762      82.971     -7.500
    3763      82.971     -8.000
    3764      82.971     -8.500
    3765      82.971     -9.000
    3766      82.971     -9.500
    3767      82.971    -10.000
    3768      82.971    -10.500
    3769      82.971    -11.000
    3770      82.971    -11.500
    3771      82.971    -12.000
    3772      82.971    -12.500
    3773      82.971    -13.000
    3774      82.971    -13.500
    3775      82.971    -14.000
    3776      82.971    -14.500
    3777      82.971    -15.000
    3778      82.971    -15.500
    3779      82.971    -16.000
    3780      82.971    -16.500
    3781      82.971    -17.000
    3782      82.971    -17.500
    3783      82.971    -18.000
    3784      82.971    -18.500
    3785      82.971    -19.000
    3786      82.971    -19.500
    3787      82.971    -20.000
    3788      82.971    -20.500
    3789      82.971    -21.000
    3790      82.971    -21.500
    3791      81.729      4.000
    3792      81.729      3.429
    3793      81.729      2.857
    3794      81.729      2.286
    3795      81.729      1.714
    3796      81.729      1.143
    3797      82.971    -22.000
    3798      81.729      0.571
    3799      81.729      0.000
    3800      81.729     -0.571
    3801      81.729     -1.143
    3802      81.729     -1.714
    3803      82.971    -22.500
    3804      81.729     -2.286
    3805      81.729     -2.857
    3806      81.729     -3.429
    3807      81.729     -4.000
    3808      82.971    -23.000
    3809      81.729     -4.500
    3810      81.729     -5.000
    3811      81.729     -5.500
    3812      82.971    -23.500
    3813      81.729     -6.000
    3814      81.729     -6.500
    3815      82.971    -24.000
    3816      81.729     -7.000
    3817      81.729     -7.500
    3818      81.729     -8.000
    3819      81.729     -8.500
    3820      81.729     -9.000
    3821      81.729     -9.500
    3822      81.729    -10.000
    3823      81.729    -10.500
    3824      81.729    -11.000
    3825      81.729    -11.500
    3826      81.729    -12.000
    3827      81.729    -12.500
    3828      81.729    -13.000
    3829      81.729    -13.500
    3830      81.729    -14.000
    3831      81.729    -14.500
    3832      81.729    -15.000
    3833      81.729    -15.500
    3834      81.729    -16.000
    3835      81.729    -16.500
    3836      81.729    -17.000
    3837      81.729    -17.500
    3838      81.729    -18.000
    3839      81.729    -18.500
    3840      81.729    -19.000
    3841      81.729    -19.500
    3842      81.729    -20.000
    3843      81.729    -20.500
    3844      81.729    -21.000
    3845      81.729    -21.500
    3846      80.510      4.000
    3847      80.510      3.429
    3848      80.510      2.857
    3849      80.510      2.286
    3850      80.510      1.714
    3851      80.510      1.143
    3852      80.510      0.571
    3853      80.510      0.000
    3854      81.729    -22.000
    3855      80.510     -0.571
    3856      80.510     -1.143
    3857      80.510     -1.714
    3858      80.510     -2.286
    3859      81.729    -22.500
    3860      80.510     -2.857
    3861      80.510     -3.429
    3862      80.510     -4.000
    3863      80.510     -4.500
    3864      81.729    -23.000
    3865      80.510     -5.000
    3866      80.510     -5.500
    3867      80.510     -6.000
    3868      81.729    -23.500
    3869      80.510     -6.500
    3870      80.510     -7.000
    3871      81.729    -24.000
    3872      80.510     -7.500
    3873      80.510     -8.000
    3874      80.510     -8.500
    3875      80.510     -9.000
    3876      80.510     -9.500
    3877      80.510    -10.000
    3878      80.510    -10.500
    3879      80.510    -11.000
    3880      80.510    -11.500
    3881      80.510    -12.000
    3882      80.510    -12.500
    3883      80.510    -13.000
    3884      80.510    -13.500
    3885      80.510    -14.000
    3886      80.510    -14.500
    3887      80.510    -15.000
    3888      80.510    -15.500
    3889      80.510    -16.000
    3890      80.510    -16.500
    3891      80.510    -17.000
    3892      80.510    -17.500
    3893      80.510    -18.000
    3894      80.510    -18.500
    3895      80.510    -19.000
    3896      80.510    -19.500
    3897      80.510    -20.000
    3898      80.510    -20.500
    3899      80.510    -21.000
    3900      79.314      4.000
    3901      79.314      3.429
    3902      79.314      2.857
    3903      79.314      2.286
    3904      80.510    -21.500
    3905      79.314      1.714
    3906      79.314      1.143
    3907      79.314      0.571
    3908      79.314      0.000
    3909      79.314     -0.571
    3910      79.314     -1.143
    3911      80.510    -22.000
    3912      79.314     -1.714
    3913      79.314     -2.286
    3914      79.314     -2.857
    3915      79.314     -3.429
    3916      80.510    -22.500
    3917      79.314     -4.000
    3918      79.314     -4.500
    3919      79.314     -5.000
    3920      80.510    -23.000
    3921      79.314     -5.500
    3922      79.314     -6.000
    3923      79.314     -6.500
    3924      80.510    -23.500
    3925      79.314     -7.000
    3926      79.314     -7.500
    3927      80.510    -24.000
    3928      79.314     -8.000
    3929      79.314     -8.500
    3930      79.314     -9.000
    3931      79.314     -9.500
    3932      79.314    -10.000
    3933      79.314    -10.500
    3934      79.314    -11.000
    3935      79.314    -11.500
    3936      79.314    -12.000
    3937      79.314    -12.500
    3938      79.314    -13.000
    3939      79.314    -13.500
    3940      79.314    -14.000
    3941      79.314    -14.500
    3942      79.314    -15.000
    3943      79.314    -15.500
    3944      79.314    -16.000
    3945      79.314    -16.500
    3946      79.314    -17.000
    3947      79.314    -17.500
    3948      79.314    -18.000
    3949      79.314    -18.500
    3950      79.314    -19.000
    3951      79.314    -19.500
    3952      79.314    -20.000
    3953      79.314    -20.500
    3954      79.314    -21.000
    3955      78.140      4.000
    3956      78.140      3.429
    3957      78.140      2.857
    3958      78.140      2.286
    3959      78.140      1.714
    3960      78.140      1.143
    3961      78.140      0.571
    3962      79.314    -21.500
    3963      78.140      0.000
    3964      78.140     -0.571
    3965      78.140     -1.143
    3966      78.140     -1.714
    3967      79.314    -22.000
    3968      78.140     -2.286
    3969      78.140     -2.857
    3970      78.140     -3.429
    3971      78.140     -4.000
    3972      79.314    -22.500
    3973      78.140     -4.500
    3974      78.140     -5.000
    3975      78.140     -5.500
    3976      79.314    -23.000
    3977      78.140     -6.000
    3978      78.140     -6.500
    3979      79.314    -23.500
    3980      78.140     -7.000
    3981      78.140     -7.500
    3982      78.140     -8.000
    3983      79.314    -24.000
    3984      78.140     -8.500
    3985      78.140     -9.000
    3986      78.140     -9.500
    3987      78.140    -10.000
    3988      78.140    -10.500
    3989      78.140    -11.000
    3990      78.140    -11.500
    3991      78.140    -12.000
    3992      78.140    -12.500
    3993      78.140    -13.000
    3994      78.140    -13.500
    3995      78.140    -14.000
    3996      78.140    -14.500
    3997      78.140    -15.000
    3998      78.140    -15.500
    3999      78.140    -16.000
    4000      78.140    -16.500
    4001      78.140    -17.000
    4002      78.140    -17.500
    4003      78.140    -18.000
    4004      78.140    -18.500
    4005      78.140    -19.000
    4006      78.140    -19.500
    4007      78.140    -20.000
    4008      78.140    -20.500
    4009      78.140    -21.000
    4010      76.988      4.000
    4011      76.988      3.429
    4012      76.988      2.857
    4013      76.988      2.286
    4014      76.988      1.714
    4015      76.988      1.143
    4016      76.988      0.571
    4017      76.988      0.000
    4018      76.988     -0.571
    4019      78.140    -21.500
    4020      76.988     -1.143
    4021      76.988     -1.714
    4022      76.988     -2.286
    4023      76.988     -2.857
    4024      78.140    -22.000
    4025      76.988     -3.429
    4026      76.988     -4.000
    4027      76.988     -4.500
    4028      78.140    -22.500
    4029      76.988     -5.000
    4030      76.988     -5.500
    4031      76.988     -6.000
    4032      78.140    -23.000
    4033      76.988     -6.500
    4034      76.988     -7.000
    4035      78.140    -23.500
    4036      76.988     -7.500
    4037      76.988     -8.000
    4038      78.140    -24.000
    4039      76.988     -8.500
    4040      76.988     -9.000
    4041      76.988     -9.500
    4042      76.988    -10.000
    4043      76.988    -10.500
    4044      76.988    -11.000
    4045      76.988    -11.500
    4046      76.988    -12.000
    4047      76.988    -12.500
    4048      76.988    -13.000
    4049      76.988    -13.500
    4050      76.988    -14.000
    4051      76.988    -14.500
    4052      76.988    -15.000
    4053      76.988    -15.500
    4054      76.988    -16.000
    4055      76.988    -16.500
    4056      76.988    -17.000
    4057      76.988    -17.500
    4058      76.988    -18.000
    4059      76.988    -18.500
    4060      76.988    -19.000
    4061      76.988    -19.500
    4062      76.988    -20.000
    4063      76.988    -20.500
    4064      75.856      4.000
    4065      75.856      3.429
    4066      75.856      2.857
    4067      75.856      2.286
    4068      75.856      1.714
    4069      76.988    -21.000
    4070      75.856      1.143
    4071      75.856      0.571
    4072      75.856     -0.000
    4073      75.856     -0.571
    4074      75.856     -1.143
    4075      76.988    -21.500
    4076      75.856     -1.714
    4077      75.856     -2.286
    4078      75.856     -2.857
    4079      75.856     -3.429
    4080      76.988    -22.000
    4081      75.856     -4.000
    4082      75.856     -4.500
    4083      75.856     -5.000
    4084      76.988    -22.500
    4085      75.856     -5.500
    4086      75.856     -6.000
    4087      76.988    -23.000
    4088      75.856     -6.500
    4089      75.856     -7.000
    4090      75.856     -7.500
    4091      76.988    -23.500
    4092      75.856     -8.000
    4093      75.856     -8.500
    4094      76.988    -24.000
    4095      75.856     -9.000
    4096      75.856     -9.500
    4097      75.856    -10.000
    4098      75.856    -10.500
    4099      75.856    -11.000
    4100      75.856    -11.500
    4101      75.856    -12.000
    4102      75.856    -12.500
    4103      75.856    -13.000
    4104      75.856    -13.500
    4105      75.856    -14.000
    4106      75.856    -14.500
    4107      75.856    -15.000
    4108      75.856    -15.500
    4109      75.856    -16.000
    4110      75.856    -16.500
    4111      75.856    -17.000
    4112      75.856    -17.500
    4113      75.856    -18.000
    4114      75.856    -18.500
    4115      75.856    -19.000
    4116      75.856    -19.500
    4117      75.856    -20.000
    4118      75.856    -20.500
    4119      74.743      4.000
    4120      74.743      3.429
    4121      74.743      2.857
    4122      74.743      2.286
    4123      74.743      1.714
    4124      74.743      1.143
    4125      74.743      0.571
    4126      75.856    -21.000
    4127      74.743      0.000
    4128      74.743     -0.571
    4129      74.743     -1.143
    4130      74.743     -1.714
    4131      75.856    -21.500
    4132      74.743     -2.286
    4133      74.743     -2.857
    4134      74.743     -3.429
    4135      74.743     -4.000
    4136      75.856    -22.000
    4137      74.743     -4.500
    4138      74.743     -5.000
    4139      74.743     -5.500
    4140      75.856    -22.500
    4141      74.743     -6.000
    4142      74.743     -6.500
    4143      75.856    -23.000
    4144      74.743     -7.000
    4145      74.743     -7.500
    4146      74.743     -8.000
    4147      75.856    -23.500
    4148      74.743     -8.500
    4149      74.743     -9.000
    4150      75.856    -24.000
    4151      74.743     -9.500
    4152      74.743    -10.000
    4153      74.743    -10.500
    4154      74.743    -11.000
    4155      74.743    -11.500
    4156      74.743    -12.000
    4157      74.743    -12.500
    4158      74.743    -13.000
    4159      74.743    -13.500
    4160      74.743    -14.000
    4161      74.743    -14.500
    4162      74.743    -15.000
    4163      74.743    -15.500
    4164      74.743    -16.000
    4165      74.743    -16.500
    4166      74.743    -17.000
    4167      74.743    -17.500
    4168      74.743    -18.000
    4169      74.743    -18.500
    4170      74.743    -19.000
    4171      74.743    -19.500
    4172      74.743    -20.000
    4173      74.743    -20.500
    4174      73.651      4.000
    4175      73.651      3.429
    4176      73.651      2.857
    4177      73.651      2.286
    4178      73.651      1.714
    4179      73.651      1.143
    4180      73.651      0.571
    4181      73.651      0.000
    4182      73.651     -0.571
    4183      74.743    -21.000
    4184      73.651     -1.143
    4185      73.651     -1.714
    4186      73.651     -2.286
    4187      73.651     -2.857
    4188      74.743    -21.500
    4189      73.651     -3.429
    4190      73.651     -4.000
    4191      73.651     -4.500
    4192      74.743    -22.000
    4193      73.651     -5.000
    4194      73.651     -5.500
    4195      74.743    -22.500
    4196      73.651     -6.000
    4197      73.651     -6.500
    4198      73.651     -7.000
    4199      74.743    -23.000
    4200      73.651     -7.500
    4201      73.651     -8.000
    4202      74.743    -23.500
    4203      73.651     -8.500
    4204      73.651     -9.000
    4205      74.743    -24.000
    4206      73.651     -9.500
    4207      73.651    -10.000
    4208      73.651    -10.500
    4209      73.651    -11.000
    4210      73.651    -11.500
    4211      73.651    -12.000
    4212      73.651    -12.500
    4213      73.651    -13.000
    4214      73.651    -13.500
    4215      73.651    -14.000
    4216      73.651    -14.500
    4217      73.651    -15.000
    4218      73.651    -15.500
    4219      73.651    -16.000
    4220      73.651    -16.500
    4221      73.651    -17.000
    4222      73.651    -17.500
    4223      73.651    -18.000
    4224      73.651    -18.500
    4225      73.651    -19.000
    4226      73.651    -19.500
    4227      73.651    -20.000
    4228      72.577      4.000
    4229      72.577      3.429
    4230      72.577      2.857
    4231      72.577      2.286
    4232      72.577      1.714
    4233      73.651    -20.500
    4234      72.577      1.143
    4235      72.577      0.571
    4236      72.577      0.000
    4237      72.577     -0.571
    4238      72.577     -1.143
    4239      73.651    -21.000
    4240      72.577     -1.714
    4241      72.577     -2.286
    4242      72.577     -2.857
    4243      72.577     -3.429
    4244      73.651    -21.500
    4245      72.577     -4.000
    4246      72.577     -4.500
    4247      72.577     -5.000
    4248      73.651    -22.000
    4249      72.577     -5.500
    4250      72.577     -6.000
    4251      73.651    -22.500
    4252      72.577     -6.500
    4253      72.577     -7.000
    4254      72.577     -7.500
    4255      73.651    -23.000
    4256      72.577     -8.000
    4257      72.577     -8.500
    4258      73.651    -23.500
    4259      72.577     -9.000
    4260      72.577     -9.500
    4261      73.651    -24.000
    4262      72.577    -10.000
    4263      72.577    -10.500
    4264      72.577    -11.000
    4265      72.577    -11.500
    4266      72.577    -12.000
    4267      72.577    -12.500
    4268      72.577    -13.000
    4269      72.577    -13.500
    4270      72.577    -14.000
    4271      72.577    -14.500
    4272      72.577    -15.000
    4273      72.577    -15.500
    4274      72.577    -16.000
    4275      72.577    -16.500
    4276      72.577    -17.000
    4277      72.577    -17.500
    4278      72.577    -18.000
    4279      72.577    -18.500
    4280      72.577    -19.000
    4281      72.577    -19.500
    4282      72.577    -20.000
    4283      71.521      4.000
    4284      71.521      3.429
    4285      71.521      2.857
    4286      71.521      2.286
    4287      71.521      1.714
    4288      71.521      1.143
    4289      71.521      0.571
    4290      72.577    -20.500
    4291      71.521      0.000
    4292      71.521     -0.571
    4293      71.521     -1.143
    4294      71.521     -1.714
    4295      72.577    -21.000
    4296      71.521     -2.286
    4297      71.521     -2.857
    4298      71.521     -3.429
    4299      72.577    -21.500
    4300      71.521     -4.000
    4301      71.521     -4.500
    4302      71.521     -5.000
    4303      72.577    -22.000
    4304      71.521     -5.500
    4305      71.521     -6.000
    4306      71.521     -6.500
    4307      72.577    -22.500
    4308      71.521     -7.000
    4309      71.521     -7.500
    4310      72.577    -23.000
    4311      71.521     -8.000
    4312      71.521     -8.500
    4313      71.521     -9.000
    4314      72.577    -23.500
    4315      71.521     -9.500
    4316      71.521    -10.000
    4317      72.577    -24.000
    4318      71.521    -10.500
    4319      71.521    -11.000
    4320      71.521    -11.500
    4321      71.521    -12.000
    4322      71.521    -12.500
    4323      71.521    -13.000
    4324      71.521    -13.500
    4325      71.521    -14.000
    4326      71.521    -14.500
    4327      71.521    -15.000
    4328      71.521    -15.500
    4329      71.521    -16.000
    4330      71.521    -16.500
    4331      71.521    -17.000
    4332      71.521    -17.500
    4333      71.521    -18.000
    4334      71.521    -18.500
    4335      71.521    -19.000
    4336      71.521    -19.500
    4337      71.521    -20.000
    4338      70.483      4.000
    4339      70.483      3.429
    4340      70.483      2.857
    4341      70.483      2.286
    4342      70.483      1.714
    4343      70.483      1.143
    4344      70.483      0.571
    4345      70.483      0.000
    4346      70.483     -0.571
    4347      71.521    -20.500
    4348      70.483     -1.143
    4349      70.483     -1.714
    4350      70.483     -2.286
    4351      71.521    -21.000
    4352      70.483     -2.857
    4353      70.483     -3.429
    4354      70.483     -4.000
    4355      71.521    -21.500
    4356      70.483     -4.500
    4357      70.483     -5.000
    4358      70.483     -5.500
    4359      71.521    -22.000
    4360      70.483     -6.000
    4361      70.483     -6.500
    4362      70.483     -7.000
    4363      71.521    -22.500
    4364      70.483     -7.500
    4365      70.483     -8.000
    4366      71.521    -23.000
    4367      70.483     -8.500
    4368      70.483     -9.000
    4369      71.521    -23.500
    4370      70.483     -9.500
    4371      70.483    -10.000
    4372      71.521    -24.000
    4373      70.483    -10.500
    4374      70.483    -11.000
    4375      70.483    -11.500
    4376      70.483    -12.000
    4377      70.483    -12.500
    4378      70.483    -13.000
    4379      70.483    -13.500
    4380      70.483    -14.000
    4381      70.483    -14.500
    4382      70.483    -15.000
    4383      70.483    -15.500
    4384      70.483    -16.000
    4385      70.483    -16.500
    4386      70.483    -17.000
    4387      70.483    -17.500
    4388      70.483    -18.000
    4389      70.483    -18.500
    4390      70.483    -19.000
    4391      70.483    -19.500
    4392      69.462      4.000
    4393      69.462      3.429
    4394      69.462      2.857
    4395      69.462      2.286
    4396      70.483    -20.000
    4397      69.462      1.714
    4398      69.462      1.143
    4399      69.462      0.571
    4400      69.462      0.000
    4401      69.462     -0.571
    4402      69.462     -1.143
    4403      70.483    -20.500
    4404      69.462     -1.714
    4405      69.462     -2.286
    4406      69.462     -2.857
    4407      70.483    -21.000
    4408      69.462     -3.429
    4409      69.462     -4.000
    4410      69.462     -4.500
    4411      70.483    -21.500
    4412      69.462     -5.000
    4413      69.462     -5.500
    4414      69.462     -6.000
    4415      70.483    -22.000
    4416      69.462     -6.500
    4417      69.462     -7.000
    4418      70.483    -22.500
    4419      69.462     -7.500
    4420      69.462     -8.000
    4421      69.462     -8.500
    4422      70.483    -23.000
    4423      69.462     -9.000
    4424      69.462     -9.500
    4425      70.483    -23.500
    4426      69.462    -10.000
    4427      69.462    -10.500
    4428      70.483    -24.000
    4429      69.462    -11.000
    4430      69.462    -11.500
    4431      69.462    -12.000
    4432      69.462    -12.500
    4433      69.462    -13.000
    4434      69.462    -13.500
    4435      69.462    -14.000
    4436      69.462    -14.500
    4437      69.462    -15.000
    4438      69.462    -15.500
    4439      69.462    -16.000
    4440      69.462    -16.500
    4441      69.462    -17.000
    4442      69.462    -17.500
    4443      69.462    -18.000
    4444      69.462    -18.500
    4445      69.462    -19.000
    4446      69.462    -19.500
    4447      68.458      4.000
    4448      68.458      3.429
    4449      68.458      2.857
    4450      68.458      2.286
    4451      68.458      1.714
    4452      68.458      1.143
    4453      69.462    -20.000
    4454      68.458      0.571
    4455      68.458      0.000
    4456      68.458     -0.571
    4457      68.458     -1.143
    4458      68.458     -1.714
    4459      69.462    -20.500
    4460      68.458     -2.286
    4461      68.458     -2.857
    4462      68.458     -3.429
    4463      69.462    -21.000
    4464      68.458     -4.000
    4465      68.458     -4.500
    4466      68.458     -5.000
    4467      69.462    -21.500
    4468      68.458     -5.500
    4469      68.458     -6.000
    4470      68.458     -6.500
    4471      69.462    -22.000
    4472      68.458     -7.000
    4473      68.458     -7.500
    4474      69.462    -22.500
    4475      68.458     -8.000
    4476      68.458     -8.500
    4477      69.462    -23.000
    4478      68.458     -9.000
    4479      68.458     -9.500
    4480      69.462    -23.500
    4481      68.458    -10.000
    4482      68.458    -10.500
    4483      69.462    -24.000
    4484      68.458    -11.000
    4485      68.458    -11.500
    4486      68.458    -12.000
    4487      68.458    -12.500
    4488      68.458    -13.000
    4489      68.458    -13.500
    4490      68.458    -14.000
    4491      68.458    -14.500
    4492      68.458    -15.000
    4493      68.458    -15.500
    4494      68.458    -16.000
    4495      68.458    -16.500
    4496      68.458    -17.000
    4497      68.458    -17.500
    4498      68.458    -18.000
    4499      68.458    -18.500
    4500      68.458    -19.000
    4501      68.458    -19.500
    4502      67.469      4.000
    4503      67.469      3.429
    4504      67.469      2.857
    4505      67.469      2.286
    4506      67.469      1.714
    4507      67.469      1.143
    4508      67.469      0.571
    4509      67.469      0.000
    4510      68.458    -20.000
    4511      67.469     -0.571
    4512      67.469     -1.143
    4513      67.469     -1.714
    4514      67.469     -2.286
    4515      68.458    -20.500
    4516      67.469     -2.857
    4517      67.469     -3.429
    4518      67.469     -4.000
    4519      68.458    -21.000
    4520      67.469     -4.500
    4521      67.469     -5.000
    4522      67.469     -5.500
    4523      68.458    -21.500
    4524      67.469     -6.000
    4525      67.469     -6.500
    4526      68.458    -22.000
    4527      67.469     -7.000
    4528      67.469     -7.500
    4529      67.469     -8.000
    4530      68.458    -22.500
    4531      67.469     -8.500
    4532      67.469     -9.000
    4533      68.458    -23.000
    4534      67.469     -9.500
    4535      67.469    -10.000
    4536      68.458    -23.500
    4537      67.469    -10.500
    4538      67.469    -11.000
    4539      68.458    -24.000
    4540      67.469    -11.500
    4541      67.469    -12.000
    4542      67.469    -12.500
    4543      67.469    -13.000
    4544      67.469    -13.500
    4545      67.469    -14.000
    4546      67.469    -14.500
    4547      67.469    -15.000
    4548      67.469    -15.500
    4549      67.469    -16.000
    4550      67.469    -16.500
    4551      67.469    -17.000
    4552      67.469    -17.500
    4553      67.469    -18.000
    4554      67.469    -18.500
    4555      67.469    -19.000
    4556      66.497      4.000
    4557      66.497      3.429
    4558      66.497      2.857
    4559      67.469    -19.500
    4560      66.497      2.286
    4561      66.497      1.714
    4562      66.497      1.143
    4563      66.497      0.571
    4564      66.497      0.000
    4565      66.497     -0.571
    4566      67.469    -20.000
    4567      66.497     -1.143
    4568      66.497     -1.714
    4569      66.497     -2.286
    4570      66.497     -2.857
    4571      67.469    -20.500
    4572      66.497     -3.429
    4573      66.497     -4.000
    4574      66.497     -4.500
    4575      67.469    -21.000
    4576      66.497     -5.000
    4577      66.497     -5.500
    4578      67.469    -21.500
    4579      66.497     -6.000
    4580      66.497     -6.500
    4581      66.497     -7.000
    4582      67.469    -22.000
    4583      66.497     -7.500
    4584      66.497     -8.000
    4585      67.469    -22.500
    4586      66.497     -8.500
    4587      66.497     -9.000
    4588      67.469    -23.000
    4589      66.497     -9.500
    4590      66.497    -10.000
    4591      67.469    -23.500
    4592      66.497    -10.500
    4593      66.497    -11.000
    4594      67.469    -24.000
    4595      66.497    -11.500
    4596      66.497    -12.000
    4597      66.497    -12.500
    4598      66.497    -13.000
    4599      66.497    -13.500
    4600      66.497    -14.000
    4601      66.497    -14.500
    4602      66.497    -15.000
    4603      66.497    -15.500
    4604      66.497    -16.000
    4605      66.497    -16.500
    4606      66.497    -17.000
    4607      66.497    -17.500
    4608      66.497    -18.000
    4609      66.497    -18.500
    4610      66.497    -19.000
    4611      65.540      4.000
    4612      65.540      3.429
    4613      65.540      2.857
    4614      65.540      2.286
    4615      65.540      1.714
    4616      65.540      1.143
    4617      66.497    -19.500
    4618      65.540      0.571
    4619      65.540      0.000
    4620      65.540     -0.571
    4621      65.540     -1.143
    4622      66.497    -20.000
    4623      65.540     -1.714
    4624      65.540     -2.286
    4625      65.540     -2.857
    4626      65.540     -3.429
    4627      66.497    -20.500
    4628      65.540     -4.000
    4629      65.540     -4.500
    4630      65.540     -5.000
    4631      66.497    -21.000
    4632      65.540     -5.500
    4633      65.540     -6.000
    4634      66.497    -21.500
    4635      65.540     -6.500
    4636      65.540     -7.000
    4637      65.540     -7.500
    4638      66.497    -22.000
    4639      65.540     -8.000
    4640      65.540     -8.500
    4641      66.497    -22.500
    4642      65.540     -9.000
    4643      65.540     -9.500
    4644      66.497    -23.000
    4645      65.540    -10.000
    4646      65.540    -10.500
    4647      66.497    -23.500
    4648      65.540    -11.000
    4649      65.540    -11.500
    4650      66.497    -24.000
    4651      65.540    -12.000
    4652      65.540    -12.500
    4653      65.540    -13.000
    4654      65.540    -13.500
    4655      65.540    -14.000
    4656      65.540    -14.500
    4657      65.540    -15.000
    4658      65.540    -15.500
    4659      65.540    -16.000
    4660      65.540    -16.500
    4661      65.540    -17.000
    4662      65.540    -17.500
    4663      65.540    -18.000
    4664      65.540    -18.500
    4665      65.540    -19.000
    4666      64.597      4.000
    4667      64.597      3.429
    4668      64.597      2.857
    4669      64.597      2.286
    4670      64.597      1.714
    4671      64.597      1.143
    4672      64.597      0.571
    4673      65.540    -19.500
    4674      64.597      0.000
    4675      64.597     -0.571
    4676      64.597     -1.143
    4677      64.597     -1.714
    4678      65.540    -20.000
    4679      64.597     -2.286
    4680      64.597     -2.857
    4681      64.597     -3.429
    4682      65.540    -20.500
    4683      64.597     -4.000
    4684      64.597     -4.500
    4685      64.597     -5.000
    4686      65.540    -21.000
    4687      64.597     -5.500
    4688      64.597     -6.000
    4689      64.597     -6.500
    4690      65.540    -21.500
    4691      64.597     -7.000
    4692      64.597     -7.500
    4693      65.540    -22.000
    4694      64.597     -8.000
    4695      64.597     -8.500
    4696      65.540    -22.500
    4697      64.597     -9.000
    4698      64.597     -9.500
    4699      65.540    -23.000
    4700      64.597    -10.000
    4701      64.597    -10.500
    4702      65.540    -23.500
    4703      64.597    -11.000
    4704      64.597    -11.500
    4705      65.540    -24.000
    4706      64.597    -12.000
    4707      64.597    -12.500
    4708      64.597    -13.000
    4709      64.597    -13.500
    4710      64.597    -14.000
    4711      64.597    -14.500
    4712      64.597    -15.000
    4713      64.597    -15.500
    4714      64.597    -16.000
    4715      64.597    -16.500
    4716      64.597    -17.000
    4717      64.597    -17.500
    4718      64.597    -18.000
    4719      64.597    -18.500
    4720      64.597    -19.000
    4721      63.669      4.000
    4722      63.669      3.429
    4723      63.669      2.857
    4724      63.669      2.286
    4725      63.669      1.714
    4726      63.669      1.143
    4727      63.669      0.571
    4728      63.669      0.000
    4729      63.669     -0.571
    4730      64.597    -19.500
    4731      63.669     -1.143
    4732      63.669     -1.714
    4733      63.669     -2.286
    4734      64.597    -20.000
    4735      63.669     -2.857
    4736      63.669     -3.429
    4737      63.669     -4.000
    4738      64.597    -20.500
    4739      63.669     -4.500
    4740      63.669     -5.000
    4741      63.669     -5.500
    4742      64.597    -21.000
    4743      63.669     -6.000
    4744      63.669     -6.500
    4745      64.597    -21.500
    4746      63.669     -7.000
    4747      63.669     -7.500
    4748      63.669     -8.000
    4749      64.597    -22.000
    4750      63.669     -8.500
    4751      63.669     -9.000
    4752      64.597    -22.500
    4753      63.669     -9.500
    4754      63.669    -10.000
    4755      64.597    -23.000
    4756      63.669    -10.500
    4757      63.669    -11.000
    4758      64.597    -23.500
    4759      63.669    -11.500
    4760      64.597    -24.000
    4761      63.669    -12.000
    4762      63.669    -12.500
    4763      63.669    -13.000
    4764      63.669    -13.500
    4765      63.669    -14.000
    4766      63.669    -14.500
    4767      63.669    -15.000
    4768      63.669    -15.500
    4769      63.669    -16.000
    4770      63.669    -16.500
    4771      63.669    -17.000
    4772      63.669    -17.500
    4773      63.669    -18.000
    4774      63.669    -18.500
    4775      62.754      4.000
    4776      62.754      3.429
    4777      62.754      2.857
    4778      62.754      2.286
    4779      63.669    -19.000
    4780      62.754      1.714
    4781      62.754      1.143
    4782      62.754      0.571
    4783      62.754      0.000
    4784      62.754     -0.571
    4785      62.754     -1.143
    4786      63.669    -19.500
    4787      62.754     -1.714
    4788      62.754     -2.286
    4789      62.754     -2.857
    4790      63.669    -20.000
    4791      62.754     -3.429
    4792      62.754     -4.000
    4793      62.754     -4.500
    4794      63.669    -20.500
    4795      62.754     -5.000
    4796      62.754     -5.500
    4797      62.754     -6.000
    4798      63.669    -21.000
    4799      62.754     -6.500
    4800      62.754     -7.000
    4801      63.669    -21.500
    4802      62.754     -7.500
    4803      62.754     -8.000
    4804      63.669    -22.000
    4805      62.754     -8.500
    4806      62.754     -9.000
    4807      63.669    -22.500
    4808      62.754     -9.500
    4809      62.754    -10.000
    4810      63.669    -23.000
    4811      62.754    -10.500
    4812      62.754    -11.000
    4813      63.669    -23.500
    4814      62.754    -11.500
    4815      62.754    -12.000
    4816      63.669    -24.000
    4817      62.754    -12.500
    4818      62.754    -13.000
    4819      62.754    -13.500
    4820      62.754    -14.000
    4821      62.754    -14.500
    4822      62.754    -15.000
    4823      62.754    -15.500
    4824      62.754    -16.000
    4825      62.754    -16.500
    4826      62.754    -17.000
    4827      62.754    -17.500
    4828      62.754    -18.000
    4829      62.754    -18.500
    4830      61.853      4.000
    4831      61.853      3.429
    4832      61.853      2.857
    4833      61.853      2.286
    4834      61.853      1.714
    4835      61.853      1.143
    4836      62.754    -19.000
    4837      61.853      0.571
    4838      61.853      0.000
    4839      61.853     -0.571
    4840      61.853     -1.143
    4841      61.853     -1.714
    4842      62.754    -19.500
    4843      61.853     -2.286
    4844      61.853     -2.857
    4845      61.853     -3.429
    4846      62.754    -20.000
    4847      61.853     -4.000
    4848      61.853     -4.500
    4849      61.853     -5.000
    4850      62.754    -20.500
    4851      61.853     -5.500
    4852      61.853     -6.000
    4853      62.754    -21.000
    4854      61.853     -6.500
    4855      61.853     -7.000
    4856      62.754    -21.500
    4857      61.853     -7.500
    4858      61.853     -8.000
    4859      61.853     -8.500
    4860      62.754    -22.000
    4861      61.853     -9.000
    4862      61.853     -9.500
    4863      62.754    -22.500
    4864      61.853    -10.000
    4865      61.853    -10.500
    4866      62.754    -23.000
    4867      61.853    -11.000
    4868      62.754    -23.500
    4869      61.853    -11.500
    4870      61.853    -12.000
    4871      62.754    -24.000
    4872      61.853    -12.500
    4873      61.853    -13.000
    4874      61.853    -13.500
    4875      61.853    -14.000
    4876      61.853    -14.500
    4877      61.853    -15.000
    4878      61.853    -15.500
    4879      61.853    -16.000
    4880      61.853    -16.500
    4881      61.853    -17.000
    4882      61.853    -17.500
    4883      61.853    -18.000
    4884      61.853    -18.500
    4885      60.966      4.000
    4886      60.966      3.429
    4887      60.966      2.857
    4888      60.966      2.286
    4889      60.966      1.714
    4890      60.966      1.143
    4891      60.966      0.571
    4892      60.966      0.000
    4893      61.853    -19.000
    4894      60.966     -0.571
    4895      60.966     -1.143
    4896      60.966     -1.714
    4897      60.966     -2.286
    4898      61.853    -19.500
    4899      60.966     -2.857
    4900      60.966     -3.429
    4901      61.853    -20.000
    4902      60.966     -4.000
    4903      60.966     -4.500
    4904      60.966     -5.000
    4905      61.853    -20.500
    4906      60.966     -5.500
    4907      60.966     -6.000
    4908      60.966     -6.500
    4909      61.853    -21.000
    4910      60.966     -7.000
    4911      60.966     -7.500
    4912      61.853    -21.500
    4913      60.966     -8.000
    4914      60.966     -8.500
    4915      61.853    -22.000
    4916      60.966     -9.000
    4917      60.966     -9.500
    4918      61.853    -22.500
    4919      60.966    -10.000
    4920      60.966    -10.500
    4921      61.853    -23.000
    4922      60.966    -11.000
    4923      60.966    -11.500
    4924      61.853    -23.500
    4925      60.966    -12.000
    4926      61.853    -24.000
    4927      60.966    -12.500
    4928      60.966    -13.000
    4929      60.966    -13.500
    4930      60.966    -14.000
    4931      60.966    -14.500
    4932      60.966    -15.000
    4933      60.966    -15.500
    4934      60.966    -16.000
    4935      60.966    -16.500
    4936      60.966    -17.000
    4937      60.966    -17.500
    4938      60.966    -18.000
    4939      60.966    -18.500
    4940      60.090      4.000
    4941      60.090      3.429
    4942      60.090      2.857
    4943      60.090      2.286
    4944      60.090      1.714
    4945      60.090      1.143
    4946      60.090      0.571
    4947      60.090      0.000
    4948      60.090     -0.571
    4949      60.966    -19.000
    4950      60.090     -1.143
    4951      60.090     -1.714
    4952      60.090     -2.286
    4953      60.966    -19.500
    4954      60.090     -2.857
    4955      60.090     -3.429
    4956      60.090     -4.000
    4957      60.966    -20.000
    4958      60.090     -4.500
    4959      60.090     -5.000
    4960      60.090     -5.500
    4961      60.966    -20.500
    4962      60.090     -6.000
    4963      60.090     -6.500
    4964      60.966    -21.000
    4965      60.090     -7.000
    4966      60.090     -7.500
    4967      60.966    -21.500
    4968      60.090     -8.000
    4969      60.090     -8.500
    4970      60.090     -9.000
    4971      60.966    -22.000
    4972      60.090     -9.500
    4973      60.966    -22.500
    4974      60.090    -10.000
    4975      60.090    -10.500
    4976      60.966    -23.000
    4977      60.090    -11.000
    4978      60.090    -11.500
    4979      60.966    -23.500
    4980      60.090    -12.000
    4981      60.090    -12.500
    4982      60.966    -24.000
    4983      60.090    -13.000
    4984      60.090    -13.500
    4985      60.090    -14.000
    4986      60.090    -14.500
    4987      60.090    -15.000
    4988      60.090    -15.500
    4989      60.090    -16.000
    4990      60.090    -16.500
    4991      60.090    -17.000
    4992      60.090    -17.500
    4993      60.090    -18.000
    4994      59.227      4.000
    4995      59.227      3.429
    4996      59.227      2.857
    4997      59.227      2.286
    4998      60.090    -18.500
    4999      59.227      1.714
    5000      59.227      1.143
    5001      59.227      0.571
    5002      59.227      0.000
    5003      59.227     -0.571
    5004      59.227     -1.143
    5005      60.090    -19.000
    5006      59.227     -1.714
    5007      59.227     -2.286
    5008      59.227     -2.857
    5009      60.090    -19.500
    5010      59.227     -3.429
    5011      59.227     -4.000
    5012      59.227     -4.500
    5013      60.090    -20.000
    5014      59.227     -5.000
    5015      59.227     -5.500
    5016      60.090    -20.500
    5017      59.227     -6.000
    5018      59.227     -6.500
    5019      59.227     -7.000
    5020      60.090    -21.000
    5021      59.227     -7.500
    5022      59.227     -8.000
    5023      60.090    -21.500
    5024      59.227     -8.500
    5025      59.227     -9.000
    5026      60.090    -22.000
    5027      59.227     -9.500
    5028      59.227    -10.000
    5029      60.090    -22.500
    5030      59.227    -10.500
    5031      59.227    -11.000
    5032      60.090    -23.000
    5033      59.227    -11.500
    5034      60.090    -23.500
    5035      59.227    -12.000
    5036      59.227    -12.500
    5037      60.090    -24.000
    5038      59.227    -13.000
    5039      59.227    -13.500
    5040      59.227    -14.000
    5041      59.227    -14.500
    5042      59.227    -15.000
    5043      59.227    -15.500
    5044      59.227    -16.000
    5045      59.227    -16.500
    5046      59.227    -17.000
    5047      59.227    -17.500
    5048      59.227    -18.000
    5049      58.376      4.000
    5050      58.376      3.429
    5051      58.376      2.857
    5052      58.376      2.286
    5053      58.376      1.714
    5054      58.376      1.143
    5055      59.227    -18.500
    5056      58.376      0.571
    5057      58.376      0.000
    5058      58.376     -0.571
    5059      58.376     -1.143
    5060      58.376     -1.714
    5061      59.227    -19.000
    5062      58.376     -2.286
    5063      58.376     -2.857
    5064      58.376     -3.429
    5065      59.227    -19.500
    5066      58.376     -4.000
    5067      58.376     -4.500
    5068      59.227    -20.000
    5069      58.376     -5.000
    5070      58.376     -5.500
    5071      58.376     -6.000
    5072      59.227    -20.500
    5073      58.376     -6.500
    5074      58.376     -7.000
    5075      59.227    -21.000
    5076      58.376     -7.500
    5077      58.376     -8.000
    5078      59.227    -21.500
    5079      58.376     -8.500
    5080      58.376     -9.000
    5081      59.227    -22.000
    5082      58.376     -9.500
    5083      58.376    -10.000
    5084      59.227    -22.500
    5085      58.376    -10.500
    5086      58.376    -11.000
    5087      59.227    -23.000
    5088      58.376    -11.500
    5089      58.376    -12.000
    5090      59.227    -23.500
    5091      58.376    -12.500
    5092      59.227    -24.000
    5093      58.376    -13.000
    5094      58.376    -13.500
    5095      58.376    -14.000
    5096      58.376    -14.500
    5097      58.376    -15.000
    5098      58.376    -15.500
    5099      58.376    -16.000
    5100      58.376    -16.500
    5101      58.376    -17.000
    5102      58.376    -17.500
    5103      58.376    -18.000
    5104      57.537      4.000
    5105      57.537      3.429
    5106      57.537      2.857
    5107      57.537      2.286
    5108      57.537      1.714
    5109      57.537      1.143
    5110      57.537      0.571
    5111      58.376    -18.500
    5112      57.537      0.000
    5113      57.537     -0.571
    5114      57.537     -1.143
    5115      57.537     -1.714
    5116      58.376    -19.000
    5117      57.537     -2.286
    5118      57.537     -2.857
    5119      57.537     -3.429
    5120      58.376    -19.500
    5121      57.537     -4.000
    5122      57.537     -4.500
    5123      57.537     -5.000
    5124      58.376    -20.000
    5125      57.537     -5.500
    5126      57.537     -6.000
    5127      58.376    -20.500
    5128      57.537     -6.500
    5129      57.537     -7.000
    5130      57.537     -7.500
    5131      58.376    -21.000
    5132      57.537     -8.000
    5133      57.537     -8.500
    5134      58.376    -21.500
    5135      57.537     -9.000
    5136      57.537     -9.500
    5137      58.376    -22.000
    5138      57.537    -10.000
    5139      57.537    -10.500
    5140      58.376    -22.500
    5141      57.537    -11.000
    5142      58.376    -23.000
    5143      57.537    -11.500
    5144      57.537    -12.000
    5145      58.376    -23.500
    5146      57.537    -12.500
    5147      57.537    -13.000
    5148      58.376    -24.000
    5149      57.537    -13.500
    5150      57.537    -14.000
    5151      57.537    -14.500
    5152      57.537    -15.000
    5153      57.537    -15.500
    5154      57.537    -16.000
    5155      57.537    -16.500
    5156      57.537    -17.000
    5157      57.537    -17.500
    5158      57.537    -18.000
    5159      56.709      4.000
    5160      56.709      3.429
    5161      56.709      2.857
    5162      56.709      2.286
    5163      56.709      1.714
    5164      56.709      1.143
    5165      56.709      0.571
    5166      56.709      0.000
    5167      56.709     -0.571
    5168      57.537    -18.500
    5169      56.709     -1.143
    5170      56.709     -1.714
    5171      56.709     -2.286
    5172      57.537    -19.000
    5173      56.709     -2.857
    5174      56.709     -3.429
    5175      56.709     -4.000
    5176      57.537    -19.500
    5177      56.709     -4.500
    5178      56.709     -5.000
    5179      56.709     -5.500
    5180      57.537    -20.000
    5181      56.709     -6.000
    5182      56.709     -6.500
    5183      57.537    -20.500
    5184      56.709     -7.000
    5185      56.709     -7.500
    5186      57.537    -21.000
    5187      56.709     -8.000
    5188      56.709     -8.500
    5189      57.537    -21.500
    5190      56.709     -9.000
    5191      56.709     -9.500
    5192      57.537    -22.000
    5193      56.709    -10.000
    5194      56.709    -10.500
    5195      57.537    -22.500
    5196      56.709    -11.000
    5197      56.709    -11.500
    5198      57.537    -23.000
    5199      56.709    -12.000
    5200      57.537    -23.500
    5201      56.709    -12.500
    5202      56.709    -13.000
    5203      57.537    -24.000
    5204      56.709    -13.500
    5205      56.709    -14.000
    5206      56.709    -14.500
    5207      56.709    -15.000
    5208      56.709    -15.500
    5209      56.709    -16.000
    5210      56.709    -16.500
    5211      56.709    -17.000
    5212      56.709    -17.500
    5213      55.891      4.000
    5214      55.891      3.429
    5215      55.891      2.857
    5216      55.891      2.286
    5217      56.709    -18.000
    5218      55.891      1.714
    5219      55.891      1.143
    5220      55.891      0.571
    5221      55.891      0.000
    5222      55.891     -0.571
    5223      56.709    -18.500
    5224      55.891     -1.143
    5225      55.891     -1.714
    5226      55.891     -2.286
    5227      55.891     -2.857
    5228      56.709    -19.000
    5229      55.891     -3.429
    5230      55.891     -4.000
    5231      56.709    -19.500
    5232      55.891     -4.500
    5233      55.891     -5.000
    5234      55.891     -5.500
    5235      56.709    -20.000
    5236      55.891     -6.000
    5237      55.891     -6.500
    5238      56.709    -20.500
    5239      55.891     -7.000
    5240      55.891     -7.500
    5241      55.891     -8.000
    5242      56.709    -21.000
    5243      55.891     -8.500
    5244      55.891     -9.000
    5245      56.709    -21.500
    5246      55.891     -9.500
    5247      56.709    -22.000
    5248      55.891    -10.000
    5249      55.891    -10.500
    5250      56.709    -22.500
    5251      55.891    -11.000
    5252      55.891    -11.500
    5253      56.709    -23.000
    5254      55.891    -12.000
    5255      55.891    -12.500
    5256      56.709    -23.500
    5257      55.891    -13.000
    5258      56.709    -24.000
    5259      55.891    -13.500
    5260      55.891    -14.000
    5261      55.891    -14.500
    5262      55.891    -15.000
    5263      55.891    -15.500
    5264      55.891    -16.000
    5265      55.891    -16.500
    5266      55.891    -17.000
    5267      55.891    -17.500
    5268      55.084      4.000
    5269      55.084      3.429
    5270      55.084      2.857
    5271      55.084      2.286
    5272      55.084      1.714
    5273      55.084      1.143
    5274      55.891    -18.000
    5275      55.084      0.571
    5276      55.084      0.000
    5277      55.084     -0.571
    5278      55.084     -1.143
    5279      55.891    -18.500
    5280      55.084     -1.714
    5281      55.084     -2.286
    5282      55.084     -2.857
    5283      55.891    -19.000
    5284      55.084     -3.429
    5285      55.084     -4.000
    5286      55.084     -4.500
    5287      55.891    -19.500
    5288      55.084     -5.000
    5289      55.084     -5.500
    5290      55.084     -6.000
    5291      55.891    -20.000
    5292      55.084     -6.500
    5293      55.084     -7.000
    5294      55.891    -20.500
    5295      55.084     -7.500
    5296      55.084     -8.000
    5297      55.891    -21.000
    5298      55.084     -8.500
    5299      55.084     -9.000
    5300      55.891    -21.500
    5301      55.084     -9.500
    5302      55.084    -10.000
    5303      55.891    -22.000
    5304      55.084    -10.500
    5305      55.084    -11.000
    5306      55.891    -22.500
    5307      55.084    -11.500
    5308      55.891    -23.000
    5309      55.084    -12.000
    5310      55.084    -12.500
    5311      55.891    -23.500
    5312      55.084    -13.000
    5313      55.084    -13.500
    5314      55.891    -24.000
    5315      55.084    -14.000
    5316      55.084    -14.500
    5317      55.084    -15.000
    5318      55.084    -15.500
    5319      55.084    -16.000
    5320      55.084    -16.500
    5321      55.084    -17.000
    5322      55.084    -17.500
    5323      54.288      4.000
    5324      54.288      3.429
    5325      54.288      2.857
    5326      54.288      2.286
    5327      54.288      1.714
    5328      54.288      1.143
    5329      54.288      0.571
    5330      55.084    -18.000
    5331      54.288      0.000
    5332      54.288     -0.571
    5333      54.288     -1.143
    5334      54.288     -1.714
    5335      55.084    -18.500
    5336      54.288     -2.286
    5337      54.288     -2.857
    5338      54.288     -3.429
    5339      55.084    -19.000
    5340      54.288     -4.000
    5341      54.288     -4.500
    5342      54.288     -5.000
    5343      55.084    -19.500
    5344      54.288     -5.500
    5345      54.288     -6.000
    5346      55.084    -20.000
    5347      54.288     -6.500
    5348      54.288     -7.000
    5349      55.084    -20.500
    5350      54.288     -7.500
    5351      54.288     -8.000
    5352      55.084    -21.000
    5353      54.288     -8.500
    5354      54.288     -9.000
    5355      55.084    -21.500
    5356      54.288     -9.500
    5357      54.288    -10.000
    5358      55.084    -22.000
    5359      54.288    -10.500
    5360      54.288    -11.000
    5361      55.084    -22.500
    5362      54.288    -11.500
    5363      54.288    -12.000
    5364      55.084    -23.000
    5365      54.288    -12.500
    5366      55.084    -23.500
    5367      54.288    -13.000
    5368      54.288    -13.500
    5369      55.084    -24.000
    5370      54.288    -14.000
    5371      54.288    -14.500
    5372      54.288    -15.000
    5373      54.288    -15.500
    5374      54.288    -16.000
    5375      54.288    -16.500
    5376      54.288    -17.000
    5377      54.288    -17.500
    5378      53.501      4.000
    5379      53.501      3.429
    5380      53.501      2.857
    5381      53.501      2.286
    5382      53.501      1.714
    5383      53.501      1.143
    5384      53.501      0.571
    5385      53.501      0.000
    5386      54.288    -18.000
    5387      53.501     -0.571
    5388      53.501     -1.143
    5389      53.501     -1.714
    5390      53.501     -2.286
    5391      54.288    -18.500
    5392      53.501     -2.857
    5393      53.501     -3.429
    5394      54.288    -19.000
    5395      53.501     -4.000
    5396      53.501     -4.500
    5397      53.501     -5.000
    5398      54.288    -19.500
    5399      53.501     -5.500
    5400      53.501     -6.000
    5401      54.288    -20.000
    5402      53.501     -6.500
    5403      53.501     -7.000
    5404      53.501     -7.500
    5405      54.288    -20.500
    5406      53.501     -8.000
    5407      53.501     -8.500
    5408      54.288    -21.000
    5409      53.501     -9.000
    5410      53.501     -9.500
    5411      54.288    -21.500
    5412      53.501    -10.000
    5413      54.288    -22.000
    5414      53.501    -10.500
    5415      53.501    -11.000
    5416      54.288    -22.500
    5417      53.501    -11.500
    5418      53.501    -12.000
    5419      54.288    -23.000
    5420      53.501    -12.500
    5421      53.501    -13.000
    5422      54.288    -23.500
    5423      53.501    -13.500
    5424      54.288    -24.000
    5425      53.501    -14.000
    5426      53.501    -14.500
    5427      53.501    -15.000
    5428      53.501    -15.500
    5429      53.501    -16.000
    5430      53.501    -16.500
    5431      53.501    -17.000
    5432      52.724      4.000
    5433      52.724      3.429
    5434      53.501    -17.500
    5435      52.724      2.857
    5436      52.724      2.286
    5437      52.724      1.714
    5438      52.724      1.143
    5439      52.724      0.571
    5440      52.724      0.000
    5441      52.724     -0.571
    5442      53.501    -18.000
    5443      52.724     -1.143
    5444      52.724     -1.714
    5445      52.724     -2.286
    5446      53.501    -18.500
    5447      52.724     -2.857
    5448      52.724     -3.429
    5449      52.724     -4.000
    5450      53.501    -19.000
    5451      52.724     -4.500
    5452      52.724     -5.000
    5453      52.724     -5.500
    5454      53.501    -19.500
    5455      52.724     -6.000
    5456      52.724     -6.500
    5457      53.501    -20.000
    5458      52.724     -7.000
    5459      52.724     -7.500
    5460      53.501    -20.500
    5461      52.724     -8.000
    5462      52.724     -8.500
    5463      53.501    -21.000
    5464      52.724     -9.000
    5465      52.724     -9.500
    5466      53.501    -21.500
    5467      52.724    -10.000
    5468      52.724    -10.500
    5469      53.501    -22.000
    5470      52.724    -11.000
    5471      52.724    -11.500
    5472      53.501    -22.500
    5473      52.724    -12.000
    5474      53.501    -23.000
    5475      52.724    -12.500
    5476      52.724    -13.000
    5477      53.501    -23.500
    5478      52.724    -13.500
    5479      53.501    -24.000
    5480      52.724    -14.000
    5481      52.724    -14.500
    5482      52.724    -15.000
    5483      52.724    -15.500
    5484      52.724    -16.000
    5485      52.724    -16.500
    5486      52.724    -17.000
    5487      51.956      4.000
    5488      51.956      3.429
    5489      51.956      2.857
    5490      51.956      2.286
    5491      52.724    -17.500
    5492      51.956      1.714
    5493      51.956      1.143
    5494      51.956      0.571
    5495      51.956      0.000
    5496      51.956     -0.571
    5497      51.956     -1.143
    5498      52.724    -18.000
    5499      51.956     -1.714
    5500      51.956     -2.286
    5501      51.956     -2.857
    5502      52.724    -18.500
    5503      51.956     -3.429
    5504      51.956     -4.000
    5505      52.724    -19.000
    5506      51.956     -4.500
    5507      51.956     -5.000
    5508      51.956     -5.500
    5509      52.724    -19.500
    5510      51.956     -6.000
    5511      51.956     -6.500
    5512      52.724    -20.000
    5513      51.956     -7.000
    5514      51.956     -7.500
    5515      52.724    -20.500
    5516      51.956     -8.000
    5517      51.956     -8.500
    5518      52.724    -21.000
    5519      51.956     -9.000
    5520      51.956     -9.500
    5521      52.724    -21.500
    5522      51.956    -10.000
    5523      51.956    -10.500
    5524      52.724    -22.000
    5525      51.956    -11.000
    5526      51.956    -11.500
    5527      52.724    -22.500
    5528      51.956    -12.000
    5529      52.724    -23.000
    5530      51.956    -12.500
    5531      51.956    -13.000
    5532      52.724    -23.500
    5533      51.956    -13.500
    5534      51.956    -14.000
    5535      52.724    -24.000
    5536      51.956    -14.500
    5537      51.956    -15.000
    5538      51.956    -15.500
    5539      51.956    -16.000
    5540      51.956    -16.500
    5541      51.956    -17.000
    5542      51.197      4.000
    5543      51.197      3.429
    5544      51.197      2.857
    5545      51.197      2.286
    5546      51.197      1.714
    5547      51.197      1.143
    5548      51.956    -17.500
    5549      51.197      0.571
    5550      51.197      0.000
    5551      51.197     -0.571
    5552      51.197     -1.143
    5553      51.956    -18.000
    5554      51.197     -1.714
    5555      51.197     -2.286
    5556      51.197     -2.857
    5557      51.956    -18.500
    5558      51.197     -3.429
    5559      51.197     -4.000
    5560      51.197     -4.500
    5561      51.956    -19.000
    5562      51.197     -5.000
    5563      51.197     -5.500
    5564      51.956    -19.500
    5565      51.197     -6.000
    5566      51.197     -6.500
    5567      51.197     -7.000
    5568      51.956    -20.000
    5569      51.197     -7.500
    5570      51.197     -8.000
    5571      51.956    -20.500
    5572      51.197     -8.500
    5573      51.197     -9.000
    5574      51.956    -21.000
    5575      51.197     -9.500
    5576      51.197    -10.000
    5577      51.956    -21.500
    5578      51.197    -10.500
    5579      51.956    -22.000
    5580      51.197    -11.000
    5581      51.197    -11.500
    5582      51.956    -22.500
    5583      51.197    -12.000
    5584      51.197    -12.500
    5585      51.956    -23.000
    5586      51.197    -13.000
    5587      51.956    -23.500
    5588      51.197    -13.500
    5589      51.197    -14.000
    5590      51.956    -24.000
    5591      51.197    -14.500
    5592      51.197    -15.000
    5593      51.197    -15.500
    5594      51.197    -16.000
    5595      51.197    -16.500
    5596      51.197    -17.000
    5597      50.447      4.000
    5598      50.447      3.429
    5599      50.447      2.857
    5600      50.447      2.286
    5601      50.447      1.714
    5602      50.447      1.143
    5603      50.447      0.571
    5604      51.197    -17.500
    5605      50.447      0.000
    5606      50.447     -0.571
    5607      50.447     -1.143
    5608      50.447     -1.714
    5609      51.197    -18.000
    5610      50.447     -2.286
    5611      50.447     -2.857
    5612      50.447     -3.429
    5613      51.197    -18.500
    5614      50.447     -4.000
    5615      50.447     -4.500
    5616      51.197    -19.000
    5617      50.447     -5.000
    5618      50.447     -5.500
    5619      50.447     -6.000
    5620      51.197    -19.500
    5621      50.447     -6.500
    5622      50.447     -7.000
    5623      51.197    -20.000
    5624      50.447     -7.500
    5625      50.447     -8.000
    5626      51.197    -20.500
    5627      50.447     -8.500
    5628      50.447     -9.000
    5629      51.197    -21.000
    5630      50.447     -9.500
    5631      50.447    -10.000
    5632      51.197    -21.500
    5633      50.447    -10.500
    5634      50.447    -11.000
    5635      51.197    -22.000
    5636      50.447    -11.500
    5637      51.197    -22.500
    5638      50.447    -12.000
    5639      50.447    -12.500
    5640      51.197    -23.000
    5641      50.447    -13.000
    5642      50.447    -13.500
    5643      51.197    -23.500
    5644      50.447    -14.000
    5645      51.197    -24.000
    5646      50.447    -14.500
    5647      50.447    -15.000
    5648      50.447    -15.500
    5649      50.447    -16.000
    5650      50.447    -16.500
    5651      50.447    -17.000
    5652      49.706      4.000
    5653      49.706      3.429
    5654      49.706      2.857
    5655      49.706      2.286
    5656      49.706      1.714
    5657      49.706      1.143
    5658      49.706      0.571
    5659      49.706      0.000
    5660      50.447    -17.500
    5661      49.706     -0.571
    5662      49.706     -1.143
    5663      49.706     -1.714
    5664      50.447    -18.000
    5665      49.706     -2.286
    5666      49.706     -2.857
    5667      49.706     -3.429
    5668      50.447    -18.500
    5669      49.706     -4.000
    5670      49.706     -4.500
    5671      49.706     -5.000
    5672      50.447    -19.000
    5673      49.706     -5.500
    5674      49.706     -6.000
    5675      50.447    -19.500
    5676      49.706     -6.500
    5677      49.706     -7.000
    5678      50.447    -20.000
    5679      49.706     -7.500
    5680      49.706     -8.000
    5681      50.447    -20.500
    5682      49.706     -8.500
    5683      49.706     -9.000
    5684      50.447    -21.000
    5685      49.706     -9.500
    5686      49.706    -10.000
    5687      50.447    -21.500
    5688      49.706    -10.500
    5689      49.706    -11.000
    5690      50.447    -22.000
    5691      49.706    -11.500
    5692      49.706    -12.000
    5693      50.447    -22.500
    5694      49.706    -12.500
    5695      50.447    -23.000
    5696      49.706    -13.000
    5697      49.706    -13.500
    5698      50.447    -23.500
    5699      49.706    -14.000
    5700      50.447    -24.000
    5701      49.706    -14.500
    5702      49.706    -15.000
    5703      49.706    -15.500
    5704      49.706    -16.000
    5705      49.706    -16.500
    5706      48.973      4.000
    5707      49.706    -17.000
    5708      48.973      3.429
    5709      48.973      2.857
    5710      48.973      2.286
    5711      48.973      1.714
    5712      48.973      1.143
    5713      48.973      0.571
    5714      48.973      0.000
    5715      48.973     -0.571
    5716      49.706    -17.500
    5717      48.973     -1.143
    5718      48.973     -1.714
    5719      48.973     -2.286
    5720      49.706    -18.000
    5721      48.973     -2.857
    5722      48.973     -3.429
    5723      48.973     -4.000
    5724      49.706    -18.500
    5725      48.973     -4.500
    5726      48.973     -5.000
    5727      49.706    -19.000
    5728      48.973     -5.500
    5729      48.973     -6.000
    5730      48.973     -6.500
    5731      49.706    -19.500
    5732      48.973     -7.000
    5733      48.973     -7.500
    5734      49.706    -20.000
    5735      48.973     -8.000
    5736      48.973     -8.500
    5737      49.706    -20.500
    5738      48.973     -9.000
    5739      48.973     -9.500
    5740      49.706    -21.000
    5741      48.973    -10.000
    5742      49.706    -21.500
    5743      48.973    -10.500
    5744      48.973    -11.000
    5745      49.706    -22.000
    5746      48.973    -11.500
    5747      48.973    -12.000
    5748      49.706    -22.500
    5749      48.973    -12.500
    5750      49.706    -23.000
    5751      48.973    -13.000
    5752      48.973    -13.500
    5753      49.706    -23.500
    5754      48.973    -14.000
    5755      48.973    -14.500
    5756      49.706    -24.000
    5757      48.973    -15.000
    5758      48.973    -15.500
    5759      48.973    -16.000
    5760      48.973    -16.500
    5761      48.247      4.000
    5762      48.247      3.429
    5763      48.247      2.857
    5764      48.247      2.286
    5765      48.973    -17.000
    5766      48.247      1.714
    5767      48.247      1.143
    5768      48.247      0.571
    5769      48.247      0.000
    5770      48.247     -0.571
    5771      48.973    -17.500
    5772      48.247     -1.143
    5773      48.247     -1.714
    5774      48.247     -2.286
    5775      48.973    -18.000
    5776      48.247     -2.857
    5777      48.247     -3.429
    5778      48.247     -4.000
    5779      48.973    -18.500
    5780      48.247     -4.500
    5781      48.247     -5.000
    5782      48.247     -5.500
    5783      48.973    -19.000
    5784      48.247     -6.000
    5785      48.247     -6.500
    5786      48.973    -19.500
    5787      48.247     -7.000
    5788      48.247     -7.500
    5789      48.973    -20.000
    5790      48.247     -8.000
    5791      48.247     -8.500
    5792      48.973    -20.500
    5793      48.247     -9.000
    5794      48.247     -9.500
    5795      48.973    -21.000
    5796      48.247    -10.000
    5797      48.247    -10.500
    5798      48.973    -21.500
    5799      48.247    -11.000
    5800      48.973    -22.000
    5801      48.247    -11.500
    5802      48.247    -12.000
    5803      48.973    -22.500
    5804      48.247    -12.500
    5805      48.247    -13.000
    5806      48.973    -23.000
    5807      48.247    -13.500
    5808      48.973    -23.500
    5809      48.247    -14.000
    5810      48.247    -14.500
    5811      48.973    -24.000
    5812      48.247    -15.000
    5813      48.247    -15.500
    5814      48.247    -16.000
    5815      48.247    -16.500
    5816      47.530      4.000
    5817      47.530      3.429
    5818      47.530      2.857
    5819      47.530      2.286
    5820      47.530      1.714
    5821      48.247    -17.000
    5822      47.530      1.143
    5823      47.530      0.571
    5824      47.530      0.000
    5825      47.530     -0.571
    5826      47.530     -1.143
    5827      48.247    -17.500
    5828      47.530     -1.714
    5829      47.530     -2.286
    5830      47.530     -2.857
    5831      48.247    -18.000
    5832      47.530     -3.429
    5833      47.530     -4.000
    5834      47.530     -4.500
    5835      48.247    -18.500
    5836      47.530     -5.000
    5837      47.530     -5.500
    5838      48.247    -19.000
    5839      47.530     -6.000
    5840      47.530     -6.500
    5841      48.247    -19.500
    5842      47.530     -7.000
    5843      47.530     -7.500
    5844      48.247    -20.000
    5845      47.530     -8.000
    5846      47.530     -8.500
    5847      48.247    -20.500
    5848      47.530     -9.000
    5849      47.530     -9.500
    5850      48.247    -21.000
    5851      47.530    -10.000
    5852      47.530    -10.500
    5853      48.247    -21.500
    5854      47.530    -11.000
    5855      47.530    -11.500
    5856      48.247    -22.000
    5857      47.530    -12.000
    5858      48.247    -22.500
    5859      47.530    -12.500
    5860      47.530    -13.000
    5861      48.247    -23.000
    5862      47.530    -13.500
    5863      48.247    -23.500
    5864      47.530    -14.000
    5865      47.530    -14.500
    5866      48.247    -24.000
    5867      47.530    -15.000
    5868      47.530    -15.500
    5869      47.530    -16.000
    5870      47.530    -16.500
    5871      46.819      4.000
    5872      46.819      3.429
    5873      46.819      2.857
    5874      46.819      2.286
    5875      46.819      1.714
    5876      46.819      1.143
    5877      47.530    -17.000
    5878      46.819      0.571
    5879      46.819      0.000
    5880      46.819     -0.571
    5881      46.819     -1.143
    5882      47.530    -17.500
    5883      46.819     -1.714
    5884      46.819     -2.286
    5885      46.819     -2.857
    5886      47.530    -18.000
    5887      46.819     -3.429
    5888      46.819     -4.000
    5889      46.819     -4.500
    5890      47.530    -18.500
    5891      46.819     -5.000
    5892      46.819     -5.500
    5893      47.530    -19.000
    5894      46.819     -6.000
    5895      46.819     -6.500
    5896      46.819     -7.000
    5897      47.530    -19.500
    5898      46.819     -7.500
    5899      46.819     -8.000
    5900      47.530    -20.000
    5901      46.819     -8.500
    5902      46.819     -9.000
    5903      47.530    -20.500
    5904      46.819     -9.500
    5905      47.530    -21.000
    5906      46.819    -10.000
    5907      46.819    -10.500
    5908      47.530    -21.500
    5909      46.819    -11.000
    5910      46.819    -11.500
    5911      47.530    -22.000
    5912      46.819    -12.000
    5913      47.530    -22.500
    5914      46.819    -12.500
    5915      46.819    -13.000
    5916      47.530    -23.000
    5917      46.819    -13.500
    5918      46.819    -14.000
    5919      47.530    -23.500
    5920      46.819    -14.500
    5921      47.530    -24.000
    5922      46.819    -15.000
    5923      46.819    -15.500
    5924      46.819    -16.000
    5925      46.819    -16.500
    5926      46.116      4.000
    5927      46.116      3.429
    5928      46.116      2.857
    5929      46.116      2.286
    5930      46.116      1.714
    5931      46.116      1.143
    5932      46.116      0.571
    5933      46.819    -17.000
    5934      46.116      0.000
    5935      46.116     -0.571
    5936      46.116     -1.143
    5937      46.116     -1.714
    5938      46.819    -17.500
    5939      46.116     -2.286
    5940      46.116     -2.857
    5941      46.116     -3.429
    5942      46.819    -18.000
    5943      46.116     -4.000
    5944      46.116     -4.500
    5945      46.819    -18.500
    5946      46.116     -5.000
    5947      46.116     -5.500
    5948      46.116     -6.000
    5949      46.819    -19.000
    5950      46.116     -6.500
    5951      46.116     -7.000
    5952      46.819    -19.500
    5953      46.116     -7.500
    5954      46.116     -8.000
    5955      46.819    -20.000
    5956      46.116     -8.500
    5957      46.116     -9.000
    5958      46.819    -20.500
    5959      46.116     -9.500
    5960      46.116    -10.000
    5961      46.819    -21.000
    5962      46.116    -10.500
    5963      46.819    -21.500
    5964      46.116    -11.000
    5965      46.116    -11.500
    5966      46.819    -22.000
    5967      46.116    -12.000
    5968      46.116    -12.500
    5969      46.819    -22.500
    5970      46.116    -13.000
    5971      46.819    -23.000
    5972      46.116    -13.500
    5973      46.116    -14.000
    5974      46.819    -23.500
    5975      46.116    -14.500
    5976      46.819    -24.000
    5977      46.116    -15.000
    5978      46.116    -15.500
    5979      46.116    -16.000
    5980      46.116    -16.500
    5981      45.420      4.000
    5982      45.420      3.429
    5983      45.420      2.857
    5984      45.420      2.286
    5985      45.420      1.714
    5986      45.420      1.143
    5987      45.420      0.571
    5988      45.420      0.000
    5989      46.116    -17.000
    5990      45.420     -0.571
    5991      45.420     -1.143
    5992      45.420     -1.714
    5993      46.116    -17.500
    5994      45.420     -2.286
    5995      45.420     -2.857
    5996      45.420     -3.429
    5997      46.116    -18.000
    5998      45.420     -4.000
    5999      45.420     -4.500
    6000      45.420     -5.000
    6001      46.116    -18.500
    6002      45.420     -5.500
    6003      45.420     -6.000
    6004      46.116    -19.000
    6005      45.420     -6.500
    6006      45.420     -7.000
    6007      46.116    -19.500
    6008      45.420     -7.500
    6009      45.420     -8.000
    6010      46.116    -20.000
    6011      45.420     -8.500
    6012      45.420     -9.000
    6013      46.116    -20.500
    6014      45.420     -9.500
    6015      45.420    -10.000
    6016      46.116    -21.000
    6017      45.420    -10.500
    6018      45.420    -11.000
    6019      46.116    -21.500
    6020      45.420    -11.500
    6021      46.116    -22.000
    6022      45.420    -12.000
    6023      45.420    -12.500
    6024      46.116    -22.500
    6025      45.420    -13.000
    6026      46.116    -23.000
    6027      45.420    -13.500
    6028      45.420    -14.000
    6029      46.116    -23.500
    6030      45.420    -14.500
    6031      46.116    -24.000
    6032      45.420    -15.000
    6033      45.420    -15.500
    6034      45.420    -16.000
    6035      45.420    -16.500
    6036      44.731      4.000
    6037      44.731      3.429
    6038      44.731      2.857
    6039      44.731      2.286
    6040      44.731      1.714
    6041      44.731      1.143
    6042      44.731      0.571
    6043      44.731      0.000
    6044      45.420    -17.000
    6045      44.731     -0.571
    6046      44.731     -1.143
    6047      44.731     -1.714
    6048      44.731     -2.286
    6049      45.420    -17.500
    6050      44.731     -2.857
    6051      44.731     -3.429
    6052      45.420    -18.000
    6053      44.731     -4.000
    6054      44.731     -4.500
    6055      44.731     -5.000
    6056      45.420    -18.500
    6057      44.731     -5.500
    6058      44.731     -6.000
    6059      45.420    -19.000
    6060      44.731     -6.500
    6061      44.731     -7.000
    6062      45.420    -19.500
    6063      44.731     -7.500
    6064      44.731     -8.000
    6065      45.420    -20.000
    6066      44.731     -8.500
    6067      44.731     -9.000
    6068      45.420    -20.500
    6069      44.731     -9.500
    6070      44.731    -10.000
    6071      45.420    -21.000
    6072      44.731    -10.500
    6073      44.731    -11.000
    6074      45.420    -21.500
    6075      44.731    -11.500
    6076      45.420    -22.000
    6077      44.731    -12.000
    6078      44.731    -12.500
    6079      45.420    -22.500
    6080      44.731    -13.000
    6081      44.731    -13.500
    6082      45.420    -23.000
    6083      44.731    -14.000
    6084      45.420    -23.500
    6085      44.731    -14.500
    6086      44.731    -15.000
    6087      45.420    -24.000
    6088      44.731    -15.500
    6089      44.731    -16.000
    6090      44.048      4.000
    6091      44.048      3.429
    6092      44.048      2.857
    6093      44.048      2.286
    6094      44.731    -16.500
    6095      44.048      1.714
    6096      44.048      1.143
    6097      44.048      0.571
    6098      44.048      0.000
    6099      44.048     -0.571
    6100      44.731    -17.000
    6101      44.048     -1.143
    6102      44.048     -1.714
    6103      44.048     -2.286
    6104      44.731    -17.500
    6105      44.048     -2.857
    6106      44.048     -3.429
    6107      44.048     -4.000
    6108      44.731    -18.000
    6109      44.048     -4.500
    6110      44.048     -5.000
    6111      44.731    -18.500
    6112      44.048     -5.500
    6113      44.048     -6.000
    6114      44.048     -6.500
    6115      44.731    -19.000
    6116      44.048     -7.000
    6117      44.048     -7.500
    6118      44.731    -19.500
    6119      44.048     -8.000
    6120      44.048     -8.500
    6121      44.731    -20.000
    6122      44.048     -9.000
    6123      44.048     -9.500
    6124      44.731    -20.500
    6125      44.048    -10.000
    6126      44.731    -21.000
    6127      44.048    -10.500
    6128      44.048    -11.000
    6129      44.731    -21.500
    6130      44.048    -11.500
    6131      44.048    -12.000
    6132      44.731    -22.000
    6133      44.048    -12.500
    6134      44.731    -22.500
    6135      44.048    -13.000
    6136      44.048    -13.500
    6137      44.731    -23.000
    6138      44.048    -14.000
    6139      44.731    -23.500
    6140      44.048    -14.500
    6141      44.048    -15.000
    6142      44.731    -24.000
    6143      44.048    -15.500
    6144      44.048    -16.000
    6145      43.372      4.000
    6146      43.372      3.429
    6147      43.372      2.857
    6148      43.372      2.286
    6149      43.372      1.714
    6150      44.048    -16.500
    6151      43.372      1.143
    6152      43.372      0.571
    6153      43.372      0.000
    6154      43.372     -0.571
    6155      43.372     -1.143
    6156      44.048    -17.000
    6157      43.372     -1.714
    6158      43.372     -2.286
    6159      43.372     -2.857
    6160      44.048    -17.500
    6161      43.372     -3.429
    6162      43.372     -4.000
    6163      44.048    -18.000
    6164      43.372     -4.500
    6165      43.372     -5.000
    6166      43.372     -5.500
    6167      44.048    -18.500
    6168      43.372     -6.000
    6169      43.372     -6.500
    6170      44.048    -19.000
    6171      43.372     -7.000
    6172      43.372     -7.500
    6173      44.048    -19.500
    6174      43.372     -8.000
    6175      43.372     -8.500
    6176      44.048    -20.000
    6177      43.372     -9.000
    6178      43.372     -9.500
    6179      44.048    -20.500
    6180      43.372    -10.000
    6181      43.372    -10.500
    6182      44.048    -21.000
    6183      43.372    -11.000
    6184      44.048    -21.500
    6185      43.372    -11.500
    6186      43.372    -12.000
    6187      44.048    -22.000
    6188      43.372    -12.500
    6189      44.048    -22.500
    6190      43.372    -13.000
    6191      43.372    -13.500
    6192      44.048    -23.000
    6193      43.372    -14.000
    6194      44.048    -23.500
    6195      43.372    -14.500
    6196      43.372    -15.000
    6197      44.048    -24.000
    6198      43.372    -15.500
    6199      43.372    -16.000
    6200      42.702      4.000
    6201      42.702      3.429
    6202      42.702      2.857
    6203      42.702      2.286
    6204      42.702      1.714
    6205      42.702      1.143
    6206      43.372    -16.500
    6207      42.702      0.571
    6208      42.702      0.000
    6209      42.702     -0.571
    6210      42.702     -1.143
    6211      43.372    -17.000
    6212      42.702     -1.714
    6213      42.702     -2.286
    6214      42.702     -2.857
    6215      43.372    -17.500
    6216      42.702     -3.429
    6217      42.702     -4.000
    6218      42.702     -4.500
    6219      43.372    -18.000
    6220      42.702     -5.000
    6221      42.702     -5.500
    6222      43.372    -18.500
    6223      42.702     -6.000
    6224      42.702     -6.500
    6225      43.372    -19.000
    6226      42.702     -7.000
    6227      42.702     -7.500
    6228      43.372    -19.500
    6229      42.702     -8.000
    6230      42.702     -8.500
    6231      43.372    -20.000
    6232      42.702     -9.000
    6233      42.702     -9.500
    6234      43.372    -20.500
    6235      42.702    -10.000
    6236      42.702    -10.500
    6237      43.372    -21.000
    6238      42.702    -11.000
    6239      43.372    -21.500
    6240      42.702    -11.500
    6241      42.702    -12.000
    6242      43.372    -22.000
    6243      42.702    -12.500
    6244      42.702    -13.000
    6245      43.372    -22.500
    6246      42.702    -13.500
    6247      43.372    -23.000
    6248      42.702    -14.000
    6249      42.702    -14.500
    6250      43.372    -23.500
    6251      42.702    -15.000
    6252      43.372    -24.000
    6253      42.702    -15.500
    6254      42.702    -16.000
    6255      42.037      4.000
    6256      42.037      3.429
    6257      42.037      2.857
    6258      42.037      2.286
    6259      42.037      1.714
    6260      42.037      1.143
    6261      42.702    -16.500
    6262      42.037      0.571
    6263      42.037      0.000
    6264      42.037     -0.571
    6265      42.037     -1.143
    6266      42.702    -17.000
    6267      42.037     -1.714
    6268      42.037     -2.286
    6269      42.037     -2.857
    6270      42.702    -17.500
    6271      42.037     -3.429
    6272      42.037     -4.000
    6273      42.037     -4.500
    6274      42.702    -18.000
    6275      42.037     -5.000
    6276      42.037     -5.500
    6277      42.702    -18.500
    6278      42.037     -6.000
    6279      42.037     -6.500
    6280      42.702    -19.000
    6281      42.037     -7.000
    6282      42.037     -7.500
    6283      42.702    -19.500
    6284      42.037     -8.000
    6285      42.037     -8.500
    6286      42.702    -20.000
    6287      42.037     -9.000
    6288      42.037     -9.500
    6289      42.702    -20.500
    6290      42.037    -10.000
    6291      42.037    -10.500
    6292      42.702    -21.000
    6293      42.037    -11.000
    6294      42.037    -11.500
    6295      42.702    -21.500
    6296      42.037    -12.000
    6297      42.702    -22.000
    6298      42.037    -12.500
    6299      42.037    -13.000
    6300      42.702    -22.500
    6301      42.037    -13.500
    6302      42.702    -23.000
    6303      42.037    -14.000
    6304      42.037    -14.500
    6305      42.702    -23.500
    6306      42.037    -15.000
    6307      42.702    -24.000
    6308      42.037    -15.500
    6309      42.037    -16.000
    6310      41.379      4.000
    6311      41.379      3.429
    6312      41.379      2.857
    6313      41.379      2.286
    6314      41.379      1.714
    6315      41.379      1.143
    6316      41.379      0.571
    6317      42.037    -16.500
    6318      41.379      0.000
    6319      41.379     -0.571
    6320      41.379     -1.143
    6321      41.379     -1.714
    6322      42.037    -17.000
    6323      41.379     -2.286
    6324      41.379     -2.857
    6325      41.379     -3.429
    6326      42.037    -17.500
    6327      41.379     -4.000
    6328      41.379     -4.500
    6329      42.037    -18.000
    6330      41.379     -5.000
    6331      41.379     -5.500
    6332      41.379     -6.000
    6333      42.037    -18.500
    6334      41.379     -6.500
    6335      41.379     -7.000
    6336      42.037    -19.000
    6337      41.379     -7.500
    6338      41.379     -8.000
    6339      42.037    -19.500
    6340      41.379     -8.500
    6341      41.379     -9.000
    6342      42.037    -20.000
    6343      41.379     -9.500
    6344      42.037    -20.500
    6345      41.379    -10.000
    6346      41.379    -10.500
    6347      42.037    -21.000
    6348      41.379    -11.000
    6349      41.379    -11.500
    6350      42.037    -21.500
    6351      41.379    -12.000
    6352      42.037    -22.000
    6353      41.379    -12.500
    6354      41.379    -13.000
    6355      42.037    -22.500
    6356      41.379    -13.500
    6357      42.037    -23.000
    6358      41.379    -14.000
    6359      41.379    -14.500
    6360      42.037    -23.500
    6361      41.379    -15.000
    6362      42.037    -24.000
    6363      41.379    -15.500
    6364      41.379    -16.000
    6365      40.725      4.000
    6366      40.725      3.429
    6367      40.725      2.857
    6368      40.725      2.286
    6369      40.725      1.714
    6370      40.725      1.143
    6371      40.725      0.571
    6372      40.725      0.000
    6373      41.379    -16.500
    6374      40.725     -0.571
    6375      40.725     -1.143
    6376      40.725     -1.714
    6377      41.379    -17.000
    6378      40.725     -2.286
    6379      40.725     -2.857
    6380      40.725     -3.429
    6381      41.379    -17.500
    6382      40.725     -4.000
    6383      40.725     -4.500
    6384      41.379    -18.000
    6385      40.725     -5.000
    6386      40.725     -5.500
    6387      40.725     -6.000
    6388      41.379    -18.500
    6389      40.725     -6.500
    6390      40.725     -7.000
    6391      41.379    -19.000
    6392      40.725     -7.500
    6393      40.725     -8.000
    6394      41.379    -19.500
    6395      40.725     -8.500
    6396      40.725     -9.000
    6397      41.379    -20.000
    6398      40.725     -9.500
    6399      40.725    -10.000
    6400      41.379    -20.500
    6401      40.725    -10.500
    6402      41.379    -21.000
    6403      40.725    -11.000
    6404      40.725    -11.500
    6405      41.379    -21.500
    6406      40.725    -12.000
    6407      40.725    -12.500
    6408      41.379    -22.000
    6409      40.725    -13.000
    6410      41.379    -22.500
    6411      40.725    -13.500
    6412      40.725    -14.000
    6413      41.379    -23.000
    6414      40.725    -14.500
    6415      41.379    -23.500
    6416      40.725    -15.000
    6417      40.725    -15.500
    6418      41.379    -24.000
    6419      40.725    -16.000
    6420      40.077      4.000
    6421      40.077      3.429
    6422      40.077      2.857
    6423      40.077      2.286
    6424      40.077      1.714
    6425      40.077      1.143
    6426      40.077      0.571
    6427      40.077      0.000
    6428      40.725    -16.500
    6429      40.077     -0.571
    6430      40.077     -1.143
    6431      40.077     -1.714
    6432      40.077     -2.286
    6433      40.725    -17.000
    6434      40.077     -2.857
    6435      40.077     -3.429
    6436      40.725    -17.500
    6437      40.077     -4.000
    6438      40.077     -4.500
    6439      40.077     -5.000
    6440      40.725    -18.000
    6441      40.077     -5.500
    6442      40.077     -6.000
    6443      40.725    -18.500
    6444      40.077     -6.500
    6445      40.077     -7.000
    6446      40.725    -19.000
    6447      40.077     -7.500
    6448      40.077     -8.000
    6449      40.725    -19.500
    6450      40.077     -8.500
    6451      40.077     -9.000
    6452      40.725    -20.000
    6453      40.077     -9.500
    6454      40.077    -10.000
    6455      40.725    -20.500
    6456      40.077    -10.500
    6457      40.725    -21.000
    6458      40.077    -11.000
    6459      40.077    -11.500
    6460      40.725    -21.500
    6461      40.077    -12.000
    6462      40.077    -12.500
    6463      40.725    -22.000
    6464      40.077    -13.000
    6465      40.725    -22.500
    6466      40.077    -13.500
    6467      40.077    -14.000
    6468      40.725    -23.000
    6469      40.077    -14.500
    6470      40.725    -23.500
    6471      40.077    -15.000
    6472      40.077    -15.500
    6473      40.725    -24.000
    6474      39.434      4.000
    6475      39.434      3.429
    6476      40.077    -16.000
    6477      39.434      2.857
    6478      39.434      2.286
    6479      39.434      1.714
    6480      39.434      1.143
    6481      39.434      0.571
    6482      39.434      0.000
    6483      39.434     -0.571
    6484      40.077    -16.500
    6485      39.434     -1.143
    6486      39.434     -1.714
    6487      39.434     -2.286
    6488      40.077    -17.000
    6489      39.434     -2.857
    6490      39.434     -3.429
    6491      40.077    -17.500
    6492      39.434     -4.000
    6493      39.434     -4.500
    6494      39.434     -5.000
    6495      40.077    -18.000
    6496      39.434     -5.500
    6497      39.434     -6.000
    6498      40.077    -18.500
    6499      39.434     -6.500
    6500      39.434     -7.000
    6501      40.077    -19.000
    6502      39.434     -7.500
    6503      39.434     -8.000
    6504      40.077    -19.500
    6505      39.434     -8.500
    6506      39.434     -9.000
    6507      40.077    -20.000
    6508      39.434     -9.500
    6509      39.434    -10.000
    6510      40.077    -20.500
    6511      39.434    -10.500
    6512      39.434    -11.000
    6513      40.077    -21.000
    6514      39.434    -11.500
    6515      40.077    -21.500
    6516      39.434    -12.000
    6517      39.434    -12.500
    6518      40.077    -22.000
    6519      39.434    -13.000
    6520      40.077    -22.500
    6521      39.434    -13.500
    6522      39.434    -14.000
    6523      40.077    -23.000
    6524      39.434    -14.500
    6525      40.077    -23.500
    6526      39.434    -15.000
    6527      39.434    -15.500
    6528      40.077    -24.000
    6529      38.797      4.000
    6530      38.797      3.429
    6531      38.797      2.857
    6532      38.797      2.286
    6533      39.434    -16.000
    6534      38.797      1.714
    6535      38.797      1.143
    6536      38.797      0.571
    6537      38.797      0.000
    6538      38.797     -0.571
    6539      39.434    -16.500
    6540      38.797     -1.143
    6541      38.797     -1.714
    6542      38.797     -2.286
    6543      39.434    -17.000
    6544      38.797     -2.857
    6545      38.797     -3.429
    6546      38.797     -4.000
    6547      39.434    -17.500
    6548      38.797     -4.500
    6549      38.797     -5.000
    6550      39.434    -18.000
    6551      38.797     -5.500
    6552      38.797     -6.000
    6553      39.434    -18.500
    6554      38.797     -6.500
    6555      38.797     -7.000
    6556      38.797     -7.500
    6557      39.434    -19.000
    6558      38.797     -8.000
    6559      39.434    -19.500
    6560      38.797     -8.500
    6561      38.797     -9.000
    6562      39.434    -20.000
    6563      38.797     -9.500
    6564      38.797    -10.000
    6565      39.434    -20.500
    6566      38.797    -10.500
    6567      38.797    -11.000
    6568      39.434    -21.000
    6569      38.797    -11.500
    6570      39.434    -21.500
    6571      38.797    -12.000
    6572      38.797    -12.500
    6573      39.434    -22.000
    6574      38.797    -13.000
    6575      39.434    -22.500
    6576      38.797    -13.500
    6577      38.797    -14.000
    6578      39.434    -23.000
    6579      38.797    -14.500
    6580      39.434    -23.500
    6581      38.797    -15.000
    6582      38.797    -15.500
    6583      39.434    -24.000
    6584      38.163      4.000
    6585      38.163      3.429
    6586      38.163      2.857
    6587      38.163      2.286
    6588      38.163      1.714
    6589      38.797    -16.000
    6590      38.163      1.143
    6591      38.163      0.571
    6592      38.163      0.000
    6593      38.163     -0.571
    6594      38.797    -16.500
    6595      38.163     -1.143
    6596      38.163     -1.714
    6597      38.163     -2.286
    6598      38.797    -17.000
    6599      38.163     -2.857
    6600      38.163     -3.429
    6601      38.163     -4.000
    6602      38.797    -17.500
    6603      38.163     -4.500
    6604      38.163     -5.000
    6605      38.797    -18.000
    6606      38.163     -5.500
    6607      38.163     -6.000
    6608      38.163     -6.500
    6609      38.797    -18.500
    6610      38.163     -7.000
    6611      38.163     -7.500
    6612      38.797    -19.000
    6613      38.163     -8.000
    6614      38.163     -8.500
    6615      38.797    -19.500
    6616      38.163     -9.000
    6617      38.797    -20.000
    6618      38.163     -9.500
    6619      38.163    -10.000
    6620      38.797    -20.500
    6621      38.163    -10.500
    6622      38.163    -11.000
    6623      38.797    -21.000
    6624      38.163    -11.500
    6625      38.797    -21.500
    6626      38.163    -12.000
    6627      38.163    -12.500
    6628      38.797    -22.000
    6629      38.163    -13.000
    6630      38.163    -13.500
    6631      38.797    -22.500
    6632      38.163    -14.000
    6633      38.797    -23.000
    6634      38.163    -14.500
    6635      38.163    -15.000
    6636      38.797    -23.500
    6637      38.163    -15.500
    6638      38.797    -24.000
    6639      37.535      4.000
    6640      37.535      3.429
    6641      37.535      2.857
    6642      37.535      2.286
    6643      37.535      1.714
    6644      38.163    -16.000
    6645      37.535      1.143
    6646      37.535      0.571
    6647      37.535      0.000
    6648      37.535     -0.571
    6649      37.535     -1.143
    6650      38.163    -16.500
    6651      37.535     -1.714
    6652      37.535     -2.286
    6653      37.535     -2.857
    6654      38.163    -17.000
    6655      37.535     -3.429
    6656      37.535     -4.000
    6657      38.163    -17.500
    6658      37.535     -4.500
    6659      37.535     -5.000
    6660      37.535     -5.500
    6661      38.163    -18.000
    6662      37.535     -6.000
    6663      37.535     -6.500
    6664      38.163    -18.500
    6665      37.535     -7.000
    6666      37.535     -7.500
    6667      38.163    -19.000
    6668      37.535     -8.000
    6669      37.535     -8.500
    6670      38.163    -19.500
    6671      37.535     -9.000
    6672      37.535     -9.500
    6673      38.163    -20.000
    6674      37.535    -10.000
    6675      38.163    -20.500
    6676      37.535    -10.500
    6677      37.535    -11.000
    6678      38.163    -21.000
    6679      37.535    -11.500
    6680      37.535    -12.000
    6681      38.163    -21.500
    6682      37.535    -12.500
    6683      38.163    -22.000
    6684      37.535    -13.000
    6685      37.535    -13.500
    6686      38.163    -22.500
    6687      37.535    -14.000
    6688      38.163    -23.000
    6689      37.535    -14.500
    6690      37.535    -15.000
    6691      38.163    -23.500
    6692      37.535    -15.500
    6693      36.910      4.000
    6694      36.910      3.429
    6695      38.163    -24.000
    6696      36.910      2.857
    6697      36.910      2.286
    6698      36.910      1.714
    6699      36.910      1.143
    6700      37.535    -16.000
    6701      36.910      0.571
    6702      36.910      0.000
    6703      36.910     -0.571
    6704      36.910     -1.143
    6705      37.535    -16.500
    6706      36.910     -1.714
    6707      36.910     -2.286
    6708      36.910     -2.857
    6709      37.535    -17.000
    6710      36.910     -3.429
    6711      36.910     -4.000
    6712      37.535    -17.500
    6713      36.910     -4.500
    6714      36.910     -5.000
    6715      36.910     -5.500
    6716      37.535    -18.000
    6717      36.910     -6.000
    6718      36.910     -6.500
    6719      37.535    -18.500
    6720      36.910     -7.000
    6721      36.910     -7.500
    6722      37.535    -19.000
    6723      36.910     -8.000
    6724      36.910     -8.500
    6725      37.535    -19.500
    6726      36.910     -9.000
    6727      36.910     -9.500
    6728      37.535    -20.000
    6729      36.910    -10.000
    6730      37.535    -20.500
    6731      36.910    -10.500
    6732      36.910    -11.000
    6733      37.535    -21.000
    6734      36.910    -11.500
    6735      36.910    -12.000
    6736      37.535    -21.500
    6737      36.910    -12.500
    6738      37.535    -22.000
    6739      36.910    -13.000
    6740      36.910    -13.500
    6741      37.535    -22.500
    6742      36.910    -14.000
    6743      37.535    -23.000
    6744      36.910    -14.500
    6745      36.910    -15.000
    6746      37.535    -23.500
    6747      36.910    -15.500
    6748      36.290      4.000
    6749      36.290      3.429
    6750      36.290      2.857
    6751      36.290      2.286
    6752      37.535    -24.000
    6753      36.290      1.714
    6754      36.290      1.143
    6755      36.910    -16.000
    6756      36.290      0.571
    6757      36.290      0.000
    6758      36.290     -0.571
    6759      36.290     -1.143
    6760      36.910    -16.500
    6761      36.290     -1.714
    6762      36.290     -2.286
    6763      36.290     -2.857
    6764      36.910    -17.000
    6765      36.290     -3.429
    6766      36.290     -4.000
    6767      36.290     -4.500
    6768      36.910    -17.500
    6769      36.290     -5.000
    6770      36.290     -5.500
    6771      36.910    -18.000
    6772      36.290     -6.000
    6773      36.290     -6.500
    6774      36.910    -18.500
    6775      36.290     -7.000
    6776      36.290     -7.500
    6777      36.910    -19.000
    6778      36.290     -8.000
    6779      36.290     -8.500
    6780      36.910    -19.500
    6781      36.290     -9.000
    6782      36.290     -9.500
    6783      36.910    -20.000
    6784      36.290    -10.000
    6785      36.290    -10.500
    6786      36.910    -20.500
    6787      36.290    -11.000
    6788      36.910    -21.000
    6789      36.290    -11.500
    6790      36.290    -12.000
    6791      36.910    -21.500
    6792      36.290    -12.500
    6793      36.910    -22.000
    6794      36.290    -13.000
    6795      36.290    -13.500
    6796      36.910    -22.500
    6797      36.290    -14.000
    6798      36.910    -23.000
    6799      36.290    -14.500
    6800      36.290    -15.000
    6801      36.910    -23.500
    6802      36.290    -15.500
    6803      35.674      4.000
    6804      35.674      3.429
    6805      35.674      2.857
    6806      35.674      2.286
    6807      35.674      1.714
    6808      35.674      1.143
    6809      36.910    -24.000
    6810      35.674      0.571
    6811      36.290    -16.000
    6812      35.674      0.000
    6813      35.674     -0.571
    6814      35.674     -1.143
    6815      35.674     -1.714
    6816      36.290    -16.500
    6817      35.674     -2.286
    6818      35.674     -2.857
    6819      36.290    -17.000
    6820      35.674     -3.429
    6821      35.674     -4.000
    6822      35.674     -4.500
    6823      36.290    -17.500
    6824      35.674     -5.000
    6825      35.674     -5.500
    6826      36.290    -18.000
    6827      35.674     -6.000
    6828      35.674     -6.500
    6829      36.290    -18.500
    6830      35.674     -7.000
    6831      35.674     -7.500
    6832      36.290    -19.000
    6833      35.674     -8.000
    6834      35.674     -8.500
    6835      36.290    -19.500
    6836      35.674     -9.000
    6837      35.674     -9.500
    6838      36.290    -20.000
    6839      35.674    -10.000
    6840      35.674    -10.500
    6841      36.290    -20.500
    6842      35.674    -11.000
    6843      36.290    -21.000
    6844      35.674    -11.500
    6845      35.674    -12.000
    6846      36.290    -21.500
    6847      35.674    -12.500
    6848      35.674    -13.000
    6849      36.290    -22.000
    6850      35.674    -13.500
    6851      36.290    -22.500
    6852      35.674    -14.000
    6853      36.290    -23.000
    6854      35.674    -14.500
    6855      35.674    -15.000
    6856      36.290    -23.500
    6857      35.674    -15.500
    6858      35.062      4.000
    6859      35.062      3.429
    6860      35.062      2.857
    6861      35.062      2.286
    6862      35.062      1.714
    6863      35.062      1.143
    6864      35.062      0.571
    6865      36.290    -24.000
    6866      35.674    -16.000
    6867      35.062      0.000
    6868      35.062     -0.571
    6869      35.062     -1.143
    6870      35.062     -1.714
    6871      35.674    -16.500
    6872      35.062     -2.286
    6873      35.062     -2.857
    6874      35.062     -3.429
    6875      35.674    -17.000
    6876      35.062     -4.000
    6877      35.062     -4.500
    6878      35.674    -17.500
    6879      35.062     -5.000
    6880      35.062     -5.500
    6881      35.674    -18.000
    6882      35.062     -6.000
    6883      35.062     -6.500
    6884      35.062     -7.000
    6885      35.674    -18.500
    6886      35.062     -7.500
    6887      35.674    -19.000
    6888      35.062     -8.000
    6889      35.062     -8.500
    6890      35.674    -19.500
    6891      35.062     -9.000
    6892      35.062     -9.500
    6893      35.674    -20.000
    6894      35.062    -10.000
    6895      35.062    -10.500
    6896      35.674    -20.500
    6897      35.062    -11.000
    6898      35.674    -21.000
    6899      35.062    -11.500
    6900      35.062    -12.000
    6901      35.674    -21.500
    6902      35.062    -12.500
    6903      35.062    -13.000
    6904      35.674    -22.000
    6905      35.062    -13.500
    6906      35.674    -22.500
    6907      35.062    -14.000
    6908      35.062    -14.500
    6909      35.674    -23.000
    6910      35.062    -15.000
    6911      35.674    -23.500
    6912      35.062    -15.500
    6913      34.453      4.000
    6914      34.453      3.429
    6915      34.453      2.857
    6916      34.453      2.286
    6917      34.453      1.714
    6918      34.453      1.143
    6919      34.453      0.571
    6920      35.674    -24.000
    6921      34.453      0.000
    6922      35.062    -16.000
    6923      34.453     -0.571
    6924      34.453     -1.143
    6925      34.453     -1.714
    6926      35.062    -16.500
    6927      34.453     -2.286
    6928      34.453     -2.857
    6929      34.453     -3.429
    6930      35.062    -17.000
    6931      34.453     -4.000
    6932      34.453     -4.500
    6933      35.062    -17.500
    6934      34.453     -5.000
    6935      34.453     -5.500
    6936      34.453     -6.000
    6937      35.062    -18.000
    6938      34.453     -6.500
    6939      34.453     -7.000
    6940      35.062    -18.500
    6941      34.453     -7.500
    6942      34.453     -8.000
    6943      35.062    -19.000
    6944      34.453     -8.500
    6945      35.062    -19.500
    6946      34.453     -9.000
    6947      34.453     -9.500
    6948      35.062    -20.000
    6949      34.453    -10.000
    6950      34.453    -10.500
    6951      35.062    -20.500
    6952      34.453    -11.000
    6953      34.453    -11.500
    6954      35.062    -21.000
    6955      34.453    -12.000
    6956      35.062    -21.500
    6957      34.453    -12.500
    6958      34.453    -13.000
    6959      35.062    -22.000
    6960      34.453    -13.500
    6961      35.062    -22.500
    6962      34.453    -14.000
    6963      34.453    -14.500
    6964      35.062    -23.000
    6965      34.453    -15.000
    6966      35.062    -23.500
    6967      34.453    -15.500
    6968      33.848      4.000
    6969      33.848      3.429
    6970      33.848      2.857
    6971      33.848      2.286
    6972      33.848      1.714
    6973      33.848      1.143
    6974      33.848      0.571
    6975      33.848      0.000
    6976      34.453    -16.000
    6977      35.062    -24.000
    6978      33.848     -0.571
    6979      33.848     -1.143
    6980      33.848     -1.714
    6981      34.453    -16.500
    6982      33.848     -2.286
    6983      33.848     -2.857
    6984      33.848     -3.429
    6985      34.453    -17.000
    6986      33.848     -4.000
    6987      33.848     -4.500
    6988      34.453    -17.500
    6989      33.848     -5.000
    6990      33.848     -5.500
    6991      33.848     -6.000
    6992      34.453    -18.000
    6993      33.848     -6.500
    6994      33.848     -7.000
    6995      34.453    -18.500
    6996      33.848     -7.500
    6997      33.848     -8.000
    6998      34.453    -19.000
    6999      33.848     -8.500
    7000      33.848     -9.000
    7001      34.453    -19.500
    7002      33.848     -9.500
    7003      34.453    -20.000
    7004      33.848    -10.000
    7005      33.848    -10.500
    7006      34.453    -20.500
    7007      33.848    -11.000
    7008      33.848    -11.500
    7009      34.453    -21.000
    7010      33.848    -12.000
    7011      34.453    -21.500
    7012      33.848    -12.500
    7013      33.848    -13.000
    7014      34.453    -22.000
    7015      33.848    -13.500
    7016      34.453    -22.500
    7017      33.848    -14.000
    7018      33.848    -14.500
    7019      34.453    -23.000
    7020      33.848    -15.000
    7021      34.453    -23.500
    7022      33.848    -15.500
    7023      33.247      4.000
    7024      33.247      3.429
    7025      33.247      2.857
    7026      33.247      2.286
    7027      33.247      1.714
    7028      33.247      1.143
    7029      33.247      0.571
    7030      33.247      0.000
    7031      33.848    -16.000
    7032      33.247     -0.571
    7033      34.453    -24.000
    7034      33.247     -1.143
    7035      33.247     -1.714
    7036      33.848    -16.500
    7037      33.247     -2.286
    7038      33.247     -2.857
    7039      33.247     -3.429
    7040      33.848    -17.000
    7041      33.247     -4.000
    7042      33.247     -4.500
    7043      33.247     -5.000
    7044      33.848    -17.500
    7045      33.247     -5.500
    7046      33.247     -6.000
    7047      33.848    -18.000
    7048      33.247     -6.500
    7049      33.247     -7.000
    7050      33.848    -18.500
    7051      33.247     -7.500
    7052      33.247     -8.000
    7053      33.848    -19.000
    7054      33.247     -8.500
    7055      33.247     -9.000
    7056      33.848    -19.500
    7057      33.247     -9.500
    7058      33.848    -20.000
    7059      33.247    -10.000
    7060      33.247    -10.500
    7061      33.848    -20.500
    7062      33.247    -11.000
    7063      33.247    -11.500
    7064      33.848    -21.000
    7065      33.247    -12.000
    7066      33.848    -21.500
    7067      33.247    -12.500
    7068      33.247    -13.000
    7069      33.848    -22.000
    7070      33.247    -13.500
    7071      33.848    -22.500
    7072      33.247    -14.000
    7073      33.247    -14.500
    7074      33.848    -23.000
    7075      33.247    -15.000
    7076      33.848    -23.500
    7077      32.648      4.000
    7078      32.648      3.429
    7079      33.247    -15.500
    7080      32.648      2.857
    7081      32.648      2.286
    7082      32.648      1.714
    7083      32.648      1.143
    7084      32.648      0.571
    7085      32.648      0.000
    7086      33.247    -16.000
    7087      32.648     -0.571
    7088      33.848    -24.000
    7089      32.648     -1.143
    7090      32.648     -1.714
    7091      32.648     -2.286
    7092      33.247    -16.500
    7093      32.648     -2.857
    7094      32.648     -3.429
    7095      33.247    -17.000
    7096      32.648     -4.000
    7097      32.648     -4.500
    7098      32.648     -5.000
    7099      33.247    -17.500
    7100      32.648     -5.500
    7101      32.648     -6.000
    7102      33.247    -18.000
    7103      32.648     -6.500
    7104      32.648     -7.000
    7105      33.247    -18.500
    7106      32.648     -7.500
    7107      32.648     -8.000
    7108      33.247    -19.000
    7109      32.648     -8.500
    7110      32.648     -9.000
    7111      33.247    -19.500
    7112      32.648     -9.500
    7113      32.648    -10.000
    7114      33.247    -20.000
    7115      32.648    -10.500
    7116      33.247    -20.500
    7117      32.648    -11.000
    7118      32.648    -11.500
    7119      33.247    -21.000
    7120      32.648    -12.000
    7121      33.247    -21.500
    7122      32.648    -12.500
    7123      32.648    -13.000
    7124      33.247    -22.000
    7125      32.648    -13.500
    7126      33.247    -22.500
    7127      32.648    -14.000
    7128      32.648    -14.500
    7129      33.247    -23.000
    7130      32.648    -15.000
    7131      33.247    -23.500
    7132      32.053      4.000
    7133      32.053      3.429
    7134      32.053      2.857
    7135      32.648    -15.500
    7136      32.053      2.286
    7137      32.053      1.714
    7138      32.053      1.143
    7139      32.053      0.571
    7140      32.053      0.000
    7141      32.053     -0.571
    7142      32.648    -16.000
    7143      33.247    -24.000
    7144      32.053     -1.143
    7145      32.053     -1.714
    7146      32.053     -2.286
    7147      32.648    -16.500
    7148      32.053     -2.857
    7149      32.053     -3.429
    7150      32.648    -17.000
    7151      32.053     -4.000
    7152      32.053     -4.500
    7153      32.053     -5.000
    7154      32.648    -17.500
    7155      32.053     -5.500
    7156      32.053     -6.000
    7157      32.648    -18.000
    7158      32.053     -6.500
    7159      32.053     -7.000
    7160      32.648    -18.500
    7161      32.053     -7.500
    7162      32.053     -8.000
    7163      32.648    -19.000
    7164      32.053     -8.500
    7165      32.053     -9.000
    7166      32.648    -19.500
    7167      32.053     -9.500
    7168      32.053    -10.000
    7169      32.648    -20.000
    7170      32.053    -10.500
    7171      32.648    -20.500
    7172      32.053    -11.000
    7173      32.053    -11.500
    7174      32.648    -21.000
    7175      32.053    -12.000
    7176      32.648    -21.500
    7177      32.053    -12.500
    7178      32.053    -13.000
    7179      32.648    -22.000
    7180      32.053    -13.500
    7181      32.053    -14.000
    7182      32.648    -22.500
    7183      32.053    -14.500
    7184      32.648    -23.000
    7185      32.053    -15.000
    7186      31.461      4.000
    7187      31.461      3.429
    7188      32.648    -23.500
    7189      31.461      2.857
    7190      31.461      2.286
    7191      32.053    -15.500
    7192      31.461      1.714
    7193      31.461      1.143
    7194      31.461      0.571
    7195      31.461      0.000
    7196      31.461     -0.571
    7197      32.053    -16.000
    7198      31.461     -1.143
    7199      32.648    -24.000
    7200      31.461     -1.714
    7201      31.461     -2.286
    7202      32.053    -16.500
    7203      31.461     -2.857
    7204      31.461     -3.429
    7205      32.053    -17.000
    7206      31.461     -4.000
    7207      31.461     -4.500
    7208      31.461     -5.000
    7209      32.053    -17.500
    7210      31.461     -5.500
    7211      31.461     -6.000
    7212      32.053    -18.000
    7213      31.461     -6.500
    7214      31.461     -7.000
    7215      32.053    -18.500
    7216      31.461     -7.500
    7217      31.461     -8.000
    7218      32.053    -19.000
    7219      31.461     -8.500
    7220      31.461     -9.000
    7221      32.053    -19.500
    7222      31.461     -9.500
    7223      31.461    -10.000
    7224      32.053    -20.000
    7225      31.461    -10.500
    7226      32.053    -20.500
    7227      31.461    -11.000
    7228      31.461    -11.500
    7229      32.053    -21.000
    7230      31.461    -12.000
    7231      31.461    -12.500
    7232      32.053    -21.500
    7233      31.461    -13.000
    7234      32.053    -22.000
    7235      31.461    -13.500
    7236      31.461    -14.000
    7237      32.053    -22.500
    7238      31.461    -14.500
    7239      32.053    -23.000
    7240      31.461    -15.000
    7241      30.871      4.000
    7242      30.871      3.429
    7243      30.871      2.857
    7244      30.871      2.286
    7245      32.053    -23.500
    7246      31.461    -15.500
    7247      30.871      1.714
    7248      30.871      1.143
    7249      30.871      0.571
    7250      30.871      0.000
    7251      30.871     -0.571
    7252      31.461    -16.000
    7253      30.871     -1.143
    7254      32.053    -24.000
    7255      30.871     -1.714
    7256      30.871     -2.286
    7257      31.461    -16.500
    7258      30.871     -2.857
    7259      30.871     -3.429
    7260      30.871     -4.000
    7261      31.461    -17.000
    7262      30.871     -4.500
    7263      30.871     -5.000
    7264      31.461    -17.500
    7265      30.871     -5.500
    7266      30.871     -6.000
    7267      31.461    -18.000
    7268      30.871     -6.500
    7269      30.871     -7.000
    7270      31.461    -18.500
    7271      30.871     -7.500
    7272      30.871     -8.000
    7273      31.461    -19.000
    7274      30.871     -8.500
    7275      30.871     -9.000
    7276      31.461    -19.500
    7277      30.871     -9.500
    7278      30.871    -10.000
    7279      31.461    -20.000
    7280      30.871    -10.500
    7281      31.461    -20.500
    7282      30.871    -11.000
    7283      30.871    -11.500
    7284      31.461    -21.000
    7285      30.871    -12.000
    7286      30.871    -12.500
    7287      31.461    -21.500
    7288      30.871    -13.000
    7289      31.461    -22.000
    7290      30.871    -13.500
    7291      30.871    -14.000
    7292      31.461    -22.500
    7293      30.871    -14.500
    7294      31.461    -23.000
    7295      30.871    -15.000
    7296      30.284      4.000
    7297      30.284      3.429
    7298      30.284      2.857
    7299      30.284      2.286
    7300      31.461    -23.500
    7301      30.871    -15.500
    7302      30.284      1.714
    7303      30.284      1.143
    7304      30.284      0.571
    7305      30.284      0.000
    7306      30.284     -0.571
    7307      30.871    -16.000
    7308      30.284     -1.143
    7309      30.284     -1.714
    7310      31.461    -24.000
    7311      30.284     -2.286
    7312      30.871    -16.500
    7313      30.284     -2.857
    7314      30.284     -3.429
    7315      30.284     -4.000
    7316      30.871    -17.000
    7317      30.284     -4.500
    7318      30.284     -5.000
    7319      30.871    -17.500
    7320      30.284     -5.500
    7321      30.284     -6.000
    7322      30.871    -18.000
    7323      30.284     -6.500
    7324      30.284     -7.000
    7325      30.871    -18.500
    7326      30.284     -7.500
    7327      30.284     -8.000
    7328      30.871    -19.000
    7329      30.284     -8.500
    7330      30.284     -9.000
    7331      30.871    -19.500
    7332      30.284     -9.500
    7333      30.284    -10.000
    7334      30.871    -20.000
    7335      30.284    -10.500
    7336      30.284    -11.000
    7337      30.871    -20.500
    7338      30.284    -11.500
    7339      30.871    -21.000
    7340      30.284    -12.000
    7341      30.284    -12.500
    7342      30.871    -21.500
    7343      30.284    -13.000
    7344      30.871    -22.000
    7345      30.284    -13.500
    7346      30.284    -14.000
    7347      30.871    -22.500
    7348      30.284    -14.500
    7349      30.871    -23.000
    7350      30.284    -15.000
    7351      29.699      4.000
    7352      29.699      3.429
    7353      29.699      2.857
    7354      29.699      2.286
    7355      29.699      1.714
    7356      30.284    -15.500
    7357      30.871    -23.500
    7358      29.699      1.143
    7359      29.699      0.571
    7360      29.699     -0.000
    7361      29.699     -0.571
    7362      30.284    -16.000
    7363      29.699     -1.143
    7364      29.699     -1.714
    7365      30.871    -24.000
    7366      29.699     -2.286
    7367      30.284    -16.500
    7368      29.699     -2.857
    7369      29.699     -3.429
    7370      29.699     -4.000
    7371      30.284    -17.000
    7372      29.699     -4.500
    7373      29.699     -5.000
    7374      30.284    -17.500
    7375      29.699     -5.500
    7376      29.699     -6.000
    7377      30.284    -18.000
    7378      29.699     -6.500
    7379      29.699     -7.000
    7380      30.284    -18.500
    7381      29.699     -7.500
    7382      29.699     -8.000
    7383      30.284    -19.000
    7384      29.699     -8.500
    7385      29.699     -9.000
    7386      30.284    -19.500
    7387      29.699     -9.500
    7388      29.699    -10.000
    7389      30.284    -20.000
    7390      29.699    -10.500
    7391      29.699    -11.000
    7392      30.284    -20.500
    7393      29.699    -11.500
    7394      30.284    -21.000
    7395      29.699    -12.000
    7396      29.699    -12.500
    7397      30.284    -21.500
    7398      29.699    -13.000
    7399      30.284    -22.000
    7400      29.699    -13.500
    7401      29.699    -14.000
    7402      30.284    -22.500
    7403      29.699    -14.500
    7404      30.284    -23.000
    7405      29.699    -15.000
    7406      29.117      4.000
    7407      29.117      3.429
    7408      29.117      2.857
    7409      29.117      2.286
    7410      29.117      1.714
    7411      29.699    -15.500
    7412      29.117      1.143
    7413      30.284    -23.500
    7414      29.117      0.571
    7415      29.117      0.000
    7416      29.117     -0.571
    7417      29.117     -1.143
    7418      29.699    -16.000
    7419      29.117     -1.714
    7420      30.284    -24.000
    7421      29.117     -2.286
    7422      29.699    -16.500
    7423      29.117     -2.857
    7424      29.117     -3.429
    7425      29.117     -4.000
    7426      29.699    -17.000
    7427      29.117     -4.500
    7428      29.117     -5.000
    7429      29.699    -17.500
    7430      29.117     -5.500
    7431      29.117     -6.000
    7432      29.117     -6.500
    7433      29.699    -18.000
    7434      29.117     -7.000
    7435      29.117     -7.500
    7436      29.699    -18.500
    7437      29.117     -8.000
    7438      29.699    -19.000
    7439      29.117     -8.500
    7440      29.117     -9.000
    7441      29.699    -19.500
    7442      29.117     -9.500
    7443      29.117    -10.000
    7444      29.699    -20.000
    7445      29.117    -10.500
    7446      29.117    -11.000
    7447      29.699    -20.500
    7448      29.117    -11.500
    7449      29.699    -21.000
    7450      29.117    -12.000
    7451      29.117    -12.500
    7452      29.699    -21.500
    7453      29.117    -13.000
    7454      29.699    -22.000
    7455      29.117    -13.500
    7456      29.117    -14.000
    7457      29.699    -22.500
    7458      29.117    -14.500
    7459      29.699    -23.000
    7460      29.117    -15.000
    7461      28.537      4.000
    7462      28.537      3.429
    7463      28.537      2.857
    7464      28.537      2.286
    7465      28.537      1.714
    7466      29.117    -15.500
    7467      28.537      1.143
    7468      29.699    -23.500
    7469      28.537      0.571
    7470      28.537      0.000
    7471      28.537     -0.571
    7472      28.537     -1.143
    7473      29.117    -16.000
    7474      28.537     -1.714
    7475      29.699    -24.000
    7476      28.537     -2.286
    7477      28.537     -2.857
    7478      29.117    -16.500
    7479      28.537     -3.429
    7480      28.537     -4.000
    7481      29.117    -17.000
    7482      28.537     -4.500
    7483      28.537     -5.000
    7484      29.117    -17.500
    7485      28.537     -5.500
    7486      28.537     -6.000
    7487      28.537     -6.500
    7488      29.117    -18.000
    7489      28.537     -7.000
    7490      28.537     -7.500
    7491      29.117    -18.500
    7492      28.537     -8.000
    7493      28.537     -8.500
    7494      29.117    -19.000
    7495      28.537     -9.000
    7496      29.117    -19.500
    7497      28.537     -9.500
    7498      28.537    -10.000
    7499      29.117    -20.000
    7500      28.537    -10.500
    7501      28.537    -11.000
    7502      29.117    -20.500
    7503      28.537    -11.500
    7504      29.117    -21.000
    7505      28.537    -12.000
    7506      28.537    -12.500
    7507      29.117    -21.500
    7508      28.537    -13.000
    7509      29.117    -22.000
    7510      28.537    -13.500
    7511      28.537    -14.000
    7512      29.117    -22.500
    7513      28.537    -14.500
    7514      29.117    -23.000
    7515      28.537    -15.000
    7516      27.959      4.000
    7517      27.959      3.429
    7518      27.959      2.857
    7519      27.959      2.286
    7520      27.959      1.714
    7521      27.959      1.143
    7522      28.537    -15.500
    7523      29.117    -23.500
    7524      27.959      0.571
    7525      27.959      0.000
    7526      27.959     -0.571
    7527      27.959     -1.143
    7528      28.537    -16.000
    7529      27.959     -1.714
    7530      29.117    -24.000
    7531      27.959     -2.286
    7532      27.959     -2.857
    7533      28.537    -16.500
    7534      27.959     -3.429
    7535      27.959     -4.000
    7536      28.537    -17.000
    7537      27.959     -4.500
    7538      27.959     -5.000
    7539      28.537    -17.500
    7540      27.959     -5.500
    7541      27.959     -6.000
    7542      27.959     -6.500
    7543      28.537    -18.000
    7544      27.959     -7.000
    7545      27.959     -7.500
    7546      28.537    -18.500
    7547      27.959     -8.000
    7548      27.959     -8.500
    7549      28.537    -19.000
    7550      27.959     -9.000
    7551      28.537    -19.500
    7552      27.959     -9.500
    7553      27.959    -10.000
    7554      28.537    -20.000
    7555      27.959    -10.500
    7556      27.959    -11.000
    7557      28.537    -20.500
    7558      27.959    -11.500
    7559      28.537    -21.000
    7560      27.959    -12.000
    7561      27.959    -12.500
    7562      28.537    -21.500
    7563      27.959    -13.000
    7564      28.537    -22.000
    7565      27.959    -13.500
    7566      27.959    -14.000
    7567      28.537    -22.500
    7568      27.959    -14.500
    7569      28.537    -23.000
    7570      27.959    -15.000
    7571      27.382      4.000
    7572      27.382      3.429
    7573      27.382      2.857
    7574      27.382      2.286
    7575      27.382      1.714
    7576      27.382      1.143
    7577      27.959    -15.500
    7578      27.382      0.571
    7579      28.537    -23.500
    7580      27.382      0.000
    7581      27.382     -0.571
    7582      27.382     -1.143
    7583      27.959    -16.000
    7584      27.382     -1.714
    7585      27.382     -2.286
    7586      28.537    -24.000
    7587      27.382     -2.857
    7588      27.959    -16.500
    7589      27.382     -3.429
    7590      27.382     -4.000
    7591      27.959    -17.000
    7592      27.382     -4.500
    7593      27.382     -5.000
    7594      27.382     -5.500
    7595      27.959    -17.500
    7596      27.382     -6.000
    7597      27.382     -6.500
    7598      27.959    -18.000
    7599      27.382     -7.000
    7600      27.382     -7.500
    7601      27.959    -18.500
    7602      27.382     -8.000
    7603      27.382     -8.500
    7604      27.959    -19.000
    7605      27.382     -9.000
    7606      27.959    -19.500
    7607      27.382     -9.500
    7608      27.382    -10.000
    7609      27.959    -20.000
    7610      27.382    -10.500
    7611      27.382    -11.000
    7612      27.959    -20.500
    7613      27.382    -11.500
    7614      27.959    -21.000
    7615      27.382    -12.000
    7616      27.382    -12.500
    7617      27.959    -21.500
    7618      27.382    -13.000
    7619      27.959    -22.000
    7620      27.382    -13.500
    7621      27.382    -14.000
    7622      27.959    -22.500
    7623      27.382    -14.500
    7624      27.959    -23.000
    7625      27.382    -15.000
    7626      26.808      4.000
    7627      26.808      3.429
    7628      26.808      2.857
    7629      26.808      2.286
    7630      26.808      1.714
    7631      26.808      1.143
    7632      27.382    -15.500
    7633      26.808      0.571
    7634      27.959    -23.500
    7635      26.808      0.000
    7636      26.808     -0.571
    7637      26.808     -1.143
    7638      27.382    -16.000
    7639      26.808     -1.714
    7640      26.808     -2.286
    7641      27.959    -24.000
    7642      26.808     -2.857
    7643      27.382    -16.500
    7644      26.808     -3.429
    7645      26.808     -4.000
    7646      27.382    -17.000
    7647      26.808     -4.500
    7648      26.808     -5.000
    7649      26.808     -5.500
    7650      27.382    -17.500
    7651      26.808     -6.000
    7652      26.808     -6.500
    7653      27.382    -18.000
    7654      26.808     -7.000
    7655      26.808     -7.500
    7656      27.382    -18.500
    7657      26.808     -8.000
    7658      26.808     -8.500
    7659      27.382    -19.000
    7660      26.808     -9.000
    7661      27.382    -19.500
    7662      26.808     -9.500
    7663      26.808    -10.000
    7664      27.382    -20.000
    7665      26.808    -10.500
    7666      26.808    -11.000
    7667      27.382    -20.500
    7668      26.808    -11.500
    7669      27.382    -21.000
    7670      26.808    -12.000
    7671      26.808    -12.500
    7672      27.382    -21.500
    7673      26.808    -13.000
    7674      27.382    -22.000
    7675      26.808    -13.500
    7676      26.808    -14.000
    7677      27.382    -22.500
    7678      26.808    -14.500
    7679      27.382    -23.000
    7680      26.808    -15.000
    7681      26.235      4.000
    7682      26.235      3.429
    7683      26.235      2.857
    7684      26.235      2.286
    7685      26.235      1.714
    7686      26.235      1.143
    7687      26.808    -15.500
    7688      26.235      0.571
    7689      27.382    -23.500
    7690      26.235      0.000
    7691      26.235     -0.571
    7692      26.235     -1.143
    7693      26.808    -16.000
    7694      26.235     -1.714
    7695      26.235     -2.286
    7696      27.382    -24.000
    7697      26.235     -2.857
    7698      26.808    -16.500
    7699      26.235     -3.429
    7700      26.235     -4.000
    7701      26.808    -17.000
    7702      26.235     -4.500
    7703      26.235     -5.000
    7704      26.235     -5.500
    7705      26.808    -17.500
    7706      26.235     -6.000
    7707      26.235     -6.500
    7708      26.808    -18.000
    7709      26.235     -7.000
    7710      26.235     -7.500
    7711      26.808    -18.500
    7712      26.235     -8.000
    7713      26.235     -8.500
    7714      26.808    -19.000
    7715      26.235     -9.000
    7716      26.808    -19.500
    7717      26.235     -9.500
    7718      26.235    -10.000
    7719      26.808    -20.000
    7720      26.235    -10.500
    7721      26.235    -11.000
    7722      26.808    -20.500
    7723      26.235    -11.500
    7724      26.808    -21.000
    7725      26.235    -12.000
    7726      26.235    -12.500
    7727      26.808    -21.500
    7728      26.235    -13.000
    7729      26.808    -22.000
    7730      26.235    -13.500
    7731      26.235    -14.000
    7732      26.808    -22.500
    7733      26.235    -14.500
    7734      26.808    -23.000
    7735      26.235    -15.000
    7736      25.663      4.000
    7737      25.663      3.429
    7738      25.663      2.857
    7739      25.663      2.286
    7740      25.663      1.714
    7741      25.663      1.143
    7742      26.235    -15.500
    7743      25.663      0.571
    7744      26.808    -23.500
    7745      25.663      0.000
    7746      25.663     -0.571
    7747      25.663     -1.143
    7748      26.235    -16.000
    7749      25.663     -1.714
    7750      25.663     -2.286
    7751      26.808    -24.000
    7752      25.663     -2.857
    7753      26.235    -16.500
    7754      25.663     -3.429
    7755      25.663     -4.000
    7756      26.235    -17.000
    7757      25.663     -4.500
    7758      25.663     -5.000
    7759      25.663     -5.500
    7760      26.235    -17.500
    7761      25.663     -6.000
    7762      25.663     -6.500
    7763      26.235    -18.000
    7764      25.663     -7.000
    7765      25.663     -7.500
    7766      26.235    -18.500
    7767      25.663     -8.000
    7768      25.663     -8.500
    7769      26.235    -19.000
    7770      25.663     -9.000
    7771      26.235    -19.500
    7772      25.663     -9.500
    7773      25.663    -10.000
    7774      26.235    -20.000
    7775      25.663    -10.500
    7776      25.663    -11.000
    7777      26.235    -20.500
    7778      25.663    -11.500
    7779      26.235    -21.000
    7780      25.663    -12.000
    7781      25.663    -12.500
    7782      26.235    -21.500
    7783      25.663    -13.000
    7784      26.235    -22.000
    7785      25.663    -13.500
    7786      25.663    -14.000
    7787      26.235    -22.500
    7788      25.663    -14.500
    7789      26.235    -23.000
    7790      25.663    -15.000
    7791      25.093      4.000
    7792      25.093      3.429
    7793      25.093      2.857
    7794      25.093      2.286
    7795      25.093      1.714
    7796      25.093      1.143
    7797      25.663    -15.500
    7798      25.093      0.571
    7799      26.235    -23.500
    7800      25.093      0.000
    7801      25.093     -0.571
    7802      25.093     -1.143
    7803      25.663    -16.000
    7804      25.093     -1.714
    7805      25.093     -2.286
    7806      26.235    -24.000
    7807      25.093     -2.857
    7808      25.663    -16.500
    7809      25.093     -3.429
    7810      25.093     -4.000
    7811      25.663    -17.000
    7812      25.093     -4.500
    7813      25.093     -5.000
    7814      25.093     -5.500
    7815      25.663    -17.500
    7816      25.093     -6.000
    7817      25.093     -6.500
    7818      25.663    -18.000
    7819      25.093     -7.000
    7820      25.093     -7.500
    7821      25.663    -18.500
    7822      25.093     -8.000
    7823      25.093     -8.500
    7824      25.663    -19.000
    7825      25.093     -9.000
    7826      25.663    -19.500
    7827      25.093     -9.500
    7828      25.093    -10.000
    7829      25.663    -20.000
    7830      25.093    -10.500
    7831      25.093    -11.000
    7832      25.663    -20.500
    7833      25.093    -11.500
    7834      25.663    -21.000
    7835      25.093    -12.000
    7836      25.093    -12.500
    7837      25.663    -21.500
    7838      25.093    -13.000
    7839      25.663    -22.000
    7840      25.093    -13.500
    7841      25.093    -14.000
    7842      25.663    -22.500
    7843      25.093    -14.500
    7844      25.663    -23.000
    7845      25.093    -15.000
    7846      24.524      4.000
    7847      24.524      3.429
    7848      24.524      2.857
    7849      24.524      2.286
    7850      24.524      1.714
    7851      24.524      1.143
    7852      25.093    -15.500
    7853      24.524      0.571
    7854      24.524      0.000
    7855      25.663    -23.500
    7856      24.524     -0.571
    7857      24.524     -1.143
    7858      25.093    -16.000
    7859      24.524     -1.714
    7860      24.524     -2.286
    7861      25.663    -24.000
    7862      24.524     -2.857
    7863      25.093    -16.500
    7864      24.524     -3.429
    7865      24.524     -4.000
    7866      25.093    -17.000
    7867      24.524     -4.500
    7868      24.524     -5.000
    7869      24.524     -5.500
    7870      25.093    -17.500
    7871      24.524     -6.000
    7872      24.524     -6.500
    7873      25.093    -18.000
    7874      24.524     -7.000
    7875      24.524     -7.500
    7876      25.093    -18.500
    7877      24.524     -8.000
    7878      24.524     -8.500
    7879      25.093    -19.000
    7880      24.524     -9.000
    7881      25.093    -19.500
    7882      24.524     -9.500
    7883      24.524    -10.000
    7884      25.093    -20.000
    7885      24.524    -10.500
    7886      24.524    -11.000
    7887      25.093    -20.500
    7888      24.524    -11.500
    7889      25.093    -21.000
    7890      24.524    -12.000
    7891      24.524    -12.500
    7892      25.093    -21.500
    7893      24.524    -13.000
    7894      25.093    -22.000
    7895      24.524    -13.500
    7896      24.524    -14.000
    7897      25.093    -22.500
    7898      24.524    -14.500
    7899      25.093    -23.000
    7900      24.524    -15.000
    7901      23.957      4.000
    7902      23.957      3.429
    7903      23.957      2.857
    7904      23.957      2.286
    7905      23.957      1.714
    7906      23.957      1.143
    7907      24.524    -15.500
    7908      23.957      0.571
    7909      23.957      0.000
    7910      25.093    -23.500
    7911      23.957     -0.571
    7912      23.957     -1.143
    7913      24.524    -16.000
    7914      23.957     -1.714
    7915      23.957     -2.286
    7916      25.093    -24.000
    7917      23.957     -2.857
    7918      24.524    -16.500
    7919      23.957     -3.429
    7920      23.957     -4.000
    7921      24.524    -17.000
    7922      23.957     -4.500
    7923      23.957     -5.000
    7924      23.957     -5.500
    7925      24.524    -17.500
    7926      23.957     -6.000
    7927      23.957     -6.500
    7928      24.524    -18.000
    7929      23.957     -7.000
    7930      23.957     -7.500
    7931      24.524    -18.500
    7932      23.957     -8.000
    7933      23.957     -8.500
    7934      24.524    -19.000
    7935      23.957     -9.000
    7936      23.957     -9.500
    7937      24.524    -19.500
    7938      23.957    -10.000
    7939      24.524    -20.000
    7940      23.957    -10.500
    7941      23.957    -11.000
    7942      24.524    -20.500
    7943      23.957    -11.500
    7944      24.524    -21.000
    7945      23.957    -12.000
    7946      23.957    -12.500
    7947      24.524    -21.500
    7948      23.957    -13.000
    7949      24.524    -22.000
    7950      23.957    -13.500
    7951      23.957    -14.000
    7952      24.524    -22.500
    7953      23.957    -14.500
    7954      24.524    -23.000
    7955      23.957    -15.000
    7956      23.390      4.000
    7957      23.390      3.429
    7958      23.390      2.857
    7959      23.390      2.286
    7960      23.390      1.714
    7961      23.390      1.143
    7962      23.957    -15.500
    7963      23.390      0.571
    7964      23.390     -0.000
    7965      24.524    -23.500
    7966      23.390     -0.571
    7967      23.390     -1.143
    7968      23.957    -16.000
    7969      23.390     -1.714
    7970      23.390     -2.286
    7971      24.524    -24.000
    7972      23.390     -2.857
    7973      23.957    -16.500
    7974      23.390     -3.429
    7975      23.390     -4.000
    7976      23.957    -17.000
    7977      23.390     -4.500
    7978      23.390     -5.000
    7979      23.390     -5.500
    7980      23.957    -17.500
    7981      23.390     -6.000
    7982      23.390     -6.500
    7983      23.957    -18.000
    7984      23.390     -7.000
    7985      23.390     -7.500
    7986      23.957    -18.500
    7987      23.390     -8.000
    7988      23.390     -8.500
    7989      23.957    -19.000
    7990      23.390     -9.000
    7991      23.957    -19.500
    7992      23.390     -9.500
    7993      23.390    -10.000
    7994      23.957    -20.000
    7995      23.390    -10.500
    7996      23.390    -11.000
    7997      23.957    -20.500
    7998      23.390    -11.500
    7999      23.957    -21.000
    8000      23.390    -12.000
    8001      23.390    -12.500
    8002      23.957    -21.500
    8003      23.390    -13.000
    8004      23.957    -22.000
    8005      23.390    -13.500
    8006      23.390    -14.000
    8007      23.957    -22.500
    8008      23.390    -14.500
    8009      23.957    -23.000
    8010      23.390    -15.000
    8011      22.823      4.000
    8012      22.823      3.429
    8013      22.823      2.857
    8014      22.823      2.286
    8015      22.823      1.714
    8016      22.823      1.143
    8017      23.390    -15.500
    8018      22.823      0.571
    8019      22.823      0.000
    8020      23.957    -23.500
    8021      22.823     -0.571
    8022      22.823     -1.143
    8023      23.390    -16.000
    8024      22.823     -1.714
    8025      22.823     -2.286
    8026      23.957    -24.000
    8027      22.823     -2.857
    8028      23.390    -16.500
    8029      22.823     -3.429
    8030      22.823     -4.000
    8031      23.390    -17.000
    8032      22.823     -4.500
    8033      22.823     -5.000
    8034      22.823     -5.500
    8035      23.390    -17.500
    8036      22.823     -6.000
    8037      22.823     -6.500
    8038      23.390    -18.000
    8039      22.823     -7.000
    8040      22.823     -7.500
    8041      23.390    -18.500
    8042      22.823     -8.000
    8043      22.823     -8.500
    8044      23.390    -19.000
    8045      22.823     -9.000
    8046      23.390    -19.500
    8047      22.823     -9.500
    8048      22.823    -10.000
    8049      23.390    -20.000
    8050      22.823    -10.500
    8051      22.823    -11.000
    8052      23.390    -20.500
    8053      22.823    -11.500
    8054      23.390    -21.000
    8055      22.823    -12.000
    8056      22.823    -12.500
    8057      23.390    -21.500
    8058      22.823    -13.000
    8059      23.390    -22.000
    8060      22.823    -13.500
    8061      22.823    -14.000
    8062      23.390    -22.500
    8063      22.823    -14.500
    8064      23.390    -23.000
    8065      22.823    -15.000
    8066      22.258      4.000
    8067      22.258      3.429
    8068      22.258      2.857
    8069      22.258      2.286
    8070      22.258      1.714
    8071      22.258      1.143
    8072      22.823    -15.500
    8073      22.258      0.571
    8074      23.390    -23.500
    8075      22.258     -0.000
    8076      22.258     -0.571
    8077      22.258     -1.143
    8078      22.823    -16.000
    8079      22.258     -1.714
    8080      22.258     -2.286
    8081      23.390    -24.000
    8082      22.258     -2.857
    8083      22.823    -16.500
    8084      22.258     -3.429
    8085      22.258     -4.000
    8086      22.823    -17.000
    8087      22.258     -4.500
    8088      22.258     -5.000
    8089      22.258     -5.500
    8090      22.823    -17.500
    8091      22.258     -6.000
    8092      22.258     -6.500
    8093      22.823    -18.000
    8094      22.258     -7.000
    8095      22.258     -7.500
    8096      22.823    -18.500
    8097      22.258     -8.000
    8098      22.258     -8.500
    8099      22.823    -19.000
    8100      22.258     -9.000
    8101      22.823    -19.500
    8102      22.258     -9.500
    8103      22.258    -10.000
    8104      22.823    -20.000
    8105      22.258    -10.500
    8106      22.258    -11.000
    8107      22.823    -20.500
    8108      22.258    -11.500
    8109      22.823    -21.000
    8110      22.258    -12.000
    8111      22.258    -12.500
    8112      22.823    -21.500
    8113      22.258    -13.000
    8114      22.823    -22.000
    8115      22.258    -13.500
    8116      22.258    -14.000
    8117      22.823    -22.500
    8118      22.258    -14.500
    8119      22.823    -23.000
    8120      22.258    -15.000
    8121      21.693      4.000
    8122      21.693      3.429
    8123      21.693      2.857
    8124      21.693      2.286
    8125      21.693      1.714
    8126      21.693      1.143
    8127      22.258    -15.500
    8128      21.693      0.571
    8129      22.823    -23.500
    8130      21.693      0.000
    8131      21.693     -0.571
    8132      21.693     -1.143
    8133      22.258    -16.000
    8134      21.693     -1.714
    8135      21.693     -2.286
    8136      22.823    -24.000
    8137      21.693     -2.857
    8138      22.258    -16.500
    8139      21.693     -3.429
    8140      21.693     -4.000
    8141      22.258    -17.000
    8142      21.693     -4.500
    8143      21.693     -5.000
    8144      21.693     -5.500
    8145      22.258    -17.500
    8146      21.693     -6.000
    8147      21.693     -6.500
    8148      22.258    -18.000
    8149      21.693     -7.000
    8150      21.693     -7.500
    8151      22.258    -18.500
    8152      21.693     -8.000
    8153      21.693     -8.500
    8154      22.258    -19.000
    8155      21.693     -9.000
    8156      22.258    -19.500
    8157      21.693     -9.500
    8158      21.693    -10.000
    8159      22.258    -20.000
    8160      21.693    -10.500
    8161      21.693    -11.000
    8162      22.258    -20.500
    8163      21.693    -11.500
    8164      22.258    -21.000
    8165      21.693    -12.000
    8166      21.693    -12.500
    8167      22.258    -21.500
    8168      21.693    -13.000
    8169      22.258    -22.000
    8170      21.693    -13.500
    8171      21.693    -14.000
    8172      22.258    -22.500
    8173      21.693    -14.500
    8174      22.258    -23.000
    8175      21.693    -15.000
    8176      21.128      4.000
    8177      21.128      3.429
    8178      21.128      2.857
    8179      21.128      2.286
    8180      21.128      1.714
    8181      21.128      1.143
    8182      21.693    -15.500
    8183      21.128      0.571
    8184      22.258    -23.500
    8185      21.128      0.000
    8186      21.128     -0.571
    8187      21.128     -1.143
    8188      21.693    -16.000
    8189      21.128     -1.714
    8190      21.128     -2.286
    8191      22.258    -24.000
    8192      21.128     -2.857
    8193      21.693    -16.500
    8194      21.128     -3.429
    8195      21.128     -4.000
    8196      21.693    -17.000
    8197      21.128     -4.500
    8198      21.128     -5.000
    8199      21.128     -5.500
    8200      21.693    -17.500
    8201      21.128     -6.000
    8202      21.128     -6.500
    8203      21.693    -18.000
    8204      21.128     -7.000
    8205      21.128     -7.500
    8206      21.693    -18.500
    8207      21.128     -8.000
    8208      21.128     -8.500
    8209      21.693    -19.000
    8210      21.128     -9.000
    8211      21.693    -19.500
    8212      21.128     -9.500
    8213      21.128    -10.000
    8214      21.693    -20.000
    8215      21.128    -10.500
    8216      21.128    -11.000
    8217      21.693    -20.500
    8218      21.128    -11.500
    8219      21.693    -21.000
    8220      21.128    -12.000
    8221      21.128    -12.500
    8222      21.693    -21.500
    8223      21.128    -13.000
    8224      21.693    -22.000
    8225      21.128    -13.500
    8226      21.128    -14.000
    8227      21.693    -22.500
    8228      21.128    -14.500
    8229      21.693    -23.000
    8230      21.128    -15.000
    8231      20.564      4.000
    8232      20.564      3.429
    8233      20.564      2.857
    8234      20.564      2.286
    8235      20.564      1.714
    8236      20.564      1.143
    8237      21.128    -15.500
    8238      20.564      0.571
    8239      21.693    -23.500
    8240      20.564      0.000
    8241      20.564     -0.571
    8242      20.564     -1.143
    8243      21.128    -16.000
    8244      20.564     -1.714
    8245      20.564     -2.286
    8246      21.693    -24.000
    8247      20.564     -2.857
    8248      21.128    -16.500
    8249      20.564     -3.429
    8250      20.564     -4.000
    8251      21.128    -17.000
    8252      20.564     -4.500
    8253      20.564     -5.000
    8254      20.564     -5.500
    8255      21.128    -17.500
    8256      20.564     -6.000
    8257      20.564     -6.500
    8258      21.128    -18.000
    8259      20.564     -7.000
    8260      20.564     -7.500
    8261      21.128    -18.500
    8262      20.564     -8.000
    8263      20.564     -8.500
    8264      21.128    -19.000
    8265      20.564     -9.000
    8266      21.128    -19.500
    8267      20.564     -9.500
    8268      20.564    -10.000
    8269      21.128    -20.000
    8270      20.564    -10.500
    8271      20.564    -11.000
    8272      21.128    -20.500
    8273      20.564    -11.500
    8274      21.128    -21.000
    8275      20.564    -12.000
    8276      20.564    -12.500
    8277      21.128    -21.500
    8278      20.564    -13.000
    8279      21.128    -22.000
    8280      20.564    -13.500
    8281      20.564    -14.000
    8282      21.128    -22.500
    8283      20.564    -14.500
    8284      21.128    -23.000
    8285      20.564    -15.000
    8286      20.000      4.000
    8287      20.000      3.429
    8288      20.000      2.857
    8289      20.000      2.286
    8290      20.000      1.714
    8291      20.000      1.143
    8292      20.564    -15.500
    8293      20.000      0.571
    8294      21.128    -23.500
    8295      20.000      0.000
    8296      20.000     -0.571
    8297      20.000     -1.143
    8298      20.564    -16.000
    8299      20.000     -1.714
    8300      20.000     -2.286
    8301      21.128    -24.000
    8302      20.000     -2.857
    8303      20.564    -16.500
    8304      20.000     -3.429
    8305      20.000     -4.000
    8306      20.564    -17.000
    8307      20.000     -4.500
    8308      20.000     -5.000
    8309      20.564    -17.500
    8310      20.000     -5.500
    8311      20.000     -6.000
    8312      20.000     -6.500
    8313      20.564    -18.000
    8314      20.000     -7.000
    8315      20.000     -7.500
    8316      20.564    -18.500
    8317      20.000     -8.000
    8318      20.000     -8.500
    8319      20.564    -19.000
    8320      20.000     -9.000
    8321      20.564    -19.500
    8322      20.000     -9.500
    8323      20.000    -10.000
    8324      20.564    -20.000
    8325      20.000    -10.500
    8326      20.000    -11.000
    8327      20.564    -20.500
    8328      20.000    -11.500
    8329      20.564    -21.000
    8330      20.000    -12.000
    8331      20.000    -12.500
    8332      20.564    -21.500
    8333      20.000    -13.000
    8334      20.564    -22.000
    8335      20.000    -13.500
    8336      20.000    -14.000
    8337      20.564    -22.500
    8338      19.500      3.900
    8339      19.500      3.330
    8340      19.500      2.763
    8341      19.500      2.198
    8342      19.500      1.635
    8343      19.500      1.072
    8344      20.000    -14.500
    8345      19.500      0.511
    8346      19.500     -0.050
    8347      19.500     -0.611
    8348      20.564    -23.000
    8349      19.500     -1.172
    8350      20.000    -15.000
    8351      19.500     -1.735
    8352      19.500     -2.298
    8353      19.500     -2.863
    8354      20.000    -15.500
    8355      20.564    -23.500
    8356      19.500     -3.430
    8357      19.500     -4.000
    8358      20.000    -16.000
    8359      19.500     -4.500
    8360      19.500     -5.000
    8361      20.564    -24.000
    8362      20.000    -16.500
    8363      19.500     -5.500
    8364      19.500     -6.000
    8365      19.500     -6.500
    8366      20.000    -17.000
    8367      19.500     -7.000
    8368      20.000    -17.500
    8369      19.500     -7.500
    8370      19.500     -8.000
    8371      20.000    -18.000
    8372      19.500     -8.500
    8373      19.500     -9.000
    8374      20.000    -18.500
    8375      19.500     -9.500
    8376      19.500    -10.000
    8377      20.000    -19.000
    8378      19.500    -10.500
    8379      20.000    -19.500
    8380      19.500    -11.000
    8381      19.500    -11.500
    8382      20.000    -20.000
    8383      19.500    -12.000
    8384      20.000    -20.500
    8385      19.500    -12.500
    8386      19.500    -13.000
    8387      20.000    -21.000
    8388      19.500    -13.500
    8389      20.000    -21.500
    8390      19.500    -14.000
    8391      19.000      3.800
    8392      19.000      3.233
    8393      19.000      2.671
    8394      19.000      2.112
    8395      19.000      1.556
    8396      19.000      1.003
    8397      19.500    -14.500
    8398      19.000      0.451
    8399      20.000    -22.000
    8400      19.000     -0.100
    8401      19.000     -0.651
    8402      19.000     -1.203
    8403      19.500    -15.000
    8404      19.000     -1.756
    8405      19.000     -2.312
    8406      20.000    -22.500
    8407      19.000     -2.871
    8408      19.500    -15.500
    8409      19.000     -3.433
    8410      19.000     -4.000
    8411      20.000    -23.000
    8412      19.500    -16.000
    8413      19.000     -4.500
    8414      19.000     -5.000
    8415      19.500    -16.500
    8416      19.000     -5.500
    8417      20.000    -23.500
    8418      19.000     -6.000
    8419      19.000     -6.500
    8420      19.500    -17.000
    8421      19.000     -7.000
    8422      20.000    -24.000
    8423      19.500    -17.500
    8424      19.000     -7.500
    8425      19.000     -8.000
    8426      19.500    -18.000
    8427      19.000     -8.500
    8428      19.000     -9.000
    8429      19.500    -18.500
    8430      19.000     -9.500
    8431      19.000    -10.000
    8432      19.500    -19.000
    8433      19.000    -10.500
    8434      19.500    -19.500
    8435      19.000    -11.000
    8436      19.000    -11.500
    8437      19.500    -20.000
    8438      19.000    -12.000
    8439      19.500    -20.500
    8440      19.000    -12.500
    8441      19.000    -13.000
    8442      19.500    -21.000
    8443      19.000    -13.500
    8444      19.500    -21.500
    8445      19.000    -14.000
    8446      18.500      3.700
    8447      18.500      3.137
    8448      18.500      2.579
    8449      18.500      2.027
    8450      18.500      1.479
    8451      18.500      0.935
    8452      19.000    -14.500
    8453      18.500      0.392
    8454      19.500    -22.000
    8455      18.500     -0.150
    8456      18.500     -0.692
    8457      18.500     -1.235
    8458      19.000    -15.000
    8459      18.500     -1.779
    8460      18.500     -2.327
    8461      19.500    -22.500
    8462      18.500     -2.879
    8463      19.000    -15.500
    8464      18.500     -3.437
    8465      18.500     -4.000
    8466      19.500    -23.000
    8467      19.000    -16.000
    8468      18.500     -4.500
    8469      18.500     -5.000
    8470      19.000    -16.500
    8471      18.500     -5.500
    8472      19.500    -23.500
    8473      18.500     -6.000
    8474      19.000    -17.000
    8475      18.500     -6.500
    8476      18.500     -7.000
    8477      19.500    -24.000
    8478      19.000    -17.500
    8479      18.500     -7.500
    8480      18.500     -8.000
    8481      19.000    -18.000
    8482      18.500     -8.500
    8483      18.500     -9.000
    8484      19.000    -18.500
    8485      18.500     -9.500
    8486      18.500    -10.000
    8487      19.000    -19.000
    8488      18.500    -10.500
    8489      19.000    -19.500
    8490      18.500    -11.000
    8491      18.500    -11.500
    8492      19.000    -20.000
    8493      18.500    -12.000
    8494      19.000    -20.500
    8495      18.500    -12.500
    8496      18.500    -13.000
    8497      19.000    -21.000
    8498      18.500    -13.500
    8499      19.000    -21.500
    8500      18.500    -14.000
    8501      18.000      3.600
    8502      18.000      3.041
    8503      18.000      2.489
    8504      18.000      1.944
    8505      18.000      1.403
    8506      18.000      0.867
    8507      18.500    -14.500
    8508      19.000    -22.000
    8509      18.000      0.333
    8510      18.000     -0.200
    8511      18.000     -0.733
    8512      18.000     -1.267
    8513      18.500    -15.000
    8514      18.000     -1.803
    8515      19.000    -22.500
    8516      18.000     -2.344
    8517      18.000     -2.889
    8518      18.500    -15.500
    8519      18.000     -3.441
    8520      18.000     -4.000
    8521      19.000    -23.000
    8522      18.500    -16.000
    8523      18.000     -4.500
    8524      18.000     -5.000
    8525      18.500    -16.500
    8526      18.000     -5.500
    8527      19.000    -23.500
    8528      18.000     -6.000
    8529      18.500    -17.000
    8530      18.000     -6.500
    8531      19.000    -24.000
    8532      18.000     -7.000
    8533      18.500    -17.500
    8534      18.000     -7.500
    8535      18.000     -8.000
    8536      18.500    -18.000
    8537      18.000     -8.500
    8538      18.000     -9.000
    8539      18.500    -18.500
    8540      18.000     -9.500
    8541      18.000    -10.000
    8542      18.500    -19.000
    8543      18.000    -10.500
    8544      18.500    -19.500
    8545      18.000    -11.000
    8546      18.000    -11.500
    8547      18.500    -20.000
    8548      18.000    -12.000
    8549      18.500    -20.500
    8550      18.000    -12.500
    8551      18.000    -13.000
    8552      18.500    -21.000
    8553      18.000    -13.500
    8554      18.500    -21.500
    8555      18.000    -14.000
    8556      17.500      3.500
    8557      17.500      2.946
    8558      17.500      2.400
    8559      17.500      1.861
    8560      17.500      1.328
    8561      18.000    -14.500
    8562      17.500      0.800
    8563      18.500    -22.000
    8564      17.500      0.274
    8565      17.500     -0.250
    8566      17.500     -0.774
    8567      17.500     -1.300
    8568      18.000    -15.000
    8569      17.500     -1.828
    8570      18.500    -22.500
    8571      17.500     -2.361
    8572      17.500     -2.900
    8573      18.000    -15.500
    8574      17.500     -3.446
    8575      17.500     -4.000
    8576      18.500    -23.000
    8577      18.000    -16.000
    8578      17.500     -4.500
    8579      17.500     -5.000
    8580      18.000    -16.500
    8581      17.500     -5.500
    8582      18.500    -23.500
    8583      17.500     -6.000
    8584      18.000    -17.000
    8585      17.500     -6.500
    8586      18.500    -24.000
    8587      17.500     -7.000
    8588      18.000    -17.500
    8589      17.500     -7.500
    8590      17.500     -8.000
    8591      18.000    -18.000
    8592      17.500     -8.500
    8593      17.500     -9.000
    8594      18.000    -18.500
    8595      17.500     -9.500
    8596      17.500    -10.000
    8597      18.000    -19.000
    8598      17.500    -10.500
    8599      18.000    -19.500
    8600      17.500    -11.000
    8601      17.500    -11.500
    8602      18.000    -20.000
    8603      17.500    -12.000
    8604      18.000    -20.500
    8605      17.500    -12.500
    8606      17.500    -13.000
    8607      18.000    -21.000
    8608      17.500    -13.500
    8609      18.000    -21.500
    8610      17.500    -14.000
    8611      17.000      3.400
    8612      17.000      2.851
    8613      17.000      2.312
    8614      17.000      1.780
    8615      17.000      1.254
    8616      17.500    -14.500
    8617      17.000      0.734
    8618      18.000    -22.000
    8619      17.000      0.216
    8620      17.000     -0.300
    8621      17.000     -0.816
    8622      17.500    -15.000
    8623      17.000     -1.334
    8624      17.000     -1.854
    8625      18.000    -22.500
    8626      17.000     -2.380
    8627      17.500    -15.500
    8628      17.000     -2.912
    8629      17.000     -3.451
    8630      18.000    -23.000
    8631      17.000     -4.000
    8632      17.500    -16.000
    8633      17.000     -4.500
    8634      17.000     -5.000
    8635      17.500    -16.500
    8636      17.000     -5.500
    8637      18.000    -23.500
    8638      17.000     -6.000
    8639      17.500    -17.000
    8640      17.000     -6.500
    8641      18.000    -24.000
    8642      17.000     -7.000
    8643      17.500    -17.500
    8644      17.000     -7.500
    8645      17.000     -8.000
    8646      17.500    -18.000
    8647      17.000     -8.500
    8648      17.000     -9.000
    8649      17.500    -18.500
    8650      17.000     -9.500
    8651      17.000    -10.000
    8652      17.500    -19.000
    8653      17.000    -10.500
    8654      17.500    -19.500
    8655      17.000    -11.000
    8656      17.000    -11.500
    8657      17.500    -20.000
    8658      17.000    -12.000
    8659      17.500    -20.500
    8660      17.000    -12.500
    8661      17.000    -13.000
    8662      17.500    -21.000
    8663      17.000    -13.500
    8664      17.500    -21.500
    8665      17.000    -14.000
    8666      16.500      3.300
    8667      16.500      2.757
    8668      16.500      2.224
    8669      16.500      1.700
    8670      16.500      1.181
    8671      17.000    -14.500
    8672      17.500    -22.000
    8673      16.500      0.668
    8674      16.500      0.158
    8675      16.500     -0.350
    8676      16.500     -0.858
    8677      17.000    -15.000
    8678      16.500     -1.368
    8679      16.500     -1.881
    8680      17.500    -22.500
    8681      16.500     -2.400
    8682      17.000    -15.500
    8683      16.500     -2.924
    8684      16.500     -3.457
    8685      17.500    -23.000
    8686      16.500     -4.000
    8687      17.000    -16.000
    8688      16.500     -4.500
    8689      16.500     -5.000
    8690      17.000    -16.500
    8691      16.500     -5.500
    8692      17.500    -23.500
    8693      16.500     -6.000
    8694      17.000    -17.000
    8695      16.500     -6.500
    8696      17.500    -24.000
    8697      16.500     -7.000
    8698      17.000    -17.500
    8699      16.500     -7.500
    8700      16.500     -8.000
    8701      17.000    -18.000
    8702      16.500     -8.500
    8703      16.500     -9.000
    8704      17.000    -18.500
    8705      16.500     -9.500
    8706      17.000    -19.000
    8707      16.500    -10.000
    8708      16.500    -10.500
    8709      17.000    -19.500
    8710      16.500    -11.000
    8711      16.500    -11.500
    8712      17.000    -20.000
    8713      16.500    -12.000
    8714      17.000    -20.500
    8715      16.500    -12.500
    8716      16.500    -13.000
    8717      17.000    -21.000
    8718      16.500    -13.500
    8719      17.000    -21.500
    8720      16.500    -14.000
    8721      16.000      3.200
    8722      16.000      2.664
    8723      16.000      2.138
    8724      16.000      1.620
    8725      16.000      1.109
    8726      16.500    -14.500
    8727      17.000    -22.000
    8728      16.000      0.603
    8729      16.000      0.101
    8730      16.000     -0.400
    8731      16.000     -0.901
    8732      16.500    -15.000
    8733      16.000     -1.403
    8734      16.000     -1.909
    8735      17.000    -22.500
    8736      16.000     -2.420
    8737      16.500    -15.500
    8738      16.000     -2.938
    8739      16.000     -3.464
    8740      17.000    -23.000
    8741      16.000     -4.000
    8742      16.500    -16.000
    8743      16.000     -4.500
    8744      16.000     -5.000
    8745      16.500    -16.500
    8746      17.000    -23.500
    8747      16.000     -5.500
    8748      16.000     -6.000
    8749      16.500    -17.000
    8750      16.000     -6.500
    8751      17.000    -24.000
    8752      16.000     -7.000
    8753      16.500    -17.500
    8754      16.000     -7.500
    8755      16.000     -8.000
    8756      16.500    -18.000
    8757      16.000     -8.500
    8758      16.000     -9.000
    8759      16.500    -18.500
    8760      16.000     -9.500
    8761      16.500    -19.000
    8762      16.000    -10.000
    8763      16.000    -10.500
    8764      16.500    -19.500
    8765      16.000    -11.000
    8766      16.000    -11.500
    8767      16.500    -20.000
    8768      16.000    -12.000
    8769      16.500    -20.500
    8770      16.000    -12.500
    8771      16.000    -13.000
    8772      16.500    -21.000
    8773      16.000    -13.500
    8774      16.500    -21.500
    8775      16.000    -14.000
    8776      15.500      3.100
    8777      15.500      2.571
    8778      15.500      2.052
    8779      15.500      1.542
    8780      16.000    -14.500
    8781      16.500    -22.000
    8782      15.500      1.038
    8783      15.500      0.539
    8784      15.500      0.044
    8785      15.500     -0.450
    8786      15.500     -0.944
    8787      16.000    -15.000
    8788      15.500     -1.439
    8789      16.500    -22.500
    8790      15.500     -1.938
    8791      15.500     -2.442
    8792      16.000    -15.500
    8793      15.500     -2.952
    8794      15.500     -3.471
    8795      16.500    -23.000
    8796      15.500     -4.000
    8797      16.000    -16.000
    8798      15.500     -4.500
    8799      15.500     -5.000
    8800      16.000    -16.500
    8801      16.500    -23.500
    8802      15.500     -5.500
    8803      15.500     -6.000
    8804      16.000    -17.000
    8805      15.500     -6.500
    8806      16.500    -24.000
    8807      15.500     -7.000
    8808      16.000    -17.500
    8809      15.500     -7.500
    8810      15.500     -8.000
    8811      16.000    -18.000
    8812      15.500     -8.500
    8813      15.500     -9.000
    8814      16.000    -18.500
    8815      15.500     -9.500
    8816      16.000    -19.000
    8817      15.500    -10.000
    8818      15.500    -10.500
    8819      16.000    -19.500
    8820      15.500    -11.000
    8821      15.500    -11.500
    8822      16.000    -20.000
    8823      15.500    -12.000
    8824      16.000    -20.500
    8825      15.500    -12.500
    8826      15.500    -13.000
    8827      16.000    -21.000
    8828      15.500    -13.500
    8829      16.000    -21.500
    8830      15.500    -14.000
    8831      15.000      3.000
    8832      15.000      2.479
    8833      15.000      1.967
    8834      15.000      1.464
    8835      16.000    -22.000
    8836      15.500    -14.500
    8837      15.000      0.967
    8838      15.000      0.475
    8839      15.000     -0.013
    8840      15.000     -0.500
    8841      15.000     -0.987
    8842      15.500    -15.000
    8843      15.000     -1.475
    8844      16.000    -22.500
    8845      15.000     -1.967
    8846      15.000     -2.464
    8847      15.500    -15.500
    8848      15.000     -2.967
    8849      15.000     -3.479
    8850      16.000    -23.000
    8851      15.000     -4.000
    8852      15.500    -16.000
    8853      15.000     -4.500
    8854      15.000     -5.000
    8855      15.500    -16.500
    8856      16.000    -23.500
    8857      15.000     -5.500
    8858      15.000     -6.000
    8859      15.500    -17.000
    8860      15.000     -6.500
    8861      16.000    -24.000
    8862      15.000     -7.000
    8863      15.500    -17.500
    8864      15.000     -7.500
    8865      15.000     -8.000
    8866      15.500    -18.000
    8867      15.000     -8.500
    8868      15.000     -9.000
    8869      15.500    -18.500
    8870      15.000     -9.500
    8871      15.500    -19.000
    8872      15.000    -10.000
    8873      15.000    -10.500
    8874      15.500    -19.500
    8875      15.000    -11.000
    8876      15.000    -11.500
    8877      15.500    -20.000
    8878      15.000    -12.000
    8879      15.500    -20.500
    8880      15.000    -12.500
    8881      15.000    -13.000
    8882      15.500    -21.000
    8883      15.000    -13.500
    8884      15.500    -21.500
    8885      15.000    -14.000
    8886      14.500      2.900
    8887      14.500      2.387
    8888      14.500      1.883
    8889      15.500    -22.000
    8890      14.500      1.387
    8891      15.000    -14.500
    8892      14.500      0.897
    8893      14.500      0.412
    8894      14.500     -0.070
    8895      14.500     -0.550
    8896      14.500     -1.030
    8897      15.000    -15.000
    8898      14.500     -1.512
    8899      15.500    -22.500
    8900      14.500     -1.997
    8901      14.500     -2.487
    8902      15.000    -15.500
    8903      14.500     -2.983
    8904      14.500     -3.487
    8905      15.500    -23.000
    8906      14.500     -4.000
    8907      15.000    -16.000
    8908      14.500     -4.500
    8909      14.500     -5.000
    8910      15.000    -16.500
    8911      15.500    -23.500
    8912      14.500     -5.500
    8913      14.500     -6.000
    8914      15.000    -17.000
    8915      14.500     -6.500
    8916      15.500    -24.000
    8917      14.500     -7.000
    8918      15.000    -17.500
    8919      14.500     -7.500
    8920      14.500     -8.000
    8921      15.000    -18.000
    8922      14.500     -8.500
    8923      14.500     -9.000
    8924      15.000    -18.500
    8925      14.500     -9.500
    8926      15.000    -19.000
    8927      14.500    -10.000
    8928      14.500    -10.500
    8929      15.000    -19.500
    8930      14.500    -11.000
    8931      14.500    -11.500
    8932      15.000    -20.000
    8933      14.500    -12.000
    8934      15.000    -20.500
    8935      14.500    -12.500
    8936      14.500    -13.000
    8937      15.000    -21.000
    8938      14.500    -13.500
    8939      15.000    -21.500
    8940      14.500    -14.000
    8941      14.000      2.800
    8942      14.000      2.295
    8943      14.000      1.799
    8944      15.000    -22.000
    8945      14.500    -14.500
    8946      14.000      1.311
    8947      14.000      0.828
    8948      14.000      0.349
    8949      14.000     -0.126
    8950      14.000     -0.600
    8951      14.500    -15.000
    8952      14.000     -1.074
    8953      14.000     -1.549
    8954      15.000    -22.500
    8955      14.000     -2.028
    8956      14.000     -2.511
    8957      14.500    -15.500
    8958      14.000     -2.999
    8959      14.000     -3.495
    8960      15.000    -23.000
    8961      14.000     -4.000
    8962      14.500    -16.000
    8963      14.000     -4.500
    8964      14.000     -5.000
    8965      14.500    -16.500
    8966      15.000    -23.500
    8967      14.000     -5.500
    8968      14.000     -6.000
    8969      14.500    -17.000
    8970      14.000     -6.500
    8971      15.000    -24.000
    8972      14.000     -7.000
    8973      14.500    -17.500
    8974      14.000     -7.500
    8975      14.000     -8.000
    8976      14.500    -18.000
    8977      14.000     -8.500
    8978      14.000     -9.000
    8979      14.500    -18.500
    8980      14.000     -9.500
    8981      14.500    -19.000
    8982      14.000    -10.000
    8983      14.000    -10.500
    8984      14.500    -19.500
    8985      14.000    -11.000
    8986      14.500    -20.000
    8987      14.000    -11.500
    8988      14.000    -12.000
    8989      14.500    -20.500
    8990      14.000    -12.500
    8991      14.000    -13.000
    8992      14.500    -21.000
    8993      14.000    -13.500
    8994      14.500    -21.500
    8995      14.000    -14.000
    8996      13.500      2.700
    8997      13.500      2.204
    8998      14.500    -22.000
    8999      13.500      1.716
    9000      14.000    -14.500
    9001      13.500      1.235
    9002      13.500      0.759
    9003      13.500      0.287
    9004      13.500     -0.182
    9005      13.500     -0.650
    9006      14.000    -15.000
    9007      13.500     -1.118
    9008      14.500    -22.500
    9009      13.500     -1.587
    9010      13.500     -2.059
    9011      13.500     -2.535
    9012      14.000    -15.500
    9013      13.500     -3.016
    9014      13.500     -3.504
    9015      14.500    -23.000
    9016      14.000    -16.000
    9017      13.500     -4.000
    9018      13.500     -4.500
    9019      13.500     -5.000
    9020      14.000    -16.500
    9021      14.500    -23.500
    9022      13.500     -5.500
    9023      13.500     -6.000
    9024      14.000    -17.000
    9025      13.500     -6.500
    9026      14.500    -24.000
    9027      13.500     -7.000
    9028      14.000    -17.500
    9029      13.500     -7.500
    9030      13.500     -8.000
    9031      14.000    -18.000
    9032      13.500     -8.500
    9033      13.500     -9.000
    9034      14.000    -18.500
    9035      13.500     -9.500
    9036      14.000    -19.000
    9037      13.500    -10.000
    9038      13.500    -10.500
    9039      14.000    -19.500
    9040      13.500    -11.000
    9041      14.000    -20.000
    9042      13.500    -11.500
    9043      13.500    -12.000
    9044      14.000    -20.500
    9045      13.500    -12.500
    9046      14.000    -21.000
    9047      13.500    -13.000
    9048      13.500    -13.500
    9049      14.000    -21.500
    9050      13.500    -14.000
    9051      13.000      2.600
    9052      14.000    -22.000
    9053      13.000      2.113
    9054      13.500    -14.500
    9055      13.000      1.633
    9056      13.000      1.159
    9057      13.000      0.690
    9058      13.000      0.225
    9059      13.000     -0.238
    9060      13.000     -0.700
    9061      13.500    -15.000
    9062      13.000     -1.162
    9063      14.000    -22.500
    9064      13.000     -1.625
    9065      13.000     -2.090
    9066      13.000     -2.559
    9067      13.500    -15.500
    9068      13.000     -3.033
    9069      14.000    -23.000
    9070      13.000     -3.513
    9071      13.500    -16.000
    9072      13.000     -4.000
    9073      13.000     -4.500
    9074      13.000     -5.000
    9075      14.000    -23.500
    9076      13.500    -16.500
    9077      13.000     -5.500
    9078      13.000     -6.000
    9079      13.500    -17.000
    9080      13.000     -6.500
    9081      14.000    -24.000
    9082      13.000     -7.000
    9083      13.500    -17.500
    9084      13.000     -7.500
    9085      13.000     -8.000
    9086      13.500    -18.000
    9087      13.000     -8.500
    9088      13.000     -9.000
    9089      13.500    -18.500
    9090      13.000     -9.500
    9091      13.500    -19.000
    9092      13.000    -10.000
    9093      13.000    -10.500
    9094      13.500    -19.500
    9095      13.000    -11.000
    9096      13.500    -20.000
    9097      13.000    -11.500
    9098      13.000    -12.000
    9099      13.500    -20.500
    9100      13.000    -12.500
    9101      13.500    -21.000
    9102      13.000    -13.000
    9103      13.000    -13.500
    9104      13.500    -21.500
    9105      13.000    -14.000
    9106      13.500    -22.000
    9107      12.500      2.500
    9108      12.500      2.022
    9109      13.000    -14.500
    9110      12.500      1.551
    9111      12.500      1.085
    9112      12.500      0.622
    9113      12.500      0.163
    9114      12.500     -0.294
    9115      12.500     -0.750
    9116      13.000    -15.000
    9117      12.500     -1.206
    9118      13.500    -22.500
    9119      12.500     -1.663
    9120      12.500     -2.122
    9121      13.000    -15.500
    9122      12.500     -2.585
    9123      12.500     -3.051
    9124      13.500    -23.000
    9125      12.500     -3.522
    9126      13.000    -16.000
    9127      12.500     -4.000
    9128      12.500     -4.500
    9129      12.500     -5.000
    9130      13.500    -23.500
    9131      13.000    -16.500
    9132      12.500     -5.500
    9133      12.500     -6.000
    9134      13.000    -17.000
    9135      13.500    -24.000
    9136      12.500     -6.500
    9137      12.500     -7.000
    9138      13.000    -17.500
    9139      12.500     -7.500
    9140      12.500     -8.000
    9141      13.000    -18.000
    9142      12.500     -8.500
    9143      12.500     -9.000
    9144      13.000    -18.500
    9145      12.500     -9.500
    9146      13.000    -19.000
    9147      12.500    -10.000
    9148      12.500    -10.500
    9149      13.000    -19.500
    9150      12.500    -11.000
    9151      13.000    -20.000
    9152      12.500    -11.500
    9153      12.500    -12.000
    9154      13.000    -20.500
    9155      12.500    -12.500
    9156      13.000    -21.000
    9157      12.500    -13.000
    9158      12.500    -13.500
    9159      13.000    -21.500
    9160      12.500    -14.000
    9161      13.000    -22.000
    9162      12.000      2.400
    9163      12.000      1.932
    9164      12.500    -14.500
    9165      12.000      1.469
    9166      12.000      1.010
    9167      12.000      0.555
    9168      12.000      0.102
    9169      12.000     -0.350
    9170      12.000     -0.800
    9171      12.500    -15.000
    9172      13.000    -22.500
    9173      12.000     -1.250
    9174      12.000     -1.702
    9175      12.000     -2.155
    9176      12.500    -15.500
    9177      12.000     -2.610
    9178      12.000     -3.069
    9179      13.000    -23.000
    9180      12.000     -3.532
    9181      12.500    -16.000
    9182      12.000     -4.000
    9183      12.000     -4.500
    9184      12.000     -5.000
    9185      13.000    -23.500
    9186      12.500    -16.500
    9187      12.000     -5.500
    9188      12.000     -6.000
    9189      12.500    -17.000
    9190      13.000    -24.000
    9191      12.000     -6.500
    9192      12.000     -7.000
    9193      12.500    -17.500
    9194      12.000     -7.500
    9195      12.000     -8.000
    9196      12.500    -18.000
    9197      12.000     -8.500
    9198      12.500    -18.500
    9199      12.000     -9.000
    9200      12.000     -9.500
    9201      12.500    -19.000
    9202      12.000    -10.000
    9203      12.000    -10.500
    9204      12.500    -19.500
    9205      12.000    -11.000
    9206      12.500    -20.000
    9207      12.000    -11.500
    9208      12.000    -12.000
    9209      12.500    -20.500
    9210      12.000    -12.500
    9211      12.500    -21.000
    9212      12.000    -13.000
    9213      12.000    -13.500
    9214      12.500    -21.500
    9215      12.000    -14.000
    9216      12.500    -22.000
    9217      11.500      2.300
    9218      12.000    -14.500
    9219      11.500      1.842
    9220      11.500      1.387
    9221      11.500      0.936
    9222      11.500      0.487
    9223      11.500      0.040
    9224      11.500     -0.405
    9225      12.000    -15.000
    9226      11.500     -0.850
    9227      12.500    -22.500
    9228      11.500     -1.295
    9229      11.500     -1.740
    9230      11.500     -2.187
    9231      12.000    -15.500
    9232      11.500     -2.636
    9233      11.500     -3.087
    9234      12.500    -23.000
    9235      11.500     -3.542
    9236      12.000    -16.000
    9237      11.500     -4.000
    9238      11.500     -4.500
    9239      12.500    -23.500
    9240      11.500     -5.000
    9241      12.000    -16.500
    9242      11.500     -5.500
    9243      11.500     -6.000
    9244      12.000    -17.000
    9245      12.500    -24.000
    9246      11.500     -6.500
    9247      11.500     -7.000
    9248      12.000    -17.500
    9249      11.500     -7.500
    9250      11.500     -8.000
    9251      12.000    -18.000
    9252      11.500     -8.500
    9253      12.000    -18.500
    9254      11.500     -9.000
    9255      11.500     -9.500
    9256      12.000    -19.000
    9257      11.500    -10.000
    9258      11.500    -10.500
    9259      12.000    -19.500
    9260      11.500    -11.000
    9261      12.000    -20.000
    9262      11.500    -11.500
    9263      11.500    -12.000
    9264      12.000    -20.500
    9265      11.500    -12.500
    9266      12.000    -21.000
    9267      11.500    -13.000
    9268      11.500    -13.500
    9269      12.000    -21.500
    9270      11.500    -14.000
    9271      12.000    -22.000
    9272      11.000      2.200
    9273      11.500    -14.500
    9274      11.000      1.752
    9275      11.000      1.306
    9276      11.000      0.862
    9277      11.000      0.420
    9278      11.000     -0.021
    9279      11.000     -0.461
    9280      11.500    -15.000
    9281      11.000     -0.900
    9282      12.000    -22.500
    9283      11.000     -1.339
    9284      11.000     -1.779
    9285      11.000     -2.220
    9286      11.500    -15.500
    9287      11.000     -2.662
    9288      11.000     -3.106
    9289      12.000    -23.000
    9290      11.000     -3.552
    9291      11.500    -16.000
    9292      11.000     -4.000
    9293      11.000     -4.500
    9294      12.000    -23.500
    9295      11.000     -5.000
    9296      11.500    -16.500
    9297      11.000     -5.500
    9298      11.000     -6.000
    9299      11.500    -17.000
    9300      12.000    -24.000
    9301      11.000     -6.500
    9302      11.000     -7.000
    9303      11.500    -17.500
    9304      11.000     -7.500
    9305      11.000     -8.000
    9306      11.500    -18.000
    9307      11.000     -8.500
    9308      11.500    -18.500
    9309      11.000     -9.000
    9310      11.000     -9.500
    9311      11.500    -19.000
    9312      11.000    -10.000
    9313      11.000    -10.500
    9314      11.500    -19.500
    9315      11.000    -11.000
    9316      11.500    -20.000
    9317      11.000    -11.500
    9318      11.000    -12.000
    9319      11.500    -20.500
    9320      11.000    -12.500
    9321      11.500    -21.000
    9322      11.000    -13.000
    9323      11.000    -13.500
    9324      11.500    -21.500
    9325      11.000    -14.000
    9326      11.500    -22.000
    9327      11.000    -14.500
    9328      10.500      2.100
    9329      10.500      1.661
    9330      10.500      1.224
    9331      10.500      0.788
    9332      10.500      0.353
    9333      10.500     -0.082
    9334      10.500     -0.516
    9335      11.000    -15.000
    9336      11.500    -22.500
    9337      10.500     -0.950
    9338      10.500     -1.384
    9339      10.500     -1.818
    9340      10.500     -2.253
    9341      11.000    -15.500
    9342      10.500     -2.688
    9343      10.500     -3.124
    9344      11.500    -23.000
    9345      10.500     -3.561
    9346      11.000    -16.000
    9347      10.500     -4.000
    9348      10.500     -4.500
    9349      11.500    -23.500
    9350      11.000    -16.500
    9351      10.500     -5.000
    9352      10.500     -5.500
    9353      10.500     -6.000
    9354      11.000    -17.000
    9355      11.500    -24.000
    9356      10.500     -6.500
    9357      10.500     -7.000
    9358      11.000    -17.500
    9359      10.500     -7.500
    9360      10.500     -8.000
    9361      11.000    -18.000
    9362      10.500     -8.500
    9363      11.000    -18.500
    9364      10.500     -9.000
    9365      10.500     -9.500
    9366      11.000    -19.000
    9367      10.500    -10.000
    9368      10.500    -10.500
    9369      11.000    -19.500
    9370      10.500    -11.000
    9371      11.000    -20.000
    9372      10.500    -11.500
    9373      10.500    -12.000
    9374      11.000    -20.500
    9375      10.500    -12.500
    9376      11.000    -21.000
    9377      10.500    -13.000
    9378      10.500    -13.500
    9379      11.000    -21.500
    9380      10.500    -14.000
    9381      11.000    -22.000
    9382      10.500    -14.500
    9383      10.000      2.000
    9384      10.000      1.571
    9385      10.000      1.143
    9386      10.000      0.714
    9387      10.000      0.286
    9388      10.000     -0.143
    9389      10.000     -0.571
    9390      10.500    -15.000
    9391      11.000    -22.500
    9392      10.000     -1.000
    9393      10.000     -1.429
    9394      10.000     -1.857
    9395      10.000     -2.286
    9396      10.500    -15.500
    9397      10.000     -2.714
    9398      11.000    -23.000
    9399      10.000     -3.143
    9400      10.000     -3.571
    9401      10.500    -16.000
    9402      10.000     -4.000
    9403      10.000     -4.500
    9404      11.000    -23.500
    9405      10.500    -16.500
    9406      10.000     -5.000
    9407      10.000     -5.500
    9408      10.000     -6.000
    9409      10.500    -17.000
    9410      11.000    -24.000
    9411      10.000     -6.500
    9412      10.000     -7.000
    9413      10.500    -17.500
    9414      10.000     -7.500
    9415      10.000     -8.000
    9416      10.500    -18.000
    9417      10.000     -8.500
    9418      10.500    -18.500
    9419      10.000     -9.000
    9420      10.000     -9.500
    9421      10.500    -19.000
    9422      10.000    -10.000
    9423      10.000    -10.500
    9424      10.500    -19.500
    9425      10.000    -11.000
    9426      10.500    -20.000
    9427      10.000    -11.500
    9428      10.000    -12.000
    9429      10.500    -20.500
    9430      10.000    -12.500
    9431      10.500    -21.000
    9432      10.000    -13.000
    9433      10.000    -13.500
    9434      10.500    -21.500
    9435      10.000    -14.000
    9436      10.500    -22.000
    9437      10.000    -14.500
    9438       9.500      1.900
    9439       9.500      1.481
    9440       9.500      1.062
    9441       9.500      0.641
    9442       9.500      0.219
    9443       9.500     -0.204
    9444      10.000    -15.000
    9445       9.500     -0.627
    9446      10.500    -22.500
    9447       9.500     -1.050
    9448       9.500     -1.473
    9449       9.500     -1.896
    9450       9.500     -2.319
    9451      10.000    -15.500
    9452       9.500     -2.741
    9453      10.500    -23.000
    9454       9.500     -3.162
    9455       9.500     -3.581
    9456      10.000    -16.000
    9457       9.500     -4.000
    9458       9.500     -4.500
    9459      10.500    -23.500
    9460      10.000    -16.500
    9461       9.500     -5.000
    9462       9.500     -5.500
    9463       9.500     -6.000
    9464      10.000    -17.000
    9465      10.500    -24.000
    9466       9.500     -6.500
    9467       9.500     -7.000
    9468      10.000    -17.500
    9469       9.500     -7.500
    9470      10.000    -18.000
    9471       9.500     -8.000
    9472       9.500     -8.500
    9473      10.000    -18.500
    9474       9.500     -9.000
    9475       9.500     -9.500
    9476      10.000    -19.000
    9477       9.500    -10.000
    9478       9.500    -10.500
    9479      10.000    -19.500
    9480       9.500    -11.000
    9481      10.000    -20.000
    9482       9.500    -11.500
    9483       9.500    -12.000
    9484      10.000    -20.500
    9485       9.500    -12.500
    9486      10.000    -21.000
    9487       9.500    -13.000
    9488       9.500    -13.500
    9489      10.000    -21.500
    9490       9.500    -14.000
    9491      10.000    -22.000
    9492       9.500    -14.500
    9493       9.000      1.800
    9494       9.000      1.391
    9495       9.000      0.980
    9496       9.000      0.567
    9497       9.000      0.152
    9498       9.000     -0.265
    9499       9.500    -15.000
    9500      10.000    -22.500
    9501       9.000     -0.682
    9502       9.000     -1.100
    9503       9.000     -1.518
    9504       9.000     -1.935
    9505       9.500    -15.500
    9506       9.000     -2.352
    9507       9.000     -2.767
    9508      10.000    -23.000
    9509       9.000     -3.180
    9510       9.000     -3.591
    9511       9.500    -16.000
    9512       9.000     -4.000
    9513       9.000     -4.500
    9514      10.000    -23.500
    9515       9.500    -16.500
    9516       9.000     -5.000
    9517       9.000     -5.500
    9518       9.000     -6.000
    9519       9.500    -17.000
    9520      10.000    -24.000
    9521       9.000     -6.500
    9522       9.000     -7.000
    9523       9.500    -17.500
    9524       9.000     -7.500
    9525       9.500    -18.000
    9526       9.000     -8.000
    9527       9.000     -8.500
    9528       9.500    -18.500
    9529       9.000     -9.000
    9530       9.000     -9.500
    9531       9.500    -19.000
    9532       9.000    -10.000
    9533       9.000    -10.500
    9534       9.500    -19.500
    9535       9.000    -11.000
    9536       9.500    -20.000
    9537       9.000    -11.500
    9538       9.000    -12.000
    9539       9.500    -20.500
    9540       9.000    -12.500
    9541       9.500    -21.000
    9542       9.000    -13.000
    9543       9.000    -13.500
    9544       9.500    -21.500
    9545       9.000    -14.000
    9546       9.500    -22.000
    9547       9.000    -14.500
    9548       8.500      1.700
    9549       8.500      1.301
    9550       8.500      0.899
    9551       8.500      0.493
    9552       8.500      0.084
    9553       8.500     -0.326
    9554       9.000    -15.000
    9555       9.500    -22.500
    9556       8.500     -0.738
    9557       8.500     -1.150
    9558       8.500     -1.562
    9559       8.500     -1.974
    9560       9.000    -15.500
    9561       8.500     -2.384
    9562       8.500     -2.793
    9563       9.500    -23.000
    9564       8.500     -3.199
    9565       8.500     -3.601
    9566       9.000    -16.000
    9567       8.500     -4.000
    9568       8.500     -4.500
    9569       9.500    -23.500
    9570       9.000    -16.500
    9571       8.500     -5.000
    9572       8.500     -5.500
    9573       9.000    -17.000
    9574       8.500     -6.000
    9575       9.500    -24.000
    9576       8.500     -6.500
    9577       8.500     -7.000
    9578       9.000    -17.500
    9579       8.500     -7.500
    9580       9.000    -18.000
    9581       8.500     -8.000
    9582       8.500     -8.500
    9583       9.000    -18.500
    9584       8.500     -9.000
    9585       8.500     -9.500
    9586       9.000    -19.000
    9587       8.500    -10.000
    9588       8.500    -10.500
    9589       9.000    -19.500
    9590       8.500    -11.000
    9591       9.000    -20.000
    9592       8.500    -11.500
    9593       8.500    -12.000
    9594       9.000    -20.500
    9595       8.500    -12.500
    9596       9.000    -21.000
    9597       8.500    -13.000
    9598       8.500    -13.500
    9599       9.000    -21.500
    9600       8.500    -14.000
    9601       9.000    -22.000
    9602       8.500    -14.500
    9603       8.000      1.600
    9604       8.000      1.211
    9605       8.000      0.817
    9606       8.000      0.418
    9607       8.000      0.017
    9608       8.000     -0.387
    9609       8.500    -15.000
    9610       9.000    -22.500
    9611       8.000     -0.793
    9612       8.000     -1.200
    9613       8.000     -1.607
    9614       8.000     -2.013
    9615       8.500    -15.500
    9616       8.000     -2.417
    9617       9.000    -23.000
    9618       8.000     -2.818
    9619       8.000     -3.217
    9620       8.000     -3.611
    9621       8.500    -16.000
    9622       8.000     -4.000
    9623       8.000     -4.500
    9624       9.000    -23.500
    9625       8.500    -16.500
    9626       8.000     -5.000
    9627       8.000     -5.500
    9628       8.500    -17.000
    9629       8.000     -6.000
    9630       9.000    -24.000
    9631       8.000     -6.500
    9632       8.500    -17.500
    9633       8.000     -7.000
    9634       8.000     -7.500
    9635       8.500    -18.000
    9636       8.000     -8.000
    9637       8.000     -8.500
    9638       8.500    -18.500
    9639       8.000     -9.000
    9640       8.000     -9.500
    9641       8.500    -19.000
    9642       8.000    -10.000
    9643       8.000    -10.500
    9644       8.500    -19.500
    9645       8.000    -11.000
    9646       8.500    -20.000
    9647       8.000    -11.500
    9648       8.000    -12.000
    9649       8.500    -20.500
    9650       8.000    -12.500
    9651       8.500    -21.000
    9652       8.000    -13.000
    9653       8.000    -13.500
    9654       8.500    -21.500
    9655       8.000    -14.000
    9656       8.500    -22.000
    9657       8.000    -14.500
    9658       7.500      1.500
    9659       7.500      1.120
    9660       7.500      0.735
    9661       7.500      0.344
    9662       7.500     -0.051
    9663       8.500    -22.500
    9664       8.000    -15.000
    9665       7.500     -0.449
    9666       7.500     -0.849
    9667       7.500     -1.250
    9668       7.500     -1.651
    9669       7.500     -2.051
    9670       8.000    -15.500
    9671       7.500     -2.449
    9672       8.500    -23.000
    9673       7.500     -2.844
    9674       7.500     -3.235
    9675       8.000    -16.000
    9676       7.500     -3.620
    9677       7.500     -4.000
    9678       8.500    -23.500
    9679       7.500     -4.500
    9680       8.000    -16.500
    9681       7.500     -5.000
    9682       7.500     -5.500
    9683       8.000    -17.000
    9684       8.500    -24.000
    9685       7.500     -6.000
    9686       7.500     -6.500
    9687       8.000    -17.500
    9688       7.500     -7.000
    9689       7.500     -7.500
    9690       8.000    -18.000
    9691       7.500     -8.000
    9692       7.500     -8.500
    9693       8.000    -18.500
    9694       7.500     -9.000
    9695       7.500     -9.500
    9696       8.000    -19.000
    9697       7.500    -10.000
    9698       8.000    -19.500
    9699       7.500    -10.500
    9700       7.500    -11.000
    9701       8.000    -20.000
    9702       7.500    -11.500
    9703       7.500    -12.000
    9704       8.000    -20.500
    9705       7.500    -12.500
    9706       8.000    -21.000
    9707       7.500    -13.000
    9708       7.500    -13.500
    9709       8.000    -21.500
    9710       7.500    -14.000
    9711       8.000    -22.000
    9712       7.500    -14.500
    9713       7.000      1.400
    9714       7.000      1.030
    9715       7.000      0.652
    9716       7.000      0.269
    9717       7.000     -0.119
    9718       8.000    -22.500
    9719       7.500    -15.000
    9720       7.000     -0.511
    9721       7.000     -0.905
    9722       7.000     -1.300
    9723       7.000     -1.695
    9724       7.000     -2.089
    9725       7.500    -15.500
    9726       7.000     -2.481
    9727       8.000    -23.000
    9728       7.000     -2.869
    9729       7.000     -3.252
    9730       7.500    -16.000
    9731       7.000     -3.630
    9732       7.000     -4.000
    9733       8.000    -23.500
    9734       7.000     -4.500
    9735       7.500    -16.500
    9736       7.000     -5.000
    9737       7.000     -5.500
    9738       7.500    -17.000
    9739       8.000    -24.000
    9740       7.000     -6.000
    9741       7.000     -6.500
    9742       7.500    -17.500
    9743       7.000     -7.000
    9744       7.000     -7.500
    9745       7.500    -18.000
    9746       7.000     -8.000
    9747       7.000     -8.500
    9748       7.500    -18.500
    9749       7.000     -9.000
    9750       7.000     -9.500
    9751       7.500    -19.000
    9752       7.000    -10.000
    9753       7.500    -19.500
    9754       7.000    -10.500
    9755       7.000    -11.000
    9756       7.500    -20.000
    9757       7.000    -11.500
    9758       7.000    -12.000
    9759       7.500    -20.500
    9760       7.000    -12.500
    9761       7.500    -21.000
    9762       7.000    -13.000
    9763       7.000    -13.500
    9764       7.500    -21.500
    9765       7.000    -14.000
    9766       7.500    -22.000
    9767       7.000    -14.500
    9768       6.500      1.300
    9769       6.500      0.939
    9770       6.500      0.570
    9771       6.500      0.194
    9772       7.500    -22.500
    9773       6.500     -0.187
    9774       7.000    -15.000
    9775       6.500     -0.573
    9776       6.500     -0.961
    9777       6.500     -1.350
    9778       6.500     -1.739
    9779       7.000    -15.500
    9780       6.500     -2.127
    9781       6.500     -2.513
    9782       7.500    -23.000
    9783       6.500     -2.894
    9784       6.500     -3.270
    9785       7.000    -16.000
    9786       6.500     -3.639
    9787       6.500     -4.000
    9788       7.500    -23.500
    9789       6.500     -4.500
    9790       7.000    -16.500
    9791       6.500     -5.000
    9792       6.500     -5.500
    9793       7.000    -17.000
    9794       7.500    -24.000
    9795       6.500     -6.000
    9796       6.500     -6.500
    9797       7.000    -17.500
    9798       6.500     -7.000
    9799       6.500     -7.500
    9800       7.000    -18.000
    9801       6.500     -8.000
    9802       6.500     -8.500
    9803       7.000    -18.500
    9804       6.500     -9.000
    9805       6.500     -9.500
    9806       7.000    -19.000
    9807       6.500    -10.000
    9808       7.000    -19.500
    9809       6.500    -10.500
    9810       6.500    -11.000
    9811       7.000    -20.000
    9812       6.500    -11.500
    9813       6.500    -12.000
    9814       7.000    -20.500
    9815       6.500    -12.500
    9816       7.000    -21.000
    9817       6.500    -13.000
    9818       6.500    -13.500
    9819       7.000    -21.500
    9820       6.500    -14.000
    9821       7.000    -22.000
    9822       6.500    -14.500
    9823       6.000      1.200
    9824       6.000      0.848
    9825       6.000      0.487
    9826       6.000      0.118
    9827       7.000    -22.500
    9828       6.500    -15.000
    9829       6.000     -0.256
    9830       6.000     -0.635
    9831       6.000     -1.017
    9832       6.000     -1.400
    9833       6.000     -1.783
    9834       6.500    -15.500
    9835       6.000     -2.165
    9836       7.000    -23.000
    9837       6.000     -2.544
    9838       6.000     -2.918
    9839       6.000     -3.287
    9840       6.500    -16.000
    9841       6.000     -3.648
    9842       6.000     -4.000
    9843       7.000    -23.500
    9844       6.000     -4.500
    9845       6.500    -16.500
    9846       6.000     -5.000
    9847       6.000     -5.500
    9848       7.000    -24.000
    9849       6.500    -17.000
    9850       6.000     -6.000
    9851       6.000     -6.500
    9852       6.500    -17.500
    9853       6.000     -7.000
    9854       6.000     -7.500
    9855       6.500    -18.000
    9856       6.000     -8.000
    9857       6.000     -8.500
    9858       6.500    -18.500
    9859       6.000     -9.000
    9860       6.000     -9.500
    9861       6.500    -19.000
    9862       6.000    -10.000
    9863       6.500    -19.500
    9864       6.000    -10.500
    9865       6.000    -11.000
    9866       6.500    -20.000
    9867       6.000    -11.500
    9868       6.000    -12.000
    9869       6.500    -20.500
    9870       6.000    -12.500
    9871       6.500    -21.000
    9872       6.000    -13.000
    9873       6.000    -13.500
    9874       6.500    -21.500
    9875       6.000    -14.000
    9876       6.500    -22.000
    9877       6.000    -14.500
    9878       5.500      1.100
    9879       5.500      0.756
    9880       5.500      0.403
    9881       6.500    -22.500
    9882       5.500      0.042
    9883       6.000    -15.000
    9884       5.500     -0.326
    9885       5.500     -0.698
    9886       5.500     -1.073
    9887       5.500     -1.450
    9888       5.500     -1.827
    9889       6.000    -15.500
    9890       5.500     -2.202
    9891       6.500    -23.000
    9892       5.500     -2.574
    9893       5.500     -2.942
    9894       5.500     -3.303
    9895       6.000    -16.000
    9896       5.500     -3.656
    9897       5.500     -4.000
    9898       6.500    -23.500
    9899       5.500     -4.500
    9900       6.000    -16.500
    9901       5.500     -5.000
    9902       5.500     -5.500
    9903       6.500    -24.000
    9904       6.000    -17.000
    9905       5.500     -6.000
    9906       5.500     -6.500
    9907       6.000    -17.500
    9908       5.500     -7.000
    9909       5.500     -7.500
    9910       6.000    -18.000
    9911       5.500     -8.000
    9912       5.500     -8.500
    9913       6.000    -18.500
    9914       5.500     -9.000
    9915       5.500     -9.500
    9916       6.000    -19.000
    9917       5.500    -10.000
    9918       6.000    -19.500
    9919       5.500    -10.500
    9920       5.500    -11.000
    9921       6.000    -20.000
    9922       5.500    -11.500
    9923       5.500    -12.000
    9924       6.000    -20.500
    9925       5.500    -12.500
    9926       6.000    -21.000
    9927       5.500    -13.000
    9928       6.000    -21.500
    9929       5.500    -13.500
    9930       5.500    -14.000
    9931       6.000    -22.000
    9932       5.500    -14.500
    9933       5.000      1.000
    9934       5.000      0.664
    9935       6.000    -22.500
    9936       5.000      0.319
    9937       5.500    -15.000
    9938       5.000     -0.035
    9939       5.000     -0.396
    9940       5.000     -0.761
    9941       5.000     -1.130
    9942       5.000     -1.500
    9943       5.000     -1.870
    9944       5.500    -15.500
    9945       5.000     -2.239
    9946       6.000    -23.000
    9947       5.000     -2.604
    9948       5.000     -2.965
    9949       5.000     -3.319
    9950       5.500    -16.000
    9951       5.000     -3.664
    9952       5.000     -4.000
    9953       6.000    -23.500
    9954       5.000     -4.500
    9955       5.500    -16.500
    9956       5.000     -5.000
    9957       5.000     -5.500
    9958       6.000    -24.000
    9959       5.500    -17.000
    9960       5.000     -6.000
    9961       5.000     -6.500
    9962       5.500    -17.500
    9963       5.000     -7.000
    9964       5.000     -7.500
    9965       5.500    -18.000
    9966       5.000     -8.000
    9967       5.000     -8.500
    9968       5.500    -18.500
    9969       5.000     -9.000
    9970       5.000     -9.500
    9971       5.500    -19.000
    9972       5.000    -10.000
    9973       5.500    -19.500
    9974       5.000    -10.500
    9975       5.000    -11.000
    9976       5.500    -20.000
    9977       5.000    -11.500
    9978       5.500    -20.500
    9979       5.000    -12.000
    9980       5.000    -12.500
    9981       5.500    -21.000
    9982       5.000    -13.000
    9983       5.500    -21.500
    9984       5.000    -13.500
    9985       5.000    -14.000
    9986       5.500    -22.000
    9987       5.000    -14.500
    9988       4.500      0.900
    9989       4.500      0.572
    9990       5.500    -22.500
    9991       4.500      0.234
    9992       5.000    -15.000
    9993       4.500     -0.113
    9994       4.500     -0.466
    9995       4.500     -0.825
    9996       4.500     -1.187
    9997       4.500     -1.550
    9998       4.500     -1.913
    9999       5.000    -15.500
   10000       5.500    -23.000
   10001       4.500     -2.275
   10002       4.500     -2.634
   10003       4.500     -2.987
   10004       4.500     -3.334
   10005       5.000    -16.000
   10006       4.500     -3.672
   10007       4.500     -4.000
   10008       5.500    -23.500
   10009       4.500     -4.500
   10010       5.000    -16.500
   10011       4.500     -5.000
   10012       4.500     -5.500
   10013       5.500    -24.000
   10014       5.000    -17.000
   10015       4.500     -6.000
   10016       4.500     -6.500
   10017       5.000    -17.500
   10018       4.500     -7.000
   10019       4.500     -7.500
   10020       5.000    -18.000
   10021       4.500     -8.000
   10022       4.500     -8.500
   10023       5.000    -18.500
   10024       4.500     -9.000
   10025       4.500     -9.500
   10026       5.000    -19.000
   10027       4.500    -10.000
   10028       5.000    -19.500
   10029       4.500    -10.500
   10030       4.500    -11.000
   10031       5.000    -20.000
   10032       4.500    -11.500
   10033       5.000    -20.500
   10034       4.500    -12.000
   10035       4.500    -12.500
   10036       5.000    -21.000
   10037       4.500    -13.000
   10038       5.000    -21.500
   10039       4.500    -13.500
   10040       4.500    -14.000
   10041       5.000    -22.000
   10042       4.500    -14.500
   10043       4.000      0.800
   10044       5.000    -22.500
   10045       4.000      0.479
   10046       4.000      0.148
   10047       4.500    -15.000
   10048       4.000     -0.192
   10049       4.000     -0.538
   10050       4.000     -0.889
   10051       4.000     -1.244
   10052       4.000     -1.600
   10053       4.500    -15.500
   10054       4.000     -1.956
   10055       5.000    -23.000
   10056       4.000     -2.311
   10057       4.000     -2.662
   10058       4.000     -3.008
   10059       4.000     -3.348
   10060       4.500    -16.000
   10061       4.000     -3.679
   10062       4.000     -4.000
   10063       5.000    -23.500
   10064       4.000     -4.500
   10065       4.500    -16.500
   10066       4.000     -5.000
   10067       4.000     -5.500
   10068       5.000    -24.000
   10069       4.500    -17.000
   10070       4.000     -6.000
   10071       4.000     -6.500
   10072       4.500    -17.500
   10073       4.000     -7.000
   10074       4.000     -7.500
   10075       4.500    -18.000
   10076       4.000     -8.000
   10077       4.000     -8.500
   10078       4.500    -18.500
   10079       4.000     -9.000
   10080       4.000     -9.500
   10081       4.500    -19.000
   10082       4.000    -10.000
   10083       4.500    -19.500
   10084       4.000    -10.500
   10085       4.000    -11.000
   10086       4.500    -20.000
   10087       4.000    -11.500
   10088       4.500    -20.500
   10089       4.000    -12.000
   10090       4.000    -12.500
   10091       4.500    -21.000
   10092       4.000    -13.000
   10093       4.500    -21.500
   10094       4.000    -13.500
   10095       4.000    -14.000
   10096       4.500    -22.000
   10097       4.000    -14.500
   10098       4.500    -22.500
   10099       3.500      0.700
   10100       3.500      0.386
   10101       4.000    -15.000
   10102       3.500      0.061
   10103       3.500     -0.271
   10104       3.500     -0.610
   10105       3.500     -0.954
   10106       3.500     -1.301
   10107       3.500     -1.650
   10108       4.000    -15.500
   10109       3.500     -1.999
   10110       4.500    -23.000
   10111       3.500     -2.346
   10112       3.500     -2.690
   10113       3.500     -3.029
   10114       4.000    -16.000
   10115       3.500     -3.361
   10116       3.500     -3.686
   10117       3.500     -4.000
   10118       4.500    -23.500
   10119       3.500     -4.500
   10120       4.000    -16.500
   10121       3.500     -5.000
   10122       3.500     -5.500
   10123       4.500    -24.000
   10124       4.000    -17.000
   10125       3.500     -6.000
   10126       3.500     -6.500
   10127       4.000    -17.500
   10128       3.500     -7.000
   10129       3.500     -7.500
   10130       4.000    -18.000
   10131       3.500     -8.000
   10132       3.500     -8.500
   10133       4.000    -18.500
   10134       3.500     -9.000
   10135       3.500     -9.500
   10136       4.000    -19.000
   10137       3.500    -10.000
   10138       4.000    -19.500
   10139       3.500    -10.500
   10140       3.500    -11.000
   10141       4.000    -20.000
   10142       3.500    -11.500
   10143       4.000    -20.500
   10144       3.500    -12.000
   10145       3.500    -12.500
   10146       4.000    -21.000
   10147       3.500    -13.000
   10148       4.000    -21.500
   10149       3.500    -13.500
   10150       3.500    -14.000
   10151       4.000    -22.000
   10152       3.500    -14.500
   10153       4.000    -22.500
   10154       3.000      0.600
   10155       3.000      0.292
   10156       3.500    -15.000
   10157       3.000     -0.026
   10158       3.000     -0.351
   10159       3.000     -0.683
   10160       3.000     -1.019
   10161       3.000     -1.359
   10162       3.000     -1.700
   10163       3.500    -15.500
   10164       4.000    -23.000
   10165       3.000     -2.041
   10166       3.000     -2.381
   10167       3.000     -2.717
   10168       3.000     -3.049
   10169       3.500    -16.000
   10170       3.000     -3.374
   10171       3.000     -3.692
   10172       4.000    -23.500
   10173       3.000     -4.000
   10174       3.000     -4.500
   10175       3.500    -16.500
   10176       3.000     -5.000
   10177       3.000     -5.500
   10178       4.000    -24.000
   10179       3.500    -17.000
   10180       3.000     -6.000
   10181       3.000     -6.500
   10182       3.500    -17.500
   10183       3.000     -7.000
   10184       3.000     -7.500
   10185       3.500    -18.000
   10186       3.000     -8.000
   10187       3.000     -8.500
   10188       3.500    -18.500
   10189       3.000     -9.000
   10190       3.500    -19.000
   10191       3.000     -9.500
   10192       3.000    -10.000
   10193       3.500    -19.500
   10194       3.000    -10.500
   10195       3.000    -11.000
   10196       3.500    -20.000
   10197       3.000    -11.500
   10198       3.500    -20.500
   10199       3.000    -12.000
   10200       3.000    -12.500
   10201       3.500    -21.000
   10202       3.000    -13.000
   10203       3.500    -21.500
   10204       3.000    -13.500
   10205       3.000    -14.000
   10206       3.500    -22.000
   10207       3.000    -14.500
   10208       3.500    -22.500
   10209       2.500      0.500
   10210       3.000    -15.000
   10211       2.500      0.197
   10212       2.500     -0.114
   10213       2.500     -0.433
   10214       2.500     -0.757
   10215       2.500     -1.086
   10216       2.500     -1.417
   10217       3.000    -15.500
   10218       2.500     -1.750
   10219       3.500    -23.000
   10220       2.500     -2.083
   10221       2.500     -2.414
   10222       2.500     -2.743
   10223       2.500     -3.067
   10224       3.000    -16.000
   10225       2.500     -3.386
   10226       2.500     -3.697
   10227       3.500    -23.500
   10228       2.500     -4.000
   10229       2.500     -4.500
   10230       3.000    -16.500
   10231       2.500     -5.000
   10232       3.500    -24.000
   10233       2.500     -5.500
   10234       3.000    -17.000
   10235       2.500     -6.000
   10236       2.500     -6.500
   10237       3.000    -17.500
   10238       2.500     -7.000
   10239       2.500     -7.500
   10240       3.000    -18.000
   10241       2.500     -8.000
   10242       2.500     -8.500
   10243       3.000    -18.500
   10244       2.500     -9.000
   10245       3.000    -19.000
   10246       2.500     -9.500
   10247       2.500    -10.000
   10248       3.000    -19.500
   10249       2.500    -10.500
   10250       2.500    -11.000
   10251       3.000    -20.000
   10252       2.500    -11.500
   10253       3.000    -20.500
   10254       2.500    -12.000
   10255       2.500    -12.500
   10256       3.000    -21.000
   10257       2.500    -13.000
   10258       3.000    -21.500
   10259       2.500    -13.500
   10260       2.500    -14.000
   10261       3.000    -22.000
   10262       2.500    -14.500
   10263       3.000    -22.500
   10264       2.000      0.400
   10265       2.500    -15.000
   10266       2.000      0.102
   10267       2.000     -0.203
   10268       2.000     -0.515
   10269       2.000     -0.832
   10270       2.000     -1.153
   10271       2.000     -1.476
   10272       2.500    -15.500
   10273       2.000     -1.800
   10274       3.000    -23.000
   10275       2.000     -2.124
   10276       2.000     -2.447
   10277       2.000     -2.768
   10278       2.000     -3.085
   10279       2.500    -16.000
   10280       2.000     -3.397
   10281       2.000     -3.702
   10282       3.000    -23.500
   10283       2.000     -4.000
   10284       2.000     -4.500
   10285       2.500    -16.500
   10286       2.000     -5.000
   10287       3.000    -24.000
   10288       2.000     -5.500
   10289       2.500    -17.000
   10290       2.000     -6.000
   10291       2.000     -6.500
   10292       2.500    -17.500
   10293       2.000     -7.000
   10294       2.000     -7.500
   10295       2.500    -18.000
   10296       2.000     -8.000
   10297       2.000     -8.500
   10298       2.500    -18.500
   10299       2.000     -9.000
   10300       2.500    -19.000
   10301       2.000     -9.500
   10302       2.000    -10.000
   10303       2.500    -19.500
   10304       2.000    -10.500
   10305       2.000    -11.000
   10306       2.500    -20.000
   10307       2.000    -11.500
   10308       2.500    -20.500
   10309       2.000    -12.000
   10310       2.000    -12.500
   10311       2.500    -21.000
   10312       2.000    -13.000
   10313       2.500    -21.500
   10314       2.000    -13.500
   10315       2.000    -14.000
   10316       2.500    -22.000
   10317       2.000    -14.500
   10318       2.500    -22.500
   10319       2.000    -15.000
   10320       1.500      0.300
   10321       1.500      0.006
   10322       1.500     -0.294
   10323       1.500     -0.599
   10324       1.500     -0.908
   10325       1.500     -1.220
   10326       1.500     -1.535
   10327       2.000    -15.500
   10328       2.500    -23.000
   10329       1.500     -1.850
   10330       1.500     -2.165
   10331       1.500     -2.480
   10332       1.500     -2.792
   10333       1.500     -3.101
   10334       2.000    -16.000
   10335       1.500     -3.406
   10336       1.500     -3.706
   10337       2.500    -23.500
   10338       1.500     -4.000
   10339       2.000    -16.500
   10340       1.500     -4.500
   10341       1.500     -5.000
   10342       2.500    -24.000
   10343       1.500     -5.500
   10344       2.000    -17.000
   10345       1.500     -6.000
   10346       1.500     -6.500
   10347       2.000    -17.500
   10348       1.500     -7.000
   10349       1.500     -7.500
   10350       2.000    -18.000
   10351       1.500     -8.000
   10352       1.500     -8.500
   10353       2.000    -18.500
   10354       1.500     -9.000
   10355       2.000    -19.000
   10356       1.500     -9.500
   10357       1.500    -10.000
   10358       2.000    -19.500
   10359       1.500    -10.500
   10360       1.500    -11.000
   10361       2.000    -20.000
   10362       1.500    -11.500
   10363       2.000    -20.500
   10364       1.500    -12.000
   10365       1.500    -12.500
   10366       2.000    -21.000
   10367       1.500    -13.000
   10368       2.000    -21.500
   10369       1.500    -13.500
   10370       1.500    -14.000
   10371       2.000    -22.000
   10372       1.500    -14.500
   10373       2.000    -22.500
   10374       1.500    -15.000
   10375       1.000      0.200
   10376       1.000     -0.090
   10377       1.000     -0.385
   10378       1.000     -0.684
   10379       1.000     -0.985
   10380       1.000     -1.289
   10381       1.000     -1.594
   10382       1.500    -15.500
   10383       2.000    -23.000
   10384       1.000     -1.900
   10385       1.000     -2.206
   10386       1.000     -2.511
   10387       1.000     -2.815
   10388       1.000     -3.116
   10389       1.500    -16.000
   10390       1.000     -3.415
   10391       2.000    -23.500
   10392       1.000     -3.710
   10393       1.000     -4.000
   10394       1.500    -16.500
   10395       1.000     -4.500
   10396       1.000     -5.000
   10397       2.000    -24.000
   10398       1.000     -5.500
   10399       1.500    -17.000
   10400       1.000     -6.000
   10401       1.000     -6.500
   10402       1.500    -17.500
   10403       1.000     -7.000
   10404       1.000     -7.500
   10405       1.500    -18.000
   10406       1.000     -8.000
   10407       1.000     -8.500
   10408       1.500    -18.500
   10409       1.000     -9.000
   10410       1.500    -19.000
   10411       1.000     -9.500
   10412       1.000    -10.000
   10413       1.500    -19.500
   10414       1.000    -10.500
   10415       1.000    -11.000
   10416       1.500    -20.000
   10417       1.000    -11.500
   10418       1.500    -20.500
   10419       1.000    -12.000
   10420       1.000    -12.500
   10421       1.500    -21.000
   10422       1.000    -13.000
   10423       1.500    -21.500
   10424       1.000    -13.500
   10425       1.000    -14.000
   10426       1.500    -22.000
   10427       1.000    -14.500
   10428       1.500    -22.500
   10429       1.000    -15.000
   10430       0.500      0.100
   10431       0.500     -0.188
   10432       0.500     -0.478
   10433       0.500     -0.770
   10434       0.500     -1.063
   10435       0.500     -1.358
   10436       1.500    -23.000
   10437       1.000    -15.500
   10438       0.500     -1.654
   10439       0.500     -1.950
   10440       0.500     -2.246
   10441       0.500     -2.542
   10442       0.500     -2.837
   10443       1.000    -16.000
   10444       0.500     -3.130
   10445       0.500     -3.422
   10446       1.500    -23.500
   10447       0.500     -3.712
   10448       0.500     -4.000
   10449       1.000    -16.500
   10450       0.500     -4.500
   10451       0.500     -5.000
   10452       1.500    -24.000
   10453       0.500     -5.500
   10454       1.000    -17.000
   10455       0.500     -6.000
   10456       0.500     -6.500
   10457       1.000    -17.500
   10458       0.500     -7.000
   10459       0.500     -7.500
   10460       1.000    -18.000
   10461       0.500     -8.000
   10462       0.500     -8.500
   10463       1.000    -18.500
   10464       0.500     -9.000
   10465       1.000    -19.000
   10466       0.500     -9.500
   10467       0.500    -10.000
   10468       1.000    -19.500
   10469       0.500    -10.500
   10470       0.500    -11.000
   10471       1.000    -20.000
   10472       0.500    -11.500
   10473       1.000    -20.500
   10474       0.500    -12.000
   10475       0.500    -12.500
   10476       1.000    -21.000
   10477       0.500    -13.000
   10478       1.000    -21.500
   10479       0.500    -13.500
   10480       0.500    -14.000
   10481       1.000    -22.000
   10482       0.500    -14.500
   10483       1.000    -22.500
   10484       0.500    -15.000
   10485       0.000      0.000
   10486       0.000     -0.286
   10487       0.000     -0.571
   10488       0.000     -0.857
   10489       0.000     -1.143
   10490       0.000     -1.429
   10491       1.000    -23.000
   10492       0.500    -15.500
   10493       0.000     -1.714
   10494       0.000     -2.000
   10495       0.000     -2.286
   10496       0.000     -2.571
   10497       0.000     -2.857
   10498       0.500    -16.000
   10499       0.000     -3.143
   10500       0.000     -3.429
   10501       1.000    -23.500
   10502       0.000     -3.714
   10503       0.000     -4.000
   10504       0.500    -16.500
   10505       0.000     -4.500
   10506       0.000     -5.000
   10507       1.000    -24.000
   10508       0.000     -5.500
   10509       0.500    -17.000
   10510       0.000     -6.000
   10511       0.000     -6.500
   10512       0.500    -17.500
   10513       0.000     -7.000
   10514       0.000     -7.500
   10515       0.500    -18.000
   10516       0.000     -8.000
   10517       0.000     -8.500
   10518       0.500    -18.500
   10519       0.000     -9.000
   10520       0.500    -19.000
   10521       0.000     -9.500
   10522       0.000    -10.000
   10523       0.500    -19.500
   10524       0.000    -10.500
   10525       0.000    -11.000
   10526       0.500    -20.000
   10527       0.000    -11.500
   10528       0.500    -20.500
   10529       0.000    -12.000
   10530       0.000    -12.500
   10531       0.500    -21.000
   10532       0.000    -13.000
   10533       0.500    -21.500
   10534       0.000    -13.500
   10535      -0.436      0.000
   10536      -0.436     -0.286
   10537       0.000    -14.000
   10538      -0.436     -0.571
   10539       0.500    -22.000
   10540      -0.436     -0.857
   10541      -0.436     -1.143
   10542      -0.436     -1.429
   10543      -0.436     -1.714
   10544      -0.436     -2.000
   10545       0.000    -14.500
   10546      -0.436     -2.286
   10547      -0.436     -2.571
   10548      -0.436     -2.857
   10549       0.500    -22.500
   10550      -0.436     -3.143
   10551      -0.436     -3.429
   10552       0.000    -15.000
   10553      -0.436     -3.714
   10554      -0.436     -4.000
   10555      -0.436     -4.500
   10556       0.500    -23.000
   10557       0.000    -15.500
   10558      -0.436     -5.000
   10559      -0.436     -5.500
   10560       0.000    -16.000
   10561      -0.436     -6.000
   10562       0.500    -23.500
   10563      -0.436     -6.500
   10564       0.000    -16.500
   10565      -0.436     -7.000
   10566       0.500    -24.000
   10567      -0.436     -7.500
   10568       0.000    -17.000
   10569      -0.436     -8.000
   10570      -0.436     -8.500
   10571       0.000    -17.500
   10572      -0.436     -9.000
   10573       0.000    -18.000
   10574      -0.436     -9.500
   10575      -0.436    -10.000
   10576       0.000    -18.500
   10577      -0.436    -10.500
   10578       0.000    -19.000
   10579      -0.436    -11.000
   10580      -0.436    -11.500
   10581       0.000    -19.500
   10582      -0.436    -12.000
   10583       0.000    -20.000
   10584      -0.436    -12.500
   10585      -0.436    -13.000
   10586       0.000    -20.500
   10587      -0.436    -13.500
   10588       0.000    -21.000
   10589      -0.873      0.000
   10590      -0.436    -14.000
   10591      -0.873     -0.286
   10592      -0.873     -0.571
   10593      -0.873     -0.857
   10594      -0.873     -1.143
   10595      -0.873     -1.429
   10596      -0.873     -1.714
   10597      -0.436    -14.500
   10598      -0.873     -2.000
   10599       0.000    -21.500
   10600      -0.873     -2.286
   10601      -0.873     -2.571
   10602      -0.873     -2.857
   10603      -0.873     -3.143
   10604      -0.436    -15.000
   10605      -0.873     -3.429
   10606      -0.873     -3.714
   10607       0.000    -22.000
   10608      -0.873     -4.000
   10609      -0.873     -4.500
   10610      -0.436    -15.500
   10611      -0.873     -5.000
   10612       0.000    -22.500
   10613      -0.873     -5.500
   10614      -0.436    -16.000
   10615      -0.873     -6.000
   10616      -0.873     -6.500
   10617      -0.436    -16.500
   10618       0.000    -23.000
   10619      -0.873     -7.000
   10620      -0.873     -7.500
   10621      -0.436    -17.000
   10622      -0.873     -8.000
   10623       0.000    -23.500
   10624      -0.436    -17.500
   10625      -0.873     -8.500
   10626      -0.873     -9.000
   10627       0.000    -24.000
   10628      -0.436    -18.000
   10629      -0.873     -9.500
   10630      -0.873    -10.000
   10631      -0.436    -18.500
   10632      -0.873    -10.500
   10633      -0.436    -19.000
   10634      -0.873    -11.000
   10635      -0.873    -11.500
   10636      -0.436    -19.500
   10637      -0.873    -12.000
   10638      -0.436    -20.000
   10639      -0.873    -12.500
   10640      -0.873    -13.000
   10641      -0.436    -20.500
   10642      -0.873    -13.500
   10643      -0.436    -21.000
   10644      -0.873    -14.000
   10645      -1.316      0.000
   10646      -1.316     -0.286
   10647      -1.316     -0.571
   10648      -1.316     -0.857
   10649      -1.316     -1.143
   10650      -1.316     -1.429
   10651      -0.873    -14.500
   10652      -1.316     -1.714
   10653      -0.436    -21.500
   10654      -1.316     -2.000
   10655      -1.316     -2.286
   10656      -1.316     -2.571
   10657      -1.316     -2.857
   10658      -0.873    -15.000
   10659      -1.316     -3.143
   10660      -1.316     -3.429
   10661      -0.436    -22.000
   10662      -1.316     -3.714
   10663      -1.316     -4.000
   10664      -0.873    -15.500
   10665      -1.316     -4.500
   10666      -1.316     -5.000
   10667      -0.436    -22.500
   10668      -0.873    -16.000
   10669      -1.316     -5.500
   10670      -1.316     -6.000
   10671      -0.873    -16.500
   10672      -1.316     -6.500
   10673      -0.436    -23.000
   10674      -1.316     -7.000
   10675      -0.873    -17.000
   10676      -1.316     -7.500
   10677      -0.436    -23.500
   10678      -1.316     -8.000
   10679      -0.873    -17.500
   10680      -1.316     -8.500
   10681      -0.436    -24.000
   10682      -1.316     -9.000
   10683      -0.873    -18.000
   10684      -1.316     -9.500
   10685      -0.873    -18.500
   10686      -1.316    -10.000
   10687      -1.316    -10.500
   10688      -0.873    -19.000
   10689      -1.316    -11.000
   10690      -1.316    -11.500
   10691      -0.873    -19.500
   10692      -1.316    -12.000
   10693      -0.873    -20.000
   10694      -1.316    -12.500
   10695      -1.316    -13.000
   10696      -0.873    -20.500
   10697      -1.316    -13.500
   10698      -0.873    -21.000
   10699      -1.316    -14.000
   10700      -1.764      0.000
   10701      -1.764     -0.286
   10702      -1.764     -0.571
   10703      -1.764     -0.857
   10704      -0.873    -21.500
   10705      -1.764     -1.143
   10706      -1.316    -14.500
   10707      -1.764     -1.429
   10708      -1.764     -1.714
   10709      -1.764     -2.000
   10710      -1.764     -2.286
   10711      -1.764     -2.571
   10712      -1.316    -15.000
   10713      -1.764     -2.857
   10714      -0.873    -22.000
   10715      -1.764     -3.143
   10716      -1.764     -3.429
   10717      -1.764     -3.714
   10718      -1.764     -4.000
   10719      -1.316    -15.500
   10720      -1.764     -4.500
   10721      -0.873    -22.500
   10722      -1.764     -5.000
   10723      -1.316    -16.000
   10724      -1.764     -5.500
   10725      -1.764     -6.000
   10726      -0.873    -23.000
   10727      -1.316    -16.500
   10728      -1.764     -6.500
   10729      -1.764     -7.000
   10730      -1.316    -17.000
   10731      -0.873    -23.500
   10732      -1.764     -7.500
   10733      -1.764     -8.000
   10734      -1.316    -17.500
   10735      -1.764     -8.500
   10736      -0.873    -24.000
   10737      -1.316    -18.000
   10738      -1.764     -9.000
   10739      -1.764     -9.500
   10740      -1.316    -18.500
   10741      -1.764    -10.000
   10742      -1.764    -10.500
   10743      -1.316    -19.000
   10744      -1.764    -11.000
   10745      -1.316    -19.500
   10746      -1.764    -11.500
   10747      -1.764    -12.000
   10748      -1.316    -20.000
   10749      -1.764    -12.500
   10750      -1.316    -20.500
   10751      -1.764    -13.000
   10752      -1.764    -13.500
   10753      -1.316    -21.000
   10754      -1.764    -14.000
   10755      -1.316    -21.500
   10756      -2.221      0.000
   10757      -2.221     -0.286
   10758      -1.764    -14.500
   10759      -2.221     -0.571
   10760      -2.221     -0.857
   10761      -2.221     -1.143
   10762      -2.221     -1.429
   10763      -2.221     -1.714
   10764      -2.221     -2.000
   10765      -1.316    -22.000
   10766      -1.764    -15.000
   10767      -2.221     -2.286
   10768      -2.221     -2.571
   10769      -2.221     -2.857
   10770      -2.221     -3.143
   10771      -2.221     -3.429
   10772      -1.764    -15.500
   10773      -2.221     -3.714
   10774      -2.221     -4.000
   10775      -1.316    -22.500
   10776      -2.221     -4.500
   10777      -1.764    -16.000
   10778      -2.221     -5.000
   10779      -2.221     -5.500
   10780      -1.316    -23.000
   10781      -1.764    -16.500
   10782      -2.221     -6.000
   10783      -2.221     -6.500
   10784      -1.316    -23.500
   10785      -1.764    -17.000
   10786      -2.221     -7.000
   10787      -2.221     -7.500
   10788      -1.764    -17.500
   10789      -2.221     -8.000
   10790      -1.316    -24.000
   10791      -2.221     -8.500
   10792      -1.764    -18.000
   10793      -2.221     -9.000
   10794      -2.221     -9.500
   10795      -1.764    -18.500
   10796      -2.221    -10.000
   10797      -1.764    -19.000
   10798      -2.221    -10.500
   10799      -2.221    -11.000
   10800      -1.764    -19.500
   10801      -2.221    -11.500
   10802      -1.764    -20.000
   10803      -2.221    -12.000
   10804      -2.221    -12.500
   10805      -1.764    -20.500
   10806      -2.221    -13.000
   10807      -1.764    -21.000
   10808      -2.221    -13.500
   10809      -2.221    -14.000
   10810      -1.764    -21.500
   10811      -2.221    -14.500
   10812      -2.690      0.000
   10813      -2.690     -0.286
   10814      -2.690     -0.571
   10815      -2.690     -0.857
   10816      -1.764    -22.000
   10817      -2.690     -1.143
   10818      -2.690     -1.429
   10819      -2.221    -15.000
   10820      -2.690     -1.714
   10821      -2.690     -2.000
   10822      -2.690     -2.286
   10823      -2.690     -2.571
   10824      -2.690     -2.857
   10825      -2.221    -15.500
   10826      -1.764    -22.500
   10827      -2.690     -3.143
   10828      -2.690     -3.429
   10829      -2.690     -3.714
   10830      -2.690     -4.000
   10831      -2.221    -16.000
   10832      -2.690     -4.500
   10833      -1.764    -23.000
   10834      -2.690     -5.000
   10835      -2.221    -16.500
   10836      -2.690     -5.500
   10837      -2.690     -6.000
   10838      -1.764    -23.500
   10839      -2.690     -6.500
   10840      -2.221    -17.000
   10841      -2.690     -7.000
   10842      -1.764    -24.000
   10843      -2.221    -17.500
   10844      -2.690     -7.500
   10845      -2.690     -8.000
   10846      -2.221    -18.000
   10847      -2.690     -8.500
   10848      -2.690     -9.000
   10849      -2.221    -18.500
   10850      -2.690     -9.500
   10851      -2.690    -10.000
   10852      -2.221    -19.000
   10853      -2.690    -10.500
   10854      -2.221    -19.500
   10855      -2.690    -11.000
   10856      -2.690    -11.500
   10857      -2.221    -20.000
   10858      -2.690    -12.000
   10859      -2.221    -20.500
   10860      -2.690    -12.500
   10861      -2.690    -13.000
   10862      -2.221    -21.000
   10863      -2.690    -13.500
   10864      -2.221    -21.500
   10865      -2.690    -14.000
   10866      -2.690    -14.500
   10867      -2.221    -22.000
   10868      -3.172      0.000
   10869      -3.172     -0.286
   10870      -2.690    -15.000
   10871      -3.172     -0.571
   10872      -3.172     -0.857
   10873      -3.172     -1.143
   10874      -3.172     -1.429
   10875      -2.221    -22.500
   10876      -3.172     -1.714
   10877      -3.172     -2.000
   10878      -3.172     -2.286
   10879      -2.690    -15.500
   10880      -3.172     -2.571
   10881      -3.172     -2.857
   10882      -3.172     -3.143
   10883      -3.172     -3.429
   10884      -2.221    -23.000
   10885      -3.172     -3.714
   10886      -2.690    -16.000
   10887      -3.172     -4.000
   10888      -3.172     -4.500
   10889      -2.690    -16.500
   10890      -3.172     -5.000
   10891      -2.221    -23.500
   10892      -3.172     -5.500
   10893      -3.172     -6.000
   10894      -2.690    -17.000
   10895      -3.172     -6.500
   10896      -2.221    -24.000
   10897      -3.172     -7.000
   10898      -2.690    -17.500
   10899      -3.172     -7.500
   10900      -2.690    -18.000
   10901      -3.172     -8.000
   10902      -3.172     -8.500
   10903      -2.690    -18.500
   10904      -3.172     -9.000
   10905      -3.172     -9.500
   10906      -2.690    -19.000
   10907      -3.172    -10.000
   10908      -3.172    -10.500
   10909      -2.690    -19.500
   10910      -3.172    -11.000
   10911      -2.690    -20.000
   10912      -3.172    -11.500
   10913      -3.172    -12.000
   10914      -2.690    -20.500
   10915      -3.172    -12.500
   10916      -2.690    -21.000
   10917      -3.172    -13.000
   10918      -3.172    -13.500
   10919      -2.690    -21.500
   10920      -3.172    -14.000
   10921      -2.690    -22.000
   10922      -3.172    -14.500
   10923      -3.172    -15.000
   10924      -2.690    -22.500
   10925      -3.670      0.000
   10926      -3.670     -0.286
   10927      -3.670     -0.571
   10928      -3.670     -0.857
   10929      -3.670     -1.143
   10930      -3.172    -15.500
   10931      -3.670     -1.429
   10932      -3.670     -1.714
   10933      -3.670     -2.000
   10934      -2.690    -23.000
   10935      -3.670     -2.286
   10936      -3.670     -2.571
   10937      -3.670     -2.857
   10938      -3.172    -16.000
   10939      -3.670     -3.143
   10940      -3.670     -3.429
   10941      -3.670     -3.714
   10942      -2.690    -23.500
   10943      -3.670     -4.000
   10944      -3.172    -16.500
   10945      -3.670     -4.500
   10946      -3.670     -5.000
   10947      -3.172    -17.000
   10948      -3.670     -5.500
   10949      -2.690    -24.000
   10950      -3.670     -6.000
   10951      -3.172    -17.500
   10952      -3.670     -6.500
   10953      -3.670     -7.000
   10954      -3.172    -18.000
   10955      -3.670     -7.500
   10956      -3.670     -8.000
   10957      -3.172    -18.500
   10958      -3.670     -8.500
   10959      -3.670     -9.000
   10960      -3.172    -19.000
   10961      -3.670     -9.500
   10962      -3.670    -10.000
   10963      -3.172    -19.500
   10964      -3.670    -10.500
   10965      -3.172    -20.000
   10966      -3.670    -11.000
   10967      -3.670    -11.500
   10968      -3.172    -20.500
   10969      -3.670    -12.000
   10970      -3.670    -12.500
   10971      -3.172    -21.000
   10972      -3.670    -13.000
   10973      -3.172    -21.500
   10974      -3.670    -13.500
   10975      -3.172    -22.000
   10976      -3.670    -14.000
   10977      -3.670    -14.500
   10978      -3.172    -22.500
   10979      -3.670    -15.000
   10980      -3.172    -23.000
   10981      -3.670    -15.500
   10982      -4.188      0.000
   10983      -4.188     -0.286
   10984      -4.188     -0.571
   10985      -4.188     -0.857
   10986      -4.188     -1.143
   10987      -4.188     -1.429
   10988      -4.188     -1.714
   10989      -3.670    -16.000
   10990      -4.188     -2.000
   10991      -3.172    -23.500
   10992      -4.188     -2.286
   10993      -4.188     -2.571
   10994      -4.188     -2.857
   10995      -4.188     -3.143
   10996      -3.670    -16.500
   10997      -4.188     -3.429
   10998      -4.188     -3.714
   10999      -4.188     -4.000
   11000      -3.172    -24.000
   11001      -4.188     -4.500
   11002      -3.670    -17.000
   11003      -4.188     -5.000
   11004      -4.188     -5.500
   11005      -3.670    -17.500
   11006      -4.188     -6.000
   11007      -4.188     -6.500
   11008      -3.670    -18.000
   11009      -4.188     -7.000
   11010      -4.188     -7.500
   11011      -3.670    -18.500
   11012      -4.188     -8.000
   11013      -4.188     -8.500
   11014      -3.670    -19.000
   11015      -4.188     -9.000
   11016      -4.188     -9.500
   11017      -3.670    -19.500
   11018      -4.188    -10.000
   11019      -3.670    -20.000
   11020      -4.188    -10.500
   11021      -4.188    -11.000
   11022      -3.670    -20.500
   11023      -4.188    -11.500
   11024      -4.188    -12.000
   11025      -3.670    -21.000
   11026      -4.188    -12.500
   11027      -3.670    -21.500
   11028      -4.188    -13.000
   11029      -4.188    -13.500
   11030      -3.670    -22.000
   11031      -4.188    -14.000
   11032      -3.670    -22.500
   11033      -4.188    -14.500
   11034      -4.188    -15.000
   11035      -3.670    -23.000
   11036      -4.188    -15.500
   11037      -3.670    -23.500
   11038      -4.729      0.000
   11039      -4.188    -16.000
   11040      -4.729     -0.286
   11041      -4.729     -0.571
   11042      -4.729     -0.857
   11043      -4.729     -1.143
   11044      -4.729     -1.429
   11045      -4.729     -1.714
   11046      -3.670    -24.000
   11047      -4.729     -2.000
   11048      -4.188    -16.500
   11049      -4.729     -2.286
   11050      -4.729     -2.571
   11051      -4.729     -2.857
   11052      -4.729     -3.143
   11053      -4.729     -3.429
   11054      -4.188    -17.000
   11055      -4.729     -3.714
   11056      -4.729     -4.000
   11057      -4.729     -4.500
   11058      -4.188    -17.500
   11059      -4.729     -5.000
   11060      -4.729     -5.500
   11061      -4.729     -6.000
   11062      -4.188    -18.000
   11063      -4.729     -6.500
   11064      -4.729     -7.000
   11065      -4.188    -18.500
   11066      -4.729     -7.500
   11067      -4.729     -8.000
   11068      -4.188    -19.000
   11069      -4.729     -8.500
   11070      -4.188    -19.500
   11071      -4.729     -9.000
   11072      -4.729     -9.500
   11073      -4.188    -20.000
   11074      -4.729    -10.000
   11075      -4.729    -10.500
   11076      -4.188    -20.500
   11077      -4.729    -11.000
   11078      -4.729    -11.500
   11079      -4.188    -21.000
   11080      -4.729    -12.000
   11081      -4.188    -21.500
   11082      -4.729    -12.500
   11083      -4.729    -13.000
   11084      -4.188    -22.000
   11085      -4.729    -13.500
   11086      -4.188    -22.500
   11087      -4.729    -14.000
   11088      -4.729    -14.500
   11089      -4.188    -23.000
   11090      -4.729    -15.000
   11091      -4.188    -23.500
   11092      -4.729    -15.500
   11093      -4.729    -16.000
   11094      -4.188    -24.000
   11095      -5.296      0.000
   11096      -4.729    -16.500
   11097      -5.296     -0.286
   11098      -5.296     -0.571
   11099      -5.296     -0.857
   11100      -5.296     -1.143
   11101      -5.296     -1.429
   11102      -5.296     -1.714
   11103      -5.296     -2.000
   11104      -4.729    -17.000
   11105      -5.296     -2.286
   11106      -5.296     -2.571
   11107      -5.296     -2.857
   11108      -5.296     -3.143
   11109      -5.296     -3.429
   11110      -5.296     -3.714
   11111      -4.729    -17.500
   11112      -5.296     -4.000
   11113      -5.296     -4.500
   11114      -5.296     -5.000
   11115      -4.729    -18.000
   11116      -5.296     -5.500
   11117      -5.296     -6.000
   11118      -4.729    -18.500
   11119      -5.296     -6.500
   11120      -5.296     -7.000
   11121      -4.729    -19.000
   11122      -5.296     -7.500
   11123      -5.296     -8.000
   11124      -4.729    -19.500
   11125      -5.296     -8.500
   11126      -5.296     -9.000
   11127      -4.729    -20.000
   11128      -5.296     -9.500
   11129      -5.296    -10.000
   11130      -4.729    -20.500
   11131      -5.296    -10.500
   11132      -4.729    -21.000
   11133      -5.296    -11.000
   11134      -5.296    -11.500
   11135      -4.729    -21.500
   11136      -5.296    -12.000
   11137      -5.296    -12.500
   11138      -4.729    -22.000
   11139      -5.296    -13.000
   11140      -4.729    -22.500
   11141      -5.296    -13.500
   11142      -5.296    -14.000
   11143      -4.729    -23.000
   11144      -5.296    -14.500
   11145      -4.729    -23.500
   11146      -5.296    -15.000
   11147      -5.296    -15.500
   11148      -4.729    -24.000
   11149      -5.296    -16.000
   11150      -5.296    -16.500
   11151      -5.893      0.000
   11152      -5.296    -17.000
   11153      -5.893     -0.286
   11154      -5.893     -0.571
   11155      -5.893     -0.857
   11156      -5.893     -1.143
   11157      -5.893     -1.429
   11158      -5.893     -1.714
   11159      -5.893     -2.000
   11160      -5.296    -17.500
   11161      -5.893     -2.286
   11162      -5.893     -2.571
   11163      -5.893     -2.857
   11164      -5.893     -3.143
   11165      -5.893     -3.429
   11166      -5.296    -18.000
   11167      -5.893     -3.714
   11168      -5.893     -4.000
   11169      -5.893     -4.500
   11170      -5.893     -5.000
   11171      -5.296    -18.500
   11172      -5.893     -5.500
   11173      -5.893     -6.000
   11174      -5.296    -19.000
   11175      -5.893     -6.500
   11176      -5.893     -7.000
   11177      -5.296    -19.500
   11178      -5.893     -7.500
   11179      -5.893     -8.000
   11180      -5.296    -20.000
   11181      -5.893     -8.500
   11182      -5.893     -9.000
   11183      -5.296    -20.500
   11184      -5.893     -9.500
   11185      -5.893    -10.000
   11186      -5.296    -21.000
   11187      -5.893    -10.500
   11188      -5.893    -11.000
   11189      -5.296    -21.500
   11190      -5.893    -11.500
   11191      -5.296    -22.000
   11192      -5.893    -12.000
   11193      -5.893    -12.500
   11194      -5.296    -22.500
   11195      -5.893    -13.000
   11196      -5.296    -23.000
   11197      -5.893    -13.500
   11198      -5.893    -14.000
   11199      -5.296    -23.500
   11200      -5.893    -14.500
   11201      -5.296    -24.000
   11202      -5.893    -15.000
   11203      -5.893    -15.500
   11204      -5.893    -16.000
   11205      -5.893    -16.500
   11206      -5.893    -17.000
   11207      -5.893    -17.500
   11208      -6.526      0.000
   11209      -6.526     -0.286
   11210      -6.526     -0.571
   11211      -6.526     -0.857
   11212      -6.526     -1.143
   11213      -6.526     -1.429
   11214      -6.526     -1.714
   11215      -5.893    -18.000
   11216      -6.526     -2.000
   11217      -6.526     -2.286
   11218      -6.526     -2.571
   11219      -6.526     -2.857
   11220      -6.526     -3.143
   11221      -6.526     -3.429
   11222      -5.893    -18.500
   11223      -6.526     -3.714
   11224      -6.526     -4.000
   11225      -6.526     -4.500
   11226      -5.893    -19.000
   11227      -6.526     -5.000
   11228      -6.526     -5.500
   11229      -6.526     -6.000
   11230      -5.893    -19.500
   11231      -6.526     -6.500
   11232      -6.526     -7.000
   11233      -5.893    -20.000
   11234      -6.526     -7.500
   11235      -6.526     -8.000
   11236      -5.893    -20.500
   11237      -6.526     -8.500
   11238      -6.526     -9.000
   11239      -5.893    -21.000
   11240      -6.526     -9.500
   11241      -6.526    -10.000
   11242      -5.893    -21.500
   11243      -6.526    -10.500
   11244      -6.526    -11.000
   11245      -5.893    -22.000
   11246      -6.526    -11.500
   11247      -5.893    -22.500
   11248      -6.526    -12.000
   11249      -6.526    -12.500
   11250      -5.893    -23.000
   11251      -6.526    -13.000
   11252      -5.893    -23.500
   11253      -6.526    -13.500
   11254      -6.526    -14.000
   11255      -5.893    -24.000
   11256      -6.526    -14.500
   11257      -6.526    -15.000
   11258      -6.526    -15.500
   11259      -6.526    -16.000
   11260      -6.526    -16.500
   11261      -6.526    -17.000
   11262      -6.526    -17.500
   11263      -6.526    -18.000
   11264      -7.198      0.000
   11265      -7.198     -0.286
   11266      -7.198     -0.571
   11267      -7.198     -0.857
   11268      -6.526    -18.500
   11269      -7.198     -1.143
   11270      -7.198     -1.429
   11271      -7.198     -1.714
   11272      -7.198     -2.000
   11273      -7.198     -2.286
   11274      -7.198     -2.571
   11275      -7.198     -2.857
   11276      -6.526    -19.000
   11277      -7.198     -3.143
   11278      -7.198     -3.429
   11279      -7.198     -3.714
   11280      -7.198     -4.000
   11281      -7.198     -4.500
   11282      -6.526    -19.500
   11283      -7.198     -5.000
   11284      -7.198     -5.500
   11285      -6.526    -20.000
   11286      -7.198     -6.000
   11287      -7.198     -6.500
   11288      -6.526    -20.500
   11289      -7.198     -7.000
   11290      -7.198     -7.500
   11291      -7.198     -8.000
   11292      -6.526    -21.000
   11293      -7.198     -8.500
   11294      -7.198     -9.000
   11295      -6.526    -21.500
   11296      -7.198     -9.500
   11297      -7.198    -10.000
   11298      -6.526    -22.000
   11299      -7.198    -10.500
   11300      -6.526    -22.500
   11301      -7.198    -11.000
   11302      -7.198    -11.500
   11303      -6.526    -23.000
   11304      -7.198    -12.000
   11305      -7.198    -12.500
   11306      -6.526    -23.500
   11307      -7.198    -13.000
   11308      -6.526    -24.000
   11309      -7.198    -13.500
   11310      -7.198    -14.000
   11311      -7.198    -14.500
   11312      -7.198    -15.000
   11313      -7.198    -15.500
   11314      -7.198    -16.000
   11315      -7.198    -16.500
   11316      -7.198    -17.000
   11317      -7.198    -17.500
   11318      -7.198    -18.000
   11319      -7.198    -18.500
   11320      -7.198    -19.000
   11321      -7.916      0.000
   11322      -7.916     -0.286
   11323      -7.916     -0.571
   11324      -7.916     -0.857
   11325      -7.916     -1.143
   11326      -7.916     -1.429
   11327      -7.916     -1.714
   11328      -7.916     -2.000
   11329      -7.198    -19.500
   11330      -7.916     -2.286
   11331      -7.916     -2.571
   11332      -7.916     -2.857
   11333      -7.916     -3.143
   11334      -7.916     -3.429
   11335      -7.916     -3.714
   11336      -7.198    -20.000
   11337      -7.916     -4.000
   11338      -7.916     -4.500
   11339      -7.916     -5.000
   11340      -7.198    -20.500
   11341      -7.916     -5.500
   11342      -7.916     -6.000
   11343      -7.916     -6.500
   11344      -7.198    -21.000
   11345      -7.916     -7.000
   11346      -7.916     -7.500
   11347      -7.198    -21.500
   11348      -7.916     -8.000
   11349      -7.916     -8.500
   11350      -7.198    -22.000
   11351      -7.916     -9.000
   11352      -7.916     -9.500
   11353      -7.198    -22.500
   11354      -7.916    -10.000
   11355      -7.916    -10.500
   11356      -7.198    -23.000
   11357      -7.916    -11.000
   11358      -7.916    -11.500
   11359      -7.198    -23.500
   11360      -7.916    -12.000
   11361      -7.198    -24.000
   11362      -7.916    -12.500
   11363      -7.916    -13.000
   11364      -7.916    -13.500
   11365      -7.916    -14.000
   11366      -7.916    -14.500
   11367      -7.916    -15.000
   11368      -7.916    -15.500
   11369      -7.916    -16.000
   11370      -7.916    -16.500
   11371      -7.916    -17.000
   11372      -7.916    -17.500
   11373      -7.916    -18.000
   11374      -7.916    -18.500
   11375      -7.916    -19.000
   11376      -7.916    -19.500
   11377      -8.687      0.000
   11378      -8.687     -0.286
   11379      -8.687     -0.571
   11380      -8.687     -0.857
   11381      -7.916    -20.000
   11382      -8.687     -1.143
   11383      -8.687     -1.429
   11384      -8.687     -1.714
   11385      -8.687     -2.000
   11386      -8.687     -2.286
   11387      -8.687     -2.571
   11388      -8.687     -2.857
   11389      -7.916    -20.500
   11390      -8.687     -3.143
   11391      -8.687     -3.429
   11392      -8.687     -3.714
   11393      -8.687     -4.000
   11394      -8.687     -4.500
   11395      -7.916    -21.000
   11396      -8.687     -5.000
   11397      -8.687     -5.500
   11398      -7.916    -21.500
   11399      -8.687     -6.000
   11400      -8.687     -6.500
   11401      -8.687     -7.000
   11402      -7.916    -22.000
   11403      -8.687     -7.500
   11404      -8.687     -8.000
   11405      -7.916    -22.500
   11406      -8.687     -8.500
   11407      -8.687     -9.000
   11408      -7.916    -23.000
   11409      -8.687     -9.500
   11410      -8.687    -10.000
   11411      -7.916    -23.500
   11412      -8.687    -10.500
   11413      -8.687    -11.000
   11414      -7.916    -24.000
   11415      -8.687    -11.500
   11416      -8.687    -12.000
   11417      -8.687    -12.500
   11418      -8.687    -13.000
   11419      -8.687    -13.500
   11420      -8.687    -14.000
   11421      -8.687    -14.500
   11422      -8.687    -15.000
   11423      -8.687    -15.500
   11424      -8.687    -16.000
   11425      -8.687    -16.500
   11426      -8.687    -17.000
   11427      -8.687    -17.500
   11428      -8.687    -18.000
   11429      -8.687    -18.500
   11430      -8.687    -19.000
   11431      -8.687    -19.500
   11432      -8.687    -20.000
   11433      -8.687    -20.500
   11434      -9.518      0.000
   11435      -9.518     -0.286
   11436      -9.518     -0.571
   11437      -9.518     -0.857
   11438      -9.518     -1.143
   11439      -8.687    -21.000
   11440      -9.518     -1.429
   11441      -9.518     -1.714
   11442      -9.518     -2.000
   11443      -9.518     -2.286
   11444      -9.518     -2.571
   11445      -9.518     -2.857
   11446      -9.518     -3.143
   11447      -8.687    -21.500
   11448      -9.518     -3.429
   11449      -9.518     -3.714
   11450      -9.518     -4.000
   11451      -9.518     -4.500
   11452      -8.687    -22.000
   11453      -9.518     -5.000
   11454      -9.518     -5.500
   11455      -9.518     -6.000
   11456      -8.687    -22.500
   11457      -9.518     -6.500
   11458      -9.518     -7.000
   11459      -9.518     -7.500
   11460      -8.687    -23.000
   11461      -9.518     -8.000
   11462      -9.518     -8.500
   11463      -8.687    -23.500
   11464      -9.518     -9.000
   11465      -9.518     -9.500
   11466      -8.687    -24.000
   11467      -9.518    -10.000
   11468      -9.518    -10.500
   11469      -9.518    -11.000
   11470      -9.518    -11.500
   11471      -9.518    -12.000
   11472      -9.518    -12.500
   11473      -9.518    -13.000
   11474      -9.518    -13.500
   11475      -9.518    -14.000
   11476      -9.518    -14.500
   11477      -9.518    -15.000
   11478      -9.518    -15.500
   11479      -9.518    -16.000
   11480      -9.518    -16.500
   11481      -9.518    -17.000
   11482      -9.518    -17.500
   11483      -9.518    -18.000
   11484      -9.518    -18.500
   11485      -9.518    -19.000
   11486      -9.518    -19.500
   11487      -9.518    -20.000
   11488      -9.518    -20.500
   11489      -9.518    -21.000
   11490      -9.518    -21.500
   11491     -10.417      0.000
   11492     -10.417     -0.286
   11493     -10.417     -0.571
   11494     -10.417     -0.857
   11495     -10.417     -1.143
   11496      -9.518    -22.000
   11497     -10.417     -1.429
   11498     -10.417     -1.714
   11499     -10.417     -2.000
   11500     -10.417     -2.286
   11501     -10.417     -2.571
   11502     -10.417     -2.857
   11503     -10.417     -3.143
   11504      -9.518    -22.500
   11505     -10.417     -3.429
   11506     -10.417     -3.714
   11507     -10.417     -4.000
   11508     -10.417     -4.500
   11509     -10.417     -5.000
   11510      -9.518    -23.000
   11511     -10.417     -5.500
   11512     -10.417     -6.000
   11513      -9.518    -23.500
   11514     -10.417     -6.500
   11515     -10.417     -7.000
   11516     -10.417     -7.500
   11517      -9.518    -24.000
   11518     -10.417     -8.000
   11519     -10.417     -8.500
   11520     -10.417     -9.000
   11521     -10.417     -9.500
   11522     -10.417    -10.000
   11523     -10.417    -10.500
   11524     -10.417    -11.000
   11525     -10.417    -11.500
   11526     -10.417    -12.000
   11527     -10.417    -12.500
   11528     -10.417    -13.000
   11529     -10.417    -13.500
   11530     -10.417    -14.000
   11531     -10.417    -14.500
   11532     -10.417    -15.000
   11533     -10.417    -15.500
   11534     -10.417    -16.000
   11535     -10.417    -16.500
   11536     -10.417    -17.000
   11537     -10.417    -17.500
   11538     -10.417    -18.000
   11539     -10.417    -18.500
   11540     -10.417    -19.000
   11541     -10.417    -19.500
   11542     -10.417    -20.000
   11543     -10.417    -20.500
   11544     -10.417    -21.000
   11545     -10.417    -21.500
   11546     -10.417    -22.000
   11547     -10.417    -22.500
   11548     -11.396      0.000
   11549     -11.396     -0.286
   11550     -11.396     -0.571
   11551     -10.417    -23.000
   11552     -11.396     -0.857
   11553     -11.396     -1.143
   11554     -11.396     -1.429
   11555     -11.396     -1.714
   11556     -11.396     -2.000
   11557     -11.396     -2.286
   11558     -11.396     -2.571
   11559     -11.396     -2.857
   11560     -10.417    -23.500
   11561     -11.396     -3.143
   11562     -11.396     -3.429
   11563     -11.396     -3.714
   11564     -11.396     -4.000
   11565     -11.396     -4.500
   11566     -10.417    -24.000
   11567     -11.396     -5.000
   11568     -11.396     -5.500
   11569     -11.396     -6.000
   11570     -11.396     -6.500
   11571     -11.396     -7.000
   11572     -11.396     -7.500
   11573     -11.396     -8.000
   11574     -11.396     -8.500
   11575     -11.396     -9.000
   11576     -11.396     -9.500
   11577     -11.396    -10.000
   11578     -11.396    -10.500
   11579     -11.396    -11.000
   11580     -11.396    -11.500
   11581     -11.396    -12.000
   11582     -11.396    -12.500
   11583     -11.396    -13.000
   11584     -11.396    -13.500
   11585     -11.396    -14.000
   11586     -11.396    -14.500
   11587     -11.396    -15.000
   11588     -11.396    -15.500
   11589     -11.396    -16.000
   11590     -11.396    -16.500
   11591     -11.396    -17.000
   11592     -11.396    -17.500
   11593     -11.396    -18.000
   11594     -11.396    -18.500
   11595     -11.396    -19.000
   11596     -11.396    -19.500
   11597     -11.396    -20.000
   11598     -11.396    -20.500
   11599     -11.396    -21.000
   11600     -11.396    -21.500
   11601     -11.396    -22.000
   11602     -11.396    -22.500
   11603     -11.396    -23.000
   11604     -11.396    -23.500
   11605     -11.396    -24.000
   11606     -12.465      0.000
   11607     -12.465     -0.286
   11608     -12.465     -0.571
   11609     -12.465     -0.857
   11610     -12.465     -1.143
   11611     -12.465     -1.429
   11612     -12.465     -1.714
   11613     -12.465     -2.000
   11614     -12.465     -2.286
   11615     -12.465     -2.571
   11616     -12.465     -2.857
   11617     -12.465     -3.143
   11618     -12.465     -3.429
   11619     -12.465     -3.714
   11620     -12.465     -4.000
   11621     -12.465     -4.500
   11622     -12.465     -5.000
   11623     -12.465     -5.500
   11624     -12.465     -6.000
   11625     -12.465     -6.500
   11626     -12.465     -7.000
   11627     -12.465     -7.500
   11628     -12.465     -8.000
   11629     -12.465     -8.500
   11630     -12.465     -9.000
   11631     -12.465     -9.500
   11632     -12.465    -10.000
   11633     -12.465    -10.500
   11634     -12.465    -11.000
   11635     -12.465    -11.500
   11636     -12.465    -12.000
   11637     -12.465    -12.500
   11638     -12.465    -13.000
   11639     -12.465    -13.500
   11640     -12.465    -14.000
   11641     -12.465    -14.500
   11642     -12.465    -15.000
   11643     -12.465    -15.500
   11644     -12.465    -16.000
   11645     -12.465    -16.500
   11646     -12.465    -17.000
   11647     -12.465    -17.500
   11648     -12.465    -18.000
   11649     -12.465    -18.500
   11650     -12.465    -19.000
   11651     -12.465    -19.500
   11652     -12.465    -20.000
   11653     -12.465    -20.500
   11654     -12.465    -21.000
   11655     -12.465    -21.500
   11656     -12.465    -22.000
   11657     -12.465    -22.500
   11658     -12.465    -23.000
   11659     -12.465    -23.500
   11660     -12.465    -24.000
   11661     -13.638      0.000
   11662     -13.638     -0.286
   11663     -13.638     -0.571
   11664     -13.638     -0.857
   11665     -13.638     -1.143
   11666     -13.638     -1.429
   11667     -13.638     -1.714
   11668     -13.638     -2.000
   11669     -13.638     -2.286
   11670     -13.638     -2.571
   11671     -13.638     -2.857
   11672     -13.638     -3.143
   11673     -13.638     -3.429
   11674     -13.638     -3.714
   11675     -13.638     -4.000
   11676     -13.638     -4.500
   11677     -13.638     -5.000
   11678     -13.638     -5.500
   11679     -13.638     -6.000
   11680     -13.638     -6.500
   11681     -13.638     -7.000
   11682     -13.638     -7.500
   11683     -13.638     -8.000
   11684     -13.638     -8.500
   11685     -13.638     -9.000
   11686     -13.638     -9.500
   11687     -13.638    -10.000
   11688     -13.638    -10.500
   11689     -13.638    -11.000
   11690     -13.638    -11.500
   11691     -13.638    -12.000
   11692     -13.638    -12.500
   11693     -13.638    -13.000
   11694     -13.638    -13.500
   11695     -13.638    -14.000
   11696     -13.638    -14.500
   11697     -13.638    -15.000
   11698     -13.638    -15.500
   11699     -13.638    -16.000
   11700     -13.638    -16.500
   11701     -13.638    -17.000
   11702     -13.638    -17.500
   11703     -13.638    -18.000
   11704     -13.638    -18.500
   11705     -13.638    -19.000
   11706     -13.638    -19.500
   11707     -13.638    -20.000
   11708     -13.638    -20.500
   11709     -13.638    -21.000
   11710     -13.638    -21.500
   11711     -13.638    -22.000
   11712     -13.638    -22.500
   11713     -13.638    -23.000
   11714     -13.638    -23.500
   11715     -13.638    -24.000
   11716     -14.931      0.000
   11717     -14.931     -0.286
   11718     -14.931     -0.571
   11719     -14.931     -0.857
   11720     -14.931     -1.143
   11721     -14.931     -1.429
   11722     -14.931     -1.714
   11723     -14.931     -2.000
   11724     -14.931     -2.286
   11725     -14.931     -2.571
   11726     -14.931     -2.857
   11727     -14.931     -3.143
   11728     -14.931     -3.429
   11729     -14.931     -3.714
   11730     -14.931     -4.000
   11731     -14.931     -4.500
   11732     -14.931     -5.000
   11733     -14.931     -5.500
   11734     -14.931     -6.000
   11735     -14.931     -6.500
   11736     -14.931     -7.000
   11737     -14.931     -7.500
   11738     -14.931     -8.000
   11739     -14.931     -8.500
   11740     -14.931     -9.000
   11741     -14.931     -9.500
   11742     -14.931    -10.000
   11743     -14.931    -10.500
   11744     -14.931    -11.000
   11745     -14.931    -11.500
   11746     -14.931    -12.000
   11747     -14.931    -12.500
   11748     -14.931    -13.000
   11749     -14.931    -13.500
   11750     -14.931    -14.000
   11751     -14.931    -14.500
   11752     -14.931    -15.000
   11753     -14.931    -15.500
   11754     -14.931    -16.000
   11755     -14.931    -16.500
   11756     -14.931    -17.000
   11757     -14.931    -17.500
   11758     -14.931    -18.000
   11759     -14.931    -18.500
   11760     -14.931    -19.000
   11761     -14.931    -19.500
   11762     -14.931    -20.000
   11763     -14.931    -20.500
   11764     -14.931    -21.000
   11765     -14.931    -21.500
   11766     -14.931    -22.000
   11767     -14.931    -22.500
   11768     -14.931    -23.000
   11769     -14.931    -23.500
   11770     -14.931    -24.000
   11771     -16.363      0.000
   11772     -16.363     -0.286
   11773     -16.363     -0.571
   11774     -16.363     -0.857
   11775     -16.363     -1.143
   11776     -16.363     -1.429
   11777     -16.363     -1.714
   11778     -16.363     -2.000
   11779     -16.363     -2.286
   11780     -16.363     -2.571
   11781     -16.363     -2.857
   11782     -16.363     -3.143
   11783     -16.363     -3.429
   11784     -16.363     -3.714
   11785     -16.363     -4.000
   11786     -16.363     -4.500
   11787     -16.363     -5.000
   11788     -16.363     -5.500
   11789     -16.363     -6.000
   11790     -16.363     -6.500
   11791     -16.363     -7.000
   11792     -16.363     -7.500
   11793     -16.363     -8.000
   11794     -16.363     -8.500
   11795     -16.363     -9.000
   11796     -16.363     -9.500
   11797     -16.363    -10.000
   11798     -16.363    -10.500
   11799     -16.363    -11.000
   11800     -16.363    -11.500
   11801     -16.363    -12.000
   11802     -16.363    -12.500
   11803     -16.363    -13.000
   11804     -16.363    -13.500
   11805     -16.363    -14.000
   11806     -16.363    -14.500
   11807     -16.363    -15.000
   11808     -16.363    -15.500
   11809     -16.363    -16.000
   11810     -16.363    -16.500
   11811     -16.363    -17.000
   11812     -16.363    -17.500
   11813     -16.363    -18.000
   11814     -16.363    -18.500
   11815     -16.363    -19.000
   11816     -16.363    -19.500
   11817     -16.363    -20.000
   11818     -16.363    -20.500
   11819     -16.363    -21.000
   11820     -16.363    -21.500
   11821     -16.363    -22.000
   11822     -16.363    -22.500
   11823     -16.363    -23.000
   11824     -16.363    -23.500
   11825     -16.363    -24.000
   11826     -17.956      0.000
   11827     -17.956     -0.286
   11828     -17.956     -0.571
   11829     -17.956     -0.857
   11830     -17.956     -1.143
   11831     -17.956     -1.429
   11832     -17.956     -1.714
   11833     -17.956     -2.000
   11834     -17.956     -2.286
   11835     -17.956     -2.571
   11836     -17.956     -2.857
   11837     -17.956     -3.143
   11838     -17.956     -3.429
   11839     -17.956     -3.714
   11840     -17.956     -4.000
   11841     -17.956     -4.500
   11842     -17.956     -5.000
   11843     -17.956     -5.500
   11844     -17.956     -6.000
   11845     -17.956     -6.500
   11846     -17.956     -7.000
   11847     -17.956     -7.500
   11848     -17.956     -8.000
   11849     -17.956     -8.500
   11850     -17.956     -9.000
   11851     -17.956     -9.500
   11852     -17.956    -10.000
   11853     -17.956    -10.500
   11854     -17.956    -11.000
   11855     -17.956    -11.500
   11856     -17.956    -12.000
   11857     -17.956    -12.500
   11858     -17.956    -13.000
   11859     -17.956    -13.500
   11860     -17.956    -14.000
   11861     -17.956    -14.500
   11862     -17.956    -15.000
   11863     -17.956    -15.500
   11864     -17.956    -16.000
   11865     -17.956    -16.500
   11866     -17.956    -17.000
   11867     -17.956    -17.500
   11868     -17.956    -18.000
   11869     -17.956    -18.500
   11870     -17.956    -19.000
   11871     -17.956    -19.500
   11872     -17.956    -20.000
   11873     -17.956    -20.500
   11874     -17.956    -21.000
   11875     -17.956    -21.500
   11876     -17.956    -22.000
   11877     -17.956    -22.500
   11878     -17.956    -23.000
   11879     -17.956    -23.500
   11880     -17.956    -24.000
   11881     -19.734      0.000
   11882     -19.734     -0.286
   11883     -19.734     -0.571
   11884     -19.734     -0.857
   11885     -19.734     -1.143
   11886     -19.734     -1.429
   11887     -19.734     -1.714
   11888     -19.734     -2.000
   11889     -19.734     -2.286
   11890     -19.734     -2.571
   11891     -19.734     -2.857
   11892     -19.734     -3.143
   11893     -19.734     -3.429
   11894     -19.734     -3.714
   11895     -19.734     -4.000
   11896     -19.734     -4.500
   11897     -19.734     -5.000
   11898     -19.734     -5.500
   11899     -19.734     -6.000
   11900     -19.734     -6.500
   11901     -19.734     -7.000
   11902     -19.734     -7.500
   11903     -19.734     -8.000
   11904     -19.734     -8.500
   11905     -19.734     -9.000
   11906     -19.734     -9.500
   11907     -19.734    -10.000
   11908     -19.734    -10.500
   11909     -19.734    -11.000
   11910     -19.734    -11.500
   11911     -19.734    -12.000
   11912     -19.734    -12.500
   11913     -19.734    -13.000
   11914     -19.734    -13.500
   11915     -19.734    -14.000
   11916     -19.734    -14.500
   11917     -19.734    -15.000
   11918     -19.734    -15.500
   11919     -19.734    -16.000
   11920     -19.734    -16.500
   11921     -19.734    -17.000
   11922     -19.734    -17.500
   11923     -19.734    -18.000
   11924     -19.734    -18.500
   11925     -19.734    -19.000
   11926     -19.734    -19.500
   11927     -19.734    -20.000
   11928     -19.734    -20.500
   11929     -19.734    -21.000
   11930     -19.734    -21.500
   11931     -19.734    -22.000
   11932     -19.734    -22.500
   11933     -19.734    -23.000
   11934     -19.734    -23.500
   11935     -19.734    -24.000
   11936     -21.729      0.000
   11937     -21.729     -0.286
   11938     -21.729     -0.571
   11939     -21.729     -0.857
   11940     -21.729     -1.143
   11941     -21.729     -1.429
   11942     -21.729     -1.714
   11943     -21.729     -2.000
   11944     -21.729     -2.286
   11945     -21.729     -2.571
   11946     -21.729     -2.857
   11947     -21.729     -3.143
   11948     -21.729     -3.429
   11949     -21.729     -3.714
   11950     -21.729     -4.000
   11951     -21.729     -4.500
   11952     -21.729     -5.000
   11953     -21.729     -5.500
   11954     -21.729     -6.000
   11955     -21.729     -6.500
   11956     -21.729     -7.000
   11957     -21.729     -7.500
   11958     -21.729     -8.000
   11959     -21.729     -8.500
   11960     -21.729     -9.000
   11961     -21.729     -9.500
   11962     -21.729    -10.000
   11963     -21.729    -10.500
   11964     -21.729    -11.000
   11965     -21.729    -11.500
   11966     -21.729    -12.000
   11967     -21.729    -12.500
   11968     -21.729    -13.000
   11969     -21.729    -13.500
   11970     -21.729    -14.000
   11971     -21.729    -14.500
   11972     -21.729    -15.000
   11973     -21.729    -15.500
   11974     -21.729    -16.000
   11975     -21.729    -16.500
   11976     -21.729    -17.000
   11977     -21.729    -17.500
   11978     -21.729    -18.000
   11979     -21.729    -18.500
   11980     -21.729    -19.000
   11981     -21.729    -19.500
   11982     -21.729    -20.000
   11983     -21.729    -20.500
   11984     -21.729    -21.000
   11985     -21.729    -21.500
   11986     -21.729    -22.000
   11987     -21.729    -22.500
   11988     -21.729    -23.000
   11989     -21.729    -23.500
   11990     -21.729    -24.000
   11991     -23.977      0.000
   11992     -23.977     -0.286
   11993     -23.977     -0.571
   11994     -23.977     -0.857
   11995     -23.977     -1.143
   11996     -23.977     -1.429
   11997     -23.977     -1.714
   11998     -23.977     -2.000
   11999     -23.977     -2.286
   12000     -23.977     -2.571
   12001     -23.977     -2.857
   12002     -23.977     -3.143
   12003     -23.977     -3.429
   12004     -23.977     -3.714
   12005     -23.977     -4.000
   12006     -23.977     -4.500
   12007     -23.977     -5.000
   12008     -23.977     -5.500
   12009     -23.977     -6.000
   12010     -23.977     -6.500
   12011     -23.977     -7.000
   12012     -23.977     -7.500
   12013     -23.977     -8.000
   12014     -23.977     -8.500
   12015     -23.977     -9.000
   12016     -23.977     -9.500
   12017     -23.977    -10.000
   12018     -23.977    -10.500
   12019     -23.977    -11.000
   12020     -23.977    -11.500
   12021     -23.977    -12.000
   12022     -23.977    -12.500
   12023     -23.977    -13.000
   12024     -23.977    -13.500
   12025     -23.977    -14.000
   12026     -23.977    -14.500
   12027     -23.977    -15.000
   12028     -23.977    -15.500
   12029     -23.977    -16.000
   12030     -23.977    -16.500
   12031     -23.977    -17.000
   12032     -23.977    -17.500
   12033     -23.977    -18.000
   12034     -23.977    -18.500
   12035     -23.977    -19.000
   12036     -23.977    -19.500
   12037     -23.977    -20.000
   12038     -23.977    -20.500
   12039     -23.977    -21.000
   12040     -23.977    -21.500
   12041     -23.977    -22.000
   12042     -23.977    -22.500
   12043     -23.977    -23.000
   12044     -23.977    -23.500
   12045     -23.977    -24.000
   12046     -26.520      0.000
   12047     -26.520     -0.286
   12048     -26.520     -0.571
   12049     -26.520     -0.857
   12050     -26.520     -1.143
   12051     -26.520     -1.429
   12052     -26.520     -1.714
   12053     -26.520     -2.000
   12054     -26.520     -2.286
   12055     -26.520     -2.571
   12056     -26.520     -2.857
   12057     -26.520     -3.143
   12058     -26.520     -3.429
   12059     -26.520     -3.714
   12060     -26.520     -4.000
   12061     -26.520     -4.500
   12062     -26.520     -5.000
   12063     -26.520     -5.500
   12064     -26.520     -6.000
   12065     -26.520     -6.500
   12066     -26.520     -7.000
   12067     -26.520     -7.500
   12068     -26.520     -8.000
   12069     -26.520     -8.500
   12070     -26.520     -9.000
   12071     -26.520     -9.500
   12072     -26.520    -10.000
   12073     -26.520    -10.500
   12074     -26.520    -11.000
   12075     -26.520    -11.500
   12076     -26.520    -12.000
   12077     -26.520    -12.500
   12078     -26.520    -13.000
   12079     -26.520    -13.500
   12080     -26.520    -14.000
   12081     -26.520    -14.500
   12082     -26.520    -15.000
   12083     -26.520    -15.500
   12084     -26.520    -16.000
   12085     -26.520    -16.500
   12086     -26.520    -17.000
   12087     -26.520    -17.500
   12088     -26.520    -18.000
   12089     -26.520    -18.500
   12090     -26.520    -19.000
   12091     -26.520    -19.500
   12092     -26.520    -20.000
   12093     -26.520    -20.500
   12094     -26.520    -21.000
   12095     -26.520    -21.500
   12096     -26.520    -22.000
   12097     -26.520    -22.500
   12098     -26.520    -23.000
   12099     -26.520    -23.500
   12100     -26.520    -24.000
   12101     -29.411      0.000
   12102     -29.411     -0.286
   12103     -29.411     -0.571
   12104     -29.411     -0.857
   12105     -29.411     -1.143
   12106     -29.411     -1.429
   12107     -29.411     -1.714
   12108     -29.411     -2.000
   12109     -29.411     -2.286
   12110     -29.411     -2.571
   12111     -29.411     -2.857
   12112     -29.411     -3.143
   12113     -29.411     -3.429
   12114     -29.411     -3.714
   12115     -29.411     -4.000
   12116     -29.411     -4.500
   12117     -29.411     -5.000
   12118     -29.411     -5.500
   12119     -29.411     -6.000
   12120     -29.411     -6.500
   12121     -29.411     -7.000
   12122     -29.411     -7.500
   12123     -29.411     -8.000
   12124     -29.411     -8.500
   12125     -29.411     -9.000
   12126     -29.411     -9.500
   12127     -29.411    -10.000
   12128     -29.411    -10.500
   12129     -29.411    -11.000
   12130     -29.411    -11.500
   12131     -29.411    -12.000
   12132     -29.411    -12.500
   12133     -29.411    -13.000
   12134     -29.411    -13.500
   12135     -29.411    -14.000
   12136     -29.411    -14.500
   12137     -29.411    -15.000
   12138     -29.411    -15.500
   12139     -29.411    -16.000
   12140     -29.411    -16.500
   12141     -29.411    -17.000
   12142     -29.411    -17.500
   12143     -29.411    -18.000
   12144     -29.411    -18.500
   12145     -29.411    -19.000
   12146     -29.411    -19.500
   12147     -29.411    -20.000
   12148     -29.411    -20.500
   12149     -29.411    -21.000
   12150     -29.411    -21.500
   12151     -29.411    -22.000
   12152     -29.411    -22.500
   12153     -29.411    -23.000
   12154     -29.411    -23.500
   12155     -29.411    -24.000
   12156     -32.710      0.000
   12157     -32.710     -0.286
   12158     -32.710     -0.571
   12159     -32.710     -0.857
   12160     -32.710     -1.143
   12161     -32.710     -1.429
   12162     -32.710     -1.714
   12163     -32.710     -2.000
   12164     -32.710     -2.286
   12165     -32.710     -2.571
   12166     -32.710     -2.857
   12167     -32.710     -3.143
   12168     -32.710     -3.429
   12169     -32.710     -3.714
   12170     -32.710     -4.000
   12171     -32.710     -4.500
   12172     -32.710     -5.000
   12173     -32.710     -5.500
   12174     -32.710     -6.000
   12175     -32.710     -6.500
   12176     -32.710     -7.000
   12177     -32.710     -7.500
   12178     -32.710     -8.000
   12179     -32.710     -8.500
   12180     -32.710     -9.000
   12181     -32.710     -9.500
   12182     -32.710    -10.000
   12183     -32.710    -10.500
   12184     -32.710    -11.000
   12185     -32.710    -11.500
   12186     -32.710    -12.000
   12187     -32.710    -12.500
   12188     -32.710    -13.000
   12189     -32.710    -13.500
   12190     -32.710    -14.000
   12191     -32.710    -14.500
   12192     -32.710    -15.000
   12193     -32.710    -15.500
   12194     -32.710    -16.000
   12195     -32.710    -16.500
   12196     -32.710    -17.000
   12197     -32.710    -17.500
   12198     -32.710    -18.000
   12199     -32.710    -18.500
   12200     -32.710    -19.000
   12201     -32.710    -19.500
   12202     -32.710    -20.000
   12203     -32.710    -20.500
   12204     -32.710    -21.000
   12205     -32.710    -21.500
   12206     -32.710    -22.000
   12207     -32.710    -22.500
   12208     -32.710    -23.000
   12209     -32.710    -23.500
   12210     -32.710    -24.000
   12211     -36.491      0.000
   12212     -36.491     -0.286
   12213     -36.491     -0.571
   12214     -36.491     -0.857
   12215     -36.491     -1.143
   12216     -36.491     -1.429
   12217     -36.491     -1.714
   12218     -36.491     -2.000
   12219     -36.491     -2.286
   12220     -36.491     -2.571
   12221     -36.491     -2.857
   12222     -36.491     -3.143
   12223     -36.491     -3.429
   12224     -36.491     -3.714
   12225     -36.491     -4.000
   12226     -36.491     -4.500
   12227     -36.491     -5.000
   12228     -36.491     -5.500
   12229     -36.491     -6.000
   12230     -36.491     -6.500
   12231     -36.491     -7.000
   12232     -36.491     -7.500
   12233     -36.491     -8.000
   12234     -36.491     -8.500
   12235     -36.491     -9.000
   12236     -36.491     -9.500
   12237     -36.491    -10.000
   12238     -36.491    -10.500
   12239     -36.491    -11.000
   12240     -36.491    -11.500
   12241     -36.491    -12.000
   12242     -36.491    -12.500
   12243     -36.491    -13.000
   12244     -36.491    -13.500
   12245     -36.491    -14.000
   12246     -36.491    -14.500
   12247     -36.491    -15.000
   12248     -36.491    -15.500
   12249     -36.491    -16.000
   12250     -36.491    -16.500
   12251     -36.491    -17.000
   12252     -36.491    -17.500
   12253     -36.491    -18.000
   12254     -36.491    -18.500
   12255     -36.491    -19.000
   12256     -36.491    -19.500
   12257     -36.491    -20.000
   12258     -36.491    -20.500
   12259     -36.491    -21.000
   12260     -36.491    -21.500
   12261     -36.491    -22.000
   12262     -36.491    -22.500
   12263     -36.491    -23.000
   12264     -36.491    -23.500
   12265     -36.491    -24.000
   12266     -40.843      0.000
   12267     -40.843     -0.286
   12268     -40.843     -0.571
   12269     -40.843     -0.857
   12270     -40.843     -1.143
   12271     -40.843     -1.429
   12272     -40.843     -1.714
   12273     -40.843     -2.000
   12274     -40.843     -2.286
   12275     -40.843     -2.571
   12276     -40.843     -2.857
   12277     -40.843     -3.143
   12278     -40.843     -3.429
   12279     -40.843     -3.714
   12280     -40.843     -4.000
   12281     -40.843     -4.500
   12282     -40.843     -5.000
   12283     -40.843     -5.500
   12284     -40.843     -6.000
   12285     -40.843     -6.500
   12286     -40.843     -7.000
   12287     -40.843     -7.500
   12288     -40.843     -8.000
   12289     -40.843     -8.500
   12290     -40.843     -9.000
   12291     -40.843     -9.500
   12292     -40.843    -10.000
   12293     -40.843    -10.500
   12294     -40.843    -11.000
   12295     -40.843    -11.500
   12296     -40.843    -12.000
   12297     -40.843    -12.500
   12298     -40.843    -13.000
   12299     -40.843    -13.500
   12300     -40.843    -14.000
   12301     -40.843    -14.500
   12302     -40.843    -15.000
   12303     -40.843    -15.500
   12304     -40.843    -16.000
   12305     -40.843    -16.500
   12306     -40.843    -17.000
   12307     -40.843    -17.500
   12308     -40.843    -18.000
   12309     -40.843    -18.500
   12310     -40.843    -19.000
   12311     -40.843    -19.500
   12312     -40.843    -20.000
   12313     -40.843    -20.500
   12314     -40.843    -21.000
   12315     -40.843    -21.500
   12316     -40.843    -22.000
   12317     -40.843    -22.500
   12318     -40.843    -23.000
   12319     -40.843    -23.500
   12320     -40.843    -24.000
   12321     -45.873      0.000
   12322     -45.873     -0.286
   12323     -45.873     -0.571
   12324     -45.873     -0.857
   12325     -45.873     -1.143
   12326     -45.873     -1.429
   12327     -45.873     -1.714
   12328     -45.873     -2.000
   12329     -45.873     -2.286
   12330     -45.873     -2.571
   12331     -45.873     -2.857
   12332     -45.873     -3.143
   12333     -45.873     -3.429
   12334     -45.873     -3.714
   12335     -45.873     -4.000
   12336     -45.873     -4.500
   12337     -45.873     -5.000
   12338     -45.873     -5.500
   12339     -45.873     -6.000
   12340     -45.873     -6.500
   12341     -45.873     -7.000
   12342     -45.873     -7.500
   12343     -45.873     -8.000
   12344     -45.873     -8.500
   12345     -45.873     -9.000
   12346     -45.873     -9.500
   12347     -45.873    -10.000
   12348     -45.873    -10.500
   12349     -45.873    -11.000
   12350     -45.873    -11.500
   12351     -45.873    -12.000
   12352     -45.873    -12.500
   12353     -45.873    -13.000
   12354     -45.873    -13.500
   12355     -45.873    -14.000
   12356     -45.873    -14.500
   12357     -45.873    -15.000
   12358     -45.873    -15.500
   12359     -45.873    -16.000
   12360     -45.873    -16.500
   12361     -45.873    -17.000
   12362     -45.873    -17.500
   12363     -45.873    -18.000
   12364     -45.873    -18.500
   12365     -45.873    -19.000
   12366     -45.873    -19.500
   12367     -45.873    -20.000
   12368     -45.873    -20.500
   12369     -45.873    -21.000
   12370     -45.873    -21.500
   12371     -45.873    -22.000
   12372     -45.873    -22.500
   12373     -45.873    -23.000
   12374     -45.873    -23.500
   12375     -45.873    -24.000
   12376     -51.712      0.000
   12377     -51.712     -0.286
   12378     -51.712     -0.571
   12379     -51.712     -0.857
   12380     -51.712     -1.143
   12381     -51.712     -1.429
   12382     -51.712     -1.714
   12383     -51.712     -2.000
   12384     -51.712     -2.286
   12385     -51.712     -2.571
   12386     -51.712     -2.857
   12387     -51.712     -3.143
   12388     -51.712     -3.429
   12389     -51.712     -3.714
   12390     -51.712     -4.000
   12391     -51.712     -4.500
   12392     -51.712     -5.000
   12393     -51.712     -5.500
   12394     -51.712     -6.000
   12395     -51.712     -6.500
   12396     -51.712     -7.000
   12397     -51.712     -7.500
   12398     -51.712     -8.000
   12399     -51.712     -8.500
   12400     -51.712     -9.000
   12401     -51.712     -9.500
   12402     -51.712    -10.000
   12403     -51.712    -10.500
   12404     -51.712    -11.000
   12405     -51.712    -11.500
   12406     -51.712    -12.000
   12407     -51.712    -12.500
   12408     -51.712    -13.000
   12409     -51.712    -13.500
   12410     -51.712    -14.000
   12411     -51.712    -14.500
   12412     -51.712    -15.000
   12413     -51.712    -15.500
   12414     -51.712    -16.000
   12415     -51.712    -16.500
   12416     -51.712    -17.000
   12417     -51.712    -17.500
   12418     -51.712    -18.000
   12419     -51.712    -18.500
   12420     -51.712    -19.000
   12421     -51.712    -19.500
   12422     -51.712    -20.000
   12423     -51.712    -20.500
   12424     -51.712    -21.000
   12425     -51.712    -21.500
   12426     -51.712    -22.000
   12427     -51.712    -22.500
   12428     -51.712    -23.000
   12429     -51.712    -23.500
   12430     -51.712    -24.000
   12431     -58.519      0.000
   12432     -58.519     -0.286
   12433     -58.519     -0.571
   12434     -58.519     -0.857
   12435     -58.519     -1.143
   12436     -58.519     -1.429
   12437     -58.519     -1.714
   12438     -58.519     -2.000
   12439     -58.519     -2.286
   12440     -58.519     -2.571
   12441     -58.519     -2.857
   12442     -58.519     -3.143
   12443     -58.519     -3.429
   12444     -58.519     -3.714
   12445     -58.519     -4.000
   12446     -58.519     -4.500
   12447     -58.519     -5.000
   12448     -58.519     -5.500
   12449     -58.519     -6.000
   12450     -58.519     -6.500
   12451     -58.519     -7.000
   12452     -58.519     -7.500
   12453     -58.519     -8.000
   12454     -58.519     -8.500
   12455     -58.519     -9.000
   12456     -58.519     -9.500
   12457     -58.519    -10.000
   12458     -58.519    -10.500
   12459     -58.519    -11.000
   12460     -58.519    -11.500
   12461     -58.519    -12.000
   12462     -58.519    -12.500
   12463     -58.519    -13.000
   12464     -58.519    -13.500
   12465     -58.519    -14.000
   12466     -58.519    -14.500
   12467     -58.519    -15.000
   12468     -58.519    -15.500
   12469     -58.519    -16.000
   12470     -58.519    -16.500
   12471     -58.519    -17.000
   12472     -58.519    -17.500
   12473     -58.519    -18.000
   12474     -58.519    -18.500
   12475     -58.519    -19.000
   12476     -58.519    -19.500
   12477     -58.519    -20.000
   12478     -58.519    -20.500
   12479     -58.519    -21.000
   12480     -58.519    -21.500
   12481     -58.519    -22.000
   12482     -58.519    -22.500
   12483     -58.519    -23.000
   12484     -58.519    -23.500
   12485     -58.519    -24.000
   12486     -66.485      0.000
   12487     -66.485     -0.286
   12488     -66.485     -0.571
   12489     -66.485     -0.857
   12490     -66.485     -1.143
   12491     -66.485     -1.429
   12492     -66.485     -1.714
   12493     -66.485     -2.000
   12494     -66.485     -2.286
   12495     -66.485     -2.571
   12496     -66.485     -2.857
   12497     -66.485     -3.143
   12498     -66.485     -3.429
   12499     -66.485     -3.714
   12500     -66.485     -4.000
   12501     -66.485     -4.500
   12502     -66.485     -5.000
   12503     -66.485     -5.500
   12504     -66.485     -6.000
   12505     -66.485     -6.500
   12506     -66.485     -7.000
   12507     -66.485     -7.500
   12508     -66.485     -8.000
   12509     -66.485     -8.500
   12510     -66.485     -9.000
   12511     -66.485     -9.500
   12512     -66.485    -10.000
   12513     -66.485    -10.500
   12514     -66.485    -11.000
   12515     -66.485    -11.500
   12516     -66.485    -12.000
   12517     -66.485    -12.500
   12518     -66.485    -13.000
   12519     -66.485    -13.500
   12520     -66.485    -14.000
   12521     -66.485    -14.500
   12522     -66.485    -15.000
   12523     -66.485    -15.500
   12524     -66.485    -16.000
   12525     -66.485    -16.500
   12526     -66.485    -17.000
   12527     -66.485    -17.500
   12528     -66.485    -18.000
   12529     -66.485    -18.500
   12530     -66.485    -19.000
   12531     -66.485    -19.500
   12532     -66.485    -20.000
   12533     -66.485    -20.500
   12534     -66.485    -21.000
   12535     -66.485    -21.500
   12536     -66.485    -22.000
   12537     -66.485    -22.500
   12538     -66.485    -23.000
   12539     -66.485    -23.500
   12540     -66.485    -24.000
   12541     -75.850      0.000
   12542     -75.850     -0.286
   12543     -75.850     -0.571
   12544     -75.850     -0.857
   12545     -75.850     -1.143
   12546     -75.850     -1.429
   12547     -75.850     -1.714
   12548     -75.850     -2.000
   12549     -75.850     -2.286
   12550     -75.850     -2.571
   12551     -75.850     -2.857
   12552     -75.850     -3.143
   12553     -75.850     -3.429
   12554     -75.850     -3.714
   12555     -75.850     -4.000
   12556     -75.850     -4.500
   12557     -75.850     -5.000
   12558     -75.850     -5.500
   12559     -75.850     -6.000
   12560     -75.850     -6.500
   12561     -75.850     -7.000
   12562     -75.850     -7.500
   12563     -75.850     -8.000
   12564     -75.850     -8.500
   12565     -75.850     -9.000
   12566     -75.850     -9.500
   12567     -75.850    -10.000
   12568     -75.850    -10.500
   12569     -75.850    -11.000
   12570     -75.850    -11.500
   12571     -75.850    -12.000
   12572     -75.850    -12.500
   12573     -75.850    -13.000
   12574     -75.850    -13.500
   12575     -75.850    -14.000
   12576     -75.850    -14.500
   12577     -75.850    -15.000
   12578     -75.850    -15.500
   12579     -75.850    -16.000
   12580     -75.850    -16.500
   12581     -75.850    -17.000
   12582     -75.850    -17.500
   12583     -75.850    -18.000
   12584     -75.850    -18.500
   12585     -75.850    -19.000
   12586     -75.850    -19.500
   12587     -75.850    -20.000
   12588     -75.850    -20.500
   12589     -75.850    -21.000
   12590     -75.850    -21.500
   12591     -75.850    -22.000
   12592     -75.850    -22.500
   12593     -75.850    -23.000
   12594     -75.850    -23.500
   12595     -75.850    -24.000
   12596     -86.902      0.000
   12597     -86.902     -0.286
   12598     -86.902     -0.571
   12599     -86.902     -0.857
   12600     -86.902     -1.143
   12601     -86.902     -1.429
   12602     -86.902     -1.714
   12603     -86.902     -2.000
   12604     -86.902     -2.286
   12605     -86.902     -2.571
   12606     -86.902     -2.857
   12607     -86.902     -3.143
   12608     -86.902     -3.429
   12609     -86.902     -3.714
   12610     -86.902     -4.000
   12611     -86.902     -4.500
   12612     -86.902     -5.000
   12613     -86.902     -5.500
   12614     -86.902     -6.000
   12615     -86.902     -6.500
   12616     -86.902     -7.000
   12617     -86.902     -7.500
   12618     -86.902     -8.000
   12619     -86.902     -8.500
   12620     -86.902     -9.000
   12621     -86.902     -9.500
   12622     -86.902    -10.000
   12623     -86.902    -10.500
   12624     -86.902    -11.000
   12625     -86.902    -11.500
   12626     -86.902    -12.000
   12627     -86.902    -12.500
   12628     -86.902    -13.000
   12629     -86.902    -13.500
   12630     -86.902    -14.000
   12631     -86.902    -14.500
   12632     -86.902    -15.000
   12633     -86.902    -15.500
   12634     -86.902    -16.000
   12635     -86.902    -16.500
   12636     -86.902    -17.000
   12637     -86.902    -17.500
   12638     -86.902    -18.000
   12639     -86.902    -18.500
   12640     -86.902    -19.000
   12641     -86.902    -19.500
   12642     -86.902    -20.000
   12643     -86.902    -20.500
   12644     -86.902    -21.000
   12645     -86.902    -21.500
   12646     -86.902    -22.000
   12647     -86.902    -22.500
   12648     -86.902    -23.000
   12649     -86.902    -23.500
   12650     -86.902    -24.000
   12651    -100.000      0.000
   12652    -100.000     -0.286
   12653    -100.000     -0.571
   12654    -100.000     -0.857
   12655    -100.000     -1.143
   12656    -100.000     -1.429
   12657    -100.000     -1.714
   12658    -100.000     -2.000
   12659    -100.000     -2.286
   12660    -100.000     -2.571
   12661    -100.000     -2.857
   12662    -100.000     -3.143
   12663    -100.000     -3.429
   12664    -100.000     -3.714
   12665    -100.000     -4.000
   12666    -100.000     -4.500
   12667    -100.000     -5.000
   12668    -100.000     -5.500
   12669    -100.000     -6.000
   12670    -100.000     -6.500
   12671    -100.000     -7.000
   12672    -100.000     -7.500
   12673    -100.000     -8.000
   12674    -100.000     -8.500
   12675    -100.000     -9.000
   12676    -100.000     -9.500
   12677    -100.000    -10.000
   12678    -100.000    -10.500
   12679    -100.000    -11.000
   12680    -100.000    -11.500
   12681    -100.000    -12.000
   12682    -100.000    -12.500
   12683    -100.000    -13.000
   12684    -100.000    -13.500
   12685    -100.000    -14.000
   12686    -100.000    -14.500
   12687    -100.000    -15.000
   12688    -100.000    -15.500
   12689    -100.000    -16.000
   12690    -100.000    -16.500
   12691    -100.000    -17.000
   12692    -100.000    -17.500
   12693    -100.000    -18.000
   12694    -100.000    -18.500
   12695    -100.000    -19.000
   12696    -100.000    -19.500
   12697    -100.000    -20.000
   12698    -100.000    -20.500
   12699    -100.000    -21.000
   12700    -100.000    -21.500
   12701    -100.000    -22.000
   12702    -100.000    -22.500
   12703    -100.000    -23.000
   12704    -100.000    -23.500
   12705    -100.000    -24.000
   12706    -150.000      0.000
   12707    -150.000     -0.286
   12708    -150.000     -0.571
   12709    -150.000     -0.857
   12710    -150.000     -1.143
   12711    -150.000     -1.429
   12712    -150.000     -1.714
   12713    -150.000     -2.000
   12714    -150.000     -2.286
   12715    -150.000     -2.571
   12716    -150.000     -2.857
   12717    -150.000     -3.143
   12718    -150.000     -3.429
   12719    -150.000     -3.714
   12720    -150.000     -4.000
   12721    -150.000     -4.500
   12722    -150.000     -5.000
   12723    -150.000     -5.500
   12724    -150.000     -6.000
   12725    -150.000     -6.500
   12726    -150.000     -7.000
   12727    -150.000     -7.500
   12728    -150.000     -8.000
   12729    -150.000     -8.500
   12730    -150.000     -9.000
   12731    -150.000     -9.500
   12732    -150.000    -10.000
   12733    -150.000    -10.500
   12734    -150.000    -11.000
   12735    -150.000    -11.500
   12736    -150.000    -12.000
   12737    -150.000    -12.500
   12738    -150.000    -13.000
   12739    -150.000    -13.500
   12740    -150.000    -14.000
   12741    -150.000    -14.500
   12742    -150.000    -15.000
   12743    -150.000    -15.500
   12744    -150.000    -16.000
   12745    -150.000    -16.500
   12746    -150.000    -17.000
   12747    -150.000    -17.500
   12748    -150.000    -18.000
   12749    -150.000    -18.500
   12750    -150.000    -19.000
   12751    -150.000    -19.500
   12752    -150.000    -20.000
   12753    -150.000    -20.500
   12754    -150.000    -21.000
   12755    -150.000    -21.500
   12756    -150.000    -22.000
   12757    -150.000    -22.500
   12758    -150.000    -23.000
   12759    -150.000    -23.500
   12760    -150.000    -24.000
