0.1 -1.2e-06 0 0 -1.2e-06 -1.2e-06 0 0 -1.2e-06 0 0 0 0 -1.2e-06 0 -1.2e-06 -1.2e-06 -1.2e-06 -1.2e-06 0 -1.2e-06 -1.2e-06 0 0 -1.2e-06
0.2 -2.4e-06 0 0 -2.4e-06 -2.4e-06 0 0 -2.4e-06 0 0 0 0 -2.4e-06 0 -2.4e-06 -2.4e-06 -2.4e-06 -2.4e-06 0 -2.4e-06 -2.4e-06 0 0 -2.4e-06
0.3 -3.6e-06 0 0 -3.6e-06 -3.6e-06 0 0 -3.6e-06 0 0 0 0 -3.6e-06 0 -3.6e-06 -3.6e-06 -3.6e-06 -3.6e-06 0 -3.6e-06 -3.6e-06 0 0 -3.6e-06
0.4 -4.8e-06 0 0 -4.8e-06 -4.8e-06 0 0 -4.8e-06 0 0 0 0 -4.8e-06 0 -4.8e-06 -4.8e-06 -4.8e-06 -4.8e-06 0 -4.8e-06 -4.8e-06 0 0 -4.8e-06
0.5 -6e-06 0 0 -6e-06 -6e-06 0 0 -6e-06 0 0 0 0 -6e-06 0 -6e-06 -6e-06 -6e-06 -6e-06 0 -6e-06 -6e-06 0 0 -6e-06
0.6 -7.2e-06 0 0 -7.2e-06 -7.2e-06 0 0 -7.2e-06 0 0 0 0 -7.2e-06 0 -7.2e-06 -7.2e-06 -7.2e-06 -7.2e-06 0 -7.2e-06 -7.2e-06 0 0 -7.2e-06
0.7 -8.4e-06 0 0 -8.4e-06 -8.4e-06 0 0 -8.4e-06 0 0 0 0 -8.4e-06 0 -8.4e-06 -8.4e-06 -8.4e-06 -8.4e-06 0 -8.4e-06 -8.4e-06 0 0 -8.4e-06
0.8 -9.6e-06 0 0 -9.6e-06 -9.6e-06 0 0 -9.6e-06 0 0 0 0 -9.6e-06 0 -9.6e-06 -9.6e-06 -9.6e-06 -9.6e-06 0 -9.6e-06 -9.6e-06 0 0 -9.6e-06
0.9 -1.08e-05 0 0 -1.08e-05 -1.08e-05 0 0 -1.08e-05 0 0 0 0 -1.08e-05 0 -1.08e-05 -1.08e-05 -1.08e-05 -1.08e-05 0 -1.08e-05 -1.08e-05 0 0 -1.08e-05
1 -1.2e-05 0 0 -1.2e-05 -1.2e-05 0 0 -1.2e-05 0 0 0 0 -1.2e-05 0 -1.2e-05 -1.2e-05 -1.2e-05 -1.2e-05 0 -1.2e-05 -1.2e-05 0 0 -1.2e-05
1.1 -1.32e-05 0 0 -1.32e-05 -1.32e-05 0 0 -1.32e-05 0 0 0 0 -1.32e-05 0 -1.32e-05 -1.32e-05 -1.32e-05 -1.32e-05 0 -1.32e-05 -1.32e-05 0 0 -1.32e-05
1.2 -1.44e-05 0 0 -1.44e-05 -1.44e-05 0 0 -1.44e-05 0 0 0 0 -1.44e-05 0 -1.44e-05 -1.44e-05 -1.44e-05 -1.44e-05 0 -1.44e-05 -1.44e-05 0 0 -1.44e-05
1.3 -1.56e-05 0 0 -1.56e-05 -1.56e-05 0 0 -1.56e-05 0 0 0 0 -1.56e-05 0 -1.56e-05 -1.56e-05 -1.56e-05 -1.56e-05 0 -1.56e-05 -1.56e-05 0 0 -1.56e-05
1.4 -1.68e-05 0 0 -1.68e-05 -1.68e-05 0 0 -1.68e-05 0 0 0 0 -1.68e-05 0 -1.68e-05 -1.68e-05 -1.68e-05 -1.68e-05 0 -1.68e-05 -1.68e-05 0 0 -1.68e-05
1.5 -1.8e-05 0 0 -1.8e-05 -1.8e-05 0 0 -1.8e-05 0 0 0 0 -1.8e-05 0 -1.8e-05 -1.8e-05 -1.8e-05 -1.8e-05 0 -1.8e-05 -1.8e-05 0 0 -1.8e-05
1.6 -1.92e-05 0 0 -1.92e-05 -1.92e-05 0 0 -1.92e-05 0 0 0 0 -1.92e-05 0 -1.92e-05 -1.92e-05 -1.92e-05 -1.92e-05 0 -1.92e-05 -1.92e-05 0 0 -1.92e-05
1.7 -2.04e-05 0 0 -2.04e-05 -2.04e-05 0 0 -2.04e-05 0 0 0 0 -2.04e-05 0 -2.04e-05 -2.04e-05 -2.04e-05 -2.04e-05 0 -2.04e-05 -2.04e-05 0 0 -2.04e-05
1.8 -2.16e-05 0 0 -2.16e-05 -2.16e-05 0 0 -2.16e-05 0 0 0 0 -2.16e-05 0 -2.16e-05 -2.16e-05 -2.16e-05 -2.16e-05 0 -2.16e-05 -2.16e-05 0 0 -2.16e-05
1.9 -2.28e-05 0 0 -2.28e-05 -2.28e-05 0 0 -2.28e-05 0 0 0 0 -2.28e-05 0 -2.28e-05 -2.28e-05 -2.28e-05 -2.28e-05 0 -2.28e-05 -2.28e-05 0 0 -2.28e-05
2 -2.4e-05 0 0 -2.4e-05 -2.4e-05 0 0 -2.4e-05 0 0 0 0 -2.4e-05 0 -2.4e-05 -2.4e-05 -2.4e-05 -2.4e-05 0 -2.4e-05 -2.4e-05 0 0 -2.4e-05
2.1 -2.52e-05 0 0 -2.52e-05 -2.52e-05 0 0 -2.52e-05 0 0 0 0 -2.52e-05 0 -2.52e-05 -2.52e-05 -2.52e-05 -2.52e-05 0 -2.52e-05 -2.52e-05 0 0 -2.52e-05
2.2 -2.64e-05 0 0 -2.64e-05 -2.64e-05 0 0 -2.64e-05 0 0 0 0 -2.64e-05 0 -2.64e-05 -2.64e-05 -2.64e-05 -2.64e-05 0 -2.64e-05 -2.64e-05 0 0 -2.64e-05
2.3 -2.76e-05 0 0 -2.76e-05 -2.76e-05 0 0 -2.76e-05 0 0 0 0 -2.76e-05 0 -2.76e-05 -2.76e-05 -2.76e-05 -2.76e-05 0 -2.76e-05 -2.76e-05 0 0 -2.76e-05
2.4 -2.88e-05 0 0 -2.88e-05 -2.88e-05 0 0 -2.88e-05 0 0 0 0 -2.88e-05 0 -2.88e-05 -2.88e-05 -2.88e-05 -2.88e-05 0 -2.88e-05 -2.88e-05 0 0 -2.88e-05
2.5 -3e-05 0 0 -3e-05 -3e-05 0 0 -3e-05 0 0 0 0 -3e-05 0 -3e-05 -3e-05 -3e-05 -3e-05 0 -3e-05 -3e-05 0 0 -3e-05
2.6 -3.12e-05 0 0 -3.12e-05 -3.12e-05 0 0 -3.12e-05 0 0 0 0 -3.12e-05 0 -3.12e-05 -3.12e-05 -3.12e-05 -3.12e-05 0 -3.12e-05 -3.12e-05 0 0 -3.12e-05
2.7 -3.24e-05 0 0 -3.24e-05 -3.24e-05 0 0 -3.24e-05 0 0 0 0 -3.24e-05 0 -3.24e-05 -3.24e-05 -3.24e-05 -3.24e-05 0 -3.24e-05 -3.24e-05 0 0 -3.24e-05
2.8 -3.36e-05 0 0 -3.36e-05 -3.36e-05 0 0 -3.36e-05 0 0 0 0 -3.36e-05 0 -3.36e-05 -3.36e-05 -3.36e-05 -3.36e-05 0 -3.36e-05 -3.36e-05 0 0 -3.36e-05
2.9 -3.48e-05 0 0 -3.48e-05 -3.48e-05 0 0 -3.48e-05 0 0 0 0 -3.48e-05 0 -3.48e-05 -3.48e-05 -3.48e-05 -3.48e-05 0 -3.48e-05 -3.48e-05 0 0 -3.48e-05
3 -3.6e-05 0 0 -3.6e-05 -3.6e-05 0 0 -3.6e-05 0 0 0 0 -3.6e-05 0 -3.6e-05 -3.6e-05 -3.6e-05 -3.6e-05 0 -3.6e-05 -3.6e-05 0 0 -3.6e-05
3.1 -3.72e-05 0 0 -3.72e-05 -3.72e-05 0 0 -3.72e-05 0 0 0 0 -3.72e-05 0 -3.72e-05 -3.72e-05 -3.72e-05 -3.72e-05 0 -3.72e-05 -3.72e-05 0 0 -3.72e-05
3.2 -3.84e-05 0 0 -3.84e-05 -3.84e-05 0 0 -3.84e-05 0 0 0 0 -3.84e-05 0 -3.84e-05 -3.84e-05 -3.84e-05 -3.84e-05 0 -3.84e-05 -3.84e-05 0 0 -3.84e-05
3.3 -3.96e-05 0 0 -3.96e-05 -3.96e-05 0 0 -3.96e-05 0 0 0 0 -3.96e-05 0 -3.96e-05 -3.96e-05 -3.96e-05 -3.96e-05 0 -3.96e-05 -3.96e-05 0 0 -3.96e-05
3.4 -4.08e-05 0 0 -4.08e-05 -4.08e-05 0 0 -4.08e-05 0 0 0 0 -4.08e-05 0 -4.08e-05 -4.08e-05 -4.08e-05 -4.08e-05 0 -4.08e-05 -4.08e-05 0 0 -4.08e-05
3.5 -4.2e-05 0 0 -4.2e-05 -4.2e-05 0 0 -4.2e-05 0 0 0 0 -4.2e-05 0 -4.2e-05 -4.2e-05 -4.2e-05 -4.2e-05 0 -4.2e-05 -4.2e-05 0 0 -4.2e-05
3.6 -4.32e-05 0 0 -4.32e-05 -4.32e-05 0 0 -4.32e-05 0 0 0 0 -4.32e-05 0 -4.32e-05 -4.32e-05 -4.32e-05 -4.32e-05 0 -4.32e-05 -4.32e-05 0 0 -4.32e-05
3.7 -4.44e-05 0 0 -4.44e-05 -4.44e-05 0 0 -4.44e-05 0 0 0 0 -4.44e-05 0 -4.44e-05 -4.44e-05 -4.44e-05 -4.44e-05 0 -4.44e-05 -4.44e-05 0 0 -4.44e-05
3.8 -4.56e-05 0 0 -4.56e-05 -4.56e-05 0 0 -4.56e-05 0 0 0 0 -4.56e-05 0 -4.56e-05 -4.56e-05 -4.56e-05 -4.56e-05 0 -4.56e-05 -4.56e-05 0 0 -4.56e-05
3.9 -4.68e-05 0 0 -4.68e-05 -4.68e-05 0 0 -4.68e-05 0 0 0 0 -4.68e-05 0 -4.68e-05 -4.68e-05 -4.68e-05 -4.68e-05 0 -4.68e-05 -4.68e-05 0 0 -4.68e-05
4 -4.8e-05 0 0 -4.8e-05 -4.8e-05 0 0 -4.8e-05 0 0 0 0 -4.8e-05 0 -4.8e-05 -4.8e-05 -4.8e-05 -4.8e-05 0 -4.8e-05 -4.8e-05 0 0 -4.8e-05
4.1 -4.92e-05 0 0 -4.92e-05 -4.92e-05 0 0 -4.92e-05 0 0 0 0 -4.92e-05 0 -4.92e-05 -4.92e-05 -4.92e-05 -4.92e-05 0 -4.92e-05 -4.92e-05 0 0 -4.92e-05
4.2 -5.04e-05 0 0 -5.04e-05 -5.04e-05 0 0 -5.04e-05 0 0 0 0 -5.04e-05 0 -5.04e-05 -5.04e-05 -5.04e-05 -5.04e-05 0 -5.04e-05 -5.04e-05 0 0 -5.04e-05
4.3 -5.16e-05 0 0 -5.16e-05 -5.16e-05 0 0 -5.16e-05 0 0 0 0 -5.16e-05 0 -5.16e-05 -5.16e-05 -5.16e-05 -5.16e-05 0 -5.16e-05 -5.16e-05 0 0 -5.16e-05
4.4 -5.28e-05 0 0 -5.28e-05 -5.28e-05 0 0 -5.28e-05 0 0 0 0 -5.28e-05 0 -5.28e-05 -5.28e-05 -5.28e-05 -5.28e-05 0 -5.28e-05 -5.28e-05 0 0 -5.28e-05
4.5 -5.4e-05 0 0 -5.4e-05 -5.4e-05 0 0 -5.4e-05 0 0 0 0 -5.4e-05 0 -5.4e-05 -5.4e-05 -5.4e-05 -5.4e-05 0 -5.4e-05 -5.4e-05 0 0 -5.4e-05
4.6 -5.52e-05 0 0 -5.52e-05 -5.52e-05 0 0 -5.52e-05 0 0 0 0 -5.52e-05 0 -5.52e-05 -5.52e-05 -5.52e-05 -5.52e-05 0 -5.52e-05 -5.52e-05 0 0 -5.52e-05
4.7 -5.64e-05 0 0 -5.64e-05 -5.64e-05 0 0 -5.64e-05 0 0 0 0 -5.64e-05 0 -5.64e-05 -5.64e-05 -5.64e-05 -5.64e-05 0 -5.64e-05 -5.64e-05 0 0 -5.64e-05
4.8 -5.76e-05 0 0 -5.76e-05 -5.76e-05 0 0 -5.76e-05 0 0 0 0 -5.76e-05 0 -5.76e-05 -5.76e-05 -5.76e-05 -5.76e-05 0 -5.76e-05 -5.76e-05 0 0 -5.76e-05
4.9 -5.88e-05 0 0 -5.88e-05 -5.88e-05 0 0 -5.88e-05 0 0 0 0 -5.88e-05 0 -5.88e-05 -5.88e-05 -5.88e-05 -5.88e-05 0 -5.88e-05 -5.88e-05 0 0 -5.88e-05
5 -6e-05 0 0 -6e-05 -6e-05 0 0 -6e-05 0 0 0 0 -6e-05 0 -6e-05 -6e-05 -6e-05 -6e-05 0 -6e-05 -6e-05 0 0 -6e-05
5.1 -6.12e-05 0 0 -6.12e-05 -6.12e-05 0 0 -6.12e-05 0 0 0 0 -6.12e-05 0 -6.12e-05 -6.12e-05 -6.12e-05 -6.12e-05 0 -6.12e-05 -6.12e-05 0 0 -6.12e-05
5.2 -6.24e-05 0 0 -6.24e-05 -6.24e-05 0 0 -6.24e-05 0 0 0 0 -6.24e-05 0 -6.24e-05 -6.24e-05 -6.24e-05 -6.24e-05 0 -6.24e-05 -6.24e-05 0 0 -6.24e-05
5.3 -6.36e-05 0 0 -6.36e-05 -6.36e-05 0 0 -6.36e-05 0 0 0 0 -6.36e-05 0 -6.36e-05 -6.36e-05 -6.36e-05 -6.36e-05 0 -6.36e-05 -6.36e-05 0 0 -6.36e-05
5.4 -6.48e-05 0 0 -6.48e-05 -6.48e-05 0 0 -6.48e-05 0 0 0 0 -6.48e-05 0 -6.48e-05 -6.48e-05 -6.48e-05 -6.48e-05 0 -6.48e-05 -6.48e-05 0 0 -6.48e-05
5.5 -6.6e-05 0 0 -6.6e-05 -6.6e-05 0 0 -6.6e-05 0 0 0 0 -6.6e-05 0 -6.6e-05 -6.6e-05 -6.6e-05 -6.6e-05 0 -6.6e-05 -6.6e-05 0 0 -6.6e-05
5.6 -6.72e-05 0 0 -6.72e-05 -6.72e-05 0 0 -6.72e-05 0 0 0 0 -6.72e-05 0 -6.72e-05 -6.72e-05 -6.72e-05 -6.72e-05 0 -6.72e-05 -6.72e-05 0 0 -6.72e-05
5.7 -6.84e-05 0 0 -6.84e-05 -6.84e-05 0 0 -6.84e-05 0 0 0 0 -6.84e-05 0 -6.84e-05 -6.84e-05 -6.84e-05 -6.84e-05 0 -6.84e-05 -6.84e-05 0 0 -6.84e-05
5.8 -6.96e-05 0 0 -6.96e-05 -6.96e-05 0 0 -6.96e-05 0 0 0 0 -6.96e-05 0 -6.96e-05 -6.96e-05 -6.96e-05 -6.96e-05 0 -6.96e-05 -6.96e-05 0 0 -6.96e-05
5.9 -7.08e-05 0 0 -7.08e-05 -7.08e-05 0 0 -7.08e-05 0 0 0 0 -7.08e-05 0 -7.08e-05 -7.08e-05 -7.08e-05 -7.08e-05 0 -7.08e-05 -7.08e-05 0 0 -7.08e-05
6 -7.2e-05 0 0 -7.2e-05 -7.2e-05 0 0 -7.2e-05 0 0 0 0 -7.2e-05 0 -7.2e-05 -7.2e-05 -7.2e-05 -7.2e-05 0 -7.2e-05 -7.2e-05 0 0 -7.2e-05
6.1 -7.32e-05 0 0 -7.32e-05 -7.32e-05 0 0 -7.32e-05 0 0 0 0 -7.32e-05 0 -7.32e-05 -7.32e-05 -7.32e-05 -7.32e-05 0 -7.32e-05 -7.32e-05 0 0 -7.32e-05
6.2 -7.44e-05 0 0 -7.44e-05 -7.44e-05 0 0 -7.44e-05 0 0 0 0 -7.44e-05 0 -7.44e-05 -7.44e-05 -7.44e-05 -7.44e-05 0 -7.44e-05 -7.44e-05 0 0 -7.44e-05
6.3 -7.56e-05 0 0 -7.56e-05 -7.56e-05 0 0 -7.56e-05 0 0 0 0 -7.56e-05 0 -7.56e-05 -7.56e-05 -7.56e-05 -7.56e-05 0 -7.56e-05 -7.56e-05 0 0 -7.56e-05
6.4 -7.68e-05 0 0 -7.68e-05 -7.68e-05 0 0 -7.68e-05 0 0 0 0 -7.68e-05 0 -7.68e-05 -7.68e-05 -7.68e-05 -7.68e-05 0 -7.68e-05 -7.68e-05 0 0 -7.68e-05
6.5 -7.8e-05 0 0 -7.8e-05 -7.8e-05 0 0 -7.8e-05 0 0 0 0 -7.8e-05 0 -7.8e-05 -7.8e-05 -7.8e-05 -7.8e-05 0 -7.8e-05 -7.8e-05 0 0 -7.8e-05
6.6 -7.92e-05 0 0 -7.92e-05 -7.92e-05 0 0 -7.92e-05 0 0 0 0 -7.92e-05 0 -7.92e-05 -7.92e-05 -7.92e-05 -7.92e-05 0 -7.92e-05 -7.92e-05 0 0 -7.92e-05
6.7 -8.04e-05 0 0 -8.04e-05 -8.04e-05 0 0 -8.04e-05 0 0 0 0 -8.04e-05 0 -8.04e-05 -8.04e-05 -8.04e-05 -8.04e-05 0 -8.04e-05 -8.04e-05 0 0 -8.04e-05
6.8 -8.16e-05 0 0 -8.16e-05 -8.16e-05 0 0 -8.16e-05 0 0 0 0 -8.16e-05 0 -8.16e-05 -8.16e-05 -8.16e-05 -8.16e-05 0 -8.16e-05 -8.16e-05 0 0 -8.16e-05
6.9 -8.28e-05 0 0 -8.28e-05 -8.28e-05 0 0 -8.28e-05 0 0 0 0 -8.28e-05 0 -8.28e-05 -8.28e-05 -8.28e-05 -8.28e-05 0 -8.28e-05 -8.28e-05 0 0 -8.28e-05
7 -8.4e-05 0 0 -8.4e-05 -8.4e-05 0 0 -8.4e-05 0 0 0 0 -8.4e-05 0 -8.4e-05 -8.4e-05 -8.4e-05 -8.4e-05 0 -8.4e-05 -8.4e-05 0 0 -8.4e-05
7.1 -8.52e-05 0 0 -8.52e-05 -8.52e-05 0 0 -8.52e-05 0 0 0 0 -8.52e-05 0 -8.52e-05 -8.52e-05 -8.52e-05 -8.52e-05 0 -8.52e-05 -8.52e-05 0 0 -8.52e-05
7.2 -8.64e-05 0 0 -8.64e-05 -8.64e-05 0 0 -8.64e-05 0 0 0 0 -8.64e-05 0 -8.64e-05 -8.64e-05 -8.64e-05 -8.64e-05 0 -8.64e-05 -8.64e-05 0 0 -8.64e-05
7.3 -8.76e-05 0 0 -8.76e-05 -8.76e-05 0 0 -8.76e-05 0 0 0 0 -8.76e-05 0 -8.76e-05 -8.76e-05 -8.76e-05 -8.76e-05 0 -8.76e-05 -8.76e-05 0 0 -8.76e-05
7.4 -8.88e-05 0 0 -8.88e-05 -8.88e-05 0 0 -8.88e-05 0 0 0 0 -8.88e-05 0 -8.88e-05 -8.88e-05 -8.88e-05 -8.88e-05 0 -8.88e-05 -8.88e-05 0 0 -8.88e-05
7.5 -9e-05 0 0 -9e-05 -9e-05 0 0 -9e-05 0 0 0 0 -9e-05 0 -9e-05 -9e-05 -9e-05 -9e-05 0 -9e-05 -9e-05 0 0 -9e-05
7.6 -9.12e-05 0 0 -9.12e-05 -9.12e-05 0 0 -9.12e-05 0 0 0 0 -9.12e-05 0 -9.12e-05 -9.12e-05 -9.12e-05 -9.12e-05 0 -9.12e-05 -9.12e-05 0 0 -9.12e-05
7.7 -9.24e-05 0 0 -9.24e-05 -9.24e-05 0 0 -9.24e-05 0 0 0 0 -9.24e-05 0 -9.24e-05 -9.24e-05 -9.24e-05 -9.24e-05 0 -9.24e-05 -9.24e-05 0 0 -9.24e-05
7.8 -9.36e-05 0 0 -9.36e-05 -9.36e-05 0 0 -9.36e-05 0 0 0 0 -9.36e-05 0 -9.36e-05 -9.36e-05 -9.36e-05 -9.36e-05 0 -9.36e-05 -9.36e-05 0 0 -9.36e-05
7.9 -9.48e-05 0 0 -9.48e-05 -9.48e-05 0 0 -9.48e-05 0 0 0 0 -9.48e-05 0 -9.48e-05 -9.48e-05 -9.48e-05 -9.48e-05 0 -9.48e-05 -9.48e-05 0 0 -9.48e-05
8 -9.6e-05 0 0 -9.6e-05 -9.6e-05 0 0 -9.6e-05 0 0 0 0 -9.6e-05 0 -9.6e-05 -9.6e-05 -9.6e-05 -9.6e-05 0 -9.6e-05 -9.6e-05 0 0 -9.6e-05
8.1 -9.72e-05 0 0 -9.72e-05 -9.72e-05 0 0 -9.72e-05 0 0 0 0 -9.72e-05 0 -9.72e-05 -9.72e-05 -9.72e-05 -9.72e-05 0 -9.72e-05 -9.72e-05 0 0 -9.72e-05
8.2 -9.84e-05 0 0 -9.84e-05 -9.84e-05 0 0 -9.84e-05 0 0 0 0 -9.84e-05 0 -9.84e-05 -9.84e-05 -9.84e-05 -9.84e-05 0 -9.84e-05 -9.84e-05 0 0 -9.84e-05
8.3 -9.96e-05 0 0 -9.96e-05 -9.96e-05 0 0 -9.96e-05 0 0 0 0 -9.96e-05 0 -9.96e-05 -9.96e-05 -9.96e-05 -9.96e-05 0 -9.96e-05 -9.96e-05 0 0 -9.96e-05
8.4 -0.0001008 0 0 -0.0001008 -0.0001008 0 0 -0.0001008 0 0 0 0 -0.0001008 0 -0.0001008 -0.0001008 -0.0001008 -0.0001008 0 -0.0001008 -0.0001008 0 0 -0.0001008
8.5 -0.000102 0 0 -0.000102 -0.000102 0 0 -0.000102 0 0 0 0 -0.000102 0 -0.000102 -0.000102 -0.000102 -0.000102 0 -0.000102 -0.000102 0 0 -0.000102
8.6 -0.0001032 0 0 -0.0001032 -0.0001032 0 0 -0.0001032 0 0 0 0 -0.0001032 0 -0.0001032 -0.0001032 -0.0001032 -0.0001032 0 -0.0001032 -0.0001032 0 0 -0.0001032
8.7 -0.0001044 0 0 -0.0001044 -0.0001044 0 0 -0.0001044 0 0 0 0 -0.0001044 0 -0.0001044 -0.0001044 -0.0001044 -0.0001044 0 -0.0001044 -0.0001044 0 0 -0.0001044
8.8 -0.0001056 0 0 -0.0001056 -0.0001056 0 0 -0.0001056 0 0 0 0 -0.0001056 0 -0.0001056 -0.0001056 -0.0001056 -0.0001056 0 -0.0001056 -0.0001056 0 0 -0.0001056
8.9 -0.0001068 0 0 -0.0001068 -0.0001068 0 0 -0.0001068 0 0 0 0 -0.0001068 0 -0.0001068 -0.0001068 -0.0001068 -0.0001068 0 -0.0001068 -0.0001068 0 0 -0.0001068
9 -0.000108 0 0 -0.000108 -0.000108 0 0 -0.000108 0 0 0 0 -0.000108 0 -0.000108 -0.000108 -0.000108 -0.000108 0 -0.000108 -0.000108 0 0 -0.000108
9.1 -0.0001092 0 0 -0.0001092 -0.0001092 0 0 -0.0001092 0 0 0 0 -0.0001092 0 -0.0001092 -0.0001092 -0.0001092 -0.0001092 0 -0.0001092 -0.0001092 0 0 -0.0001092
9.2 -0.0001104 0 0 -0.0001104 -0.0001104 0 0 -0.0001104 0 0 0 0 -0.0001104 0 -0.0001104 -0.0001104 -0.0001104 -0.0001104 0 -0.0001104 -0.0001104 0 0 -0.0001104
9.3 -0.0001116 0 0 -0.0001116 -0.0001116 0 0 -0.0001116 0 0 0 0 -0.0001116 0 -0.0001116 -0.0001116 -0.0001116 -0.0001116 0 -0.0001116 -0.0001116 0 0 -0.0001116
9.4 -0.0001128 0 0 -0.0001128 -0.0001128 0 0 -0.0001128 0 0 0 0 -0.0001128 0 -0.0001128 -0.0001128 -0.0001128 -0.0001128 0 -0.0001128 -0.0001128 0 0 -0.0001128
9.5 -0.000114 0 0 -0.000114 -0.000114 0 0 -0.000114 0 0 0 0 -0.000114 0 -0.000114 -0.000114 -0.000114 -0.000114 0 -0.000114 -0.000114 0 0 -0.000114
9.6 -0.0001152 0 0 -0.0001152 -0.0001152 0 0 -0.0001152 0 0 0 0 -0.0001152 0 -0.0001152 -0.0001152 -0.0001152 -0.0001152 0 -0.0001152 -0.0001152 0 0 -0.0001152
9.7 -0.0001164 0 0 -0.0001164 -0.0001164 0 0 -0.0001164 0 0 0 0 -0.0001164 0 -0.0001164 -0.0001164 -0.0001164 -0.0001164 0 -0.0001164 -0.0001164 0 0 -0.0001164
9.8 -0.0001176 0 0 -0.0001176 -0.0001176 0 0 -0.0001176 0 0 0 0 -0.0001176 0 -0.0001176 -0.0001176 -0.0001176 -0.0001176 0 -0.0001176 -0.0001176 0 0 -0.0001176
9.9 -0.0001188 0 0 -0.0001188 -0.0001188 0 0 -0.0001188 0 0 0 0 -0.0001188 0 -0.0001188 -0.0001188 -0.0001188 -0.0001188 0 -0.0001188 -0.0001188 0 0 -0.0001188
10 -0.00012 0 0 -0.00012 -0.00012 0 0 -0.00012 0 0 0 0 -0.00012 0 -0.00012 -0.00012 -0.00012 -0.00012 0 -0.00012 -0.00012 0 0 -0.00012
10.1 -0.000119378 0 0 -0.000119378 -0.000119378 0 0 -0.000119378 0 0 0 0 -0.000119378 0 -0.000121778 -0.000119378 -0.000119378 -0.000121778 0 -0.000119378 -0.000121778 0 0 -0.000121778
10.2 -0.000118756 0 0 -0.000118756 -0.000118756 0 0 -0.000118756 0 0 0 0 -0.000118756 0 -0.000123556 -0.000118756 -0.000118756 -0.000123556 0 -0.000118756 -0.000123556 0 0 -0.000123556
10.3 -0.000118133 0 0 -0.000118133 -0.000118133 0 0 -0.000118133 0 0 0 0 -0.000118133 0 -0.000125333 -0.000118133 -0.000118133 -0.000125333 0 -0.000118133 -0.000125333 0 0 -0.000125333
10.4 -0.000117511 0 0 -0.000117511 -0.000117511 0 0 -0.000117511 0 0 0 0 -0.000117511 0 -0.000127111 -0.000117511 -0.000117511 -0.000127111 0 -0.000117511 -0.000127111 0 0 -0.000127111
10.5 -0.000116889 0 0 -0.000116889 -0.000116889 0 0 -0.000116889 0 0 0 0 -0.000116889 0 -0.000128889 -0.000116889 -0.000116889 -0.000128889 0 -0.000116889 -0.000128889 0 0 -0.000128889
10.6 -0.000116267 0 0 -0.000116267 -0.000116267 0 0 -0.000116267 0 0 0 0 -0.000116267 0 -0.000130667 -0.000116267 -0.000116267 -0.000130667 0 -0.000116267 -0.000130667 0 0 -0.000130667
10.7 -0.000115644 0 0 -0.000115644 -0.000115644 0 0 -0.000115644 0 0 0 0 -0.000115644 0 -0.000132444 -0.000115644 -0.000115644 -0.000132444 0 -0.000115644 -0.000132444 0 0 -0.000132444
10.8 -0.000115022 0 0 -0.000115022 -0.000115022 0 0 -0.000115022 0 0 0 0 -0.000115022 0 -0.000134222 -0.000115022 -0.000115022 -0.000134222 0 -0.000115022 -0.000134222 0 0 -0.000134222
10.9 -0.0001144 0 0 -0.0001144 -0.0001144 0 0 -0.0001144 0 0 0 0 -0.0001144 0 -0.000136 -0.0001144 -0.0001144 -0.000136 0 -0.0001144 -0.000136 0 0 -0.000136
11 -0.000113778 0 0 -0.000113778 -0.000113778 0 0 -0.000113778 0 0 0 0 -0.000113778 0 -0.000137778 -0.000113778 -0.000113778 -0.000137778 0 -0.000113778 -0.000137778 0 0 -0.000137778
11.1 -0.000113156 0 0 -0.000113156 -0.000113156 0 0 -0.000113156 0 0 0 0 -0.000113156 0 -0.000139556 -0.000113156 -0.000113156 -0.000139556 0 -0.000113156 -0.000139556 0 0 -0.000139556
11.2 -0.000112533 0 0 -0.000112533 -0.000112533 0 0 -0.000112533 0 0 0 0 -0.000112533 0 -0.000141333 -0.000112533 -0.000112533 -0.000141333 0 -0.000112533 -0.000141333 0 0 -0.000141333
11.3 -0.000111911 0 0 -0.000111911 -0.000111911 0 0 -0.000111911 0 0 0 0 -0.000111911 0 -0.000143111 -0.000111911 -0.000111911 -0.000143111 0 -0.000111911 -0.000143111 0 0 -0.000143111
11.4 -0.000111289 0 0 -0.000111289 -0.000111289 0 0 -0.000111289 0 0 0 0 -0.000111289 0 -0.000144889 -0.000111289 -0.000111289 -0.000144889 0 -0.000111289 -0.000144889 0 0 -0.000144889
11.5 -0.000110667 0 0 -0.000110667 -0.000110667 0 0 -0.000110667 0 0 0 0 -0.000110667 0 -0.000146667 -0.000110667 -0.000110667 -0.000146667 0 -0.000110667 -0.000146667 0 0 -0.000146667
11.6 -0.000110044 0 0 -0.000110044 -0.000110044 0 0 -0.000110044 0 0 0 0 -0.000110044 0 -0.000148444 -0.000110044 -0.000110044 -0.000148444 0 -0.000110044 -0.000148444 0 0 -0.000148444
11.7 -0.000109422 0 0 -0.000109422 -0.000109422 0 0 -0.000109422 0 0 0 0 -0.000109422 0 -0.000150222 -0.000109422 -0.000109422 -0.000150222 0 -0.000109422 -0.000150222 0 0 -0.000150222
11.8 -0.0001088 0 0 -0.0001088 -0.0001088 0 0 -0.0001088 0 0 0 0 -0.0001088 0 -0.000152 -0.0001088 -0.0001088 -0.000152 0 -0.0001088 -0.000152 0 0 -0.000152
11.9 -0.000108178 0 0 -0.000108178 -0.000108178 0 0 -0.000108178 0 0 0 0 -0.000108178 0 -0.000153778 -0.000108178 -0.000108178 -0.000153778 0 -0.000108178 -0.000153778 0 0 -0.000153778
12 -0.000107556 0 0 -0.000107556 -0.000107556 0 0 -0.000107556 0 0 0 0 -0.000107556 0 -0.000155556 -0.000107556 -0.000107556 -0.000155556 0 -0.000107556 -0.000155556 0 0 -0.000155556
12.1 -0.000106933 0 0 -0.000106933 -0.000106933 0 0 -0.000106933 0 0 0 0 -0.000106933 0 -0.000157333 -0.000106933 -0.000106933 -0.000157333 0 -0.000106933 -0.000157333 0 0 -0.000157333
12.2 -0.000106311 0 0 -0.000106311 -0.000106311 0 0 -0.000106311 0 0 0 0 -0.000106311 0 -0.000159111 -0.000106311 -0.000106311 -0.000159111 0 -0.000106311 -0.000159111 0 0 -0.000159111
12.3 -0.000105689 0 0 -0.000105689 -0.000105689 0 0 -0.000105689 0 0 0 0 -0.000105689 0 -0.000160889 -0.000105689 -0.000105689 -0.000160889 0 -0.000105689 -0.000160889 0 0 -0.000160889
12.4 -0.000105067 0 0 -0.000105067 -0.000105067 0 0 -0.000105067 0 0 0 0 -0.000105067 0 -0.000162667 -0.000105067 -0.000105067 -0.000162667 0 -0.000105067 -0.000162667 0 0 -0.000162667
12.5 -0.000104444 0 0 -0.000104444 -0.000104444 0 0 -0.000104444 0 0 0 0 -0.000104444 0 -0.000164444 -0.000104444 -0.000104444 -0.000164444 0 -0.000104444 -0.000164444 0 0 -0.000164444
12.6 -0.000103822 0 0 -0.000103822 -0.000103822 0 0 -0.000103822 0 0 0 0 -0.000103822 0 -0.000166222 -0.000103822 -0.000103822 -0.000166222 0 -0.000103822 -0.000166222 0 0 -0.000166222
12.7 -0.0001032 0 0 -0.0001032 -0.0001032 0 0 -0.0001032 0 0 0 0 -0.0001032 0 -0.000168 -0.0001032 -0.0001032 -0.000168 0 -0.0001032 -0.000168 0 0 -0.000168
12.8 -0.000102578 0 0 -0.000102578 -0.000102578 0 0 -0.000102578 0 0 0 0 -0.000102578 0 -0.000169778 -0.000102578 -0.000102578 -0.000169778 0 -0.000102578 -0.000169778 0 0 -0.000169778
12.9 -0.000101956 0 0 -0.000101956 -0.000101956 0 0 -0.000101956 0 0 0 0 -0.000101956 0 -0.000171556 -0.000101956 -0.000101956 -0.000171556 0 -0.000101956 -0.000171556 0 0 -0.000171556
13 -0.000101333 0 0 -0.000101333 -0.000101333 0 0 -0.000101333 0 0 0 0 -0.000101333 0 -0.000173333 -0.000101333 -0.000101333 -0.000173333 0 -0.000101333 -0.000173333 0 0 -0.000173333
13.1 -0.000100711 0 0 -0.000100711 -0.000100711 0 0 -0.000100711 0 0 0 0 -0.000100711 0 -0.000175111 -0.000100711 -0.000100711 -0.000175111 0 -0.000100711 -0.000175111 0 0 -0.000175111
13.2 -0.000100089 0 0 -0.000100089 -0.000100089 0 0 -0.000100089 0 0 0 0 -0.000100089 0 -0.000176889 -0.000100089 -0.000100089 -0.000176889 0 -0.000100089 -0.000176889 0 0 -0.000176889
13.3 -9.94667e-05 0 0 -9.94667e-05 -9.94667e-05 0 0 -9.94667e-05 0 0 0 0 -9.94667e-05 0 -0.000178667 -9.94667e-05 -9.94667e-05 -0.000178667 0 -9.94667e-05 -0.000178667 0 0 -0.000178667
13.4 -9.88444e-05 0 0 -9.88444e-05 -9.88444e-05 0 0 -9.88444e-05 0 0 0 0 -9.88444e-05 0 -0.000180444 -9.88444e-05 -9.88444e-05 -0.000180444 0 -9.88444e-05 -0.000180444 0 0 -0.000180444
13.5 -9.82222e-05 0 0 -9.82222e-05 -9.82222e-05 0 0 -9.82222e-05 0 0 0 0 -9.82222e-05 0 -0.000182222 -9.82222e-05 -9.82222e-05 -0.000182222 0 -9.82222e-05 -0.000182222 0 0 -0.000182222
13.6 -9.76e-05 0 0 -9.76e-05 -9.76e-05 0 0 -9.76e-05 0 0 0 0 -9.76e-05 0 -0.000184 -9.76e-05 -9.76e-05 -0.000184 0 -9.76e-05 -0.000184 0 0 -0.000184
13.7 -9.69778e-05 0 0 -9.69778e-05 -9.69778e-05 0 0 -9.69778e-05 0 0 0 0 -9.69778e-05 0 -0.000185778 -9.69778e-05 -9.69778e-05 -0.000185778 0 -9.69778e-05 -0.000185778 0 0 -0.000185778
13.8 -9.63555e-05 0 0 -9.63555e-05 -9.63555e-05 0 0 -9.63555e-05 0 0 0 0 -9.63555e-05 0 -0.000187556 -9.63555e-05 -9.63555e-05 -0.000187556 0 -9.63555e-05 -0.000187556 0 0 -0.000187556
13.9 -9.57333e-05 0 0 -9.57333e-05 -9.57333e-05 0 0 -9.57333e-05 0 0 0 0 -9.57333e-05 0 -0.000189333 -9.57333e-05 -9.57333e-05 -0.000189333 0 -9.57333e-05 -0.000189333 0 0 -0.000189333
14 -9.51111e-05 0 0 -9.51111e-05 -9.51111e-05 0 0 -9.51111e-05 0 0 0 0 -9.51111e-05 0 -0.000191111 -9.51111e-05 -9.51111e-05 -0.000191111 0 -9.51111e-05 -0.000191111 0 0 -0.000191111
14.1 -9.44889e-05 0 0 -9.44889e-05 -9.44889e-05 0 0 -9.44889e-05 0 0 0 0 -9.44889e-05 0 -0.000192889 -9.44889e-05 -9.44889e-05 -0.000192889 0 -9.44889e-05 -0.000192889 0 0 -0.000192889
14.2 -9.38667e-05 0 0 -9.38667e-05 -9.38667e-05 0 0 -9.38667e-05 0 0 0 0 -9.38667e-05 0 -0.000194667 -9.38667e-05 -9.38667e-05 -0.000194667 0 -9.38667e-05 -0.000194667 0 0 -0.000194667
14.3 -9.32444e-05 0 0 -9.32444e-05 -9.32444e-05 0 0 -9.32444e-05 0 0 0 0 -9.32444e-05 0 -0.000196444 -9.32444e-05 -9.32444e-05 -0.000196444 0 -9.32444e-05 -0.000196444 0 0 -0.000196444
14.4 -9.26222e-05 0 0 -9.26222e-05 -9.26222e-05 0 0 -9.26222e-05 0 0 0 0 -9.26222e-05 0 -0.000198222 -9.26222e-05 -9.26222e-05 -0.000198222 0 -9.26222e-05 -0.000198222 0 0 -0.000198222
14.5 -9.2e-05 0 0 -9.2e-05 -9.2e-05 0 0 -9.2e-05 0 0 0 0 -9.2e-05 0 -0.0002 -9.2e-05 -9.2e-05 -0.0002 0 -9.2e-05 -0.0002 0 0 -0.0002
14.6 -9.13778e-05 0 0 -9.13778e-05 -9.13778e-05 0 0 -9.13778e-05 0 0 0 0 -9.13778e-05 0 -0.000201778 -9.13778e-05 -9.13778e-05 -0.000201778 0 -9.13778e-05 -0.000201778 0 0 -0.000201778
14.7 -9.07555e-05 0 0 -9.07555e-05 -9.07555e-05 0 0 -9.07555e-05 0 0 0 0 -9.07555e-05 0 -0.000203556 -9.07555e-05 -9.07555e-05 -0.000203556 0 -9.07555e-05 -0.000203556 0 0 -0.000203556
14.8 -9.01333e-05 0 0 -9.01333e-05 -9.01333e-05 0 0 -9.01333e-05 0 0 0 0 -9.01333e-05 0 -0.000205333 -9.01333e-05 -9.01333e-05 -0.000205333 0 -9.01333e-05 -0.000205333 0 0 -0.000205333
14.9 -8.95111e-05 0 0 -8.95111e-05 -8.95111e-05 0 0 -8.95111e-05 0 0 0 0 -8.95111e-05 0 -0.000207111 -8.95111e-05 -8.95111e-05 -0.000207111 0 -8.95111e-05 -0.000207111 0 0 -0.000207111
15 -8.88889e-05 0 0 -8.88889e-05 -8.88889e-05 0 0 -8.88889e-05 0 0 0 0 -8.88889e-05 0 -0.000208889 -8.88889e-05 -8.88889e-05 -0.000208889 0 -8.88889e-05 -0.000208889 0 0 -0.000208889
15.1 -8.82667e-05 0 0 -8.82667e-05 -8.82667e-05 0 0 -8.82667e-05 0 0 0 0 -8.82667e-05 0 -0.000210667 -8.82667e-05 -8.82667e-05 -0.000210667 0 -8.82667e-05 -0.000210667 0 0 -0.000210667
15.2 -8.76444e-05 0 0 -8.76444e-05 -8.76444e-05 0 0 -8.76444e-05 0 0 0 0 -8.76444e-05 0 -0.000212444 -8.76444e-05 -8.76444e-05 -0.000212444 0 -8.76444e-05 -0.000212444 0 0 -0.000212444
15.3 -8.70222e-05 0 0 -8.70222e-05 -8.70222e-05 0 0 -8.70222e-05 0 0 0 0 -8.70222e-05 0 -0.000214222 -8.70222e-05 -8.70222e-05 -0.000214222 0 -8.70222e-05 -0.000214222 0 0 -0.000214222
15.4 -8.64e-05 0 0 -8.64e-05 -8.64e-05 0 0 -8.64e-05 0 0 0 0 -8.64e-05 0 -0.000216 -8.64e-05 -8.64e-05 -0.000216 0 -8.64e-05 -0.000216 0 0 -0.000216
15.5 -8.57778e-05 0 0 -8.57778e-05 -8.57778e-05 0 0 -8.57778e-05 0 0 0 0 -8.57778e-05 0 -0.000217778 -8.57778e-05 -8.57778e-05 -0.000217778 0 -8.57778e-05 -0.000217778 0 0 -0.000217778
15.6 -8.51555e-05 0 0 -8.51555e-05 -8.51555e-05 0 0 -8.51555e-05 0 0 0 0 -8.51555e-05 0 -0.000219556 -8.51555e-05 -8.51555e-05 -0.000219556 0 -8.51555e-05 -0.000219556 0 0 -0.000219556
15.7 -8.45333e-05 0 0 -8.45333e-05 -8.45333e-05 0 0 -8.45333e-05 0 0 0 0 -8.45333e-05 0 -0.000221333 -8.45333e-05 -8.45333e-05 -0.000221333 0 -8.45333e-05 -0.000221333 0 0 -0.000221333
15.8 -8.39111e-05 0 0 -8.39111e-05 -8.39111e-05 0 0 -8.39111e-05 0 0 0 0 -8.39111e-05 0 -0.000223111 -8.39111e-05 -8.39111e-05 -0.000223111 0 -8.39111e-05 -0.000223111 0 0 -0.000223111
15.9 -8.32889e-05 0 0 -8.32889e-05 -8.32889e-05 0 0 -8.32889e-05 0 0 0 0 -8.32889e-05 0 -0.000224889 -8.32889e-05 -8.32889e-05 -0.000224889 0 -8.32889e-05 -0.000224889 0 0 -0.000224889
16 -8.26667e-05 0 0 -8.26667e-05 -8.26667e-05 0 0 -8.26667e-05 0 0 0 0 -8.26667e-05 0 -0.000226667 -8.26667e-05 -8.26667e-05 -0.000226667 0 -8.26667e-05 -0.000226667 0 0 -0.000226667
16.1 -8.20444e-05 0 0 -8.20444e-05 -8.20444e-05 0 0 -8.20444e-05 0 0 0 0 -8.20444e-05 0 -0.000228444 -8.20444e-05 -8.20444e-05 -0.000228444 0 -8.20444e-05 -0.000228444 0 0 -0.000228444
16.2 -8.14222e-05 0 0 -8.14222e-05 -8.14222e-05 0 0 -8.14222e-05 0 0 0 0 -8.14222e-05 0 -0.000230222 -8.14222e-05 -8.14222e-05 -0.000230222 0 -8.14222e-05 -0.000230222 0 0 -0.000230222
16.3 -8.08e-05 0 0 -8.08e-05 -8.08e-05 0 0 -8.08e-05 0 0 0 0 -8.08e-05 0 -0.000232 -8.08e-05 -8.08e-05 -0.000232 0 -8.08e-05 -0.000232 0 0 -0.000232
16.4 -8.01778e-05 0 0 -8.01778e-05 -8.01778e-05 0 0 -8.01778e-05 0 0 0 0 -8.01778e-05 0 -0.000233778 -8.01778e-05 -8.01778e-05 -0.000233778 0 -8.01778e-05 -0.000233778 0 0 -0.000233778
16.5 -7.95555e-05 0 0 -7.95555e-05 -7.95555e-05 0 0 -7.95555e-05 0 0 0 0 -7.95555e-05 0 -0.000235556 -7.95555e-05 -7.95555e-05 -0.000235556 0 -7.95555e-05 -0.000235556 0 0 -0.000235556
16.6 -7.89333e-05 0 0 -7.89333e-05 -7.89333e-05 0 0 -7.89333e-05 0 0 0 0 -7.89333e-05 0 -0.000237333 -7.89333e-05 -7.89333e-05 -0.000237333 0 -7.89333e-05 -0.000237333 0 0 -0.000237333
16.7 -7.83111e-05 0 0 -7.83111e-05 -7.83111e-05 0 0 -7.83111e-05 0 0 0 0 -7.83111e-05 0 -0.000239111 -7.83111e-05 -7.83111e-05 -0.000239111 0 -7.83111e-05 -0.000239111 0 0 -0.000239111
16.8 -7.76889e-05 0 0 -7.76889e-05 -7.76889e-05 0 0 -7.76889e-05 0 0 0 0 -7.76889e-05 0 -0.000240889 -7.76889e-05 -7.76889e-05 -0.000240889 0 -7.76889e-05 -0.000240889 0 0 -0.000240889
16.9 -7.70667e-05 0 0 -7.70667e-05 -7.70667e-05 0 0 -7.70667e-05 0 0 0 0 -7.70667e-05 0 -0.000242667 -7.70667e-05 -7.70667e-05 -0.000242667 0 -7.70667e-05 -0.000242667 0 0 -0.000242667
17 -7.64444e-05 0 0 -7.64444e-05 -7.64444e-05 0 0 -7.64444e-05 0 0 0 0 -7.64444e-05 0 -0.000244444 -7.64444e-05 -7.64444e-05 -0.000244444 0 -7.64444e-05 -0.000244444 0 0 -0.000244444
17.1 -7.58222e-05 0 0 -7.58222e-05 -7.58222e-05 0 0 -7.58222e-05 0 0 0 0 -7.58222e-05 0 -0.000246222 -7.58222e-05 -7.58222e-05 -0.000246222 0 -7.58222e-05 -0.000246222 0 0 -0.000246222
17.2 -7.52e-05 0 0 -7.52e-05 -7.52e-05 0 0 -7.52e-05 0 0 0 0 -7.52e-05 0 -0.000248 -7.52e-05 -7.52e-05 -0.000248 0 -7.52e-05 -0.000248 0 0 -0.000248
17.3 -7.45778e-05 0 0 -7.45778e-05 -7.45778e-05 0 0 -7.45778e-05 0 0 0 0 -7.45778e-05 0 -0.000249778 -7.45778e-05 -7.45778e-05 -0.000249778 0 -7.45778e-05 -0.000249778 0 0 -0.000249778
17.4 -7.39555e-05 0 0 -7.39555e-05 -7.39555e-05 0 0 -7.39555e-05 0 0 0 0 -7.39555e-05 0 -0.000251556 -7.39555e-05 -7.39555e-05 -0.000251556 0 -7.39555e-05 -0.000251556 0 0 -0.000251556
17.5 -7.33333e-05 0 0 -7.33333e-05 -7.33333e-05 0 0 -7.33333e-05 0 0 0 0 -7.33333e-05 0 -0.000253333 -7.33333e-05 -7.33333e-05 -0.000253333 0 -7.33333e-05 -0.000253333 0 0 -0.000253333
17.6 -7.27111e-05 0 0 -7.27111e-05 -7.27111e-05 0 0 -7.27111e-05 0 0 0 0 -7.27111e-05 0 -0.000255111 -7.27111e-05 -7.27111e-05 -0.000255111 0 -7.27111e-05 -0.000255111 0 0 -0.000255111
17.7 -7.20889e-05 0 0 -7.20889e-05 -7.20889e-05 0 0 -7.20889e-05 0 0 0 0 -7.20889e-05 0 -0.000256889 -7.20889e-05 -7.20889e-05 -0.000256889 0 -7.20889e-05 -0.000256889 0 0 -0.000256889
17.8 -7.14667e-05 0 0 -7.14667e-05 -7.14667e-05 0 0 -7.14667e-05 0 0 0 0 -7.14667e-05 0 -0.000258667 -7.14667e-05 -7.14667e-05 -0.000258667 0 -7.14667e-05 -0.000258667 0 0 -0.000258667
17.9 -7.08444e-05 0 0 -7.08444e-05 -7.08444e-05 0 0 -7.08444e-05 0 0 0 0 -7.08444e-05 0 -0.000260444 -7.08444e-05 -7.08444e-05 -0.000260444 0 -7.08444e-05 -0.000260444 0 0 -0.000260444
18 -7.02222e-05 0 0 -7.02222e-05 -7.02222e-05 0 0 -7.02222e-05 0 0 0 0 -7.02222e-05 0 -0.000262222 -7.02222e-05 -7.02222e-05 -0.000262222 0 -7.02222e-05 -0.000262222 0 0 -0.000262222
18.1 -6.96e-05 0 0 -6.96e-05 -6.96e-05 0 0 -6.96e-05 0 0 0 0 -6.96e-05 0 -0.000264 -6.96e-05 -6.96e-05 -0.000264 0 -6.96e-05 -0.000264 0 0 -0.000264
18.2 -6.89778e-05 0 0 -6.89778e-05 -6.89778e-05 0 0 -6.89778e-05 0 0 0 0 -6.89778e-05 0 -0.000265778 -6.89778e-05 -6.89778e-05 -0.000265778 0 -6.89778e-05 -0.000265778 0 0 -0.000265778
18.3 -6.83556e-05 0 0 -6.83556e-05 -6.83556e-05 0 0 -6.83556e-05 0 0 0 0 -6.83556e-05 0 -0.000267556 -6.83556e-05 -6.83556e-05 -0.000267556 0 -6.83556e-05 -0.000267556 0 0 -0.000267556
18.4 -6.77333e-05 0 0 -6.77333e-05 -6.77333e-05 0 0 -6.77333e-05 0 0 0 0 -6.77333e-05 0 -0.000269333 -6.77333e-05 -6.77333e-05 -0.000269333 0 -6.77333e-05 -0.000269333 0 0 -0.000269333
18.5 -6.71111e-05 0 0 -6.71111e-05 -6.71111e-05 0 0 -6.71111e-05 0 0 0 0 -6.71111e-05 0 -0.000271111 -6.71111e-05 -6.71111e-05 -0.000271111 0 -6.71111e-05 -0.000271111 0 0 -0.000271111
18.6 -6.64889e-05 0 0 -6.64889e-05 -6.64889e-05 0 0 -6.64889e-05 0 0 0 0 -6.64889e-05 0 -0.000272889 -6.64889e-05 -6.64889e-05 -0.000272889 0 -6.64889e-05 -0.000272889 0 0 -0.000272889
18.7 -6.58667e-05 0 0 -6.58667e-05 -6.58667e-05 0 0 -6.58667e-05 0 0 0 0 -6.58667e-05 0 -0.000274667 -6.58667e-05 -6.58667e-05 -0.000274667 0 -6.58667e-05 -0.000274667 0 0 -0.000274667
18.8 -6.52444e-05 0 0 -6.52444e-05 -6.52444e-05 0 0 -6.52444e-05 0 0 0 0 -6.52444e-05 0 -0.000276444 -6.52444e-05 -6.52444e-05 -0.000276444 0 -6.52444e-05 -0.000276444 0 0 -0.000276444
18.9 -6.46222e-05 0 0 -6.46222e-05 -6.46222e-05 0 0 -6.46222e-05 0 0 0 0 -6.46222e-05 0 -0.000278222 -6.46222e-05 -6.46222e-05 -0.000278222 0 -6.46222e-05 -0.000278222 0 0 -0.000278222
19 -6.4e-05 0 0 -6.4e-05 -6.4e-05 0 0 -6.4e-05 0 0 0 0 -6.4e-05 0 -0.00028 -6.4e-05 -6.4e-05 -0.00028 0 -6.4e-05 -0.00028 0 0 -0.00028
19.1 -6.33778e-05 0 0 -6.33778e-05 -6.33778e-05 0 0 -6.33778e-05 0 0 0 0 -6.33778e-05 0 -0.000281778 -6.33778e-05 -6.33778e-05 -0.000281778 0 -6.33778e-05 -0.000281778 0 0 -0.000281778
19.2 -6.27556e-05 0 0 -6.27556e-05 -6.27556e-05 0 0 -6.27556e-05 0 0 0 0 -6.27556e-05 0 -0.000283556 -6.27556e-05 -6.27556e-05 -0.000283556 0 -6.27556e-05 -0.000283556 0 0 -0.000283556
19.3 -6.21333e-05 0 0 -6.21333e-05 -6.21333e-05 0 0 -6.21333e-05 0 0 0 0 -6.21333e-05 0 -0.000285333 -6.21333e-05 -6.21333e-05 -0.000285333 0 -6.21333e-05 -0.000285333 0 0 -0.000285333
19.4 -6.15111e-05 0 0 -6.15111e-05 -6.15111e-05 0 0 -6.15111e-05 0 0 0 0 -6.15111e-05 0 -0.000287111 -6.15111e-05 -6.15111e-05 -0.000287111 0 -6.15111e-05 -0.000287111 0 0 -0.000287111
19.5 -6.08889e-05 0 0 -6.08889e-05 -6.08889e-05 0 0 -6.08889e-05 0 0 0 0 -6.08889e-05 0 -0.000288889 -6.08889e-05 -6.08889e-05 -0.000288889 0 -6.08889e-05 -0.000288889 0 0 -0.000288889
19.6 -6.02667e-05 0 0 -6.02667e-05 -6.02667e-05 0 0 -6.02667e-05 0 0 0 0 -6.02667e-05 0 -0.000290667 -6.02667e-05 -6.02667e-05 -0.000290667 0 -6.02667e-05 -0.000290667 0 0 -0.000290667
19.7 -5.96444e-05 0 0 -5.96444e-05 -5.96444e-05 0 0 -5.96444e-05 0 0 0 0 -5.96444e-05 0 -0.000292444 -5.96444e-05 -5.96444e-05 -0.000292444 0 -5.96444e-05 -0.000292444 0 0 -0.000292444
19.8 -5.90222e-05 0 0 -5.90222e-05 -5.90222e-05 0 0 -5.90222e-05 0 0 0 0 -5.90222e-05 0 -0.000294222 -5.90222e-05 -5.90222e-05 -0.000294222 0 -5.90222e-05 -0.000294222 0 0 -0.000294222
19.9 -5.84e-05 0 0 -5.84e-05 -5.84e-05 0 0 -5.84e-05 0 0 0 0 -5.84e-05 0 -0.000296 -5.84e-05 -5.84e-05 -0.000296 0 -5.84e-05 -0.000296 0 0 -0.000296
20 -5.77778e-05 0 0 -5.77778e-05 -5.77778e-05 0 0 -5.77778e-05 0 0 0 0 -5.77778e-05 0 -0.000297778 -5.77778e-05 -5.77778e-05 -0.000297778 0 -5.77778e-05 -0.000297778 0 0 -0.000297778
20.1 -5.71556e-05 0 0 -5.71556e-05 -5.71556e-05 0 0 -5.71556e-05 0 0 0 0 -5.71556e-05 0 -0.000299556 -5.71556e-05 -5.71556e-05 -0.000299556 0 -5.71556e-05 -0.000299556 0 0 -0.000299556
20.2 -5.65333e-05 0 0 -5.65333e-05 -5.65333e-05 0 0 -5.65333e-05 0 0 0 0 -5.65333e-05 0 -0.000301333 -5.65333e-05 -5.65333e-05 -0.000301333 0 -5.65333e-05 -0.000301333 0 0 -0.000301333
20.3 -5.59111e-05 0 0 -5.59111e-05 -5.59111e-05 0 0 -5.59111e-05 0 0 0 0 -5.59111e-05 0 -0.000303111 -5.59111e-05 -5.59111e-05 -0.000303111 0 -5.59111e-05 -0.000303111 0 0 -0.000303111
20.4 -5.52889e-05 0 0 -5.52889e-05 -5.52889e-05 0 0 -5.52889e-05 0 0 0 0 -5.52889e-05 0 -0.000304889 -5.52889e-05 -5.52889e-05 -0.000304889 0 -5.52889e-05 -0.000304889 0 0 -0.000304889
20.5 -5.46667e-05 0 0 -5.46667e-05 -5.46667e-05 0 0 -5.46667e-05 0 0 0 0 -5.46667e-05 0 -0.000306667 -5.46667e-05 -5.46667e-05 -0.000306667 0 -5.46667e-05 -0.000306667 0 0 -0.000306667
20.6 -5.40444e-05 0 0 -5.40444e-05 -5.40444e-05 0 0 -5.40444e-05 0 0 0 0 -5.40444e-05 0 -0.000308444 -5.40444e-05 -5.40444e-05 -0.000308444 0 -5.40444e-05 -0.000308444 0 0 -0.000308444
20.7 -5.34222e-05 0 0 -5.34222e-05 -5.34222e-05 0 0 -5.34222e-05 0 0 0 0 -5.34222e-05 0 -0.000310222 -5.34222e-05 -5.34222e-05 -0.000310222 0 -5.34222e-05 -0.000310222 0 0 -0.000310222
20.8 -5.28e-05 0 0 -5.28e-05 -5.28e-05 0 0 -5.28e-05 0 0 0 0 -5.28e-05 0 -0.000312 -5.28e-05 -5.28e-05 -0.000312 0 -5.28e-05 -0.000312 0 0 -0.000312
20.9 -5.21778e-05 0 0 -5.21778e-05 -5.21778e-05 0 0 -5.21778e-05 0 0 0 0 -5.21778e-05 0 -0.000313778 -5.21778e-05 -5.21778e-05 -0.000313778 0 -5.21778e-05 -0.000313778 0 0 -0.000313778
21 -5.15556e-05 0 0 -5.15556e-05 -5.15556e-05 0 0 -5.15556e-05 0 0 0 0 -5.15556e-05 0 -0.000315556 -5.15556e-05 -5.15556e-05 -0.000315556 0 -5.15556e-05 -0.000315556 0 0 -0.000315556
21.1 -5.09333e-05 0 0 -5.09333e-05 -5.09333e-05 0 0 -5.09333e-05 0 0 0 0 -5.09333e-05 0 -0.000317333 -5.09333e-05 -5.09333e-05 -0.000317333 0 -5.09333e-05 -0.000317333 0 0 -0.000317333
21.2 -5.03111e-05 0 0 -5.03111e-05 -5.03111e-05 0 0 -5.03111e-05 0 0 0 0 -5.03111e-05 0 -0.000319111 -5.03111e-05 -5.03111e-05 -0.000319111 0 -5.03111e-05 -0.000319111 0 0 -0.000319111
21.3 -4.96889e-05 0 0 -4.96889e-05 -4.96889e-05 0 0 -4.96889e-05 0 0 0 0 -4.96889e-05 0 -0.000320889 -4.96889e-05 -4.96889e-05 -0.000320889 0 -4.96889e-05 -0.000320889 0 0 -0.000320889
21.4 -4.90667e-05 0 0 -4.90667e-05 -4.90667e-05 0 0 -4.90667e-05 0 0 0 0 -4.90667e-05 0 -0.000322667 -4.90667e-05 -4.90667e-05 -0.000322667 0 -4.90667e-05 -0.000322667 0 0 -0.000322667
21.5 -4.84444e-05 0 0 -4.84444e-05 -4.84444e-05 0 0 -4.84444e-05 0 0 0 0 -4.84444e-05 0 -0.000324444 -4.84444e-05 -4.84444e-05 -0.000324444 0 -4.84444e-05 -0.000324444 0 0 -0.000324444
21.6 -4.78222e-05 0 0 -4.78222e-05 -4.78222e-05 0 0 -4.78222e-05 0 0 0 0 -4.78222e-05 0 -0.000326222 -4.78222e-05 -4.78222e-05 -0.000326222 0 -4.78222e-05 -0.000326222 0 0 -0.000326222
21.7 -4.72e-05 0 0 -4.72e-05 -4.72e-05 0 0 -4.72e-05 0 0 0 0 -4.72e-05 0 -0.000328 -4.72e-05 -4.72e-05 -0.000328 0 -4.72e-05 -0.000328 0 0 -0.000328
21.8 -4.65778e-05 0 0 -4.65778e-05 -4.65778e-05 0 0 -4.65778e-05 0 0 0 0 -4.65778e-05 0 -0.000329778 -4.65778e-05 -4.65778e-05 -0.000329778 0 -4.65778e-05 -0.000329778 0 0 -0.000329778
21.9 -4.59556e-05 0 0 -4.59556e-05 -4.59556e-05 0 0 -4.59556e-05 0 0 0 0 -4.59556e-05 0 -0.000331556 -4.59556e-05 -4.59556e-05 -0.000331556 0 -4.59556e-05 -0.000331556 0 0 -0.000331556
22 -4.53333e-05 0 0 -4.53333e-05 -4.53333e-05 0 0 -4.53333e-05 0 0 0 0 -4.53333e-05 0 -0.000333333 -4.53333e-05 -4.53333e-05 -0.000333333 0 -4.53333e-05 -0.000333333 0 0 -0.000333333
22.1 -4.47111e-05 0 0 -4.47111e-05 -4.47111e-05 0 0 -4.47111e-05 0 0 0 0 -4.47111e-05 0 -0.000335111 -4.47111e-05 -4.47111e-05 -0.000335111 0 -4.47111e-05 -0.000335111 0 0 -0.000335111
22.2 -4.40889e-05 0 0 -4.40889e-05 -4.40889e-05 0 0 -4.40889e-05 0 0 0 0 -4.40889e-05 0 -0.000336889 -4.40889e-05 -4.40889e-05 -0.000336889 0 -4.40889e-05 -0.000336889 0 0 -0.000336889
22.3 -4.34667e-05 0 0 -4.34667e-05 -4.34667e-05 0 0 -4.34667e-05 0 0 0 0 -4.34667e-05 0 -0.000338667 -4.34667e-05 -4.34667e-05 -0.000338667 0 -4.34667e-05 -0.000338667 0 0 -0.000338667
22.4 -4.28444e-05 0 0 -4.28444e-05 -4.28444e-05 0 0 -4.28444e-05 0 0 0 0 -4.28444e-05 0 -0.000340444 -4.28444e-05 -4.28444e-05 -0.000340444 0 -4.28444e-05 -0.000340444 0 0 -0.000340444
22.5 -4.22222e-05 0 0 -4.22222e-05 -4.22222e-05 0 0 -4.22222e-05 0 0 0 0 -4.22222e-05 0 -0.000342222 -4.22222e-05 -4.22222e-05 -0.000342222 0 -4.22222e-05 -0.000342222 0 0 -0.000342222
22.6 -4.16e-05 0 0 -4.16e-05 -4.16e-05 0 0 -4.16e-05 0 0 0 0 -4.16e-05 0 -0.000344 -4.16e-05 -4.16e-05 -0.000344 0 -4.16e-05 -0.000344 0 0 -0.000344
22.7 -4.09778e-05 0 0 -4.09778e-05 -4.09778e-05 0 0 -4.09778e-05 0 0 0 0 -4.09778e-05 0 -0.000345778 -4.09778e-05 -4.09778e-05 -0.000345778 0 -4.09778e-05 -0.000345778 0 0 -0.000345778
22.8 -4.03556e-05 0 0 -4.03556e-05 -4.03556e-05 0 0 -4.03556e-05 0 0 0 0 -4.03556e-05 0 -0.000347556 -4.03556e-05 -4.03556e-05 -0.000347556 0 -4.03556e-05 -0.000347556 0 0 -0.000347556
22.9 -3.97333e-05 0 0 -3.97333e-05 -3.97333e-05 0 0 -3.97333e-05 0 0 0 0 -3.97333e-05 0 -0.000349333 -3.97333e-05 -3.97333e-05 -0.000349333 0 -3.97333e-05 -0.000349333 0 0 -0.000349333
23 -3.91111e-05 0 0 -3.91111e-05 -3.91111e-05 0 0 -3.91111e-05 0 0 0 0 -3.91111e-05 0 -0.000351111 -3.91111e-05 -3.91111e-05 -0.000351111 0 -3.91111e-05 -0.000351111 0 0 -0.000351111
23.1 -3.84889e-05 0 0 -3.84889e-05 -3.84889e-05 0 0 -3.84889e-05 0 0 0 0 -3.84889e-05 0 -0.000352889 -3.84889e-05 -3.84889e-05 -0.000352889 0 -3.84889e-05 -0.000352889 0 0 -0.000352889
23.2 -3.78667e-05 0 0 -3.78667e-05 -3.78667e-05 0 0 -3.78667e-05 0 0 0 0 -3.78667e-05 0 -0.000354667 -3.78667e-05 -3.78667e-05 -0.000354667 0 -3.78667e-05 -0.000354667 0 0 -0.000354667
23.3 -3.72444e-05 0 0 -3.72444e-05 -3.72444e-05 0 0 -3.72444e-05 0 0 0 0 -3.72444e-05 0 -0.000356444 -3.72444e-05 -3.72444e-05 -0.000356444 0 -3.72444e-05 -0.000356444 0 0 -0.000356444
23.4 -3.66222e-05 0 0 -3.66222e-05 -3.66222e-05 0 0 -3.66222e-05 0 0 0 0 -3.66222e-05 0 -0.000358222 -3.66222e-05 -3.66222e-05 -0.000358222 0 -3.66222e-05 -0.000358222 0 0 -0.000358222
23.5 -3.6e-05 0 0 -3.6e-05 -3.6e-05 0 0 -3.6e-05 0 0 0 0 -3.6e-05 0 -0.00036 -3.6e-05 -3.6e-05 -0.00036 0 -3.6e-05 -0.00036 0 0 -0.00036
23.6 -3.53778e-05 0 0 -3.53778e-05 -3.53778e-05 0 0 -3.53778e-05 0 0 0 0 -3.53778e-05 0 -0.000361778 -3.53778e-05 -3.53778e-05 -0.000361778 0 -3.53778e-05 -0.000361778 0 0 -0.000361778
23.7 -3.47556e-05 0 0 -3.47556e-05 -3.47556e-05 0 0 -3.47556e-05 0 0 0 0 -3.47556e-05 0 -0.000363556 -3.47556e-05 -3.47556e-05 -0.000363556 0 -3.47556e-05 -0.000363556 0 0 -0.000363556
23.8 -3.41333e-05 0 0 -3.41333e-05 -3.41333e-05 0 0 -3.41333e-05 0 0 0 0 -3.41333e-05 0 -0.000365333 -3.41333e-05 -3.41333e-05 -0.000365333 0 -3.41333e-05 -0.000365333 0 0 -0.000365333
23.9 -3.35111e-05 0 0 -3.35111e-05 -3.35111e-05 0 0 -3.35111e-05 0 0 0 0 -3.35111e-05 0 -0.000367111 -3.35111e-05 -3.35111e-05 -0.000367111 0 -3.35111e-05 -0.000367111 0 0 -0.000367111
24 -3.28889e-05 0 0 -3.28889e-05 -3.28889e-05 0 0 -3.28889e-05 0 0 0 0 -3.28889e-05 0 -0.000368889 -3.28889e-05 -3.28889e-05 -0.000368889 0 -3.28889e-05 -0.000368889 0 0 -0.000368889
24.1 -3.22667e-05 0 0 -3.22667e-05 -3.22667e-05 0 0 -3.22667e-05 0 0 0 0 -3.22667e-05 0 -0.000370667 -3.22667e-05 -3.22667e-05 -0.000370667 0 -3.22667e-05 -0.000370667 0 0 -0.000370667
24.2 -3.16444e-05 0 0 -3.16444e-05 -3.16444e-05 0 0 -3.16444e-05 0 0 0 0 -3.16444e-05 0 -0.000372444 -3.16444e-05 -3.16444e-05 -0.000372444 0 -3.16444e-05 -0.000372444 0 0 -0.000372444
24.3 -3.10222e-05 0 0 -3.10222e-05 -3.10222e-05 0 0 -3.10222e-05 0 0 0 0 -3.10222e-05 0 -0.000374222 -3.10222e-05 -3.10222e-05 -0.000374222 0 -3.10222e-05 -0.000374222 0 0 -0.000374222
24.4 -3.04e-05 0 0 -3.04e-05 -3.04e-05 0 0 -3.04e-05 0 0 0 0 -3.04e-05 0 -0.000376 -3.04e-05 -3.04e-05 -0.000376 0 -3.04e-05 -0.000376 0 0 -0.000376
24.5 -2.97778e-05 0 0 -2.97778e-05 -2.97778e-05 0 0 -2.97778e-05 0 0 0 0 -2.97778e-05 0 -0.000377778 -2.97778e-05 -2.97778e-05 -0.000377778 0 -2.97778e-05 -0.000377778 0 0 -0.000377778
24.6 -2.91556e-05 0 0 -2.91556e-05 -2.91556e-05 0 0 -2.91556e-05 0 0 0 0 -2.91556e-05 0 -0.000379556 -2.91556e-05 -2.91556e-05 -0.000379556 0 -2.91556e-05 -0.000379556 0 0 -0.000379556
24.7 -2.85333e-05 0 0 -2.85333e-05 -2.85333e-05 0 0 -2.85333e-05 0 0 0 0 -2.85333e-05 0 -0.000381333 -2.85333e-05 -2.85333e-05 -0.000381333 0 -2.85333e-05 -0.000381333 0 0 -0.000381333
24.8 -2.79111e-05 0 0 -2.79111e-05 -2.79111e-05 0 0 -2.79111e-05 0 0 0 0 -2.79111e-05 0 -0.000383111 -2.79111e-05 -2.79111e-05 -0.000383111 0 -2.79111e-05 -0.000383111 0 0 -0.000383111
24.9 -2.72889e-05 0 0 -2.72889e-05 -2.72889e-05 0 0 -2.72889e-05 0 0 0 0 -2.72889e-05 0 -0.000384889 -2.72889e-05 -2.72889e-05 -0.000384889 0 -2.72889e-05 -0.000384889 0 0 -0.000384889
25 -2.66667e-05 0 0 -2.66667e-05 -2.66667e-05 0 0 -2.66667e-05 0 0 0 0 -2.66667e-05 0 -0.000386667 -2.66667e-05 -2.66667e-05 -0.000386667 0 -2.66667e-05 -0.000386667 0 0 -0.000386667
25.1 -2.60444e-05 0 0 -2.60444e-05 -2.60444e-05 0 0 -2.60444e-05 0 0 0 0 -2.60444e-05 0 -0.000388444 -2.60444e-05 -2.60444e-05 -0.000388444 0 -2.60444e-05 -0.000388444 0 0 -0.000388444
25.2 -2.54222e-05 0 0 -2.54222e-05 -2.54222e-05 0 0 -2.54222e-05 0 0 0 0 -2.54222e-05 0 -0.000390222 -2.54222e-05 -2.54222e-05 -0.000390222 0 -2.54222e-05 -0.000390222 0 0 -0.000390222
25.3 -2.48e-05 0 0 -2.48e-05 -2.48e-05 0 0 -2.48e-05 0 0 0 0 -2.48e-05 0 -0.000392 -2.48e-05 -2.48e-05 -0.000392 0 -2.48e-05 -0.000392 0 0 -0.000392
25.4 -2.41778e-05 0 0 -2.41778e-05 -2.41778e-05 0 0 -2.41778e-05 0 0 0 0 -2.41778e-05 0 -0.000393778 -2.41778e-05 -2.41778e-05 -0.000393778 0 -2.41778e-05 -0.000393778 0 0 -0.000393778
25.5 -2.35556e-05 0 0 -2.35556e-05 -2.35556e-05 0 0 -2.35556e-05 0 0 0 0 -2.35556e-05 0 -0.000395556 -2.35556e-05 -2.35556e-05 -0.000395556 0 -2.35556e-05 -0.000395556 0 0 -0.000395556
25.6 -2.29333e-05 0 0 -2.29333e-05 -2.29333e-05 0 0 -2.29333e-05 0 0 0 0 -2.29333e-05 0 -0.000397333 -2.29333e-05 -2.29333e-05 -0.000397333 0 -2.29333e-05 -0.000397333 0 0 -0.000397333
25.7 -2.23111e-05 0 0 -2.23111e-05 -2.23111e-05 0 0 -2.23111e-05 0 0 0 0 -2.23111e-05 0 -0.000399111 -2.23111e-05 -2.23111e-05 -0.000399111 0 -2.23111e-05 -0.000399111 0 0 -0.000399111
25.8 -2.16889e-05 0 0 -2.16889e-05 -2.16889e-05 0 0 -2.16889e-05 0 0 0 0 -2.16889e-05 0 -0.000400889 -2.16889e-05 -2.16889e-05 -0.000400889 0 -2.16889e-05 -0.000400889 0 0 -0.000400889
25.9 -2.10667e-05 0 0 -2.10667e-05 -2.10667e-05 0 0 -2.10667e-05 0 0 0 0 -2.10667e-05 0 -0.000402667 -2.10667e-05 -2.10667e-05 -0.000402667 0 -2.10667e-05 -0.000402667 0 0 -0.000402667
26 -2.04444e-05 0 0 -2.04444e-05 -2.04444e-05 0 0 -2.04444e-05 0 0 0 0 -2.04444e-05 0 -0.000404444 -2.04444e-05 -2.04444e-05 -0.000404444 0 -2.04444e-05 -0.000404444 0 0 -0.000404444
26.1 -1.98222e-05 0 0 -1.98222e-05 -1.98222e-05 0 0 -1.98222e-05 0 0 0 0 -1.98222e-05 0 -0.000406222 -1.98222e-05 -1.98222e-05 -0.000406222 0 -1.98222e-05 -0.000406222 0 0 -0.000406222
26.2 -1.92e-05 0 0 -1.92e-05 -1.92e-05 0 0 -1.92e-05 0 0 0 0 -1.92e-05 0 -0.000408 -1.92e-05 -1.92e-05 -0.000408 0 -1.92e-05 -0.000408 0 0 -0.000408
26.3 -1.85778e-05 0 0 -1.85778e-05 -1.85778e-05 0 0 -1.85778e-05 0 0 0 0 -1.85778e-05 0 -0.000409778 -1.85778e-05 -1.85778e-05 -0.000409778 0 -1.85778e-05 -0.000409778 0 0 -0.000409778
26.4 -1.79556e-05 0 0 -1.79556e-05 -1.79556e-05 0 0 -1.79556e-05 0 0 0 0 -1.79556e-05 0 -0.000411556 -1.79556e-05 -1.79556e-05 -0.000411556 0 -1.79556e-05 -0.000411556 0 0 -0.000411556
26.5 -1.73333e-05 0 0 -1.73333e-05 -1.73333e-05 0 0 -1.73333e-05 0 0 0 0 -1.73333e-05 0 -0.000413333 -1.73333e-05 -1.73333e-05 -0.000413333 0 -1.73333e-05 -0.000413333 0 0 -0.000413333
26.6 -1.67111e-05 0 0 -1.67111e-05 -1.67111e-05 0 0 -1.67111e-05 0 0 0 0 -1.67111e-05 0 -0.000415111 -1.67111e-05 -1.67111e-05 -0.000415111 0 -1.67111e-05 -0.000415111 0 0 -0.000415111
26.7 -1.60889e-05 0 0 -1.60889e-05 -1.60889e-05 0 0 -1.60889e-05 0 0 0 0 -1.60889e-05 0 -0.000416889 -1.60889e-05 -1.60889e-05 -0.000416889 0 -1.60889e-05 -0.000416889 0 0 -0.000416889
26.8 -1.54667e-05 0 0 -1.54667e-05 -1.54667e-05 0 0 -1.54667e-05 0 0 0 0 -1.54667e-05 0 -0.000418667 -1.54667e-05 -1.54667e-05 -0.000418667 0 -1.54667e-05 -0.000418667 0 0 -0.000418667
26.9 -1.48444e-05 0 0 -1.48444e-05 -1.48444e-05 0 0 -1.48444e-05 0 0 0 0 -1.48444e-05 0 -0.000420444 -1.48444e-05 -1.48444e-05 -0.000420444 0 -1.48444e-05 -0.000420444 0 0 -0.000420444
27 -1.42222e-05 0 0 -1.42222e-05 -1.42222e-05 0 0 -1.42222e-05 0 0 0 0 -1.42222e-05 0 -0.000422222 -1.42222e-05 -1.42222e-05 -0.000422222 0 -1.42222e-05 -0.000422222 0 0 -0.000422222
27.1 -1.36e-05 0 0 -1.36e-05 -1.36e-05 0 0 -1.36e-05 0 0 0 0 -1.36e-05 0 -0.000424 -1.36e-05 -1.36e-05 -0.000424 0 -1.36e-05 -0.000424 0 0 -0.000424
27.2 -1.29778e-05 0 0 -1.29778e-05 -1.29778e-05 0 0 -1.29778e-05 0 0 0 0 -1.29778e-05 0 -0.000425778 -1.29778e-05 -1.29778e-05 -0.000425778 0 -1.29778e-05 -0.000425778 0 0 -0.000425778
27.3 -1.23556e-05 0 0 -1.23556e-05 -1.23556e-05 0 0 -1.23556e-05 0 0 0 0 -1.23556e-05 0 -0.000427556 -1.23556e-05 -1.23556e-05 -0.000427556 0 -1.23556e-05 -0.000427556 0 0 -0.000427556
27.4 -1.17333e-05 0 0 -1.17333e-05 -1.17333e-05 0 0 -1.17333e-05 0 0 0 0 -1.17333e-05 0 -0.000429333 -1.17333e-05 -1.17333e-05 -0.000429333 0 -1.17333e-05 -0.000429333 0 0 -0.000429333
27.5 -1.11111e-05 0 0 -1.11111e-05 -1.11111e-05 0 0 -1.11111e-05 0 0 0 0 -1.11111e-05 0 -0.000431111 -1.11111e-05 -1.11111e-05 -0.000431111 0 -1.11111e-05 -0.000431111 0 0 -0.000431111
27.6 -1.04889e-05 0 0 -1.04889e-05 -1.04889e-05 0 0 -1.04889e-05 0 0 0 0 -1.04889e-05 0 -0.000432889 -1.04889e-05 -1.04889e-05 -0.000432889 0 -1.04889e-05 -0.000432889 0 0 -0.000432889
27.7 -9.86667e-06 0 0 -9.86667e-06 -9.86667e-06 0 0 -9.86667e-06 0 0 0 0 -9.86667e-06 0 -0.000434667 -9.86667e-06 -9.86667e-06 -0.000434667 0 -9.86667e-06 -0.000434667 0 0 -0.000434667
27.8 -9.24444e-06 0 0 -9.24444e-06 -9.24444e-06 0 0 -9.24444e-06 0 0 0 0 -9.24444e-06 0 -0.000436444 -9.24444e-06 -9.24444e-06 -0.000436444 0 -9.24444e-06 -0.000436444 0 0 -0.000436444
27.9 -8.62222e-06 0 0 -8.62222e-06 -8.62222e-06 0 0 -8.62222e-06 0 0 0 0 -8.62222e-06 0 -0.000438222 -8.62222e-06 -8.62222e-06 -0.000438222 0 -8.62222e-06 -0.000438222 0 0 -0.000438222
28 -8e-06 0 0 -8e-06 -8e-06 0 0 -8e-06 0 0 0 0 -8e-06 0 -0.00044 -8e-06 -8e-06 -0.00044 0 -8e-06 -0.00044 0 0 -0.00044
28.1 -7.37778e-06 0 0 -7.37778e-06 -7.37778e-06 0 0 -7.37778e-06 0 0 0 0 -7.37778e-06 0 -0.000441778 -7.37778e-06 -7.37778e-06 -0.000441778 0 -7.37778e-06 -0.000441778 0 0 -0.000441778
28.2 -6.75556e-06 0 0 -6.75556e-06 -6.75556e-06 0 0 -6.75556e-06 0 0 0 0 -6.75556e-06 0 -0.000443556 -6.75556e-06 -6.75556e-06 -0.000443556 0 -6.75556e-06 -0.000443556 0 0 -0.000443556
28.3 -6.13333e-06 0 0 -6.13333e-06 -6.13333e-06 0 0 -6.13333e-06 0 0 0 0 -6.13333e-06 0 -0.000445333 -6.13333e-06 -6.13333e-06 -0.000445333 0 -6.13333e-06 -0.000445333 0 0 -0.000445333
28.4 -5.51111e-06 0 0 -5.51111e-06 -5.51111e-06 0 0 -5.51111e-06 0 0 0 0 -5.51111e-06 0 -0.000447111 -5.51111e-06 -5.51111e-06 -0.000447111 0 -5.51111e-06 -0.000447111 0 0 -0.000447111
28.5 -4.88889e-06 0 0 -4.88889e-06 -4.88889e-06 0 0 -4.88889e-06 0 0 0 0 -4.88889e-06 0 -0.000448889 -4.88889e-06 -4.88889e-06 -0.000448889 0 -4.88889e-06 -0.000448889 0 0 -0.000448889
28.6 -4.26667e-06 0 0 -4.26667e-06 -4.26667e-06 0 0 -4.26667e-06 0 0 0 0 -4.26667e-06 0 -0.000450667 -4.26667e-06 -4.26667e-06 -0.000450667 0 -4.26667e-06 -0.000450667 0 0 -0.000450667
28.7 -3.64444e-06 0 0 -3.64444e-06 -3.64444e-06 0 0 -3.64444e-06 0 0 0 0 -3.64444e-06 0 -0.000452444 -3.64444e-06 -3.64444e-06 -0.000452444 0 -3.64444e-06 -0.000452444 0 0 -0.000452444
28.8 -3.02222e-06 0 0 -3.02222e-06 -3.02222e-06 0 0 -3.02222e-06 0 0 0 0 -3.02222e-06 0 -0.000454222 -3.02222e-06 -3.02222e-06 -0.000454222 0 -3.02222e-06 -0.000454222 0 0 -0.000454222
28.9 -2.4e-06 0 0 -2.4e-06 -2.4e-06 0 0 -2.4e-06 0 0 0 0 -2.4e-06 0 -0.000456 -2.4e-06 -2.4e-06 -0.000456 0 -2.4e-06 -0.000456 0 0 -0.000456
29 -1.77778e-06 0 0 -1.77778e-06 -1.77778e-06 0 0 -1.77778e-06 0 0 0 0 -1.77778e-06 0 -0.000457778 -1.77778e-06 -1.77778e-06 -0.000457778 0 -1.77778e-06 -0.000457778 0 0 -0.000457778
29.1 -1.15556e-06 0 0 -1.15556e-06 -1.15556e-06 0 0 -1.15556e-06 0 0 0 0 -1.15556e-06 0 -0.000459556 -1.15556e-06 -1.15556e-06 -0.000459556 0 -1.15556e-06 -0.000459556 0 0 -0.000459556
29.2 -5.33333e-07 0 0 -5.33333e-07 -5.33333e-07 0 0 -5.33333e-07 0 0 0 0 -5.33333e-07 0 -0.000461333 -5.33333e-07 -5.33333e-07 -0.000461333 0 -5.33333e-07 -0.000461333 0 0 -0.000461333
29.3 8.88889e-08 0 0 8.88889e-08 8.88889e-08 0 0 8.88889e-08 0 0 0 0 8.88889e-08 0 -0.000463111 8.88889e-08 8.88889e-08 -0.000463111 0 8.88889e-08 -0.000463111 0 0 -0.000463111
29.4 7.11111e-07 0 0 7.11111e-07 7.11111e-07 0 0 7.11111e-07 0 0 0 0 7.11111e-07 0 -0.000464889 7.11111e-07 7.11111e-07 -0.000464889 0 7.11111e-07 -0.000464889 0 0 -0.000464889
29.5 1.33333e-06 0 0 1.33333e-06 1.33333e-06 0 0 1.33333e-06 0 0 0 0 1.33333e-06 0 -0.000466667 1.33333e-06 1.33333e-06 -0.000466667 0 1.33333e-06 -0.000466667 0 0 -0.000466667
29.6 1.95556e-06 0 0 1.95556e-06 1.95556e-06 0 0 1.95556e-06 0 0 0 0 1.95556e-06 0 -0.000468444 1.95556e-06 1.95556e-06 -0.000468444 0 1.95556e-06 -0.000468444 0 0 -0.000468444
29.7 2.57778e-06 0 0 2.57778e-06 2.57778e-06 0 0 2.57778e-06 0 0 0 0 2.57778e-06 0 -0.000470222 2.57778e-06 2.57778e-06 -0.000470222 0 2.57778e-06 -0.000470222 0 0 -0.000470222
29.8 3.2e-06 0 0 3.2e-06 3.2e-06 0 0 3.2e-06 0 0 0 0 3.2e-06 0 -0.000472 3.2e-06 3.2e-06 -0.000472 0 3.2e-06 -0.000472 0 0 -0.000472
29.9 3.82222e-06 0 0 3.82222e-06 3.82222e-06 0 0 3.82222e-06 0 0 0 0 3.82222e-06 0 -0.000473778 3.82222e-06 3.82222e-06 -0.000473778 0 3.82222e-06 -0.000473778 0 0 -0.000473778
30 4.44444e-06 0 0 4.44444e-06 4.44444e-06 0 0 4.44444e-06 0 0 0 0 4.44444e-06 0 -0.000475556 4.44444e-06 4.44444e-06 -0.000475556 0 4.44444e-06 -0.000475556 0 0 -0.000475556
30.1 5.06667e-06 0 0 5.06667e-06 5.06667e-06 0 0 5.06667e-06 0 0 0 0 5.06667e-06 0 -0.000477333 5.06667e-06 5.06667e-06 -0.000477333 0 5.06667e-06 -0.000477333 0 0 -0.000477333
30.2 5.68889e-06 0 0 5.68889e-06 5.68889e-06 0 0 5.68889e-06 0 0 0 0 5.68889e-06 0 -0.000479111 5.68889e-06 5.68889e-06 -0.000479111 0 5.68889e-06 -0.000479111 0 0 -0.000479111
30.3 6.31111e-06 0 0 6.31111e-06 6.31111e-06 0 0 6.31111e-06 0 0 0 0 6.31111e-06 0 -0.000480889 6.31111e-06 6.31111e-06 -0.000480889 0 6.31111e-06 -0.000480889 0 0 -0.000480889
30.4 6.93333e-06 0 0 6.93333e-06 6.93333e-06 0 0 6.93333e-06 0 0 0 0 6.93333e-06 0 -0.000482667 6.93333e-06 6.93333e-06 -0.000482667 0 6.93333e-06 -0.000482667 0 0 -0.000482667
30.5 7.55555e-06 0 0 7.55555e-06 7.55555e-06 0 0 7.55555e-06 0 0 0 0 7.55555e-06 0 -0.000484444 7.55555e-06 7.55555e-06 -0.000484444 0 7.55555e-06 -0.000484444 0 0 -0.000484444
30.6 8.17778e-06 0 0 8.17778e-06 8.17778e-06 0 0 8.17778e-06 0 0 0 0 8.17778e-06 0 -0.000486222 8.17778e-06 8.17778e-06 -0.000486222 0 8.17778e-06 -0.000486222 0 0 -0.000486222
30.7 8.8e-06 0 0 8.8e-06 8.8e-06 0 0 8.8e-06 0 0 0 0 8.8e-06 0 -0.000488 8.8e-06 8.8e-06 -0.000488 0 8.8e-06 -0.000488 0 0 -0.000488
30.8 9.42222e-06 0 0 9.42222e-06 9.42222e-06 0 0 9.42222e-06 0 0 0 0 9.42222e-06 0 -0.000489778 9.42222e-06 9.42222e-06 -0.000489778 0 9.42222e-06 -0.000489778 0 0 -0.000489778
30.9 1.00444e-05 0 0 1.00444e-05 1.00444e-05 0 0 1.00444e-05 0 0 0 0 1.00444e-05 0 -0.000491556 1.00444e-05 1.00444e-05 -0.000491556 0 1.00444e-05 -0.000491556 0 0 -0.000491556
31 1.06667e-05 0 0 1.06667e-05 1.06667e-05 0 0 1.06667e-05 0 0 0 0 1.06667e-05 0 -0.000493333 1.06667e-05 1.06667e-05 -0.000493333 0 1.06667e-05 -0.000493333 0 0 -0.000493333
31.1 1.12889e-05 0 0 1.12889e-05 1.12889e-05 0 0 1.12889e-05 0 0 0 0 1.12889e-05 0 -0.000495111 1.12889e-05 1.12889e-05 -0.000495111 0 1.12889e-05 -0.000495111 0 0 -0.000495111
31.2 1.19111e-05 0 0 1.19111e-05 1.19111e-05 0 0 1.19111e-05 0 0 0 0 1.19111e-05 0 -0.000496889 1.19111e-05 1.19111e-05 -0.000496889 0 1.19111e-05 -0.000496889 0 0 -0.000496889
31.3 1.25333e-05 0 0 1.25333e-05 1.25333e-05 0 0 1.25333e-05 0 0 0 0 1.25333e-05 0 -0.000498667 1.25333e-05 1.25333e-05 -0.000498667 0 1.25333e-05 -0.000498667 0 0 -0.000498667
31.4 1.31556e-05 0 0 1.31556e-05 1.31556e-05 0 0 1.31556e-05 0 0 0 0 1.31556e-05 0 -0.000500444 1.31556e-05 1.31556e-05 -0.000500444 0 1.31556e-05 -0.000500444 0 0 -0.000500444
31.5 1.37778e-05 0 0 1.37778e-05 1.37778e-05 0 0 1.37778e-05 0 0 0 0 1.37778e-05 0 -0.000502222 1.37778e-05 1.37778e-05 -0.000502222 0 1.37778e-05 -0.000502222 0 0 -0.000502222
31.6 1.44e-05 0 0 1.44e-05 1.44e-05 0 0 1.44e-05 0 0 0 0 1.44e-05 0 -0.000504 1.44e-05 1.44e-05 -0.000504 0 1.44e-05 -0.000504 0 0 -0.000504
31.7 1.50222e-05 0 0 1.50222e-05 1.50222e-05 0 0 1.50222e-05 0 0 0 0 1.50222e-05 0 -0.000505778 1.50222e-05 1.50222e-05 -0.000505778 0 1.50222e-05 -0.000505778 0 0 -0.000505778
31.8 1.56444e-05 0 0 1.56444e-05 1.56444e-05 0 0 1.56444e-05 0 0 0 0 1.56444e-05 0 -0.000507556 1.56444e-05 1.56444e-05 -0.000507556 0 1.56444e-05 -0.000507556 0 0 -0.000507556
31.9 1.62667e-05 0 0 1.62667e-05 1.62667e-05 0 0 1.62667e-05 0 0 0 0 1.62667e-05 0 -0.000509333 1.62667e-05 1.62667e-05 -0.000509333 0 1.62667e-05 -0.000509333 0 0 -0.000509333
32 1.68889e-05 0 0 1.68889e-05 1.68889e-05 0 0 1.68889e-05 0 0 0 0 1.68889e-05 0 -0.000511111 1.68889e-05 1.68889e-05 -0.000511111 0 1.68889e-05 -0.000511111 0 0 -0.000511111
32.1 1.75111e-05 0 0 1.75111e-05 1.75111e-05 0 0 1.75111e-05 0 0 0 0 1.75111e-05 0 -0.000512889 1.75111e-05 1.75111e-05 -0.000512889 0 1.75111e-05 -0.000512889 0 0 -0.000512889
32.2 1.81333e-05 0 0 1.81333e-05 1.81333e-05 0 0 1.81333e-05 0 0 0 0 1.81333e-05 0 -0.000514667 1.81333e-05 1.81333e-05 -0.000514667 0 1.81333e-05 -0.000514667 0 0 -0.000514667
32.3 1.87556e-05 0 0 1.87556e-05 1.87556e-05 0 0 1.87556e-05 0 0 0 0 1.87556e-05 0 -0.000516444 1.87556e-05 1.87556e-05 -0.000516444 0 1.87556e-05 -0.000516444 0 0 -0.000516444
32.4 1.93778e-05 0 0 1.93778e-05 1.93778e-05 0 0 1.93778e-05 0 0 0 0 1.93778e-05 0 -0.000518222 1.93778e-05 1.93778e-05 -0.000518222 0 1.93778e-05 -0.000518222 0 0 -0.000518222
32.5 2e-05 0 0 2e-05 2e-05 0 0 2e-05 0 0 0 0 2e-05 0 -0.00052 2e-05 2e-05 -0.00052 0 2e-05 -0.00052 0 0 -0.00052
32.6 2.06222e-05 0 0 2.06222e-05 2.06222e-05 0 0 2.06222e-05 0 0 0 0 2.06222e-05 0 -0.000521778 2.06222e-05 2.06222e-05 -0.000521778 0 2.06222e-05 -0.000521778 0 0 -0.000521778
32.7 2.12444e-05 0 0 2.12444e-05 2.12444e-05 0 0 2.12444e-05 0 0 0 0 2.12444e-05 0 -0.000523556 2.12444e-05 2.12444e-05 -0.000523556 0 2.12444e-05 -0.000523556 0 0 -0.000523556
32.8 2.18667e-05 0 0 2.18667e-05 2.18667e-05 0 0 2.18667e-05 0 0 0 0 2.18667e-05 0 -0.000525333 2.18667e-05 2.18667e-05 -0.000525333 0 2.18667e-05 -0.000525333 0 0 -0.000525333
32.9 2.24889e-05 0 0 2.24889e-05 2.24889e-05 0 0 2.24889e-05 0 0 0 0 2.24889e-05 0 -0.000527111 2.24889e-05 2.24889e-05 -0.000527111 0 2.24889e-05 -0.000527111 0 0 -0.000527111
33 2.31111e-05 0 0 2.31111e-05 2.31111e-05 0 0 2.31111e-05 0 0 0 0 2.31111e-05 0 -0.000528889 2.31111e-05 2.31111e-05 -0.000528889 0 2.31111e-05 -0.000528889 0 0 -0.000528889
33.1 2.37333e-05 0 0 2.37333e-05 2.37333e-05 0 0 2.37333e-05 0 0 0 0 2.37333e-05 0 -0.000530667 2.37333e-05 2.37333e-05 -0.000530667 0 2.37333e-05 -0.000530667 0 0 -0.000530667
33.2 2.43556e-05 0 0 2.43556e-05 2.43556e-05 0 0 2.43556e-05 0 0 0 0 2.43556e-05 0 -0.000532444 2.43556e-05 2.43556e-05 -0.000532444 0 2.43556e-05 -0.000532444 0 0 -0.000532444
33.3 2.49778e-05 0 0 2.49778e-05 2.49778e-05 0 0 2.49778e-05 0 0 0 0 2.49778e-05 0 -0.000534222 2.49778e-05 2.49778e-05 -0.000534222 0 2.49778e-05 -0.000534222 0 0 -0.000534222
33.4 2.56e-05 0 0 2.56e-05 2.56e-05 0 0 2.56e-05 0 0 0 0 2.56e-05 0 -0.000536 2.56e-05 2.56e-05 -0.000536 0 2.56e-05 -0.000536 0 0 -0.000536
33.5 2.62222e-05 0 0 2.62222e-05 2.62222e-05 0 0 2.62222e-05 0 0 0 0 2.62222e-05 0 -0.000537778 2.62222e-05 2.62222e-05 -0.000537778 0 2.62222e-05 -0.000537778 0 0 -0.000537778
33.6 2.68444e-05 0 0 2.68444e-05 2.68444e-05 0 0 2.68444e-05 0 0 0 0 2.68444e-05 0 -0.000539556 2.68444e-05 2.68444e-05 -0.000539556 0 2.68444e-05 -0.000539556 0 0 -0.000539556
33.7 2.74667e-05 0 0 2.74667e-05 2.74667e-05 0 0 2.74667e-05 0 0 0 0 2.74667e-05 0 -0.000541333 2.74667e-05 2.74667e-05 -0.000541333 0 2.74667e-05 -0.000541333 0 0 -0.000541333
33.8 2.80889e-05 0 0 2.80889e-05 2.80889e-05 0 0 2.80889e-05 0 0 0 0 2.80889e-05 0 -0.000543111 2.80889e-05 2.80889e-05 -0.000543111 0 2.80889e-05 -0.000543111 0 0 -0.000543111
33.9 2.87111e-05 0 0 2.87111e-05 2.87111e-05 0 0 2.87111e-05 0 0 0 0 2.87111e-05 0 -0.000544889 2.87111e-05 2.87111e-05 -0.000544889 0 2.87111e-05 -0.000544889 0 0 -0.000544889
34 2.93333e-05 0 0 2.93333e-05 2.93333e-05 0 0 2.93333e-05 0 0 0 0 2.93333e-05 0 -0.000546667 2.93333e-05 2.93333e-05 -0.000546667 0 2.93333e-05 -0.000546667 0 0 -0.000546667
34.1 2.99556e-05 0 0 2.99556e-05 2.99556e-05 0 0 2.99556e-05 0 0 0 0 2.99556e-05 0 -0.000548444 2.99556e-05 2.99556e-05 -0.000548444 0 2.99556e-05 -0.000548444 0 0 -0.000548444
34.2 3.05778e-05 0 0 3.05778e-05 3.05778e-05 0 0 3.05778e-05 0 0 0 0 3.05778e-05 0 -0.000550222 3.05778e-05 3.05778e-05 -0.000550222 0 3.05778e-05 -0.000550222 0 0 -0.000550222
34.3 3.12e-05 0 0 3.12e-05 3.12e-05 0 0 3.12e-05 0 0 0 0 3.12e-05 0 -0.000552 3.12e-05 3.12e-05 -0.000552 0 3.12e-05 -0.000552 0 0 -0.000552
34.4 3.18222e-05 0 0 3.18222e-05 3.18222e-05 0 0 3.18222e-05 0 0 0 0 3.18222e-05 0 -0.000553778 3.18222e-05 3.18222e-05 -0.000553778 0 3.18222e-05 -0.000553778 0 0 -0.000553778
34.5 3.24444e-05 0 0 3.24444e-05 3.24444e-05 0 0 3.24444e-05 0 0 0 0 3.24444e-05 0 -0.000555556 3.24444e-05 3.24444e-05 -0.000555556 0 3.24444e-05 -0.000555556 0 0 -0.000555556
34.6 3.30667e-05 0 0 3.30667e-05 3.30667e-05 0 0 3.30667e-05 0 0 0 0 3.30667e-05 0 -0.000557333 3.30667e-05 3.30667e-05 -0.000557333 0 3.30667e-05 -0.000557333 0 0 -0.000557333
34.7 3.36889e-05 0 0 3.36889e-05 3.36889e-05 0 0 3.36889e-05 0 0 0 0 3.36889e-05 0 -0.000559111 3.36889e-05 3.36889e-05 -0.000559111 0 3.36889e-05 -0.000559111 0 0 -0.000559111
34.8 3.43111e-05 0 0 3.43111e-05 3.43111e-05 0 0 3.43111e-05 0 0 0 0 3.43111e-05 0 -0.000560889 3.43111e-05 3.43111e-05 -0.000560889 0 3.43111e-05 -0.000560889 0 0 -0.000560889
34.9 3.49333e-05 0 0 3.49333e-05 3.49333e-05 0 0 3.49333e-05 0 0 0 0 3.49333e-05 0 -0.000562667 3.49333e-05 3.49333e-05 -0.000562667 0 3.49333e-05 -0.000562667 0 0 -0.000562667
35 3.55556e-05 0 0 3.55556e-05 3.55556e-05 0 0 3.55556e-05 0 0 0 0 3.55556e-05 0 -0.000564444 3.55556e-05 3.55556e-05 -0.000564444 0 3.55556e-05 -0.000564444 0 0 -0.000564444
35.1 3.61778e-05 0 0 3.61778e-05 3.61778e-05 0 0 3.61778e-05 0 0 0 0 3.61778e-05 0 -0.000566222 3.61778e-05 3.61778e-05 -0.000566222 0 3.61778e-05 -0.000566222 0 0 -0.000566222
35.2 3.68e-05 0 0 3.68e-05 3.68e-05 0 0 3.68e-05 0 0 0 0 3.68e-05 0 -0.000568 3.68e-05 3.68e-05 -0.000568 0 3.68e-05 -0.000568 0 0 -0.000568
35.3 3.74222e-05 0 0 3.74222e-05 3.74222e-05 0 0 3.74222e-05 0 0 0 0 3.74222e-05 0 -0.000569778 3.74222e-05 3.74222e-05 -0.000569778 0 3.74222e-05 -0.000569778 0 0 -0.000569778
35.4 3.80444e-05 0 0 3.80444e-05 3.80444e-05 0 0 3.80444e-05 0 0 0 0 3.80444e-05 0 -0.000571556 3.80444e-05 3.80444e-05 -0.000571556 0 3.80444e-05 -0.000571556 0 0 -0.000571556
35.5 3.86667e-05 0 0 3.86667e-05 3.86667e-05 0 0 3.86667e-05 0 0 0 0 3.86667e-05 0 -0.000573333 3.86667e-05 3.86667e-05 -0.000573333 0 3.86667e-05 -0.000573333 0 0 -0.000573333
35.6 3.92889e-05 0 0 3.92889e-05 3.92889e-05 0 0 3.92889e-05 0 0 0 0 3.92889e-05 0 -0.000575111 3.92889e-05 3.92889e-05 -0.000575111 0 3.92889e-05 -0.000575111 0 0 -0.000575111
35.7 3.99111e-05 0 0 3.99111e-05 3.99111e-05 0 0 3.99111e-05 0 0 0 0 3.99111e-05 0 -0.000576889 3.99111e-05 3.99111e-05 -0.000576889 0 3.99111e-05 -0.000576889 0 0 -0.000576889
35.8 4.05333e-05 0 0 4.05333e-05 4.05333e-05 0 0 4.05333e-05 0 0 0 0 4.05333e-05 0 -0.000578667 4.05333e-05 4.05333e-05 -0.000578667 0 4.05333e-05 -0.000578667 0 0 -0.000578667
35.9 4.11556e-05 0 0 4.11556e-05 4.11556e-05 0 0 4.11556e-05 0 0 0 0 4.11556e-05 0 -0.000580444 4.11556e-05 4.11556e-05 -0.000580444 0 4.11556e-05 -0.000580444 0 0 -0.000580444
36 4.17778e-05 0 0 4.17778e-05 4.17778e-05 0 0 4.17778e-05 0 0 0 0 4.17778e-05 0 -0.000582222 4.17778e-05 4.17778e-05 -0.000582222 0 4.17778e-05 -0.000582222 0 0 -0.000582222
36.1 4.24e-05 0 0 4.24e-05 4.24e-05 0 0 4.24e-05 0 0 0 0 4.24e-05 0 -0.000584 4.24e-05 4.24e-05 -0.000584 0 4.24e-05 -0.000584 0 0 -0.000584
36.2 4.30222e-05 0 0 4.30222e-05 4.30222e-05 0 0 4.30222e-05 0 0 0 0 4.30222e-05 0 -0.000585778 4.30222e-05 4.30222e-05 -0.000585778 0 4.30222e-05 -0.000585778 0 0 -0.000585778
36.3 4.36444e-05 0 0 4.36444e-05 4.36444e-05 0 0 4.36444e-05 0 0 0 0 4.36444e-05 0 -0.000587556 4.36444e-05 4.36444e-05 -0.000587556 0 4.36444e-05 -0.000587556 0 0 -0.000587556
36.4 4.42667e-05 0 0 4.42667e-05 4.42667e-05 0 0 4.42667e-05 0 0 0 0 4.42667e-05 0 -0.000589333 4.42667e-05 4.42667e-05 -0.000589333 0 4.42667e-05 -0.000589333 0 0 -0.000589333
36.5 4.48889e-05 0 0 4.48889e-05 4.48889e-05 0 0 4.48889e-05 0 0 0 0 4.48889e-05 0 -0.000591111 4.48889e-05 4.48889e-05 -0.000591111 0 4.48889e-05 -0.000591111 0 0 -0.000591111
36.6 4.55111e-05 0 0 4.55111e-05 4.55111e-05 0 0 4.55111e-05 0 0 0 0 4.55111e-05 0 -0.000592889 4.55111e-05 4.55111e-05 -0.000592889 0 4.55111e-05 -0.000592889 0 0 -0.000592889
36.7 4.61333e-05 0 0 4.61333e-05 4.61333e-05 0 0 4.61333e-05 0 0 0 0 4.61333e-05 0 -0.000594667 4.61333e-05 4.61333e-05 -0.000594667 0 4.61333e-05 -0.000594667 0 0 -0.000594667
36.8 4.67556e-05 0 0 4.67556e-05 4.67556e-05 0 0 4.67556e-05 0 0 0 0 4.67556e-05 0 -0.000596444 4.67556e-05 4.67556e-05 -0.000596444 0 4.67556e-05 -0.000596444 0 0 -0.000596444
36.9 4.73778e-05 0 0 4.73778e-05 4.73778e-05 0 0 4.73778e-05 0 0 0 0 4.73778e-05 0 -0.000598222 4.73778e-05 4.73778e-05 -0.000598222 0 4.73778e-05 -0.000598222 0 0 -0.000598222
37 4.8e-05 0 0 4.8e-05 4.8e-05 0 0 4.8e-05 0 0 0 0 4.8e-05 0 -0.0006 4.8e-05 4.8e-05 -0.0006 0 4.8e-05 -0.0006 0 0 -0.0006
37.1 4.86222e-05 0 0 4.86222e-05 4.86222e-05 0 0 4.86222e-05 0 0 0 0 4.86222e-05 0 -0.000601778 4.86222e-05 4.86222e-05 -0.000601778 0 4.86222e-05 -0.000601778 0 0 -0.000601778
37.2 4.92444e-05 0 0 4.92444e-05 4.92444e-05 0 0 4.92444e-05 0 0 0 0 4.92444e-05 0 -0.000603556 4.92444e-05 4.92444e-05 -0.000603556 0 4.92444e-05 -0.000603556 0 0 -0.000603556
37.3 4.98667e-05 0 0 4.98667e-05 4.98667e-05 0 0 4.98667e-05 0 0 0 0 4.98667e-05 0 -0.000605333 4.98667e-05 4.98667e-05 -0.000605333 0 4.98667e-05 -0.000605333 0 0 -0.000605333
37.4 5.04889e-05 0 0 5.04889e-05 5.04889e-05 0 0 5.04889e-05 0 0 0 0 5.04889e-05 0 -0.000607111 5.04889e-05 5.04889e-05 -0.000607111 0 5.04889e-05 -0.000607111 0 0 -0.000607111
37.5 5.11111e-05 0 0 5.11111e-05 5.11111e-05 0 0 5.11111e-05 0 0 0 0 5.11111e-05 0 -0.000608889 5.11111e-05 5.11111e-05 -0.000608889 0 5.11111e-05 -0.000608889 0 0 -0.000608889
37.6 5.17333e-05 0 0 5.17333e-05 5.17333e-05 0 0 5.17333e-05 0 0 0 0 5.17333e-05 0 -0.000610667 5.17333e-05 5.17333e-05 -0.000610667 0 5.17333e-05 -0.000610667 0 0 -0.000610667
37.7 5.23556e-05 0 0 5.23556e-05 5.23556e-05 0 0 5.23556e-05 0 0 0 0 5.23556e-05 0 -0.000612444 5.23556e-05 5.23556e-05 -0.000612444 0 5.23556e-05 -0.000612444 0 0 -0.000612444
37.8 5.29778e-05 0 0 5.29778e-05 5.29778e-05 0 0 5.29778e-05 0 0 0 0 5.29778e-05 0 -0.000614222 5.29778e-05 5.29778e-05 -0.000614222 0 5.29778e-05 -0.000614222 0 0 -0.000614222
37.9 5.36e-05 0 0 5.36e-05 5.36e-05 0 0 5.36e-05 0 0 0 0 5.36e-05 0 -0.000616 5.36e-05 5.36e-05 -0.000616 0 5.36e-05 -0.000616 0 0 -0.000616
38 5.42222e-05 0 0 5.42222e-05 5.42222e-05 0 0 5.42222e-05 0 0 0 0 5.42222e-05 0 -0.000617778 5.42222e-05 5.42222e-05 -0.000617778 0 5.42222e-05 -0.000617778 0 0 -0.000617778
38.1 5.48444e-05 0 0 5.48444e-05 5.48444e-05 0 0 5.48444e-05 0 0 0 0 5.48444e-05 0 -0.000619556 5.48444e-05 5.48444e-05 -0.000619556 0 5.48444e-05 -0.000619556 0 0 -0.000619556
38.2 5.54667e-05 0 0 5.54667e-05 5.54667e-05 0 0 5.54667e-05 0 0 0 0 5.54667e-05 0 -0.000621333 5.54667e-05 5.54667e-05 -0.000621333 0 5.54667e-05 -0.000621333 0 0 -0.000621333
38.3 5.60889e-05 0 0 5.60889e-05 5.60889e-05 0 0 5.60889e-05 0 0 0 0 5.60889e-05 0 -0.000623111 5.60889e-05 5.60889e-05 -0.000623111 0 5.60889e-05 -0.000623111 0 0 -0.000623111
38.4 5.67111e-05 0 0 5.67111e-05 5.67111e-05 0 0 5.67111e-05 0 0 0 0 5.67111e-05 0 -0.000624889 5.67111e-05 5.67111e-05 -0.000624889 0 5.67111e-05 -0.000624889 0 0 -0.000624889
38.5 5.73333e-05 0 0 5.73333e-05 5.73333e-05 0 0 5.73333e-05 0 0 0 0 5.73333e-05 0 -0.000626667 5.73333e-05 5.73333e-05 -0.000626667 0 5.73333e-05 -0.000626667 0 0 -0.000626667
38.6 5.79556e-05 0 0 5.79556e-05 5.79556e-05 0 0 5.79556e-05 0 0 0 0 5.79556e-05 0 -0.000628444 5.79556e-05 5.79556e-05 -0.000628444 0 5.79556e-05 -0.000628444 0 0 -0.000628444
38.7 5.85778e-05 0 0 5.85778e-05 5.85778e-05 0 0 5.85778e-05 0 0 0 0 5.85778e-05 0 -0.000630222 5.85778e-05 5.85778e-05 -0.000630222 0 5.85778e-05 -0.000630222 0 0 -0.000630222
38.8 5.92e-05 0 0 5.92e-05 5.92e-05 0 0 5.92e-05 0 0 0 0 5.92e-05 0 -0.000632 5.92e-05 5.92e-05 -0.000632 0 5.92e-05 -0.000632 0 0 -0.000632
38.9 5.98222e-05 0 0 5.98222e-05 5.98222e-05 0 0 5.98222e-05 0 0 0 0 5.98222e-05 0 -0.000633778 5.98222e-05 5.98222e-05 -0.000633778 0 5.98222e-05 -0.000633778 0 0 -0.000633778
39 6.04444e-05 0 0 6.04444e-05 6.04444e-05 0 0 6.04444e-05 0 0 0 0 6.04444e-05 0 -0.000635556 6.04444e-05 6.04444e-05 -0.000635556 0 6.04444e-05 -0.000635556 0 0 -0.000635556
39.1 6.10667e-05 0 0 6.10667e-05 6.10667e-05 0 0 6.10667e-05 0 0 0 0 6.10667e-05 0 -0.000637333 6.10667e-05 6.10667e-05 -0.000637333 0 6.10667e-05 -0.000637333 0 0 -0.000637333
39.2 6.16889e-05 0 0 6.16889e-05 6.16889e-05 0 0 6.16889e-05 0 0 0 0 6.16889e-05 0 -0.000639111 6.16889e-05 6.16889e-05 -0.000639111 0 6.16889e-05 -0.000639111 0 0 -0.000639111
39.3 6.23111e-05 0 0 6.23111e-05 6.23111e-05 0 0 6.23111e-05 0 0 0 0 6.23111e-05 0 -0.000640889 6.23111e-05 6.23111e-05 -0.000640889 0 6.23111e-05 -0.000640889 0 0 -0.000640889
39.4 6.29333e-05 0 0 6.29333e-05 6.29333e-05 0 0 6.29333e-05 0 0 0 0 6.29333e-05 0 -0.000642667 6.29333e-05 6.29333e-05 -0.000642667 0 6.29333e-05 -0.000642667 0 0 -0.000642667
39.5 6.35556e-05 0 0 6.35556e-05 6.35556e-05 0 0 6.35556e-05 0 0 0 0 6.35556e-05 0 -0.000644444 6.35556e-05 6.35556e-05 -0.000644444 0 6.35556e-05 -0.000644444 0 0 -0.000644444
39.6 6.41778e-05 0 0 6.41778e-05 6.41778e-05 0 0 6.41778e-05 0 0 0 0 6.41778e-05 0 -0.000646222 6.41778e-05 6.41778e-05 -0.000646222 0 6.41778e-05 -0.000646222 0 0 -0.000646222
39.7 6.48e-05 0 0 6.48e-05 6.48e-05 0 0 6.48e-05 0 0 0 0 6.48e-05 0 -0.000648 6.48e-05 6.48e-05 -0.000648 0 6.48e-05 -0.000648 0 0 -0.000648
39.8 6.54222e-05 0 0 6.54222e-05 6.54222e-05 0 0 6.54222e-05 0 0 0 0 6.54222e-05 0 -0.000649778 6.54222e-05 6.54222e-05 -0.000649778 0 6.54222e-05 -0.000649778 0 0 -0.000649778
39.9 6.60444e-05 0 0 6.60444e-05 6.60444e-05 0 0 6.60444e-05 0 0 0 0 6.60444e-05 0 -0.000651556 6.60444e-05 6.60444e-05 -0.000651556 0 6.60444e-05 -0.000651556 0 0 -0.000651556
40 6.66667e-05 0 0 6.66667e-05 6.66667e-05 0 0 6.66667e-05 0 0 0 0 6.66667e-05 0 -0.000653333 6.66667e-05 6.66667e-05 -0.000653333 0 6.66667e-05 -0.000653333 0 0 -0.000653333
40.1 6.72889e-05 0 0 6.72889e-05 6.72889e-05 0 0 6.72889e-05 0 0 0 0 6.72889e-05 0 -0.000655111 6.72889e-05 6.72889e-05 -0.000655111 0 6.72889e-05 -0.000655111 0 0 -0.000655111
40.2 6.79111e-05 0 0 6.79111e-05 6.79111e-05 0 0 6.79111e-05 0 0 0 0 6.79111e-05 0 -0.000656889 6.79111e-05 6.79111e-05 -0.000656889 0 6.79111e-05 -0.000656889 0 0 -0.000656889
40.3 6.85333e-05 0 0 6.85333e-05 6.85333e-05 0 0 6.85333e-05 0 0 0 0 6.85333e-05 0 -0.000658667 6.85333e-05 6.85333e-05 -0.000658667 0 6.85333e-05 -0.000658667 0 0 -0.000658667
40.4 6.91556e-05 0 0 6.91556e-05 6.91556e-05 0 0 6.91556e-05 0 0 0 0 6.91556e-05 0 -0.000660444 6.91556e-05 6.91556e-05 -0.000660444 0 6.91556e-05 -0.000660444 0 0 -0.000660444
40.5 6.97778e-05 0 0 6.97778e-05 6.97778e-05 0 0 6.97778e-05 0 0 0 0 6.97778e-05 0 -0.000662222 6.97778e-05 6.97778e-05 -0.000662222 0 6.97778e-05 -0.000662222 0 0 -0.000662222
40.6 7.04e-05 0 0 7.04e-05 7.04e-05 0 0 7.04e-05 0 0 0 0 7.04e-05 0 -0.000664 7.04e-05 7.04e-05 -0.000664 0 7.04e-05 -0.000664 0 0 -0.000664
40.7 7.10222e-05 0 0 7.10222e-05 7.10222e-05 0 0 7.10222e-05 0 0 0 0 7.10222e-05 0 -0.000665778 7.10222e-05 7.10222e-05 -0.000665778 0 7.10222e-05 -0.000665778 0 0 -0.000665778
40.8 7.16444e-05 0 0 7.16444e-05 7.16444e-05 0 0 7.16444e-05 0 0 0 0 7.16444e-05 0 -0.000667556 7.16444e-05 7.16444e-05 -0.000667556 0 7.16444e-05 -0.000667556 0 0 -0.000667556
40.9 7.22667e-05 0 0 7.22667e-05 7.22667e-05 0 0 7.22667e-05 0 0 0 0 7.22667e-05 0 -0.000669333 7.22667e-05 7.22667e-05 -0.000669333 0 7.22667e-05 -0.000669333 0 0 -0.000669333
41 7.28889e-05 0 0 7.28889e-05 7.28889e-05 0 0 7.28889e-05 0 0 0 0 7.28889e-05 0 -0.000671111 7.28889e-05 7.28889e-05 -0.000671111 0 7.28889e-05 -0.000671111 0 0 -0.000671111
41.1 7.35111e-05 0 0 7.35111e-05 7.35111e-05 0 0 7.35111e-05 0 0 0 0 7.35111e-05 0 -0.000672889 7.35111e-05 7.35111e-05 -0.000672889 0 7.35111e-05 -0.000672889 0 0 -0.000672889
41.2 7.41333e-05 0 0 7.41333e-05 7.41333e-05 0 0 7.41333e-05 0 0 0 0 7.41333e-05 0 -0.000674667 7.41333e-05 7.41333e-05 -0.000674667 0 7.41333e-05 -0.000674667 0 0 -0.000674667
41.3 7.47555e-05 0 0 7.47555e-05 7.47555e-05 0 0 7.47555e-05 0 0 0 0 7.47555e-05 0 -0.000676444 7.47555e-05 7.47555e-05 -0.000676444 0 7.47555e-05 -0.000676444 0 0 -0.000676444
41.4 7.53778e-05 0 0 7.53778e-05 7.53778e-05 0 0 7.53778e-05 0 0 0 0 7.53778e-05 0 -0.000678222 7.53778e-05 7.53778e-05 -0.000678222 0 7.53778e-05 -0.000678222 0 0 -0.000678222
41.5 7.6e-05 0 0 7.6e-05 7.6e-05 0 0 7.6e-05 0 0 0 0 7.6e-05 0 -0.00068 7.6e-05 7.6e-05 -0.00068 0 7.6e-05 -0.00068 0 0 -0.00068
41.6 7.66222e-05 0 0 7.66222e-05 7.66222e-05 0 0 7.66222e-05 0 0 0 0 7.66222e-05 0 -0.000681778 7.66222e-05 7.66222e-05 -0.000681778 0 7.66222e-05 -0.000681778 0 0 -0.000681778
41.7 7.72444e-05 0 0 7.72444e-05 7.72444e-05 0 0 7.72444e-05 0 0 0 0 7.72444e-05 0 -0.000683556 7.72444e-05 7.72444e-05 -0.000683556 0 7.72444e-05 -0.000683556 0 0 -0.000683556
41.8 7.78667e-05 0 0 7.78667e-05 7.78667e-05 0 0 7.78667e-05 0 0 0 0 7.78667e-05 0 -0.000685333 7.78667e-05 7.78667e-05 -0.000685333 0 7.78667e-05 -0.000685333 0 0 -0.000685333
41.9 7.84889e-05 0 0 7.84889e-05 7.84889e-05 0 0 7.84889e-05 0 0 0 0 7.84889e-05 0 -0.000687111 7.84889e-05 7.84889e-05 -0.000687111 0 7.84889e-05 -0.000687111 0 0 -0.000687111
42 7.91111e-05 0 0 7.91111e-05 7.91111e-05 0 0 7.91111e-05 0 0 0 0 7.91111e-05 0 -0.000688889 7.91111e-05 7.91111e-05 -0.000688889 0 7.91111e-05 -0.000688889 0 0 -0.000688889
42.1 7.97333e-05 0 0 7.97333e-05 7.97333e-05 0 0 7.97333e-05 0 0 0 0 7.97333e-05 0 -0.000690667 7.97333e-05 7.97333e-05 -0.000690667 0 7.97333e-05 -0.000690667 0 0 -0.000690667
42.2 8.03555e-05 0 0 8.03555e-05 8.03555e-05 0 0 8.03555e-05 0 0 0 0 8.03555e-05 0 -0.000692444 8.03555e-05 8.03555e-05 -0.000692444 0 8.03555e-05 -0.000692444 0 0 -0.000692444
42.3 8.09778e-05 0 0 8.09778e-05 8.09778e-05 0 0 8.09778e-05 0 0 0 0 8.09778e-05 0 -0.000694222 8.09778e-05 8.09778e-05 -0.000694222 0 8.09778e-05 -0.000694222 0 0 -0.000694222
42.4 8.16e-05 0 0 8.16e-05 8.16e-05 0 0 8.16e-05 0 0 0 0 8.16e-05 0 -0.000696 8.16e-05 8.16e-05 -0.000696 0 8.16e-05 -0.000696 0 0 -0.000696
42.5 8.22222e-05 0 0 8.22222e-05 8.22222e-05 0 0 8.22222e-05 0 0 0 0 8.22222e-05 0 -0.000697778 8.22222e-05 8.22222e-05 -0.000697778 0 8.22222e-05 -0.000697778 0 0 -0.000697778
42.6 8.28444e-05 0 0 8.28444e-05 8.28444e-05 0 0 8.28444e-05 0 0 0 0 8.28444e-05 0 -0.000699555 8.28444e-05 8.28444e-05 -0.000699555 0 8.28444e-05 -0.000699555 0 0 -0.000699555
42.7 8.34667e-05 0 0 8.34667e-05 8.34667e-05 0 0 8.34667e-05 0 0 0 0 8.34667e-05 0 -0.000701333 8.34667e-05 8.34667e-05 -0.000701333 0 8.34667e-05 -0.000701333 0 0 -0.000701333
42.8 8.40889e-05 0 0 8.40889e-05 8.40889e-05 0 0 8.40889e-05 0 0 0 0 8.40889e-05 0 -0.000703111 8.40889e-05 8.40889e-05 -0.000703111 0 8.40889e-05 -0.000703111 0 0 -0.000703111
42.9 8.47111e-05 0 0 8.47111e-05 8.47111e-05 0 0 8.47111e-05 0 0 0 0 8.47111e-05 0 -0.000704889 8.47111e-05 8.47111e-05 -0.000704889 0 8.47111e-05 -0.000704889 0 0 -0.000704889
43 8.53333e-05 0 0 8.53333e-05 8.53333e-05 0 0 8.53333e-05 0 0 0 0 8.53333e-05 0 -0.000706667 8.53333e-05 8.53333e-05 -0.000706667 0 8.53333e-05 -0.000706667 0 0 -0.000706667
43.1 8.59555e-05 0 0 8.59555e-05 8.59555e-05 0 0 8.59555e-05 0 0 0 0 8.59555e-05 0 -0.000708444 8.59555e-05 8.59555e-05 -0.000708444 0 8.59555e-05 -0.000708444 0 0 -0.000708444
43.2 8.65778e-05 0 0 8.65778e-05 8.65778e-05 0 0 8.65778e-05 0 0 0 0 8.65778e-05 0 -0.000710222 8.65778e-05 8.65778e-05 -0.000710222 0 8.65778e-05 -0.000710222 0 0 -0.000710222
43.3 8.72e-05 0 0 8.72e-05 8.72e-05 0 0 8.72e-05 0 0 0 0 8.72e-05 0 -0.000712 8.72e-05 8.72e-05 -0.000712 0 8.72e-05 -0.000712 0 0 -0.000712
43.4 8.78222e-05 0 0 8.78222e-05 8.78222e-05 0 0 8.78222e-05 0 0 0 0 8.78222e-05 0 -0.000713778 8.78222e-05 8.78222e-05 -0.000713778 0 8.78222e-05 -0.000713778 0 0 -0.000713778
43.5 8.84444e-05 0 0 8.84444e-05 8.84444e-05 0 0 8.84444e-05 0 0 0 0 8.84444e-05 0 -0.000715555 8.84444e-05 8.84444e-05 -0.000715555 0 8.84444e-05 -0.000715555 0 0 -0.000715555
43.6 8.90667e-05 0 0 8.90667e-05 8.90667e-05 0 0 8.90667e-05 0 0 0 0 8.90667e-05 0 -0.000717333 8.90667e-05 8.90667e-05 -0.000717333 0 8.90667e-05 -0.000717333 0 0 -0.000717333
43.7 8.96889e-05 0 0 8.96889e-05 8.96889e-05 0 0 8.96889e-05 0 0 0 0 8.96889e-05 0 -0.000719111 8.96889e-05 8.96889e-05 -0.000719111 0 8.96889e-05 -0.000719111 0 0 -0.000719111
43.8 9.03111e-05 0 0 9.03111e-05 9.03111e-05 0 0 9.03111e-05 0 0 0 0 9.03111e-05 0 -0.000720889 9.03111e-05 9.03111e-05 -0.000720889 0 9.03111e-05 -0.000720889 0 0 -0.000720889
43.9 9.09333e-05 0 0 9.09333e-05 9.09333e-05 0 0 9.09333e-05 0 0 0 0 9.09333e-05 0 -0.000722667 9.09333e-05 9.09333e-05 -0.000722667 0 9.09333e-05 -0.000722667 0 0 -0.000722667
44 9.15555e-05 0 0 9.15555e-05 9.15555e-05 0 0 9.15555e-05 0 0 0 0 9.15555e-05 0 -0.000724444 9.15555e-05 9.15555e-05 -0.000724444 0 9.15555e-05 -0.000724444 0 0 -0.000724444
44.1 9.21778e-05 0 0 9.21778e-05 9.21778e-05 0 0 9.21778e-05 0 0 0 0 9.21778e-05 0 -0.000726222 9.21778e-05 9.21778e-05 -0.000726222 0 9.21778e-05 -0.000726222 0 0 -0.000726222
44.2 9.28e-05 0 0 9.28e-05 9.28e-05 0 0 9.28e-05 0 0 0 0 9.28e-05 0 -0.000728 9.28e-05 9.28e-05 -0.000728 0 9.28e-05 -0.000728 0 0 -0.000728
44.3 9.34222e-05 0 0 9.34222e-05 9.34222e-05 0 0 9.34222e-05 0 0 0 0 9.34222e-05 0 -0.000729778 9.34222e-05 9.34222e-05 -0.000729778 0 9.34222e-05 -0.000729778 0 0 -0.000729778
44.4 9.40444e-05 0 0 9.40444e-05 9.40444e-05 0 0 9.40444e-05 0 0 0 0 9.40444e-05 0 -0.000731555 9.40444e-05 9.40444e-05 -0.000731555 0 9.40444e-05 -0.000731555 0 0 -0.000731555
44.5 9.46667e-05 0 0 9.46667e-05 9.46667e-05 0 0 9.46667e-05 0 0 0 0 9.46667e-05 0 -0.000733333 9.46667e-05 9.46667e-05 -0.000733333 0 9.46667e-05 -0.000733333 0 0 -0.000733333
44.6 9.52889e-05 0 0 9.52889e-05 9.52889e-05 0 0 9.52889e-05 0 0 0 0 9.52889e-05 0 -0.000735111 9.52889e-05 9.52889e-05 -0.000735111 0 9.52889e-05 -0.000735111 0 0 -0.000735111
44.7 9.59111e-05 0 0 9.59111e-05 9.59111e-05 0 0 9.59111e-05 0 0 0 0 9.59111e-05 0 -0.000736889 9.59111e-05 9.59111e-05 -0.000736889 0 9.59111e-05 -0.000736889 0 0 -0.000736889
44.8 9.65333e-05 0 0 9.65333e-05 9.65333e-05 0 0 9.65333e-05 0 0 0 0 9.65333e-05 0 -0.000738667 9.65333e-05 9.65333e-05 -0.000738667 0 9.65333e-05 -0.000738667 0 0 -0.000738667
44.9 9.71555e-05 0 0 9.71555e-05 9.71555e-05 0 0 9.71555e-05 0 0 0 0 9.71555e-05 0 -0.000740444 9.71555e-05 9.71555e-05 -0.000740444 0 9.71555e-05 -0.000740444 0 0 -0.000740444
45 9.77778e-05 0 0 9.77778e-05 9.77778e-05 0 0 9.77778e-05 0 0 0 0 9.77778e-05 0 -0.000742222 9.77778e-05 9.77778e-05 -0.000742222 0 9.77778e-05 -0.000742222 0 0 -0.000742222
45.1 9.84e-05 0 0 9.84e-05 9.84e-05 0 0 9.84e-05 0 0 0 0 9.84e-05 0 -0.000744 9.84e-05 9.84e-05 -0.000744 0 9.84e-05 -0.000744 0 0 -0.000744
45.2 9.90222e-05 0 0 9.90222e-05 9.90222e-05 0 0 9.90222e-05 0 0 0 0 9.90222e-05 0 -0.000745778 9.90222e-05 9.90222e-05 -0.000745778 0 9.90222e-05 -0.000745778 0 0 -0.000745778
45.3 9.96444e-05 0 0 9.96444e-05 9.96444e-05 0 0 9.96444e-05 0 0 0 0 9.96444e-05 0 -0.000747555 9.96444e-05 9.96444e-05 -0.000747555 0 9.96444e-05 -0.000747555 0 0 -0.000747555
45.4 0.000100267 0 0 0.000100267 0.000100267 0 0 0.000100267 0 0 0 0 0.000100267 0 -0.000749333 0.000100267 0.000100267 -0.000749333 0 0.000100267 -0.000749333 0 0 -0.000749333
45.5 0.000100889 0 0 0.000100889 0.000100889 0 0 0.000100889 0 0 0 0 0.000100889 0 -0.000751111 0.000100889 0.000100889 -0.000751111 0 0.000100889 -0.000751111 0 0 -0.000751111
45.6 0.000101511 0 0 0.000101511 0.000101511 0 0 0.000101511 0 0 0 0 0.000101511 0 -0.000752889 0.000101511 0.000101511 -0.000752889 0 0.000101511 -0.000752889 0 0 -0.000752889
45.7 0.000102133 0 0 0.000102133 0.000102133 0 0 0.000102133 0 0 0 0 0.000102133 0 -0.000754667 0.000102133 0.000102133 -0.000754667 0 0.000102133 -0.000754667 0 0 -0.000754667
45.8 0.000102756 0 0 0.000102756 0.000102756 0 0 0.000102756 0 0 0 0 0.000102756 0 -0.000756444 0.000102756 0.000102756 -0.000756444 0 0.000102756 -0.000756444 0 0 -0.000756444
45.9 0.000103378 0 0 0.000103378 0.000103378 0 0 0.000103378 0 0 0 0 0.000103378 0 -0.000758222 0.000103378 0.000103378 -0.000758222 0 0.000103378 -0.000758222 0 0 -0.000758222
46 0.000104 0 0 0.000104 0.000104 0 0 0.000104 0 0 0 0 0.000104 0 -0.00076 0.000104 0.000104 -0.00076 0 0.000104 -0.00076 0 0 -0.00076
46.1 0.000104622 0 0 0.000104622 0.000104622 0 0 0.000104622 0 0 0 0 0.000104622 0 -0.000761778 0.000104622 0.000104622 -0.000761778 0 0.000104622 -0.000761778 0 0 -0.000761778
46.2 0.000105244 0 0 0.000105244 0.000105244 0 0 0.000105244 0 0 0 0 0.000105244 0 -0.000763555 0.000105244 0.000105244 -0.000763555 0 0.000105244 -0.000763555 0 0 -0.000763555
46.3 0.000105867 0 0 0.000105867 0.000105867 0 0 0.000105867 0 0 0 0 0.000105867 0 -0.000765333 0.000105867 0.000105867 -0.000765333 0 0.000105867 -0.000765333 0 0 -0.000765333
46.4 0.000106489 0 0 0.000106489 0.000106489 0 0 0.000106489 0 0 0 0 0.000106489 0 -0.000767111 0.000106489 0.000106489 -0.000767111 0 0.000106489 -0.000767111 0 0 -0.000767111
46.5 0.000107111 0 0 0.000107111 0.000107111 0 0 0.000107111 0 0 0 0 0.000107111 0 -0.000768889 0.000107111 0.000107111 -0.000768889 0 0.000107111 -0.000768889 0 0 -0.000768889
46.6 0.000107733 0 0 0.000107733 0.000107733 0 0 0.000107733 0 0 0 0 0.000107733 0 -0.000770667 0.000107733 0.000107733 -0.000770667 0 0.000107733 -0.000770667 0 0 -0.000770667
46.7 0.000108356 0 0 0.000108356 0.000108356 0 0 0.000108356 0 0 0 0 0.000108356 0 -0.000772444 0.000108356 0.000108356 -0.000772444 0 0.000108356 -0.000772444 0 0 -0.000772444
46.8 0.000108978 0 0 0.000108978 0.000108978 0 0 0.000108978 0 0 0 0 0.000108978 0 -0.000774222 0.000108978 0.000108978 -0.000774222 0 0.000108978 -0.000774222 0 0 -0.000774222
46.9 0.0001096 0 0 0.0001096 0.0001096 0 0 0.0001096 0 0 0 0 0.0001096 0 -0.000776 0.0001096 0.0001096 -0.000776 0 0.0001096 -0.000776 0 0 -0.000776
47 0.000110222 0 0 0.000110222 0.000110222 0 0 0.000110222 0 0 0 0 0.000110222 0 -0.000777778 0.000110222 0.000110222 -0.000777778 0 0.000110222 -0.000777778 0 0 -0.000777778
47.1 0.000110844 0 0 0.000110844 0.000110844 0 0 0.000110844 0 0 0 0 0.000110844 0 -0.000779555 0.000110844 0.000110844 -0.000779555 0 0.000110844 -0.000779555 0 0 -0.000779555
47.2 0.000111467 0 0 0.000111467 0.000111467 0 0 0.000111467 0 0 0 0 0.000111467 0 -0.000781333 0.000111467 0.000111467 -0.000781333 0 0.000111467 -0.000781333 0 0 -0.000781333
47.3 0.000112089 0 0 0.000112089 0.000112089 0 0 0.000112089 0 0 0 0 0.000112089 0 -0.000783111 0.000112089 0.000112089 -0.000783111 0 0.000112089 -0.000783111 0 0 -0.000783111
47.4 0.000112711 0 0 0.000112711 0.000112711 0 0 0.000112711 0 0 0 0 0.000112711 0 -0.000784889 0.000112711 0.000112711 -0.000784889 0 0.000112711 -0.000784889 0 0 -0.000784889
47.5 0.000113333 0 0 0.000113333 0.000113333 0 0 0.000113333 0 0 0 0 0.000113333 0 -0.000786667 0.000113333 0.000113333 -0.000786667 0 0.000113333 -0.000786667 0 0 -0.000786667
47.6 0.000113956 0 0 0.000113956 0.000113956 0 0 0.000113956 0 0 0 0 0.000113956 0 -0.000788444 0.000113956 0.000113956 -0.000788444 0 0.000113956 -0.000788444 0 0 -0.000788444
47.7 0.000114578 0 0 0.000114578 0.000114578 0 0 0.000114578 0 0 0 0 0.000114578 0 -0.000790222 0.000114578 0.000114578 -0.000790222 0 0.000114578 -0.000790222 0 0 -0.000790222
47.8 0.0001152 0 0 0.0001152 0.0001152 0 0 0.0001152 0 0 0 0 0.0001152 0 -0.000792 0.0001152 0.0001152 -0.000792 0 0.0001152 -0.000792 0 0 -0.000792
47.9 0.000115822 0 0 0.000115822 0.000115822 0 0 0.000115822 0 0 0 0 0.000115822 0 -0.000793778 0.000115822 0.000115822 -0.000793778 0 0.000115822 -0.000793778 0 0 -0.000793778
48 0.000116444 0 0 0.000116444 0.000116444 0 0 0.000116444 0 0 0 0 0.000116444 0 -0.000795555 0.000116444 0.000116444 -0.000795555 0 0.000116444 -0.000795555 0 0 -0.000795555
48.1 0.000117067 0 0 0.000117067 0.000117067 0 0 0.000117067 0 0 0 0 0.000117067 0 -0.000797333 0.000117067 0.000117067 -0.000797333 0 0.000117067 -0.000797333 0 0 -0.000797333
48.2 0.000117689 0 0 0.000117689 0.000117689 0 0 0.000117689 0 0 0 0 0.000117689 0 -0.000799111 0.000117689 0.000117689 -0.000799111 0 0.000117689 -0.000799111 0 0 -0.000799111
48.3 0.000118311 0 0 0.000118311 0.000118311 0 0 0.000118311 0 0 0 0 0.000118311 0 -0.000800889 0.000118311 0.000118311 -0.000800889 0 0.000118311 -0.000800889 0 0 -0.000800889
48.4 0.000118933 0 0 0.000118933 0.000118933 0 0 0.000118933 0 0 0 0 0.000118933 0 -0.000802667 0.000118933 0.000118933 -0.000802667 0 0.000118933 -0.000802667 0 0 -0.000802667
48.5 0.000119556 0 0 0.000119556 0.000119556 0 0 0.000119556 0 0 0 0 0.000119556 0 -0.000804444 0.000119556 0.000119556 -0.000804444 0 0.000119556 -0.000804444 0 0 -0.000804444
48.6 0.000120178 0 0 0.000120178 0.000120178 0 0 0.000120178 0 0 0 0 0.000120178 0 -0.000806222 0.000120178 0.000120178 -0.000806222 0 0.000120178 -0.000806222 0 0 -0.000806222
48.7 0.0001208 0 0 0.0001208 0.0001208 0 0 0.0001208 0 0 0 0 0.0001208 0 -0.000808 0.0001208 0.0001208 -0.000808 0 0.0001208 -0.000808 0 0 -0.000808
48.8 0.000121422 0 0 0.000121422 0.000121422 0 0 0.000121422 0 0 0 0 0.000121422 0 -0.000809778 0.000121422 0.000121422 -0.000809778 0 0.000121422 -0.000809778 0 0 -0.000809778
48.9 0.000122044 0 0 0.000122044 0.000122044 0 0 0.000122044 0 0 0 0 0.000122044 0 -0.000811555 0.000122044 0.000122044 -0.000811555 0 0.000122044 -0.000811555 0 0 -0.000811555
49 0.000122667 0 0 0.000122667 0.000122667 0 0 0.000122667 0 0 0 0 0.000122667 0 -0.000813333 0.000122667 0.000122667 -0.000813333 0 0.000122667 -0.000813333 0 0 -0.000813333
49.1 0.000123289 0 0 0.000123289 0.000123289 0 0 0.000123289 0 0 0 0 0.000123289 0 -0.000815111 0.000123289 0.000123289 -0.000815111 0 0.000123289 -0.000815111 0 0 -0.000815111
49.2 0.000123911 0 0 0.000123911 0.000123911 0 0 0.000123911 0 0 0 0 0.000123911 0 -0.000816889 0.000123911 0.000123911 -0.000816889 0 0.000123911 -0.000816889 0 0 -0.000816889
49.3 0.000124533 0 0 0.000124533 0.000124533 0 0 0.000124533 0 0 0 0 0.000124533 0 -0.000818667 0.000124533 0.000124533 -0.000818667 0 0.000124533 -0.000818667 0 0 -0.000818667
49.4 0.000125156 0 0 0.000125156 0.000125156 0 0 0.000125156 0 0 0 0 0.000125156 0 -0.000820444 0.000125156 0.000125156 -0.000820444 0 0.000125156 -0.000820444 0 0 -0.000820444
49.5 0.000125778 0 0 0.000125778 0.000125778 0 0 0.000125778 0 0 0 0 0.000125778 0 -0.000822222 0.000125778 0.000125778 -0.000822222 0 0.000125778 -0.000822222 0 0 -0.000822222
49.6 0.0001264 0 0 0.0001264 0.0001264 0 0 0.0001264 0 0 0 0 0.0001264 0 -0.000824 0.0001264 0.0001264 -0.000824 0 0.0001264 -0.000824 0 0 -0.000824
49.7 0.000127022 0 0 0.000127022 0.000127022 0 0 0.000127022 0 0 0 0 0.000127022 0 -0.000825778 0.000127022 0.000127022 -0.000825778 0 0.000127022 -0.000825778 0 0 -0.000825778
49.8 0.000127644 0 0 0.000127644 0.000127644 0 0 0.000127644 0 0 0 0 0.000127644 0 -0.000827555 0.000127644 0.000127644 -0.000827555 0 0.000127644 -0.000827555 0 0 -0.000827555
49.9 0.000128267 0 0 0.000128267 0.000128267 0 0 0.000128267 0 0 0 0 0.000128267 0 -0.000829333 0.000128267 0.000128267 -0.000829333 0 0.000128267 -0.000829333 0 0 -0.000829333
50 0.000128889 0 0 0.000128889 0.000128889 0 0 0.000128889 0 0 0 0 0.000128889 0 -0.000831111 0.000128889 0.000128889 -0.000831111 0 0.000128889 -0.000831111 0 0 -0.000831111
50.1 0.000129511 0 0 0.000129511 0.000129511 0 0 0.000129511 0 0 0 0 0.000129511 0 -0.000832889 0.000129511 0.000129511 -0.000832889 0 0.000129511 -0.000832889 0 0 -0.000832889
50.2 0.000130133 0 0 0.000130133 0.000130133 0 0 0.000130133 0 0 0 0 0.000130133 0 -0.000834667 0.000130133 0.000130133 -0.000834667 0 0.000130133 -0.000834667 0 0 -0.000834667
50.3 0.000130756 0 0 0.000130756 0.000130756 0 0 0.000130756 0 0 0 0 0.000130756 0 -0.000836444 0.000130756 0.000130756 -0.000836444 0 0.000130756 -0.000836444 0 0 -0.000836444
50.4 0.000131378 0 0 0.000131378 0.000131378 0 0 0.000131378 0 0 0 0 0.000131378 0 -0.000838222 0.000131378 0.000131378 -0.000838222 0 0.000131378 -0.000838222 0 0 -0.000838222
50.5 0.000132 0 0 0.000132 0.000132 0 0 0.000132 0 0 0 0 0.000132 0 -0.00084 0.000132 0.000132 -0.00084 0 0.000132 -0.00084 0 0 -0.00084
50.6 0.000132622 0 0 0.000132622 0.000132622 0 0 0.000132622 0 0 0 0 0.000132622 0 -0.000841778 0.000132622 0.000132622 -0.000841778 0 0.000132622 -0.000841778 0 0 -0.000841778
50.7 0.000133244 0 0 0.000133244 0.000133244 0 0 0.000133244 0 0 0 0 0.000133244 0 -0.000843555 0.000133244 0.000133244 -0.000843555 0 0.000133244 -0.000843555 0 0 -0.000843555
50.8 0.000133867 0 0 0.000133867 0.000133867 0 0 0.000133867 0 0 0 0 0.000133867 0 -0.000845333 0.000133867 0.000133867 -0.000845333 0 0.000133867 -0.000845333 0 0 -0.000845333
50.9 0.000134489 0 0 0.000134489 0.000134489 0 0 0.000134489 0 0 0 0 0.000134489 0 -0.000847111 0.000134489 0.000134489 -0.000847111 0 0.000134489 -0.000847111 0 0 -0.000847111
51 0.000135111 0 0 0.000135111 0.000135111 0 0 0.000135111 0 0 0 0 0.000135111 0 -0.000848889 0.000135111 0.000135111 -0.000848889 0 0.000135111 -0.000848889 0 0 -0.000848889
51.1 0.000135733 0 0 0.000135733 0.000135733 0 0 0.000135733 0 0 0 0 0.000135733 0 -0.000850667 0.000135733 0.000135733 -0.000850667 0 0.000135733 -0.000850667 0 0 -0.000850667
51.2 0.000136356 0 0 0.000136356 0.000136356 0 0 0.000136356 0 0 0 0 0.000136356 0 -0.000852444 0.000136356 0.000136356 -0.000852444 0 0.000136356 -0.000852444 0 0 -0.000852444
51.3 0.000136978 0 0 0.000136978 0.000136978 0 0 0.000136978 0 0 0 0 0.000136978 0 -0.000854222 0.000136978 0.000136978 -0.000854222 0 0.000136978 -0.000854222 0 0 -0.000854222
51.4 0.0001376 0 0 0.0001376 0.0001376 0 0 0.0001376 0 0 0 0 0.0001376 0 -0.000856 0.0001376 0.0001376 -0.000856 0 0.0001376 -0.000856 0 0 -0.000856
51.5 0.000138222 0 0 0.000138222 0.000138222 0 0 0.000138222 0 0 0 0 0.000138222 0 -0.000857778 0.000138222 0.000138222 -0.000857778 0 0.000138222 -0.000857778 0 0 -0.000857778
51.6 0.000138844 0 0 0.000138844 0.000138844 0 0 0.000138844 0 0 0 0 0.000138844 0 -0.000859555 0.000138844 0.000138844 -0.000859555 0 0.000138844 -0.000859555 0 0 -0.000859555
51.7 0.000139467 0 0 0.000139467 0.000139467 0 0 0.000139467 0 0 0 0 0.000139467 0 -0.000861333 0.000139467 0.000139467 -0.000861333 0 0.000139467 -0.000861333 0 0 -0.000861333
51.8 0.000140089 0 0 0.000140089 0.000140089 0 0 0.000140089 0 0 0 0 0.000140089 0 -0.000863111 0.000140089 0.000140089 -0.000863111 0 0.000140089 -0.000863111 0 0 -0.000863111
51.9 0.000140711 0 0 0.000140711 0.000140711 0 0 0.000140711 0 0 0 0 0.000140711 0 -0.000864889 0.000140711 0.000140711 -0.000864889 0 0.000140711 -0.000864889 0 0 -0.000864889
52 0.000141333 0 0 0.000141333 0.000141333 0 0 0.000141333 0 0 0 0 0.000141333 0 -0.000866667 0.000141333 0.000141333 -0.000866667 0 0.000141333 -0.000866667 0 0 -0.000866667
52.1 0.000141956 0 0 0.000141956 0.000141956 0 0 0.000141956 0 0 0 0 0.000141956 0 -0.000868444 0.000141956 0.000141956 -0.000868444 0 0.000141956 -0.000868444 0 0 -0.000868444
52.2 0.000142578 0 0 0.000142578 0.000142578 0 0 0.000142578 0 0 0 0 0.000142578 0 -0.000870222 0.000142578 0.000142578 -0.000870222 0 0.000142578 -0.000870222 0 0 -0.000870222
52.3 0.0001432 0 0 0.0001432 0.0001432 0 0 0.0001432 0 0 0 0 0.0001432 0 -0.000872 0.0001432 0.0001432 -0.000872 0 0.0001432 -0.000872 0 0 -0.000872
52.4 0.000143822 0 0 0.000143822 0.000143822 0 0 0.000143822 0 0 0 0 0.000143822 0 -0.000873778 0.000143822 0.000143822 -0.000873778 0 0.000143822 -0.000873778 0 0 -0.000873778
52.5 0.000144444 0 0 0.000144444 0.000144444 0 0 0.000144444 0 0 0 0 0.000144444 0 -0.000875555 0.000144444 0.000144444 -0.000875555 0 0.000144444 -0.000875555 0 0 -0.000875555
52.6 0.000145067 0 0 0.000145067 0.000145067 0 0 0.000145067 0 0 0 0 0.000145067 0 -0.000877333 0.000145067 0.000145067 -0.000877333 0 0.000145067 -0.000877333 0 0 -0.000877333
52.7 0.000145689 0 0 0.000145689 0.000145689 0 0 0.000145689 0 0 0 0 0.000145689 0 -0.000879111 0.000145689 0.000145689 -0.000879111 0 0.000145689 -0.000879111 0 0 -0.000879111
52.8 0.000146311 0 0 0.000146311 0.000146311 0 0 0.000146311 0 0 0 0 0.000146311 0 -0.000880889 0.000146311 0.000146311 -0.000880889 0 0.000146311 -0.000880889 0 0 -0.000880889
52.9 0.000146933 0 0 0.000146933 0.000146933 0 0 0.000146933 0 0 0 0 0.000146933 0 -0.000882667 0.000146933 0.000146933 -0.000882667 0 0.000146933 -0.000882667 0 0 -0.000882667
53 0.000147556 0 0 0.000147556 0.000147556 0 0 0.000147556 0 0 0 0 0.000147556 0 -0.000884444 0.000147556 0.000147556 -0.000884444 0 0.000147556 -0.000884444 0 0 -0.000884444
53.1 0.000148178 0 0 0.000148178 0.000148178 0 0 0.000148178 0 0 0 0 0.000148178 0 -0.000886222 0.000148178 0.000148178 -0.000886222 0 0.000148178 -0.000886222 0 0 -0.000886222
53.2 0.0001488 0 0 0.0001488 0.0001488 0 0 0.0001488 0 0 0 0 0.0001488 0 -0.000888 0.0001488 0.0001488 -0.000888 0 0.0001488 -0.000888 0 0 -0.000888
53.3 0.000149422 0 0 0.000149422 0.000149422 0 0 0.000149422 0 0 0 0 0.000149422 0 -0.000889778 0.000149422 0.000149422 -0.000889778 0 0.000149422 -0.000889778 0 0 -0.000889778
53.4 0.000150044 0 0 0.000150044 0.000150044 0 0 0.000150044 0 0 0 0 0.000150044 0 -0.000891555 0.000150044 0.000150044 -0.000891555 0 0.000150044 -0.000891555 0 0 -0.000891555
53.5 0.000150667 0 0 0.000150667 0.000150667 0 0 0.000150667 0 0 0 0 0.000150667 0 -0.000893333 0.000150667 0.000150667 -0.000893333 0 0.000150667 -0.000893333 0 0 -0.000893333
53.6 0.000151289 0 0 0.000151289 0.000151289 0 0 0.000151289 0 0 0 0 0.000151289 0 -0.000895111 0.000151289 0.000151289 -0.000895111 0 0.000151289 -0.000895111 0 0 -0.000895111
53.7 0.000151911 0 0 0.000151911 0.000151911 0 0 0.000151911 0 0 0 0 0.000151911 0 -0.000896889 0.000151911 0.000151911 -0.000896889 0 0.000151911 -0.000896889 0 0 -0.000896889
53.8 0.000152533 0 0 0.000152533 0.000152533 0 0 0.000152533 0 0 0 0 0.000152533 0 -0.000898667 0.000152533 0.000152533 -0.000898667 0 0.000152533 -0.000898667 0 0 -0.000898667
53.9 0.000153156 0 0 0.000153156 0.000153156 0 0 0.000153156 0 0 0 0 0.000153156 0 -0.000900444 0.000153156 0.000153156 -0.000900444 0 0.000153156 -0.000900444 0 0 -0.000900444
54 0.000153778 0 0 0.000153778 0.000153778 0 0 0.000153778 0 0 0 0 0.000153778 0 -0.000902222 0.000153778 0.000153778 -0.000902222 0 0.000153778 -0.000902222 0 0 -0.000902222
54.1 0.0001544 0 0 0.0001544 0.0001544 0 0 0.0001544 0 0 0 0 0.0001544 0 -0.000904 0.0001544 0.0001544 -0.000904 0 0.0001544 -0.000904 0 0 -0.000904
54.2 0.000155022 0 0 0.000155022 0.000155022 0 0 0.000155022 0 0 0 0 0.000155022 0 -0.000905778 0.000155022 0.000155022 -0.000905778 0 0.000155022 -0.000905778 0 0 -0.000905778
54.3 0.000155644 0 0 0.000155644 0.000155644 0 0 0.000155644 0 0 0 0 0.000155644 0 -0.000907555 0.000155644 0.000155644 -0.000907555 0 0.000155644 -0.000907555 0 0 -0.000907555
54.4 0.000156267 0 0 0.000156267 0.000156267 0 0 0.000156267 0 0 0 0 0.000156267 0 -0.000909333 0.000156267 0.000156267 -0.000909333 0 0.000156267 -0.000909333 0 0 -0.000909333
54.5 0.000156889 0 0 0.000156889 0.000156889 0 0 0.000156889 0 0 0 0 0.000156889 0 -0.000911111 0.000156889 0.000156889 -0.000911111 0 0.000156889 -0.000911111 0 0 -0.000911111
54.6 0.000157511 0 0 0.000157511 0.000157511 0 0 0.000157511 0 0 0 0 0.000157511 0 -0.000912889 0.000157511 0.000157511 -0.000912889 0 0.000157511 -0.000912889 0 0 -0.000912889
54.7 0.000158133 0 0 0.000158133 0.000158133 0 0 0.000158133 0 0 0 0 0.000158133 0 -0.000914667 0.000158133 0.000158133 -0.000914667 0 0.000158133 -0.000914667 0 0 -0.000914667
54.8 0.000158756 0 0 0.000158756 0.000158756 0 0 0.000158756 0 0 0 0 0.000158756 0 -0.000916444 0.000158756 0.000158756 -0.000916444 0 0.000158756 -0.000916444 0 0 -0.000916444
54.9 0.000159378 0 0 0.000159378 0.000159378 0 0 0.000159378 0 0 0 0 0.000159378 0 -0.000918222 0.000159378 0.000159378 -0.000918222 0 0.000159378 -0.000918222 0 0 -0.000918222
55 0.00016 0 0 0.00016 0.00016 0 0 0.00016 0 0 0 0 0.00016 0 -0.00092 0.00016 0.00016 -0.00092 0 0.00016 -0.00092 0 0 -0.00092
55.1 0.000160622 0 0 0.000160622 0.000160622 0 0 0.000160622 0 0 0 0 0.000160622 0 -0.000921778 0.000160622 0.000160622 -0.000921778 0 0.000160622 -0.000921778 0 0 -0.000921778
55.2 0.000161244 0 0 0.000161244 0.000161244 0 0 0.000161244 0 0 0 0 0.000161244 0 -0.000923555 0.000161244 0.000161244 -0.000923555 0 0.000161244 -0.000923555 0 0 -0.000923555
55.3 0.000161867 0 0 0.000161867 0.000161867 0 0 0.000161867 0 0 0 0 0.000161867 0 -0.000925333 0.000161867 0.000161867 -0.000925333 0 0.000161867 -0.000925333 0 0 -0.000925333
55.4 0.000162489 0 0 0.000162489 0.000162489 0 0 0.000162489 0 0 0 0 0.000162489 0 -0.000927111 0.000162489 0.000162489 -0.000927111 0 0.000162489 -0.000927111 0 0 -0.000927111
55.5 0.000163111 0 0 0.000163111 0.000163111 0 0 0.000163111 0 0 0 0 0.000163111 0 -0.000928889 0.000163111 0.000163111 -0.000928889 0 0.000163111 -0.000928889 0 0 -0.000928889
55.6 0.000163733 0 0 0.000163733 0.000163733 0 0 0.000163733 0 0 0 0 0.000163733 0 -0.000930667 0.000163733 0.000163733 -0.000930667 0 0.000163733 -0.000930667 0 0 -0.000930667
55.7 0.000164356 0 0 0.000164356 0.000164356 0 0 0.000164356 0 0 0 0 0.000164356 0 -0.000932444 0.000164356 0.000164356 -0.000932444 0 0.000164356 -0.000932444 0 0 -0.000932444
55.8 0.000164978 0 0 0.000164978 0.000164978 0 0 0.000164978 0 0 0 0 0.000164978 0 -0.000934222 0.000164978 0.000164978 -0.000934222 0 0.000164978 -0.000934222 0 0 -0.000934222
55.9 0.0001656 0 0 0.0001656 0.0001656 0 0 0.0001656 0 0 0 0 0.0001656 0 -0.000936 0.0001656 0.0001656 -0.000936 0 0.0001656 -0.000936 0 0 -0.000936
56 0.000166222 0 0 0.000166222 0.000166222 0 0 0.000166222 0 0 0 0 0.000166222 0 -0.000937778 0.000166222 0.000166222 -0.000937778 0 0.000166222 -0.000937778 0 0 -0.000937778
56.1 0.000166844 0 0 0.000166844 0.000166844 0 0 0.000166844 0 0 0 0 0.000166844 0 -0.000939555 0.000166844 0.000166844 -0.000939555 0 0.000166844 -0.000939555 0 0 -0.000939555
56.2 0.000167467 0 0 0.000167467 0.000167467 0 0 0.000167467 0 0 0 0 0.000167467 0 -0.000941333 0.000167467 0.000167467 -0.000941333 0 0.000167467 -0.000941333 0 0 -0.000941333
56.3 0.000168089 0 0 0.000168089 0.000168089 0 0 0.000168089 0 0 0 0 0.000168089 0 -0.000943111 0.000168089 0.000168089 -0.000943111 0 0.000168089 -0.000943111 0 0 -0.000943111
56.4 0.000168711 0 0 0.000168711 0.000168711 0 0 0.000168711 0 0 0 0 0.000168711 0 -0.000944889 0.000168711 0.000168711 -0.000944889 0 0.000168711 -0.000944889 0 0 -0.000944889
56.5 0.000169333 0 0 0.000169333 0.000169333 0 0 0.000169333 0 0 0 0 0.000169333 0 -0.000946667 0.000169333 0.000169333 -0.000946667 0 0.000169333 -0.000946667 0 0 -0.000946667
56.6 0.000169956 0 0 0.000169956 0.000169956 0 0 0.000169956 0 0 0 0 0.000169956 0 -0.000948444 0.000169956 0.000169956 -0.000948444 0 0.000169956 -0.000948444 0 0 -0.000948444
56.7 0.000170578 0 0 0.000170578 0.000170578 0 0 0.000170578 0 0 0 0 0.000170578 0 -0.000950222 0.000170578 0.000170578 -0.000950222 0 0.000170578 -0.000950222 0 0 -0.000950222
56.8 0.0001712 0 0 0.0001712 0.0001712 0 0 0.0001712 0 0 0 0 0.0001712 0 -0.000952 0.0001712 0.0001712 -0.000952 0 0.0001712 -0.000952 0 0 -0.000952
56.9 0.000171822 0 0 0.000171822 0.000171822 0 0 0.000171822 0 0 0 0 0.000171822 0 -0.000953778 0.000171822 0.000171822 -0.000953778 0 0.000171822 -0.000953778 0 0 -0.000953778
57 0.000172444 0 0 0.000172444 0.000172444 0 0 0.000172444 0 0 0 0 0.000172444 0 -0.000955555 0.000172444 0.000172444 -0.000955555 0 0.000172444 -0.000955555 0 0 -0.000955555
57.1 0.000173067 0 0 0.000173067 0.000173067 0 0 0.000173067 0 0 0 0 0.000173067 0 -0.000957333 0.000173067 0.000173067 -0.000957333 0 0.000173067 -0.000957333 0 0 -0.000957333
57.2 0.000173689 0 0 0.000173689 0.000173689 0 0 0.000173689 0 0 0 0 0.000173689 0 -0.000959111 0.000173689 0.000173689 -0.000959111 0 0.000173689 -0.000959111 0 0 -0.000959111
57.3 0.000174311 0 0 0.000174311 0.000174311 0 0 0.000174311 0 0 0 0 0.000174311 0 -0.000960889 0.000174311 0.000174311 -0.000960889 0 0.000174311 -0.000960889 0 0 -0.000960889
57.4 0.000174933 0 0 0.000174933 0.000174933 0 0 0.000174933 0 0 0 0 0.000174933 0 -0.000962667 0.000174933 0.000174933 -0.000962667 0 0.000174933 -0.000962667 0 0 -0.000962667
57.5 0.000175556 0 0 0.000175556 0.000175556 0 0 0.000175556 0 0 0 0 0.000175556 0 -0.000964444 0.000175556 0.000175556 -0.000964444 0 0.000175556 -0.000964444 0 0 -0.000964444
57.6 0.000176178 0 0 0.000176178 0.000176178 0 0 0.000176178 0 0 0 0 0.000176178 0 -0.000966222 0.000176178 0.000176178 -0.000966222 0 0.000176178 -0.000966222 0 0 -0.000966222
57.7 0.0001768 0 0 0.0001768 0.0001768 0 0 0.0001768 0 0 0 0 0.0001768 0 -0.000968 0.0001768 0.0001768 -0.000968 0 0.0001768 -0.000968 0 0 -0.000968
57.8 0.000177422 0 0 0.000177422 0.000177422 0 0 0.000177422 0 0 0 0 0.000177422 0 -0.000969778 0.000177422 0.000177422 -0.000969778 0 0.000177422 -0.000969778 0 0 -0.000969778
57.9 0.000178044 0 0 0.000178044 0.000178044 0 0 0.000178044 0 0 0 0 0.000178044 0 -0.000971555 0.000178044 0.000178044 -0.000971555 0 0.000178044 -0.000971555 0 0 -0.000971555
58 0.000178667 0 0 0.000178667 0.000178667 0 0 0.000178667 0 0 0 0 0.000178667 0 -0.000973333 0.000178667 0.000178667 -0.000973333 0 0.000178667 -0.000973333 0 0 -0.000973333
58.1 0.000179289 0 0 0.000179289 0.000179289 0 0 0.000179289 0 0 0 0 0.000179289 0 -0.000975111 0.000179289 0.000179289 -0.000975111 0 0.000179289 -0.000975111 0 0 -0.000975111
58.2 0.000179911 0 0 0.000179911 0.000179911 0 0 0.000179911 0 0 0 0 0.000179911 0 -0.000976889 0.000179911 0.000179911 -0.000976889 0 0.000179911 -0.000976889 0 0 -0.000976889
58.3 0.000180533 0 0 0.000180533 0.000180533 0 0 0.000180533 0 0 0 0 0.000180533 0 -0.000978667 0.000180533 0.000180533 -0.000978667 0 0.000180533 -0.000978667 0 0 -0.000978667
58.4 0.000181156 0 0 0.000181156 0.000181156 0 0 0.000181156 0 0 0 0 0.000181156 0 -0.000980444 0.000181156 0.000181156 -0.000980444 0 0.000181156 -0.000980444 0 0 -0.000980444
58.5 0.000181778 0 0 0.000181778 0.000181778 0 0 0.000181778 0 0 0 0 0.000181778 0 -0.000982222 0.000181778 0.000181778 -0.000982222 0 0.000181778 -0.000982222 0 0 -0.000982222
58.6 0.0001824 0 0 0.0001824 0.0001824 0 0 0.0001824 0 0 0 0 0.0001824 0 -0.000984 0.0001824 0.0001824 -0.000984 0 0.0001824 -0.000984 0 0 -0.000984
58.7 0.000183022 0 0 0.000183022 0.000183022 0 0 0.000183022 0 0 0 0 0.000183022 0 -0.000985778 0.000183022 0.000183022 -0.000985778 0 0.000183022 -0.000985778 0 0 -0.000985778
58.8 0.000183644 0 0 0.000183644 0.000183644 0 0 0.000183644 0 0 0 0 0.000183644 0 -0.000987555 0.000183644 0.000183644 -0.000987555 0 0.000183644 -0.000987555 0 0 -0.000987555
58.9 0.000184267 0 0 0.000184267 0.000184267 0 0 0.000184267 0 0 0 0 0.000184267 0 -0.000989333 0.000184267 0.000184267 -0.000989333 0 0.000184267 -0.000989333 0 0 -0.000989333
59 0.000184889 0 0 0.000184889 0.000184889 0 0 0.000184889 0 0 0 0 0.000184889 0 -0.000991111 0.000184889 0.000184889 -0.000991111 0 0.000184889 -0.000991111 0 0 -0.000991111
59.1 0.000185511 0 0 0.000185511 0.000185511 0 0 0.000185511 0 0 0 0 0.000185511 0 -0.000992889 0.000185511 0.000185511 -0.000992889 0 0.000185511 -0.000992889 0 0 -0.000992889
59.2 0.000186133 0 0 0.000186133 0.000186133 0 0 0.000186133 0 0 0 0 0.000186133 0 -0.000994667 0.000186133 0.000186133 -0.000994667 0 0.000186133 -0.000994667 0 0 -0.000994667
59.3 0.000186756 0 0 0.000186756 0.000186756 0 0 0.000186756 0 0 0 0 0.000186756 0 -0.000996444 0.000186756 0.000186756 -0.000996444 0 0.000186756 -0.000996444 0 0 -0.000996444
59.4 0.000187378 0 0 0.000187378 0.000187378 0 0 0.000187378 0 0 0 0 0.000187378 0 -0.000998222 0.000187378 0.000187378 -0.000998222 0 0.000187378 -0.000998222 0 0 -0.000998222
59.5 0.000188 0 0 0.000188 0.000188 0 0 0.000188 0 0 0 0 0.000188 0 -0.001 0.000188 0.000188 -0.001 0 0.000188 -0.001 0 0 -0.001
59.6 0.000188622 0 0 0.000188622 0.000188622 0 0 0.000188622 0 0 0 0 0.000188622 0 -0.00100178 0.000188622 0.000188622 -0.00100178 0 0.000188622 -0.00100178 0 0 -0.00100178
59.7 0.000189244 0 0 0.000189244 0.000189244 0 0 0.000189244 0 0 0 0 0.000189244 0 -0.00100356 0.000189244 0.000189244 -0.00100356 0 0.000189244 -0.00100356 0 0 -0.00100356
59.8 0.000189867 0 0 0.000189867 0.000189867 0 0 0.000189867 0 0 0 0 0.000189867 0 -0.00100533 0.000189867 0.000189867 -0.00100533 0 0.000189867 -0.00100533 0 0 -0.00100533
59.9 0.000190489 0 0 0.000190489 0.000190489 0 0 0.000190489 0 0 0 0 0.000190489 0 -0.00100711 0.000190489 0.000190489 -0.00100711 0 0.000190489 -0.00100711 0 0 -0.00100711
60 0.000191111 0 0 0.000191111 0.000191111 0 0 0.000191111 0 0 0 0 0.000191111 0 -0.00100889 0.000191111 0.000191111 -0.00100889 0 0.000191111 -0.00100889 0 0 -0.00100889
60.1 0.000191733 0 0 0.000191733 0.000191733 0 0 0.000191733 0 0 0 0 0.000191733 0 -0.00101067 0.000191733 0.000191733 -0.00101067 0 0.000191733 -0.00101067 0 0 -0.00101067
60.2 0.000192356 0 0 0.000192356 0.000192356 0 0 0.000192356 0 0 0 0 0.000192356 0 -0.00101244 0.000192356 0.000192356 -0.00101244 0 0.000192356 -0.00101244 0 0 -0.00101244
60.3 0.000192978 0 0 0.000192978 0.000192978 0 0 0.000192978 0 0 0 0 0.000192978 0 -0.00101422 0.000192978 0.000192978 -0.00101422 0 0.000192978 -0.00101422 0 0 -0.00101422
60.4 0.0001936 0 0 0.0001936 0.0001936 0 0 0.0001936 0 0 0 0 0.0001936 0 -0.001016 0.0001936 0.0001936 -0.001016 0 0.0001936 -0.001016 0 0 -0.001016
60.5 0.000194222 0 0 0.000194222 0.000194222 0 0 0.000194222 0 0 0 0 0.000194222 0 -0.00101778 0.000194222 0.000194222 -0.00101778 0 0.000194222 -0.00101778 0 0 -0.00101778
60.6 0.000194844 0 0 0.000194844 0.000194844 0 0 0.000194844 0 0 0 0 0.000194844 0 -0.00101956 0.000194844 0.000194844 -0.00101956 0 0.000194844 -0.00101956 0 0 -0.00101956
60.7 0.000195467 0 0 0.000195467 0.000195467 0 0 0.000195467 0 0 0 0 0.000195467 0 -0.00102133 0.000195467 0.000195467 -0.00102133 0 0.000195467 -0.00102133 0 0 -0.00102133
60.8 0.000196089 0 0 0.000196089 0.000196089 0 0 0.000196089 0 0 0 0 0.000196089 0 -0.00102311 0.000196089 0.000196089 -0.00102311 0 0.000196089 -0.00102311 0 0 -0.00102311
60.9 0.000196711 0 0 0.000196711 0.000196711 0 0 0.000196711 0 0 0 0 0.000196711 0 -0.00102489 0.000196711 0.000196711 -0.00102489 0 0.000196711 -0.00102489 0 0 -0.00102489
61 0.000197333 0 0 0.000197333 0.000197333 0 0 0.000197333 0 0 0 0 0.000197333 0 -0.00102667 0.000197333 0.000197333 -0.00102667 0 0.000197333 -0.00102667 0 0 -0.00102667
61.1 0.000197956 0 0 0.000197956 0.000197956 0 0 0.000197956 0 0 0 0 0.000197956 0 -0.00102844 0.000197956 0.000197956 -0.00102844 0 0.000197956 -0.00102844 0 0 -0.00102844
61.2 0.000198578 0 0 0.000198578 0.000198578 0 0 0.000198578 0 0 0 0 0.000198578 0 -0.00103022 0.000198578 0.000198578 -0.00103022 0 0.000198578 -0.00103022 0 0 -0.00103022
61.3 0.0001992 0 0 0.0001992 0.0001992 0 0 0.0001992 0 0 0 0 0.0001992 0 -0.001032 0.0001992 0.0001992 -0.001032 0 0.0001992 -0.001032 0 0 -0.001032
61.4 0.000199822 0 0 0.000199822 0.000199822 0 0 0.000199822 0 0 0 0 0.000199822 0 -0.00103378 0.000199822 0.000199822 -0.00103378 0 0.000199822 -0.00103378 0 0 -0.00103378
61.5 0.000200444 0 0 0.000200444 0.000200444 0 0 0.000200444 0 0 0 0 0.000200444 0 -0.00103556 0.000200444 0.000200444 -0.00103556 0 0.000200444 -0.00103556 0 0 -0.00103556
61.6 0.000201067 0 0 0.000201067 0.000201067 0 0 0.000201067 0 0 0 0 0.000201067 0 -0.00103733 0.000201067 0.000201067 -0.00103733 0 0.000201067 -0.00103733 0 0 -0.00103733
61.7 0.000201689 0 0 0.000201689 0.000201689 0 0 0.000201689 0 0 0 0 0.000201689 0 -0.00103911 0.000201689 0.000201689 -0.00103911 0 0.000201689 -0.00103911 0 0 -0.00103911
61.8 0.000202311 0 0 0.000202311 0.000202311 0 0 0.000202311 0 0 0 0 0.000202311 0 -0.00104089 0.000202311 0.000202311 -0.00104089 0 0.000202311 -0.00104089 0 0 -0.00104089
61.9 0.000202933 0 0 0.000202933 0.000202933 0 0 0.000202933 0 0 0 0 0.000202933 0 -0.00104267 0.000202933 0.000202933 -0.00104267 0 0.000202933 -0.00104267 0 0 -0.00104267
62 0.000203556 0 0 0.000203556 0.000203556 0 0 0.000203556 0 0 0 0 0.000203556 0 -0.00104444 0.000203556 0.000203556 -0.00104444 0 0.000203556 -0.00104444 0 0 -0.00104444
62.1 0.000204178 0 0 0.000204178 0.000204178 0 0 0.000204178 0 0 0 0 0.000204178 0 -0.00104622 0.000204178 0.000204178 -0.00104622 0 0.000204178 -0.00104622 0 0 -0.00104622
62.2 0.0002048 0 0 0.0002048 0.0002048 0 0 0.0002048 0 0 0 0 0.0002048 0 -0.001048 0.0002048 0.0002048 -0.001048 0 0.0002048 -0.001048 0 0 -0.001048
62.3 0.000205422 0 0 0.000205422 0.000205422 0 0 0.000205422 0 0 0 0 0.000205422 0 -0.00104978 0.000205422 0.000205422 -0.00104978 0 0.000205422 -0.00104978 0 0 -0.00104978
62.4 0.000206044 0 0 0.000206044 0.000206044 0 0 0.000206044 0 0 0 0 0.000206044 0 -0.00105156 0.000206044 0.000206044 -0.00105156 0 0.000206044 -0.00105156 0 0 -0.00105156
62.5 0.000206667 0 0 0.000206667 0.000206667 0 0 0.000206667 0 0 0 0 0.000206667 0 -0.00105333 0.000206667 0.000206667 -0.00105333 0 0.000206667 -0.00105333 0 0 -0.00105333
62.6 0.000207289 0 0 0.000207289 0.000207289 0 0 0.000207289 0 0 0 0 0.000207289 0 -0.00105511 0.000207289 0.000207289 -0.00105511 0 0.000207289 -0.00105511 0 0 -0.00105511
62.7 0.000207911 0 0 0.000207911 0.000207911 0 0 0.000207911 0 0 0 0 0.000207911 0 -0.00105689 0.000207911 0.000207911 -0.00105689 0 0.000207911 -0.00105689 0 0 -0.00105689
62.8 0.000208533 0 0 0.000208533 0.000208533 0 0 0.000208533 0 0 0 0 0.000208533 0 -0.00105867 0.000208533 0.000208533 -0.00105867 0 0.000208533 -0.00105867 0 0 -0.00105867
62.9 0.000209156 0 0 0.000209156 0.000209156 0 0 0.000209156 0 0 0 0 0.000209156 0 -0.00106044 0.000209156 0.000209156 -0.00106044 0 0.000209156 -0.00106044 0 0 -0.00106044
63 0.000209778 0 0 0.000209778 0.000209778 0 0 0.000209778 0 0 0 0 0.000209778 0 -0.00106222 0.000209778 0.000209778 -0.00106222 0 0.000209778 -0.00106222 0 0 -0.00106222
63.1 0.0002104 0 0 0.0002104 0.0002104 0 0 0.0002104 0 0 0 0 0.0002104 0 -0.001064 0.0002104 0.0002104 -0.001064 0 0.0002104 -0.001064 0 0 -0.001064
63.2 0.000211022 0 0 0.000211022 0.000211022 0 0 0.000211022 0 0 0 0 0.000211022 0 -0.00106578 0.000211022 0.000211022 -0.00106578 0 0.000211022 -0.00106578 0 0 -0.00106578
63.3 0.000211644 0 0 0.000211644 0.000211644 0 0 0.000211644 0 0 0 0 0.000211644 0 -0.00106756 0.000211644 0.000211644 -0.00106756 0 0.000211644 -0.00106756 0 0 -0.00106756
63.4 0.000212267 0 0 0.000212267 0.000212267 0 0 0.000212267 0 0 0 0 0.000212267 0 -0.00106933 0.000212267 0.000212267 -0.00106933 0 0.000212267 -0.00106933 0 0 -0.00106933
63.5 0.000212889 0 0 0.000212889 0.000212889 0 0 0.000212889 0 0 0 0 0.000212889 0 -0.00107111 0.000212889 0.000212889 -0.00107111 0 0.000212889 -0.00107111 0 0 -0.00107111
63.6 0.000213511 0 0 0.000213511 0.000213511 0 0 0.000213511 0 0 0 0 0.000213511 0 -0.00107289 0.000213511 0.000213511 -0.00107289 0 0.000213511 -0.00107289 0 0 -0.00107289
63.7 0.000214133 0 0 0.000214133 0.000214133 0 0 0.000214133 0 0 0 0 0.000214133 0 -0.00107467 0.000214133 0.000214133 -0.00107467 0 0.000214133 -0.00107467 0 0 -0.00107467
63.8 0.000214756 0 0 0.000214756 0.000214756 0 0 0.000214756 0 0 0 0 0.000214756 0 -0.00107644 0.000214756 0.000214756 -0.00107644 0 0.000214756 -0.00107644 0 0 -0.00107644
63.9 0.000215378 0 0 0.000215378 0.000215378 0 0 0.000215378 0 0 0 0 0.000215378 0 -0.00107822 0.000215378 0.000215378 -0.00107822 0 0.000215378 -0.00107822 0 0 -0.00107822
64 0.000216 0 0 0.000216 0.000216 0 0 0.000216 0 0 0 0 0.000216 0 -0.00108 0.000216 0.000216 -0.00108 0 0.000216 -0.00108 0 0 -0.00108
64.1 0.000216622 0 0 0.000216622 0.000216622 0 0 0.000216622 0 0 0 0 0.000216622 0 -0.00108178 0.000216622 0.000216622 -0.00108178 0 0.000216622 -0.00108178 0 0 -0.00108178
64.2 0.000217244 0 0 0.000217244 0.000217244 0 0 0.000217244 0 0 0 0 0.000217244 0 -0.00108356 0.000217244 0.000217244 -0.00108356 0 0.000217244 -0.00108356 0 0 -0.00108356
64.3 0.000217867 0 0 0.000217867 0.000217867 0 0 0.000217867 0 0 0 0 0.000217867 0 -0.00108533 0.000217867 0.000217867 -0.00108533 0 0.000217867 -0.00108533 0 0 -0.00108533
64.4 0.000218489 0 0 0.000218489 0.000218489 0 0 0.000218489 0 0 0 0 0.000218489 0 -0.00108711 0.000218489 0.000218489 -0.00108711 0 0.000218489 -0.00108711 0 0 -0.00108711
64.5 0.000219111 0 0 0.000219111 0.000219111 0 0 0.000219111 0 0 0 0 0.000219111 0 -0.00108889 0.000219111 0.000219111 -0.00108889 0 0.000219111 -0.00108889 0 0 -0.00108889
64.6 0.000219733 0 0 0.000219733 0.000219733 0 0 0.000219733 0 0 0 0 0.000219733 0 -0.00109067 0.000219733 0.000219733 -0.00109067 0 0.000219733 -0.00109067 0 0 -0.00109067
64.7 0.000220356 0 0 0.000220356 0.000220356 0 0 0.000220356 0 0 0 0 0.000220356 0 -0.00109244 0.000220356 0.000220356 -0.00109244 0 0.000220356 -0.00109244 0 0 -0.00109244
64.8 0.000220978 0 0 0.000220978 0.000220978 0 0 0.000220978 0 0 0 0 0.000220978 0 -0.00109422 0.000220978 0.000220978 -0.00109422 0 0.000220978 -0.00109422 0 0 -0.00109422
64.9 0.0002216 0 0 0.0002216 0.0002216 0 0 0.0002216 0 0 0 0 0.0002216 0 -0.001096 0.0002216 0.0002216 -0.001096 0 0.0002216 -0.001096 0 0 -0.001096
65 0.000222222 0 0 0.000222222 0.000222222 0 0 0.000222222 0 0 0 0 0.000222222 0 -0.00109778 0.000222222 0.000222222 -0.00109778 0 0.000222222 -0.00109778 0 0 -0.00109778
65.1 0.000222844 0 0 0.000222844 0.000222844 0 0 0.000222844 0 0 0 0 0.000222844 0 -0.00109956 0.000222844 0.000222844 -0.00109956 0 0.000222844 -0.00109956 0 0 -0.00109956
65.2 0.000223467 0 0 0.000223467 0.000223467 0 0 0.000223467 0 0 0 0 0.000223467 0 -0.00110133 0.000223467 0.000223467 -0.00110133 0 0.000223467 -0.00110133 0 0 -0.00110133
65.3 0.000224089 0 0 0.000224089 0.000224089 0 0 0.000224089 0 0 0 0 0.000224089 0 -0.00110311 0.000224089 0.000224089 -0.00110311 0 0.000224089 -0.00110311 0 0 -0.00110311
65.4 0.000224711 0 0 0.000224711 0.000224711 0 0 0.000224711 0 0 0 0 0.000224711 0 -0.00110489 0.000224711 0.000224711 -0.00110489 0 0.000224711 -0.00110489 0 0 -0.00110489
65.5 0.000225333 0 0 0.000225333 0.000225333 0 0 0.000225333 0 0 0 0 0.000225333 0 -0.00110667 0.000225333 0.000225333 -0.00110667 0 0.000225333 -0.00110667 0 0 -0.00110667
65.6 0.000225956 0 0 0.000225956 0.000225956 0 0 0.000225956 0 0 0 0 0.000225956 0 -0.00110844 0.000225956 0.000225956 -0.00110844 0 0.000225956 -0.00110844 0 0 -0.00110844
65.7 0.000226578 0 0 0.000226578 0.000226578 0 0 0.000226578 0 0 0 0 0.000226578 0 -0.00111022 0.000226578 0.000226578 -0.00111022 0 0.000226578 -0.00111022 0 0 -0.00111022
65.8 0.0002272 0 0 0.0002272 0.0002272 0 0 0.0002272 0 0 0 0 0.0002272 0 -0.001112 0.0002272 0.0002272 -0.001112 0 0.0002272 -0.001112 0 0 -0.001112
65.9 0.000227822 0 0 0.000227822 0.000227822 0 0 0.000227822 0 0 0 0 0.000227822 0 -0.00111378 0.000227822 0.000227822 -0.00111378 0 0.000227822 -0.00111378 0 0 -0.00111378
66 0.000228444 0 0 0.000228444 0.000228444 0 0 0.000228444 0 0 0 0 0.000228444 0 -0.00111556 0.000228444 0.000228444 -0.00111556 0 0.000228444 -0.00111556 0 0 -0.00111556
66.1 0.000229067 0 0 0.000229067 0.000229067 0 0 0.000229067 0 0 0 0 0.000229067 0 -0.00111733 0.000229067 0.000229067 -0.00111733 0 0.000229067 -0.00111733 0 0 -0.00111733
66.2 0.000229689 0 0 0.000229689 0.000229689 0 0 0.000229689 0 0 0 0 0.000229689 0 -0.00111911 0.000229689 0.000229689 -0.00111911 0 0.000229689 -0.00111911 0 0 -0.00111911
66.3 0.000230311 0 0 0.000230311 0.000230311 0 0 0.000230311 0 0 0 0 0.000230311 0 -0.00112089 0.000230311 0.000230311 -0.00112089 0 0.000230311 -0.00112089 0 0 -0.00112089
66.4 0.000230933 0 0 0.000230933 0.000230933 0 0 0.000230933 0 0 0 0 0.000230933 0 -0.00112267 0.000230933 0.000230933 -0.00112267 0 0.000230933 -0.00112267 0 0 -0.00112267
66.5 0.000231556 0 0 0.000231556 0.000231556 0 0 0.000231556 0 0 0 0 0.000231556 0 -0.00112444 0.000231556 0.000231556 -0.00112444 0 0.000231556 -0.00112444 0 0 -0.00112444
66.6 0.000232178 0 0 0.000232178 0.000232178 0 0 0.000232178 0 0 0 0 0.000232178 0 -0.00112622 0.000232178 0.000232178 -0.00112622 0 0.000232178 -0.00112622 0 0 -0.00112622
66.7 0.0002328 0 0 0.0002328 0.0002328 0 0 0.0002328 0 0 0 0 0.0002328 0 -0.001128 0.0002328 0.0002328 -0.001128 0 0.0002328 -0.001128 0 0 -0.001128
66.8 0.000233422 0 0 0.000233422 0.000233422 0 0 0.000233422 0 0 0 0 0.000233422 0 -0.00112978 0.000233422 0.000233422 -0.00112978 0 0.000233422 -0.00112978 0 0 -0.00112978
66.9 0.000234044 0 0 0.000234044 0.000234044 0 0 0.000234044 0 0 0 0 0.000234044 0 -0.00113156 0.000234044 0.000234044 -0.00113156 0 0.000234044 -0.00113156 0 0 -0.00113156
67 0.000234667 0 0 0.000234667 0.000234667 0 0 0.000234667 0 0 0 0 0.000234667 0 -0.00113333 0.000234667 0.000234667 -0.00113333 0 0.000234667 -0.00113333 0 0 -0.00113333
67.1 0.000235289 0 0 0.000235289 0.000235289 0 0 0.000235289 0 0 0 0 0.000235289 0 -0.00113511 0.000235289 0.000235289 -0.00113511 0 0.000235289 -0.00113511 0 0 -0.00113511
67.2 0.000235911 0 0 0.000235911 0.000235911 0 0 0.000235911 0 0 0 0 0.000235911 0 -0.00113689 0.000235911 0.000235911 -0.00113689 0 0.000235911 -0.00113689 0 0 -0.00113689
67.3 0.000236533 0 0 0.000236533 0.000236533 0 0 0.000236533 0 0 0 0 0.000236533 0 -0.00113867 0.000236533 0.000236533 -0.00113867 0 0.000236533 -0.00113867 0 0 -0.00113867
67.4 0.000237156 0 0 0.000237156 0.000237156 0 0 0.000237156 0 0 0 0 0.000237156 0 -0.00114044 0.000237156 0.000237156 -0.00114044 0 0.000237156 -0.00114044 0 0 -0.00114044
67.5 0.000237778 0 0 0.000237778 0.000237778 0 0 0.000237778 0 0 0 0 0.000237778 0 -0.00114222 0.000237778 0.000237778 -0.00114222 0 0.000237778 -0.00114222 0 0 -0.00114222
67.6 0.0002384 0 0 0.0002384 0.0002384 0 0 0.0002384 0 0 0 0 0.0002384 0 -0.001144 0.0002384 0.0002384 -0.001144 0 0.0002384 -0.001144 0 0 -0.001144
67.7 0.000239022 0 0 0.000239022 0.000239022 0 0 0.000239022 0 0 0 0 0.000239022 0 -0.00114578 0.000239022 0.000239022 -0.00114578 0 0.000239022 -0.00114578 0 0 -0.00114578
67.8 0.000239644 0 0 0.000239644 0.000239644 0 0 0.000239644 0 0 0 0 0.000239644 0 -0.00114756 0.000239644 0.000239644 -0.00114756 0 0.000239644 -0.00114756 0 0 -0.00114756
67.9 0.000240267 0 0 0.000240267 0.000240267 0 0 0.000240267 0 0 0 0 0.000240267 0 -0.00114933 0.000240267 0.000240267 -0.00114933 0 0.000240267 -0.00114933 0 0 -0.00114933
68 0.000240889 0 0 0.000240889 0.000240889 0 0 0.000240889 0 0 0 0 0.000240889 0 -0.00115111 0.000240889 0.000240889 -0.00115111 0 0.000240889 -0.00115111 0 0 -0.00115111
68.1 0.000241511 0 0 0.000241511 0.000241511 0 0 0.000241511 0 0 0 0 0.000241511 0 -0.00115289 0.000241511 0.000241511 -0.00115289 0 0.000241511 -0.00115289 0 0 -0.00115289
68.2 0.000242133 0 0 0.000242133 0.000242133 0 0 0.000242133 0 0 0 0 0.000242133 0 -0.00115467 0.000242133 0.000242133 -0.00115467 0 0.000242133 -0.00115467 0 0 -0.00115467
68.3 0.000242756 0 0 0.000242756 0.000242756 0 0 0.000242756 0 0 0 0 0.000242756 0 -0.00115644 0.000242756 0.000242756 -0.00115644 0 0.000242756 -0.00115644 0 0 -0.00115644
68.4 0.000243378 0 0 0.000243378 0.000243378 0 0 0.000243378 0 0 0 0 0.000243378 0 -0.00115822 0.000243378 0.000243378 -0.00115822 0 0.000243378 -0.00115822 0 0 -0.00115822
68.5 0.000244 0 0 0.000244 0.000244 0 0 0.000244 0 0 0 0 0.000244 0 -0.00116 0.000244 0.000244 -0.00116 0 0.000244 -0.00116 0 0 -0.00116
68.6 0.000244622 0 0 0.000244622 0.000244622 0 0 0.000244622 0 0 0 0 0.000244622 0 -0.00116178 0.000244622 0.000244622 -0.00116178 0 0.000244622 -0.00116178 0 0 -0.00116178
68.7 0.000245244 0 0 0.000245244 0.000245244 0 0 0.000245244 0 0 0 0 0.000245244 0 -0.00116356 0.000245244 0.000245244 -0.00116356 0 0.000245244 -0.00116356 0 0 -0.00116356
68.8 0.000245867 0 0 0.000245867 0.000245867 0 0 0.000245867 0 0 0 0 0.000245867 0 -0.00116533 0.000245867 0.000245867 -0.00116533 0 0.000245867 -0.00116533 0 0 -0.00116533
68.9 0.000246489 0 0 0.000246489 0.000246489 0 0 0.000246489 0 0 0 0 0.000246489 0 -0.00116711 0.000246489 0.000246489 -0.00116711 0 0.000246489 -0.00116711 0 0 -0.00116711
69 0.000247111 0 0 0.000247111 0.000247111 0 0 0.000247111 0 0 0 0 0.000247111 0 -0.00116889 0.000247111 0.000247111 -0.00116889 0 0.000247111 -0.00116889 0 0 -0.00116889
69.1 0.000247733 0 0 0.000247733 0.000247733 0 0 0.000247733 0 0 0 0 0.000247733 0 -0.00117067 0.000247733 0.000247733 -0.00117067 0 0.000247733 -0.00117067 0 0 -0.00117067
69.2 0.000248356 0 0 0.000248356 0.000248356 0 0 0.000248356 0 0 0 0 0.000248356 0 -0.00117244 0.000248356 0.000248356 -0.00117244 0 0.000248356 -0.00117244 0 0 -0.00117244
69.3 0.000248978 0 0 0.000248978 0.000248978 0 0 0.000248978 0 0 0 0 0.000248978 0 -0.00117422 0.000248978 0.000248978 -0.00117422 0 0.000248978 -0.00117422 0 0 -0.00117422
69.4 0.0002496 0 0 0.0002496 0.0002496 0 0 0.0002496 0 0 0 0 0.0002496 0 -0.001176 0.0002496 0.0002496 -0.001176 0 0.0002496 -0.001176 0 0 -0.001176
69.5 0.000250222 0 0 0.000250222 0.000250222 0 0 0.000250222 0 0 0 0 0.000250222 0 -0.00117778 0.000250222 0.000250222 -0.00117778 0 0.000250222 -0.00117778 0 0 -0.00117778
69.6 0.000250844 0 0 0.000250844 0.000250844 0 0 0.000250844 0 0 0 0 0.000250844 0 -0.00117956 0.000250844 0.000250844 -0.00117956 0 0.000250844 -0.00117956 0 0 -0.00117956
69.7 0.000251467 0 0 0.000251467 0.000251467 0 0 0.000251467 0 0 0 0 0.000251467 0 -0.00118133 0.000251467 0.000251467 -0.00118133 0 0.000251467 -0.00118133 0 0 -0.00118133
69.8 0.000252089 0 0 0.000252089 0.000252089 0 0 0.000252089 0 0 0 0 0.000252089 0 -0.00118311 0.000252089 0.000252089 -0.00118311 0 0.000252089 -0.00118311 0 0 -0.00118311
69.9 0.000252711 0 0 0.000252711 0.000252711 0 0 0.000252711 0 0 0 0 0.000252711 0 -0.00118489 0.000252711 0.000252711 -0.00118489 0 0.000252711 -0.00118489 0 0 -0.00118489
70 0.000253333 0 0 0.000253333 0.000253333 0 0 0.000253333 0 0 0 0 0.000253333 0 -0.00118667 0.000253333 0.000253333 -0.00118667 0 0.000253333 -0.00118667 0 0 -0.00118667
70.1 0.000253956 0 0 0.000253956 0.000253956 0 0 0.000253956 0 0 0 0 0.000253956 0 -0.00118844 0.000253956 0.000253956 -0.00118844 0 0.000253956 -0.00118844 0 0 -0.00118844
70.2 0.000254578 0 0 0.000254578 0.000254578 0 0 0.000254578 0 0 0 0 0.000254578 0 -0.00119022 0.000254578 0.000254578 -0.00119022 0 0.000254578 -0.00119022 0 0 -0.00119022
70.3 0.0002552 0 0 0.0002552 0.0002552 0 0 0.0002552 0 0 0 0 0.0002552 0 -0.001192 0.0002552 0.0002552 -0.001192 0 0.0002552 -0.001192 0 0 -0.001192
70.4 0.000255822 0 0 0.000255822 0.000255822 0 0 0.000255822 0 0 0 0 0.000255822 0 -0.00119378 0.000255822 0.000255822 -0.00119378 0 0.000255822 -0.00119378 0 0 -0.00119378
70.5 0.000256444 0 0 0.000256444 0.000256444 0 0 0.000256444 0 0 0 0 0.000256444 0 -0.00119556 0.000256444 0.000256444 -0.00119556 0 0.000256444 -0.00119556 0 0 -0.00119556
70.6 0.000257067 0 0 0.000257067 0.000257067 0 0 0.000257067 0 0 0 0 0.000257067 0 -0.00119733 0.000257067 0.000257067 -0.00119733 0 0.000257067 -0.00119733 0 0 -0.00119733
70.7 0.000257689 0 0 0.000257689 0.000257689 0 0 0.000257689 0 0 0 0 0.000257689 0 -0.00119911 0.000257689 0.000257689 -0.00119911 0 0.000257689 -0.00119911 0 0 -0.00119911
70.8 0.000258311 0 0 0.000258311 0.000258311 0 0 0.000258311 0 0 0 0 0.000258311 0 -0.00120089 0.000258311 0.000258311 -0.00120089 0 0.000258311 -0.00120089 0 0 -0.00120089
70.9 0.000258933 0 0 0.000258933 0.000258933 0 0 0.000258933 0 0 0 0 0.000258933 0 -0.00120267 0.000258933 0.000258933 -0.00120267 0 0.000258933 -0.00120267 0 0 -0.00120267
71 0.000259556 0 0 0.000259556 0.000259556 0 0 0.000259556 0 0 0 0 0.000259556 0 -0.00120444 0.000259556 0.000259556 -0.00120444 0 0.000259556 -0.00120444 0 0 -0.00120444
71.1 0.000260178 0 0 0.000260178 0.000260178 0 0 0.000260178 0 0 0 0 0.000260178 0 -0.00120622 0.000260178 0.000260178 -0.00120622 0 0.000260178 -0.00120622 0 0 -0.00120622
71.2 0.0002608 0 0 0.0002608 0.0002608 0 0 0.0002608 0 0 0 0 0.0002608 0 -0.001208 0.0002608 0.0002608 -0.001208 0 0.0002608 -0.001208 0 0 -0.001208
71.3 0.000261422 0 0 0.000261422 0.000261422 0 0 0.000261422 0 0 0 0 0.000261422 0 -0.00120978 0.000261422 0.000261422 -0.00120978 0 0.000261422 -0.00120978 0 0 -0.00120978
71.4 0.000262044 0 0 0.000262044 0.000262044 0 0 0.000262044 0 0 0 0 0.000262044 0 -0.00121156 0.000262044 0.000262044 -0.00121156 0 0.000262044 -0.00121156 0 0 -0.00121156
71.5 0.000262667 0 0 0.000262667 0.000262667 0 0 0.000262667 0 0 0 0 0.000262667 0 -0.00121333 0.000262667 0.000262667 -0.00121333 0 0.000262667 -0.00121333 0 0 -0.00121333
71.6 0.000263289 0 0 0.000263289 0.000263289 0 0 0.000263289 0 0 0 0 0.000263289 0 -0.00121511 0.000263289 0.000263289 -0.00121511 0 0.000263289 -0.00121511 0 0 -0.00121511
71.7 0.000263911 0 0 0.000263911 0.000263911 0 0 0.000263911 0 0 0 0 0.000263911 0 -0.00121689 0.000263911 0.000263911 -0.00121689 0 0.000263911 -0.00121689 0 0 -0.00121689
71.8 0.000264533 0 0 0.000264533 0.000264533 0 0 0.000264533 0 0 0 0 0.000264533 0 -0.00121867 0.000264533 0.000264533 -0.00121867 0 0.000264533 -0.00121867 0 0 -0.00121867
71.9 0.000265156 0 0 0.000265156 0.000265156 0 0 0.000265156 0 0 0 0 0.000265156 0 -0.00122044 0.000265156 0.000265156 -0.00122044 0 0.000265156 -0.00122044 0 0 -0.00122044
72 0.000265778 0 0 0.000265778 0.000265778 0 0 0.000265778 0 0 0 0 0.000265778 0 -0.00122222 0.000265778 0.000265778 -0.00122222 0 0.000265778 -0.00122222 0 0 -0.00122222
72.1 0.0002664 0 0 0.0002664 0.0002664 0 0 0.0002664 0 0 0 0 0.0002664 0 -0.001224 0.0002664 0.0002664 -0.001224 0 0.0002664 -0.001224 0 0 -0.001224
72.2 0.000267022 0 0 0.000267022 0.000267022 0 0 0.000267022 0 0 0 0 0.000267022 0 -0.00122578 0.000267022 0.000267022 -0.00122578 0 0.000267022 -0.00122578 0 0 -0.00122578
72.3 0.000267644 0 0 0.000267644 0.000267644 0 0 0.000267644 0 0 0 0 0.000267644 0 -0.00122756 0.000267644 0.000267644 -0.00122756 0 0.000267644 -0.00122756 0 0 -0.00122756
72.4 0.000268267 0 0 0.000268267 0.000268267 0 0 0.000268267 0 0 0 0 0.000268267 0 -0.00122933 0.000268267 0.000268267 -0.00122933 0 0.000268267 -0.00122933 0 0 -0.00122933
72.5 0.000268889 0 0 0.000268889 0.000268889 0 0 0.000268889 0 0 0 0 0.000268889 0 -0.00123111 0.000268889 0.000268889 -0.00123111 0 0.000268889 -0.00123111 0 0 -0.00123111
72.6 0.000269511 0 0 0.000269511 0.000269511 0 0 0.000269511 0 0 0 0 0.000269511 0 -0.00123289 0.000269511 0.000269511 -0.00123289 0 0.000269511 -0.00123289 0 0 -0.00123289
72.7 0.000270133 0 0 0.000270133 0.000270133 0 0 0.000270133 0 0 0 0 0.000270133 0 -0.00123467 0.000270133 0.000270133 -0.00123467 0 0.000270133 -0.00123467 0 0 -0.00123467
72.8 0.000270756 0 0 0.000270756 0.000270756 0 0 0.000270756 0 0 0 0 0.000270756 0 -0.00123644 0.000270756 0.000270756 -0.00123644 0 0.000270756 -0.00123644 0 0 -0.00123644
72.9 0.000271378 0 0 0.000271378 0.000271378 0 0 0.000271378 0 0 0 0 0.000271378 0 -0.00123822 0.000271378 0.000271378 -0.00123822 0 0.000271378 -0.00123822 0 0 -0.00123822
73 0.000272 0 0 0.000272 0.000272 0 0 0.000272 0 0 0 0 0.000272 0 -0.00124 0.000272 0.000272 -0.00124 0 0.000272 -0.00124 0 0 -0.00124
73.1 0.000272622 0 0 0.000272622 0.000272622 0 0 0.000272622 0 0 0 0 0.000272622 0 -0.00124178 0.000272622 0.000272622 -0.00124178 0 0.000272622 -0.00124178 0 0 -0.00124178
73.2 0.000273244 0 0 0.000273244 0.000273244 0 0 0.000273244 0 0 0 0 0.000273244 0 -0.00124356 0.000273244 0.000273244 -0.00124356 0 0.000273244 -0.00124356 0 0 -0.00124356
73.3 0.000273867 0 0 0.000273867 0.000273867 0 0 0.000273867 0 0 0 0 0.000273867 0 -0.00124533 0.000273867 0.000273867 -0.00124533 0 0.000273867 -0.00124533 0 0 -0.00124533
73.4 0.000274489 0 0 0.000274489 0.000274489 0 0 0.000274489 0 0 0 0 0.000274489 0 -0.00124711 0.000274489 0.000274489 -0.00124711 0 0.000274489 -0.00124711 0 0 -0.00124711
73.5 0.000275111 0 0 0.000275111 0.000275111 0 0 0.000275111 0 0 0 0 0.000275111 0 -0.00124889 0.000275111 0.000275111 -0.00124889 0 0.000275111 -0.00124889 0 0 -0.00124889
73.6 0.000275733 0 0 0.000275733 0.000275733 0 0 0.000275733 0 0 0 0 0.000275733 0 -0.00125067 0.000275733 0.000275733 -0.00125067 0 0.000275733 -0.00125067 0 0 -0.00125067
73.7 0.000276356 0 0 0.000276356 0.000276356 0 0 0.000276356 0 0 0 0 0.000276356 0 -0.00125244 0.000276356 0.000276356 -0.00125244 0 0.000276356 -0.00125244 0 0 -0.00125244
73.8 0.000276978 0 0 0.000276978 0.000276978 0 0 0.000276978 0 0 0 0 0.000276978 0 -0.00125422 0.000276978 0.000276978 -0.00125422 0 0.000276978 -0.00125422 0 0 -0.00125422
73.9 0.0002776 0 0 0.0002776 0.0002776 0 0 0.0002776 0 0 0 0 0.0002776 0 -0.001256 0.0002776 0.0002776 -0.001256 0 0.0002776 -0.001256 0 0 -0.001256
74 0.000278222 0 0 0.000278222 0.000278222 0 0 0.000278222 0 0 0 0 0.000278222 0 -0.00125778 0.000278222 0.000278222 -0.00125778 0 0.000278222 -0.00125778 0 0 -0.00125778
74.1 0.000278844 0 0 0.000278844 0.000278844 0 0 0.000278844 0 0 0 0 0.000278844 0 -0.00125956 0.000278844 0.000278844 -0.00125956 0 0.000278844 -0.00125956 0 0 -0.00125956
74.2 0.000279467 0 0 0.000279467 0.000279467 0 0 0.000279467 0 0 0 0 0.000279467 0 -0.00126133 0.000279467 0.000279467 -0.00126133 0 0.000279467 -0.00126133 0 0 -0.00126133
74.3 0.000280089 0 0 0.000280089 0.000280089 0 0 0.000280089 0 0 0 0 0.000280089 0 -0.00126311 0.000280089 0.000280089 -0.00126311 0 0.000280089 -0.00126311 0 0 -0.00126311
74.4 0.000280711 0 0 0.000280711 0.000280711 0 0 0.000280711 0 0 0 0 0.000280711 0 -0.00126489 0.000280711 0.000280711 -0.00126489 0 0.000280711 -0.00126489 0 0 -0.00126489
74.5 0.000281333 0 0 0.000281333 0.000281333 0 0 0.000281333 0 0 0 0 0.000281333 0 -0.00126667 0.000281333 0.000281333 -0.00126667 0 0.000281333 -0.00126667 0 0 -0.00126667
74.6 0.000281956 0 0 0.000281956 0.000281956 0 0 0.000281956 0 0 0 0 0.000281956 0 -0.00126844 0.000281956 0.000281956 -0.00126844 0 0.000281956 -0.00126844 0 0 -0.00126844
74.7 0.000282578 0 0 0.000282578 0.000282578 0 0 0.000282578 0 0 0 0 0.000282578 0 -0.00127022 0.000282578 0.000282578 -0.00127022 0 0.000282578 -0.00127022 0 0 -0.00127022
74.8 0.0002832 0 0 0.0002832 0.0002832 0 0 0.0002832 0 0 0 0 0.0002832 0 -0.001272 0.0002832 0.0002832 -0.001272 0 0.0002832 -0.001272 0 0 -0.001272
74.9 0.000283822 0 0 0.000283822 0.000283822 0 0 0.000283822 0 0 0 0 0.000283822 0 -0.00127378 0.000283822 0.000283822 -0.00127378 0 0.000283822 -0.00127378 0 0 -0.00127378
75 0.000284444 0 0 0.000284444 0.000284444 0 0 0.000284444 0 0 0 0 0.000284444 0 -0.00127556 0.000284444 0.000284444 -0.00127556 0 0.000284444 -0.00127556 0 0 -0.00127556
75.1 0.000285067 0 0 0.000285067 0.000285067 0 0 0.000285067 0 0 0 0 0.000285067 0 -0.00127733 0.000285067 0.000285067 -0.00127733 0 0.000285067 -0.00127733 0 0 -0.00127733
75.2 0.000285689 0 0 0.000285689 0.000285689 0 0 0.000285689 0 0 0 0 0.000285689 0 -0.00127911 0.000285689 0.000285689 -0.00127911 0 0.000285689 -0.00127911 0 0 -0.00127911
75.3 0.000286311 0 0 0.000286311 0.000286311 0 0 0.000286311 0 0 0 0 0.000286311 0 -0.00128089 0.000286311 0.000286311 -0.00128089 0 0.000286311 -0.00128089 0 0 -0.00128089
75.4 0.000286933 0 0 0.000286933 0.000286933 0 0 0.000286933 0 0 0 0 0.000286933 0 -0.00128267 0.000286933 0.000286933 -0.00128267 0 0.000286933 -0.00128267 0 0 -0.00128267
75.5 0.000287556 0 0 0.000287556 0.000287556 0 0 0.000287556 0 0 0 0 0.000287556 0 -0.00128444 0.000287556 0.000287556 -0.00128444 0 0.000287556 -0.00128444 0 0 -0.00128444
75.6 0.000288178 0 0 0.000288178 0.000288178 0 0 0.000288178 0 0 0 0 0.000288178 0 -0.00128622 0.000288178 0.000288178 -0.00128622 0 0.000288178 -0.00128622 0 0 -0.00128622
75.7 0.0002888 0 0 0.0002888 0.0002888 0 0 0.0002888 0 0 0 0 0.0002888 0 -0.001288 0.0002888 0.0002888 -0.001288 0 0.0002888 -0.001288 0 0 -0.001288
75.8 0.000289422 0 0 0.000289422 0.000289422 0 0 0.000289422 0 0 0 0 0.000289422 0 -0.00128978 0.000289422 0.000289422 -0.00128978 0 0.000289422 -0.00128978 0 0 -0.00128978
75.9 0.000290044 0 0 0.000290044 0.000290044 0 0 0.000290044 0 0 0 0 0.000290044 0 -0.00129156 0.000290044 0.000290044 -0.00129156 0 0.000290044 -0.00129156 0 0 -0.00129156
76 0.000290667 0 0 0.000290667 0.000290667 0 0 0.000290667 0 0 0 0 0.000290667 0 -0.00129333 0.000290667 0.000290667 -0.00129333 0 0.000290667 -0.00129333 0 0 -0.00129333
76.1 0.000291289 0 0 0.000291289 0.000291289 0 0 0.000291289 0 0 0 0 0.000291289 0 -0.00129511 0.000291289 0.000291289 -0.00129511 0 0.000291289 -0.00129511 0 0 -0.00129511
76.2 0.000291911 0 0 0.000291911 0.000291911 0 0 0.000291911 0 0 0 0 0.000291911 0 -0.00129689 0.000291911 0.000291911 -0.00129689 0 0.000291911 -0.00129689 0 0 -0.00129689
76.3 0.000292533 0 0 0.000292533 0.000292533 0 0 0.000292533 0 0 0 0 0.000292533 0 -0.00129867 0.000292533 0.000292533 -0.00129867 0 0.000292533 -0.00129867 0 0 -0.00129867
76.4 0.000293156 0 0 0.000293156 0.000293156 0 0 0.000293156 0 0 0 0 0.000293156 0 -0.00130044 0.000293156 0.000293156 -0.00130044 0 0.000293156 -0.00130044 0 0 -0.00130044
76.5 0.000293778 0 0 0.000293778 0.000293778 0 0 0.000293778 0 0 0 0 0.000293778 0 -0.00130222 0.000293778 0.000293778 -0.00130222 0 0.000293778 -0.00130222 0 0 -0.00130222
76.6 0.0002944 0 0 0.0002944 0.0002944 0 0 0.0002944 0 0 0 0 0.0002944 0 -0.001304 0.0002944 0.0002944 -0.001304 0 0.0002944 -0.001304 0 0 -0.001304
76.7 0.000295022 0 0 0.000295022 0.000295022 0 0 0.000295022 0 0 0 0 0.000295022 0 -0.00130578 0.000295022 0.000295022 -0.00130578 0 0.000295022 -0.00130578 0 0 -0.00130578
76.8 0.000295644 0 0 0.000295644 0.000295644 0 0 0.000295644 0 0 0 0 0.000295644 0 -0.00130756 0.000295644 0.000295644 -0.00130756 0 0.000295644 -0.00130756 0 0 -0.00130756
76.9 0.000296267 0 0 0.000296267 0.000296267 0 0 0.000296267 0 0 0 0 0.000296267 0 -0.00130933 0.000296267 0.000296267 -0.00130933 0 0.000296267 -0.00130933 0 0 -0.00130933
77 0.000296889 0 0 0.000296889 0.000296889 0 0 0.000296889 0 0 0 0 0.000296889 0 -0.00131111 0.000296889 0.000296889 -0.00131111 0 0.000296889 -0.00131111 0 0 -0.00131111
77.1 0.000297511 0 0 0.000297511 0.000297511 0 0 0.000297511 0 0 0 0 0.000297511 0 -0.00131289 0.000297511 0.000297511 -0.00131289 0 0.000297511 -0.00131289 0 0 -0.00131289
77.2 0.000298133 0 0 0.000298133 0.000298133 0 0 0.000298133 0 0 0 0 0.000298133 0 -0.00131467 0.000298133 0.000298133 -0.00131467 0 0.000298133 -0.00131467 0 0 -0.00131467
77.3 0.000298756 0 0 0.000298756 0.000298756 0 0 0.000298756 0 0 0 0 0.000298756 0 -0.00131644 0.000298756 0.000298756 -0.00131644 0 0.000298756 -0.00131644 0 0 -0.00131644
77.4 0.000299378 0 0 0.000299378 0.000299378 0 0 0.000299378 0 0 0 0 0.000299378 0 -0.00131822 0.000299378 0.000299378 -0.00131822 0 0.000299378 -0.00131822 0 0 -0.00131822
77.5 0.0003 0 0 0.0003 0.0003 0 0 0.0003 0 0 0 0 0.0003 0 -0.00132 0.0003 0.0003 -0.00132 0 0.0003 -0.00132 0 0 -0.00132
77.6 0.000300622 0 0 0.000300622 0.000300622 0 0 0.000300622 0 0 0 0 0.000300622 0 -0.00132178 0.000300622 0.000300622 -0.00132178 0 0.000300622 -0.00132178 0 0 -0.00132178
77.7 0.000301244 0 0 0.000301244 0.000301244 0 0 0.000301244 0 0 0 0 0.000301244 0 -0.00132356 0.000301244 0.000301244 -0.00132356 0 0.000301244 -0.00132356 0 0 -0.00132356
77.8 0.000301867 0 0 0.000301867 0.000301867 0 0 0.000301867 0 0 0 0 0.000301867 0 -0.00132533 0.000301867 0.000301867 -0.00132533 0 0.000301867 -0.00132533 0 0 -0.00132533
77.9 0.000302489 0 0 0.000302489 0.000302489 0 0 0.000302489 0 0 0 0 0.000302489 0 -0.00132711 0.000302489 0.000302489 -0.00132711 0 0.000302489 -0.00132711 0 0 -0.00132711
78 0.000303111 0 0 0.000303111 0.000303111 0 0 0.000303111 0 0 0 0 0.000303111 0 -0.00132889 0.000303111 0.000303111 -0.00132889 0 0.000303111 -0.00132889 0 0 -0.00132889
78.1 0.000303733 0 0 0.000303733 0.000303733 0 0 0.000303733 0 0 0 0 0.000303733 0 -0.00133067 0.000303733 0.000303733 -0.00133067 0 0.000303733 -0.00133067 0 0 -0.00133067
78.2 0.000304356 0 0 0.000304356 0.000304356 0 0 0.000304356 0 0 0 0 0.000304356 0 -0.00133244 0.000304356 0.000304356 -0.00133244 0 0.000304356 -0.00133244 0 0 -0.00133244
78.3 0.000304978 0 0 0.000304978 0.000304978 0 0 0.000304978 0 0 0 0 0.000304978 0 -0.00133422 0.000304978 0.000304978 -0.00133422 0 0.000304978 -0.00133422 0 0 -0.00133422
78.4 0.0003056 0 0 0.0003056 0.0003056 0 0 0.0003056 0 0 0 0 0.0003056 0 -0.001336 0.0003056 0.0003056 -0.001336 0 0.0003056 -0.001336 0 0 -0.001336
78.5 0.000306222 0 0 0.000306222 0.000306222 0 0 0.000306222 0 0 0 0 0.000306222 0 -0.00133778 0.000306222 0.000306222 -0.00133778 0 0.000306222 -0.00133778 0 0 -0.00133778
78.6 0.000306844 0 0 0.000306844 0.000306844 0 0 0.000306844 0 0 0 0 0.000306844 0 -0.00133956 0.000306844 0.000306844 -0.00133956 0 0.000306844 -0.00133956 0 0 -0.00133956
78.7 0.000307467 0 0 0.000307467 0.000307467 0 0 0.000307467 0 0 0 0 0.000307467 0 -0.00134133 0.000307467 0.000307467 -0.00134133 0 0.000307467 -0.00134133 0 0 -0.00134133
78.8 0.000308089 0 0 0.000308089 0.000308089 0 0 0.000308089 0 0 0 0 0.000308089 0 -0.00134311 0.000308089 0.000308089 -0.00134311 0 0.000308089 -0.00134311 0 0 -0.00134311
78.9 0.000308711 0 0 0.000308711 0.000308711 0 0 0.000308711 0 0 0 0 0.000308711 0 -0.00134489 0.000308711 0.000308711 -0.00134489 0 0.000308711 -0.00134489 0 0 -0.00134489
79 0.000309333 0 0 0.000309333 0.000309333 0 0 0.000309333 0 0 0 0 0.000309333 0 -0.00134667 0.000309333 0.000309333 -0.00134667 0 0.000309333 -0.00134667 0 0 -0.00134667
79.1 0.000309956 0 0 0.000309956 0.000309956 0 0 0.000309956 0 0 0 0 0.000309956 0 -0.00134844 0.000309956 0.000309956 -0.00134844 0 0.000309956 -0.00134844 0 0 -0.00134844
79.2 0.000310578 0 0 0.000310578 0.000310578 0 0 0.000310578 0 0 0 0 0.000310578 0 -0.00135022 0.000310578 0.000310578 -0.00135022 0 0.000310578 -0.00135022 0 0 -0.00135022
79.3 0.0003112 0 0 0.0003112 0.0003112 0 0 0.0003112 0 0 0 0 0.0003112 0 -0.001352 0.0003112 0.0003112 -0.001352 0 0.0003112 -0.001352 0 0 -0.001352
79.4 0.000311822 0 0 0.000311822 0.000311822 0 0 0.000311822 0 0 0 0 0.000311822 0 -0.00135378 0.000311822 0.000311822 -0.00135378 0 0.000311822 -0.00135378 0 0 -0.00135378
79.5 0.000312444 0 0 0.000312444 0.000312444 0 0 0.000312444 0 0 0 0 0.000312444 0 -0.00135556 0.000312444 0.000312444 -0.00135556 0 0.000312444 -0.00135556 0 0 -0.00135556
79.6 0.000313067 0 0 0.000313067 0.000313067 0 0 0.000313067 0 0 0 0 0.000313067 0 -0.00135733 0.000313067 0.000313067 -0.00135733 0 0.000313067 -0.00135733 0 0 -0.00135733
79.7 0.000313689 0 0 0.000313689 0.000313689 0 0 0.000313689 0 0 0 0 0.000313689 0 -0.00135911 0.000313689 0.000313689 -0.00135911 0 0.000313689 -0.00135911 0 0 -0.00135911
79.8 0.000314311 0 0 0.000314311 0.000314311 0 0 0.000314311 0 0 0 0 0.000314311 0 -0.00136089 0.000314311 0.000314311 -0.00136089 0 0.000314311 -0.00136089 0 0 -0.00136089
79.9 0.000314933 0 0 0.000314933 0.000314933 0 0 0.000314933 0 0 0 0 0.000314933 0 -0.00136267 0.000314933 0.000314933 -0.00136267 0 0.000314933 -0.00136267 0 0 -0.00136267
80 0.000315556 0 0 0.000315556 0.000315556 0 0 0.000315556 0 0 0 0 0.000315556 0 -0.00136444 0.000315556 0.000315556 -0.00136444 0 0.000315556 -0.00136444 0 0 -0.00136444
80.1 0.000316178 0 0 0.000316178 0.000316178 0 0 0.000316178 0 0 0 0 0.000316178 0 -0.00136622 0.000316178 0.000316178 -0.00136622 0 0.000316178 -0.00136622 0 0 -0.00136622
80.2 0.0003168 0 0 0.0003168 0.0003168 0 0 0.0003168 0 0 0 0 0.0003168 0 -0.001368 0.0003168 0.0003168 -0.001368 0 0.0003168 -0.001368 0 0 -0.001368
80.3 0.000317422 0 0 0.000317422 0.000317422 0 0 0.000317422 0 0 0 0 0.000317422 0 -0.00136978 0.000317422 0.000317422 -0.00136978 0 0.000317422 -0.00136978 0 0 -0.00136978
80.4 0.000318044 0 0 0.000318044 0.000318044 0 0 0.000318044 0 0 0 0 0.000318044 0 -0.00137156 0.000318044 0.000318044 -0.00137156 0 0.000318044 -0.00137156 0 0 -0.00137156
80.5 0.000318667 0 0 0.000318667 0.000318667 0 0 0.000318667 0 0 0 0 0.000318667 0 -0.00137333 0.000318667 0.000318667 -0.00137333 0 0.000318667 -0.00137333 0 0 -0.00137333
80.6 0.000319289 0 0 0.000319289 0.000319289 0 0 0.000319289 0 0 0 0 0.000319289 0 -0.00137511 0.000319289 0.000319289 -0.00137511 0 0.000319289 -0.00137511 0 0 -0.00137511
80.7 0.000319911 0 0 0.000319911 0.000319911 0 0 0.000319911 0 0 0 0 0.000319911 0 -0.00137689 0.000319911 0.000319911 -0.00137689 0 0.000319911 -0.00137689 0 0 -0.00137689
80.8 0.000320533 0 0 0.000320533 0.000320533 0 0 0.000320533 0 0 0 0 0.000320533 0 -0.00137867 0.000320533 0.000320533 -0.00137867 0 0.000320533 -0.00137867 0 0 -0.00137867
80.9 0.000321156 0 0 0.000321156 0.000321156 0 0 0.000321156 0 0 0 0 0.000321156 0 -0.00138044 0.000321156 0.000321156 -0.00138044 0 0.000321156 -0.00138044 0 0 -0.00138044
81 0.000321778 0 0 0.000321778 0.000321778 0 0 0.000321778 0 0 0 0 0.000321778 0 -0.00138222 0.000321778 0.000321778 -0.00138222 0 0.000321778 -0.00138222 0 0 -0.00138222
81.1 0.0003224 0 0 0.0003224 0.0003224 0 0 0.0003224 0 0 0 0 0.0003224 0 -0.001384 0.0003224 0.0003224 -0.001384 0 0.0003224 -0.001384 0 0 -0.001384
81.2 0.000323022 0 0 0.000323022 0.000323022 0 0 0.000323022 0 0 0 0 0.000323022 0 -0.00138578 0.000323022 0.000323022 -0.00138578 0 0.000323022 -0.00138578 0 0 -0.00138578
81.3 0.000323644 0 0 0.000323644 0.000323644 0 0 0.000323644 0 0 0 0 0.000323644 0 -0.00138756 0.000323644 0.000323644 -0.00138756 0 0.000323644 -0.00138756 0 0 -0.00138756
81.4 0.000324267 0 0 0.000324267 0.000324267 0 0 0.000324267 0 0 0 0 0.000324267 0 -0.00138933 0.000324267 0.000324267 -0.00138933 0 0.000324267 -0.00138933 0 0 -0.00138933
81.5 0.000324889 0 0 0.000324889 0.000324889 0 0 0.000324889 0 0 0 0 0.000324889 0 -0.00139111 0.000324889 0.000324889 -0.00139111 0 0.000324889 -0.00139111 0 0 -0.00139111
81.6 0.000325511 0 0 0.000325511 0.000325511 0 0 0.000325511 0 0 0 0 0.000325511 0 -0.00139289 0.000325511 0.000325511 -0.00139289 0 0.000325511 -0.00139289 0 0 -0.00139289
81.7 0.000326133 0 0 0.000326133 0.000326133 0 0 0.000326133 0 0 0 0 0.000326133 0 -0.00139467 0.000326133 0.000326133 -0.00139467 0 0.000326133 -0.00139467 0 0 -0.00139467
81.8 0.000326756 0 0 0.000326756 0.000326756 0 0 0.000326756 0 0 0 0 0.000326756 0 -0.00139644 0.000326756 0.000326756 -0.00139644 0 0.000326756 -0.00139644 0 0 -0.00139644
81.9 0.000327378 0 0 0.000327378 0.000327378 0 0 0.000327378 0 0 0 0 0.000327378 0 -0.00139822 0.000327378 0.000327378 -0.00139822 0 0.000327378 -0.00139822 0 0 -0.00139822
82 0.000328 0 0 0.000328 0.000328 0 0 0.000328 0 0 0 0 0.000328 0 -0.0014 0.000328 0.000328 -0.0014 0 0.000328 -0.0014 0 0 -0.0014
82.1 0.000328622 0 0 0.000328622 0.000328622 0 0 0.000328622 0 0 0 0 0.000328622 0 -0.00140178 0.000328622 0.000328622 -0.00140178 0 0.000328622 -0.00140178 0 0 -0.00140178
82.2 0.000329244 0 0 0.000329244 0.000329244 0 0 0.000329244 0 0 0 0 0.000329244 0 -0.00140356 0.000329244 0.000329244 -0.00140356 0 0.000329244 -0.00140356 0 0 -0.00140356
82.3 0.000329867 0 0 0.000329867 0.000329867 0 0 0.000329867 0 0 0 0 0.000329867 0 -0.00140533 0.000329867 0.000329867 -0.00140533 0 0.000329867 -0.00140533 0 0 -0.00140533
82.4 0.000330489 0 0 0.000330489 0.000330489 0 0 0.000330489 0 0 0 0 0.000330489 0 -0.00140711 0.000330489 0.000330489 -0.00140711 0 0.000330489 -0.00140711 0 0 -0.00140711
82.5 0.000331111 0 0 0.000331111 0.000331111 0 0 0.000331111 0 0 0 0 0.000331111 0 -0.00140889 0.000331111 0.000331111 -0.00140889 0 0.000331111 -0.00140889 0 0 -0.00140889
82.6 0.000331733 0 0 0.000331733 0.000331733 0 0 0.000331733 0 0 0 0 0.000331733 0 -0.00141067 0.000331733 0.000331733 -0.00141067 0 0.000331733 -0.00141067 0 0 -0.00141067
82.7 0.000332356 0 0 0.000332356 0.000332356 0 0 0.000332356 0 0 0 0 0.000332356 0 -0.00141244 0.000332356 0.000332356 -0.00141244 0 0.000332356 -0.00141244 0 0 -0.00141244
82.8 0.000332978 0 0 0.000332978 0.000332978 0 0 0.000332978 0 0 0 0 0.000332978 0 -0.00141422 0.000332978 0.000332978 -0.00141422 0 0.000332978 -0.00141422 0 0 -0.00141422
82.9 0.0003336 0 0 0.0003336 0.0003336 0 0 0.0003336 0 0 0 0 0.0003336 0 -0.001416 0.0003336 0.0003336 -0.001416 0 0.0003336 -0.001416 0 0 -0.001416
83 0.000334222 0 0 0.000334222 0.000334222 0 0 0.000334222 0 0 0 0 0.000334222 0 -0.00141778 0.000334222 0.000334222 -0.00141778 0 0.000334222 -0.00141778 0 0 -0.00141778
83.1 0.000334844 0 0 0.000334844 0.000334844 0 0 0.000334844 0 0 0 0 0.000334844 0 -0.00141956 0.000334844 0.000334844 -0.00141956 0 0.000334844 -0.00141956 0 0 -0.00141956
83.2 0.000335467 0 0 0.000335467 0.000335467 0 0 0.000335467 0 0 0 0 0.000335467 0 -0.00142133 0.000335467 0.000335467 -0.00142133 0 0.000335467 -0.00142133 0 0 -0.00142133
83.3 0.000336089 0 0 0.000336089 0.000336089 0 0 0.000336089 0 0 0 0 0.000336089 0 -0.00142311 0.000336089 0.000336089 -0.00142311 0 0.000336089 -0.00142311 0 0 -0.00142311
83.4 0.000336711 0 0 0.000336711 0.000336711 0 0 0.000336711 0 0 0 0 0.000336711 0 -0.00142489 0.000336711 0.000336711 -0.00142489 0 0.000336711 -0.00142489 0 0 -0.00142489
83.5 0.000337333 0 0 0.000337333 0.000337333 0 0 0.000337333 0 0 0 0 0.000337333 0 -0.00142667 0.000337333 0.000337333 -0.00142667 0 0.000337333 -0.00142667 0 0 -0.00142667
83.6 0.000337956 0 0 0.000337956 0.000337956 0 0 0.000337956 0 0 0 0 0.000337956 0 -0.00142844 0.000337956 0.000337956 -0.00142844 0 0.000337956 -0.00142844 0 0 -0.00142844
83.7 0.000338578 0 0 0.000338578 0.000338578 0 0 0.000338578 0 0 0 0 0.000338578 0 -0.00143022 0.000338578 0.000338578 -0.00143022 0 0.000338578 -0.00143022 0 0 -0.00143022
83.8 0.0003392 0 0 0.0003392 0.0003392 0 0 0.0003392 0 0 0 0 0.0003392 0 -0.001432 0.0003392 0.0003392 -0.001432 0 0.0003392 -0.001432 0 0 -0.001432
83.9 0.000339822 0 0 0.000339822 0.000339822 0 0 0.000339822 0 0 0 0 0.000339822 0 -0.00143378 0.000339822 0.000339822 -0.00143378 0 0.000339822 -0.00143378 0 0 -0.00143378
84 0.000340444 0 0 0.000340444 0.000340444 0 0 0.000340444 0 0 0 0 0.000340444 0 -0.00143556 0.000340444 0.000340444 -0.00143556 0 0.000340444 -0.00143556 0 0 -0.00143556
84.1 0.000341067 0 0 0.000341067 0.000341067 0 0 0.000341067 0 0 0 0 0.000341067 0 -0.00143733 0.000341067 0.000341067 -0.00143733 0 0.000341067 -0.00143733 0 0 -0.00143733
84.2 0.000341689 0 0 0.000341689 0.000341689 0 0 0.000341689 0 0 0 0 0.000341689 0 -0.00143911 0.000341689 0.000341689 -0.00143911 0 0.000341689 -0.00143911 0 0 -0.00143911
84.3 0.000342311 0 0 0.000342311 0.000342311 0 0 0.000342311 0 0 0 0 0.000342311 0 -0.00144089 0.000342311 0.000342311 -0.00144089 0 0.000342311 -0.00144089 0 0 -0.00144089
84.4 0.000342933 0 0 0.000342933 0.000342933 0 0 0.000342933 0 0 0 0 0.000342933 0 -0.00144267 0.000342933 0.000342933 -0.00144267 0 0.000342933 -0.00144267 0 0 -0.00144267
84.5 0.000343556 0 0 0.000343556 0.000343556 0 0 0.000343556 0 0 0 0 0.000343556 0 -0.00144444 0.000343556 0.000343556 -0.00144444 0 0.000343556 -0.00144444 0 0 -0.00144444
84.6 0.000344178 0 0 0.000344178 0.000344178 0 0 0.000344178 0 0 0 0 0.000344178 0 -0.00144622 0.000344178 0.000344178 -0.00144622 0 0.000344178 -0.00144622 0 0 -0.00144622
84.7 0.0003448 0 0 0.0003448 0.0003448 0 0 0.0003448 0 0 0 0 0.0003448 0 -0.001448 0.0003448 0.0003448 -0.001448 0 0.0003448 -0.001448 0 0 -0.001448
84.8 0.000345422 0 0 0.000345422 0.000345422 0 0 0.000345422 0 0 0 0 0.000345422 0 -0.00144978 0.000345422 0.000345422 -0.00144978 0 0.000345422 -0.00144978 0 0 -0.00144978
84.9 0.000346044 0 0 0.000346044 0.000346044 0 0 0.000346044 0 0 0 0 0.000346044 0 -0.00145156 0.000346044 0.000346044 -0.00145156 0 0.000346044 -0.00145156 0 0 -0.00145156
85 0.000346667 0 0 0.000346667 0.000346667 0 0 0.000346667 0 0 0 0 0.000346667 0 -0.00145333 0.000346667 0.000346667 -0.00145333 0 0.000346667 -0.00145333 0 0 -0.00145333
85.1 0.000347289 0 0 0.000347289 0.000347289 0 0 0.000347289 0 0 0 0 0.000347289 0 -0.00145511 0.000347289 0.000347289 -0.00145511 0 0.000347289 -0.00145511 0 0 -0.00145511
85.2 0.000347911 0 0 0.000347911 0.000347911 0 0 0.000347911 0 0 0 0 0.000347911 0 -0.00145689 0.000347911 0.000347911 -0.00145689 0 0.000347911 -0.00145689 0 0 -0.00145689
85.3 0.000348533 0 0 0.000348533 0.000348533 0 0 0.000348533 0 0 0 0 0.000348533 0 -0.00145867 0.000348533 0.000348533 -0.00145867 0 0.000348533 -0.00145867 0 0 -0.00145867
85.4 0.000349156 0 0 0.000349156 0.000349156 0 0 0.000349156 0 0 0 0 0.000349156 0 -0.00146044 0.000349156 0.000349156 -0.00146044 0 0.000349156 -0.00146044 0 0 -0.00146044
85.5 0.000349778 0 0 0.000349778 0.000349778 0 0 0.000349778 0 0 0 0 0.000349778 0 -0.00146222 0.000349778 0.000349778 -0.00146222 0 0.000349778 -0.00146222 0 0 -0.00146222
85.6 0.0003504 0 0 0.0003504 0.0003504 0 0 0.0003504 0 0 0 0 0.0003504 0 -0.001464 0.0003504 0.0003504 -0.001464 0 0.0003504 -0.001464 0 0 -0.001464
85.7 0.000351022 0 0 0.000351022 0.000351022 0 0 0.000351022 0 0 0 0 0.000351022 0 -0.00146578 0.000351022 0.000351022 -0.00146578 0 0.000351022 -0.00146578 0 0 -0.00146578
85.8 0.000351644 0 0 0.000351644 0.000351644 0 0 0.000351644 0 0 0 0 0.000351644 0 -0.00146756 0.000351644 0.000351644 -0.00146756 0 0.000351644 -0.00146756 0 0 -0.00146756
85.9 0.000352267 0 0 0.000352267 0.000352267 0 0 0.000352267 0 0 0 0 0.000352267 0 -0.00146933 0.000352267 0.000352267 -0.00146933 0 0.000352267 -0.00146933 0 0 -0.00146933
86 0.000352889 0 0 0.000352889 0.000352889 0 0 0.000352889 0 0 0 0 0.000352889 0 -0.00147111 0.000352889 0.000352889 -0.00147111 0 0.000352889 -0.00147111 0 0 -0.00147111
86.1 0.000353511 0 0 0.000353511 0.000353511 0 0 0.000353511 0 0 0 0 0.000353511 0 -0.00147289 0.000353511 0.000353511 -0.00147289 0 0.000353511 -0.00147289 0 0 -0.00147289
86.2 0.000354133 0 0 0.000354133 0.000354133 0 0 0.000354133 0 0 0 0 0.000354133 0 -0.00147467 0.000354133 0.000354133 -0.00147467 0 0.000354133 -0.00147467 0 0 -0.00147467
86.3 0.000354756 0 0 0.000354756 0.000354756 0 0 0.000354756 0 0 0 0 0.000354756 0 -0.00147644 0.000354756 0.000354756 -0.00147644 0 0.000354756 -0.00147644 0 0 -0.00147644
86.4 0.000355378 0 0 0.000355378 0.000355378 0 0 0.000355378 0 0 0 0 0.000355378 0 -0.00147822 0.000355378 0.000355378 -0.00147822 0 0.000355378 -0.00147822 0 0 -0.00147822
86.5 0.000356 0 0 0.000356 0.000356 0 0 0.000356 0 0 0 0 0.000356 0 -0.00148 0.000356 0.000356 -0.00148 0 0.000356 -0.00148 0 0 -0.00148
86.6 0.000356622 0 0 0.000356622 0.000356622 0 0 0.000356622 0 0 0 0 0.000356622 0 -0.00148178 0.000356622 0.000356622 -0.00148178 0 0.000356622 -0.00148178 0 0 -0.00148178
86.7 0.000357244 0 0 0.000357244 0.000357244 0 0 0.000357244 0 0 0 0 0.000357244 0 -0.00148356 0.000357244 0.000357244 -0.00148356 0 0.000357244 -0.00148356 0 0 -0.00148356
86.8 0.000357867 0 0 0.000357867 0.000357867 0 0 0.000357867 0 0 0 0 0.000357867 0 -0.00148533 0.000357867 0.000357867 -0.00148533 0 0.000357867 -0.00148533 0 0 -0.00148533
86.9 0.000358489 0 0 0.000358489 0.000358489 0 0 0.000358489 0 0 0 0 0.000358489 0 -0.00148711 0.000358489 0.000358489 -0.00148711 0 0.000358489 -0.00148711 0 0 -0.00148711
87 0.000359111 0 0 0.000359111 0.000359111 0 0 0.000359111 0 0 0 0 0.000359111 0 -0.00148889 0.000359111 0.000359111 -0.00148889 0 0.000359111 -0.00148889 0 0 -0.00148889
87.1 0.000359733 0 0 0.000359733 0.000359733 0 0 0.000359733 0 0 0 0 0.000359733 0 -0.00149067 0.000359733 0.000359733 -0.00149067 0 0.000359733 -0.00149067 0 0 -0.00149067
87.2 0.000360356 0 0 0.000360356 0.000360356 0 0 0.000360356 0 0 0 0 0.000360356 0 -0.00149244 0.000360356 0.000360356 -0.00149244 0 0.000360356 -0.00149244 0 0 -0.00149244
87.3 0.000360978 0 0 0.000360978 0.000360978 0 0 0.000360978 0 0 0 0 0.000360978 0 -0.00149422 0.000360978 0.000360978 -0.00149422 0 0.000360978 -0.00149422 0 0 -0.00149422
87.4 0.0003616 0 0 0.0003616 0.0003616 0 0 0.0003616 0 0 0 0 0.0003616 0 -0.001496 0.0003616 0.0003616 -0.001496 0 0.0003616 -0.001496 0 0 -0.001496
87.5 0.000362222 0 0 0.000362222 0.000362222 0 0 0.000362222 0 0 0 0 0.000362222 0 -0.00149778 0.000362222 0.000362222 -0.00149778 0 0.000362222 -0.00149778 0 0 -0.00149778
87.6 0.000362844 0 0 0.000362844 0.000362844 0 0 0.000362844 0 0 0 0 0.000362844 0 -0.00149956 0.000362844 0.000362844 -0.00149956 0 0.000362844 -0.00149956 0 0 -0.00149956
87.7 0.000363467 0 0 0.000363467 0.000363467 0 0 0.000363467 0 0 0 0 0.000363467 0 -0.00150133 0.000363467 0.000363467 -0.00150133 0 0.000363467 -0.00150133 0 0 -0.00150133
87.8 0.000364089 0 0 0.000364089 0.000364089 0 0 0.000364089 0 0 0 0 0.000364089 0 -0.00150311 0.000364089 0.000364089 -0.00150311 0 0.000364089 -0.00150311 0 0 -0.00150311
87.9 0.000364711 0 0 0.000364711 0.000364711 0 0 0.000364711 0 0 0 0 0.000364711 0 -0.00150489 0.000364711 0.000364711 -0.00150489 0 0.000364711 -0.00150489 0 0 -0.00150489
88 0.000365333 0 0 0.000365333 0.000365333 0 0 0.000365333 0 0 0 0 0.000365333 0 -0.00150667 0.000365333 0.000365333 -0.00150667 0 0.000365333 -0.00150667 0 0 -0.00150667
88.1 0.000365956 0 0 0.000365956 0.000365956 0 0 0.000365956 0 0 0 0 0.000365956 0 -0.00150844 0.000365956 0.000365956 -0.00150844 0 0.000365956 -0.00150844 0 0 -0.00150844
88.2 0.000366578 0 0 0.000366578 0.000366578 0 0 0.000366578 0 0 0 0 0.000366578 0 -0.00151022 0.000366578 0.000366578 -0.00151022 0 0.000366578 -0.00151022 0 0 -0.00151022
88.3 0.0003672 0 0 0.0003672 0.0003672 0 0 0.0003672 0 0 0 0 0.0003672 0 -0.001512 0.0003672 0.0003672 -0.001512 0 0.0003672 -0.001512 0 0 -0.001512
88.4 0.000367822 0 0 0.000367822 0.000367822 0 0 0.000367822 0 0 0 0 0.000367822 0 -0.00151378 0.000367822 0.000367822 -0.00151378 0 0.000367822 -0.00151378 0 0 -0.00151378
88.5 0.000368444 0 0 0.000368444 0.000368444 0 0 0.000368444 0 0 0 0 0.000368444 0 -0.00151556 0.000368444 0.000368444 -0.00151556 0 0.000368444 -0.00151556 0 0 -0.00151556
88.6 0.000369067 0 0 0.000369067 0.000369067 0 0 0.000369067 0 0 0 0 0.000369067 0 -0.00151733 0.000369067 0.000369067 -0.00151733 0 0.000369067 -0.00151733 0 0 -0.00151733
88.7 0.000369689 0 0 0.000369689 0.000369689 0 0 0.000369689 0 0 0 0 0.000369689 0 -0.00151911 0.000369689 0.000369689 -0.00151911 0 0.000369689 -0.00151911 0 0 -0.00151911
88.8 0.000370311 0 0 0.000370311 0.000370311 0 0 0.000370311 0 0 0 0 0.000370311 0 -0.00152089 0.000370311 0.000370311 -0.00152089 0 0.000370311 -0.00152089 0 0 -0.00152089
88.9 0.000370933 0 0 0.000370933 0.000370933 0 0 0.000370933 0 0 0 0 0.000370933 0 -0.00152267 0.000370933 0.000370933 -0.00152267 0 0.000370933 -0.00152267 0 0 -0.00152267
89 0.000371556 0 0 0.000371556 0.000371556 0 0 0.000371556 0 0 0 0 0.000371556 0 -0.00152444 0.000371556 0.000371556 -0.00152444 0 0.000371556 -0.00152444 0 0 -0.00152444
89.1 0.000372178 0 0 0.000372178 0.000372178 0 0 0.000372178 0 0 0 0 0.000372178 0 -0.00152622 0.000372178 0.000372178 -0.00152622 0 0.000372178 -0.00152622 0 0 -0.00152622
89.2 0.0003728 0 0 0.0003728 0.0003728 0 0 0.0003728 0 0 0 0 0.0003728 0 -0.001528 0.0003728 0.0003728 -0.001528 0 0.0003728 -0.001528 0 0 -0.001528
89.3 0.000373422 0 0 0.000373422 0.000373422 0 0 0.000373422 0 0 0 0 0.000373422 0 -0.00152978 0.000373422 0.000373422 -0.00152978 0 0.000373422 -0.00152978 0 0 -0.00152978
89.4 0.000374044 0 0 0.000374044 0.000374044 0 0 0.000374044 0 0 0 0 0.000374044 0 -0.00153156 0.000374044 0.000374044 -0.00153156 0 0.000374044 -0.00153156 0 0 -0.00153156
89.5 0.000374667 0 0 0.000374667 0.000374667 0 0 0.000374667 0 0 0 0 0.000374667 0 -0.00153333 0.000374667 0.000374667 -0.00153333 0 0.000374667 -0.00153333 0 0 -0.00153333
89.6 0.000375289 0 0 0.000375289 0.000375289 0 0 0.000375289 0 0 0 0 0.000375289 0 -0.00153511 0.000375289 0.000375289 -0.00153511 0 0.000375289 -0.00153511 0 0 -0.00153511
89.7 0.000375911 0 0 0.000375911 0.000375911 0 0 0.000375911 0 0 0 0 0.000375911 0 -0.00153689 0.000375911 0.000375911 -0.00153689 0 0.000375911 -0.00153689 0 0 -0.00153689
89.8 0.000376533 0 0 0.000376533 0.000376533 0 0 0.000376533 0 0 0 0 0.000376533 0 -0.00153867 0.000376533 0.000376533 -0.00153867 0 0.000376533 -0.00153867 0 0 -0.00153867
89.9 0.000377156 0 0 0.000377156 0.000377156 0 0 0.000377156 0 0 0 0 0.000377156 0 -0.00154044 0.000377156 0.000377156 -0.00154044 0 0.000377156 -0.00154044 0 0 -0.00154044
90 0.000377778 0 0 0.000377778 0.000377778 0 0 0.000377778 0 0 0 0 0.000377778 0 -0.00154222 0.000377778 0.000377778 -0.00154222 0 0.000377778 -0.00154222 0 0 -0.00154222
90.1 0.0003784 0 0 0.0003784 0.0003784 0 0 0.0003784 0 0 0 0 0.0003784 0 -0.001544 0.0003784 0.0003784 -0.001544 0 0.0003784 -0.001544 0 0 -0.001544
90.2 0.000379022 0 0 0.000379022 0.000379022 0 0 0.000379022 0 0 0 0 0.000379022 0 -0.00154578 0.000379022 0.000379022 -0.00154578 0 0.000379022 -0.00154578 0 0 -0.00154578
90.3 0.000379644 0 0 0.000379644 0.000379644 0 0 0.000379644 0 0 0 0 0.000379644 0 -0.00154756 0.000379644 0.000379644 -0.00154756 0 0.000379644 -0.00154756 0 0 -0.00154756
90.4 0.000380267 0 0 0.000380267 0.000380267 0 0 0.000380267 0 0 0 0 0.000380267 0 -0.00154933 0.000380267 0.000380267 -0.00154933 0 0.000380267 -0.00154933 0 0 -0.00154933
90.5 0.000380889 0 0 0.000380889 0.000380889 0 0 0.000380889 0 0 0 0 0.000380889 0 -0.00155111 0.000380889 0.000380889 -0.00155111 0 0.000380889 -0.00155111 0 0 -0.00155111
90.6 0.000381511 0 0 0.000381511 0.000381511 0 0 0.000381511 0 0 0 0 0.000381511 0 -0.00155289 0.000381511 0.000381511 -0.00155289 0 0.000381511 -0.00155289 0 0 -0.00155289
90.7 0.000382133 0 0 0.000382133 0.000382133 0 0 0.000382133 0 0 0 0 0.000382133 0 -0.00155467 0.000382133 0.000382133 -0.00155467 0 0.000382133 -0.00155467 0 0 -0.00155467
90.8 0.000382756 0 0 0.000382756 0.000382756 0 0 0.000382756 0 0 0 0 0.000382756 0 -0.00155644 0.000382756 0.000382756 -0.00155644 0 0.000382756 -0.00155644 0 0 -0.00155644
90.9 0.000383378 0 0 0.000383378 0.000383378 0 0 0.000383378 0 0 0 0 0.000383378 0 -0.00155822 0.000383378 0.000383378 -0.00155822 0 0.000383378 -0.00155822 0 0 -0.00155822
91 0.000384 0 0 0.000384 0.000384 0 0 0.000384 0 0 0 0 0.000384 0 -0.00156 0.000384 0.000384 -0.00156 0 0.000384 -0.00156 0 0 -0.00156
91.1 0.000384622 0 0 0.000384622 0.000384622 0 0 0.000384622 0 0 0 0 0.000384622 0 -0.00156178 0.000384622 0.000384622 -0.00156178 0 0.000384622 -0.00156178 0 0 -0.00156178
91.2 0.000385244 0 0 0.000385244 0.000385244 0 0 0.000385244 0 0 0 0 0.000385244 0 -0.00156356 0.000385244 0.000385244 -0.00156356 0 0.000385244 -0.00156356 0 0 -0.00156356
91.3 0.000385867 0 0 0.000385867 0.000385867 0 0 0.000385867 0 0 0 0 0.000385867 0 -0.00156533 0.000385867 0.000385867 -0.00156533 0 0.000385867 -0.00156533 0 0 -0.00156533
91.4 0.000386489 0 0 0.000386489 0.000386489 0 0 0.000386489 0 0 0 0 0.000386489 0 -0.00156711 0.000386489 0.000386489 -0.00156711 0 0.000386489 -0.00156711 0 0 -0.00156711
91.5 0.000387111 0 0 0.000387111 0.000387111 0 0 0.000387111 0 0 0 0 0.000387111 0 -0.00156889 0.000387111 0.000387111 -0.00156889 0 0.000387111 -0.00156889 0 0 -0.00156889
91.6 0.000387733 0 0 0.000387733 0.000387733 0 0 0.000387733 0 0 0 0 0.000387733 0 -0.00157067 0.000387733 0.000387733 -0.00157067 0 0.000387733 -0.00157067 0 0 -0.00157067
91.7 0.000388356 0 0 0.000388356 0.000388356 0 0 0.000388356 0 0 0 0 0.000388356 0 -0.00157244 0.000388356 0.000388356 -0.00157244 0 0.000388356 -0.00157244 0 0 -0.00157244
91.8 0.000388978 0 0 0.000388978 0.000388978 0 0 0.000388978 0 0 0 0 0.000388978 0 -0.00157422 0.000388978 0.000388978 -0.00157422 0 0.000388978 -0.00157422 0 0 -0.00157422
91.9 0.0003896 0 0 0.0003896 0.0003896 0 0 0.0003896 0 0 0 0 0.0003896 0 -0.001576 0.0003896 0.0003896 -0.001576 0 0.0003896 -0.001576 0 0 -0.001576
92 0.000390222 0 0 0.000390222 0.000390222 0 0 0.000390222 0 0 0 0 0.000390222 0 -0.00157778 0.000390222 0.000390222 -0.00157778 0 0.000390222 -0.00157778 0 0 -0.00157778
92.1 0.000390844 0 0 0.000390844 0.000390844 0 0 0.000390844 0 0 0 0 0.000390844 0 -0.00157956 0.000390844 0.000390844 -0.00157956 0 0.000390844 -0.00157956 0 0 -0.00157956
92.2 0.000391467 0 0 0.000391467 0.000391467 0 0 0.000391467 0 0 0 0 0.000391467 0 -0.00158133 0.000391467 0.000391467 -0.00158133 0 0.000391467 -0.00158133 0 0 -0.00158133
92.3 0.000392089 0 0 0.000392089 0.000392089 0 0 0.000392089 0 0 0 0 0.000392089 0 -0.00158311 0.000392089 0.000392089 -0.00158311 0 0.000392089 -0.00158311 0 0 -0.00158311
92.4 0.000392711 0 0 0.000392711 0.000392711 0 0 0.000392711 0 0 0 0 0.000392711 0 -0.00158489 0.000392711 0.000392711 -0.00158489 0 0.000392711 -0.00158489 0 0 -0.00158489
92.5 0.000393333 0 0 0.000393333 0.000393333 0 0 0.000393333 0 0 0 0 0.000393333 0 -0.00158667 0.000393333 0.000393333 -0.00158667 0 0.000393333 -0.00158667 0 0 -0.00158667
92.6 0.000393956 0 0 0.000393956 0.000393956 0 0 0.000393956 0 0 0 0 0.000393956 0 -0.00158844 0.000393956 0.000393956 -0.00158844 0 0.000393956 -0.00158844 0 0 -0.00158844
92.7 0.000394578 0 0 0.000394578 0.000394578 0 0 0.000394578 0 0 0 0 0.000394578 0 -0.00159022 0.000394578 0.000394578 -0.00159022 0 0.000394578 -0.00159022 0 0 -0.00159022
92.8 0.0003952 0 0 0.0003952 0.0003952 0 0 0.0003952 0 0 0 0 0.0003952 0 -0.001592 0.0003952 0.0003952 -0.001592 0 0.0003952 -0.001592 0 0 -0.001592
92.9 0.000395822 0 0 0.000395822 0.000395822 0 0 0.000395822 0 0 0 0 0.000395822 0 -0.00159378 0.000395822 0.000395822 -0.00159378 0 0.000395822 -0.00159378 0 0 -0.00159378
93 0.000396444 0 0 0.000396444 0.000396444 0 0 0.000396444 0 0 0 0 0.000396444 0 -0.00159556 0.000396444 0.000396444 -0.00159556 0 0.000396444 -0.00159556 0 0 -0.00159556
93.1 0.000397067 0 0 0.000397067 0.000397067 0 0 0.000397067 0 0 0 0 0.000397067 0 -0.00159733 0.000397067 0.000397067 -0.00159733 0 0.000397067 -0.00159733 0 0 -0.00159733
93.2 0.000397689 0 0 0.000397689 0.000397689 0 0 0.000397689 0 0 0 0 0.000397689 0 -0.00159911 0.000397689 0.000397689 -0.00159911 0 0.000397689 -0.00159911 0 0 -0.00159911
93.3 0.000398311 0 0 0.000398311 0.000398311 0 0 0.000398311 0 0 0 0 0.000398311 0 -0.00160089 0.000398311 0.000398311 -0.00160089 0 0.000398311 -0.00160089 0 0 -0.00160089
93.4 0.000398933 0 0 0.000398933 0.000398933 0 0 0.000398933 0 0 0 0 0.000398933 0 -0.00160267 0.000398933 0.000398933 -0.00160267 0 0.000398933 -0.00160267 0 0 -0.00160267
93.5 0.000399556 0 0 0.000399556 0.000399556 0 0 0.000399556 0 0 0 0 0.000399556 0 -0.00160444 0.000399556 0.000399556 -0.00160444 0 0.000399556 -0.00160444 0 0 -0.00160444
93.6 0.000400178 0 0 0.000400178 0.000400178 0 0 0.000400178 0 0 0 0 0.000400178 0 -0.00160622 0.000400178 0.000400178 -0.00160622 0 0.000400178 -0.00160622 0 0 -0.00160622
93.7 0.0004008 0 0 0.0004008 0.0004008 0 0 0.0004008 0 0 0 0 0.0004008 0 -0.001608 0.0004008 0.0004008 -0.001608 0 0.0004008 -0.001608 0 0 -0.001608
93.8 0.000401422 0 0 0.000401422 0.000401422 0 0 0.000401422 0 0 0 0 0.000401422 0 -0.00160978 0.000401422 0.000401422 -0.00160978 0 0.000401422 -0.00160978 0 0 -0.00160978
93.9 0.000402044 0 0 0.000402044 0.000402044 0 0 0.000402044 0 0 0 0 0.000402044 0 -0.00161156 0.000402044 0.000402044 -0.00161156 0 0.000402044 -0.00161156 0 0 -0.00161156
94 0.000402667 0 0 0.000402667 0.000402667 0 0 0.000402667 0 0 0 0 0.000402667 0 -0.00161333 0.000402667 0.000402667 -0.00161333 0 0.000402667 -0.00161333 0 0 -0.00161333
94.1 0.000403289 0 0 0.000403289 0.000403289 0 0 0.000403289 0 0 0 0 0.000403289 0 -0.00161511 0.000403289 0.000403289 -0.00161511 0 0.000403289 -0.00161511 0 0 -0.00161511
94.2 0.000403911 0 0 0.000403911 0.000403911 0 0 0.000403911 0 0 0 0 0.000403911 0 -0.00161689 0.000403911 0.000403911 -0.00161689 0 0.000403911 -0.00161689 0 0 -0.00161689
94.3 0.000404533 0 0 0.000404533 0.000404533 0 0 0.000404533 0 0 0 0 0.000404533 0 -0.00161867 0.000404533 0.000404533 -0.00161867 0 0.000404533 -0.00161867 0 0 -0.00161867
94.4 0.000405156 0 0 0.000405156 0.000405156 0 0 0.000405156 0 0 0 0 0.000405156 0 -0.00162044 0.000405156 0.000405156 -0.00162044 0 0.000405156 -0.00162044 0 0 -0.00162044
94.5 0.000405778 0 0 0.000405778 0.000405778 0 0 0.000405778 0 0 0 0 0.000405778 0 -0.00162222 0.000405778 0.000405778 -0.00162222 0 0.000405778 -0.00162222 0 0 -0.00162222
94.6 0.0004064 0 0 0.0004064 0.0004064 0 0 0.0004064 0 0 0 0 0.0004064 0 -0.001624 0.0004064 0.0004064 -0.001624 0 0.0004064 -0.001624 0 0 -0.001624
94.7 0.000407022 0 0 0.000407022 0.000407022 0 0 0.000407022 0 0 0 0 0.000407022 0 -0.00162578 0.000407022 0.000407022 -0.00162578 0 0.000407022 -0.00162578 0 0 -0.00162578
94.8 0.000407644 0 0 0.000407644 0.000407644 0 0 0.000407644 0 0 0 0 0.000407644 0 -0.00162756 0.000407644 0.000407644 -0.00162756 0 0.000407644 -0.00162756 0 0 -0.00162756
94.9 0.000408267 0 0 0.000408267 0.000408267 0 0 0.000408267 0 0 0 0 0.000408267 0 -0.00162933 0.000408267 0.000408267 -0.00162933 0 0.000408267 -0.00162933 0 0 -0.00162933
95 0.000408889 0 0 0.000408889 0.000408889 0 0 0.000408889 0 0 0 0 0.000408889 0 -0.00163111 0.000408889 0.000408889 -0.00163111 0 0.000408889 -0.00163111 0 0 -0.00163111
95.1 0.000409511 0 0 0.000409511 0.000409511 0 0 0.000409511 0 0 0 0 0.000409511 0 -0.00163289 0.000409511 0.000409511 -0.00163289 0 0.000409511 -0.00163289 0 0 -0.00163289
95.2 0.000410133 0 0 0.000410133 0.000410133 0 0 0.000410133 0 0 0 0 0.000410133 0 -0.00163467 0.000410133 0.000410133 -0.00163467 0 0.000410133 -0.00163467 0 0 -0.00163467
95.3 0.000410756 0 0 0.000410756 0.000410756 0 0 0.000410756 0 0 0 0 0.000410756 0 -0.00163644 0.000410756 0.000410756 -0.00163644 0 0.000410756 -0.00163644 0 0 -0.00163644
95.4 0.000411378 0 0 0.000411378 0.000411378 0 0 0.000411378 0 0 0 0 0.000411378 0 -0.00163822 0.000411378 0.000411378 -0.00163822 0 0.000411378 -0.00163822 0 0 -0.00163822
95.5 0.000412 0 0 0.000412 0.000412 0 0 0.000412 0 0 0 0 0.000412 0 -0.00164 0.000412 0.000412 -0.00164 0 0.000412 -0.00164 0 0 -0.00164
95.6 0.000412622 0 0 0.000412622 0.000412622 0 0 0.000412622 0 0 0 0 0.000412622 0 -0.00164178 0.000412622 0.000412622 -0.00164178 0 0.000412622 -0.00164178 0 0 -0.00164178
95.7 0.000413244 0 0 0.000413244 0.000413244 0 0 0.000413244 0 0 0 0 0.000413244 0 -0.00164356 0.000413244 0.000413244 -0.00164356 0 0.000413244 -0.00164356 0 0 -0.00164356
95.8 0.000413867 0 0 0.000413867 0.000413867 0 0 0.000413867 0 0 0 0 0.000413867 0 -0.00164533 0.000413867 0.000413867 -0.00164533 0 0.000413867 -0.00164533 0 0 -0.00164533
95.9 0.000414489 0 0 0.000414489 0.000414489 0 0 0.000414489 0 0 0 0 0.000414489 0 -0.00164711 0.000414489 0.000414489 -0.00164711 0 0.000414489 -0.00164711 0 0 -0.00164711
96 0.000415111 0 0 0.000415111 0.000415111 0 0 0.000415111 0 0 0 0 0.000415111 0 -0.00164889 0.000415111 0.000415111 -0.00164889 0 0.000415111 -0.00164889 0 0 -0.00164889
96.1 0.000415733 0 0 0.000415733 0.000415733 0 0 0.000415733 0 0 0 0 0.000415733 0 -0.00165067 0.000415733 0.000415733 -0.00165067 0 0.000415733 -0.00165067 0 0 -0.00165067
96.2 0.000416356 0 0 0.000416356 0.000416356 0 0 0.000416356 0 0 0 0 0.000416356 0 -0.00165244 0.000416356 0.000416356 -0.00165244 0 0.000416356 -0.00165244 0 0 -0.00165244
