1 -1.55438e-07 -1.55438e-07 -4.49999e-20 -4.49999e-20 -1.55438e-07 -1.55438e-07 -4.49999e-20 -4.49999e-20
2 -3.12794e-07 -3.12794e-07 -9.00003e-20 -9.00003e-20 -3.12794e-07 -3.12794e-07 -9.00003e-20 -9.00003e-20
3 -4.68265e-07 -4.68265e-07 -1.35e-19 -1.35e-19 -4.68265e-07 -4.68265e-07 -1.35e-19 -1.35e-19
4 -6.25588e-07 -6.25588e-07 -1.80001e-19 -1.80001e-19 -6.25588e-07 -6.25588e-07 -1.80001e-19 -1.80001e-19
5 -7.81092e-07 -7.81092e-07 -2.24999e-19 -2.24999e-19 -7.81092e-07 -7.81092e-07 -2.24999e-19 -2.24999e-19
6 -9.38383e-07 -9.38383e-07 -2.70001e-19 -2.70001e-19 -9.38383e-07 -9.38383e-07 -2.70001e-19 -2.70001e-19
7 -1.09392e-06 -1.09392e-06 -3.14999e-19 -3.14999e-19 -1.09392e-06 -1.09392e-06 -3.14999e-19 -3.14999e-19
8 -1.25118e-06 -1.25118e-06 -3.60001e-19 -3.60001e-19 -1.25118e-06 -1.25118e-06 -3.60001e-19 -3.60001e-19
9 -1.40674e-06 -1.40674e-06 -4.04999e-19 -4.04999e-19 -1.40674e-06 -1.40674e-06 -4.04999e-19 -4.04999e-19
10 -1.56397e-06 -1.56397e-06 -4.50001e-19 -4.50001e-19 -1.56397e-06 -1.56397e-06 -4.50001e-19 -4.50001e-19
11 -1.71957e-06 -1.71957e-06 -4.94999e-19 -4.94999e-19 -1.71957e-06 -1.71957e-06 -4.94999e-19 -4.94999e-19
12 -1.87677e-06 -1.87677e-06 -5.40002e-19 -5.40002e-19 -1.87677e-06 -1.87677e-06 -5.40002e-19 -5.40002e-19
13 -2.03239e-06 -2.03239e-06 -5.84998e-19 -5.84998e-19 -2.03239e-06 -2.03239e-06 -5.84998e-19 -5.84998e-19
14 -2.18957e-06 -2.18957e-06 -6.30002e-19 -6.30002e-19 -2.18957e-06 -2.18957e-06 -6.30002e-19 -6.30002e-19
15 -2.34522e-06 -2.34522e-06 -6.74998e-19 -6.74998e-19 -2.34522e-06 -2.34522e-06 -6.74998e-19 -6.74998e-19
16 -2.50236e-06 -2.50236e-06 -7.20002e-19 -7.20002e-19 -2.50236e-06 -2.50236e-06 -7.20002e-19 -7.20002e-19
17 -2.65804e-06 -2.65804e-06 -7.64998e-19 -7.64998e-19 -2.65804e-06 -2.65804e-06 -7.64998e-19 -7.64998e-19
18 -2.81516e-06 -2.81516e-06 -8.10002e-19 -8.10002e-19 -2.81516e-06 -2.81516e-06 -8.10002e-19 -8.10002e-19
19 -2.97086e-06 -2.97086e-06 -8.54998e-19 -8.54998e-19 -2.97086e-06 -2.97086e-06 -8.54998e-19 -8.54998e-19
20 -3.12796e-06 -3.12796e-06 -9.00003e-19 -9.00003e-19 -3.12796e-06 -3.12796e-06 -9.00003e-19 -9.00003e-19
21 -3.28369e-06 -3.28369e-06 -9.44997e-19 -9.44997e-19 -3.28369e-06 -3.28369e-06 -9.44997e-19 -9.44997e-19
22 -3.44076e-06 -3.44076e-06 -9.90003e-19 -9.90003e-19 -3.44076e-06 -3.44076e-06 -9.90003e-19 -9.90003e-19
23 -3.59651e-06 -3.59651e-06 -1.035e-18 -1.035e-18 -3.59651e-06 -3.59651e-06 -1.035e-18 -1.035e-18
24 -3.75356e-06 -3.75356e-06 -1.08e-18 -1.08e-18 -3.75356e-06 -3.75356e-06 -1.08e-18 -1.08e-18
25 -3.90933e-06 -3.90933e-06 -1.125e-18 -1.125e-18 -3.90933e-06 -3.90933e-06 -1.125e-18 -1.125e-18
26 -4.06636e-06 -4.06636e-06 -1.17e-18 -1.17e-18 -4.06636e-06 -4.06636e-06 -1.17e-18 -1.17e-18
27 -4.22215e-06 -4.22215e-06 -1.215e-18 -1.215e-18 -4.22215e-06 -4.22215e-06 -1.215e-18 -1.215e-18
28 -4.37916e-06 -4.37916e-06 -1.26e-18 -1.26e-18 -4.37916e-06 -4.37916e-06 -1.26e-18 -1.26e-18
29 -4.53497e-06 -4.53497e-06 -1.305e-18 -1.305e-18 -4.53497e-06 -4.53497e-06 -1.305e-18 -1.305e-18
30 -4.69196e-06 -4.69196e-06 -1.35e-18 -1.35e-18 -4.69196e-06 -4.69196e-06 -1.35e-18 -1.35e-18
31 -4.84779e-06 -4.84779e-06 -1.395e-18 -1.395e-18 -4.84779e-06 -4.84779e-06 -1.395e-18 -1.395e-18
32 -5.00476e-06 -5.00476e-06 -1.44e-18 -1.44e-18 -5.00476e-06 -5.00476e-06 -1.44e-18 -1.44e-18
33 -5.16061e-06 -5.16061e-06 -1.485e-18 -1.485e-18 -5.16061e-06 -5.16061e-06 -1.485e-18 -1.485e-18
34 -5.31756e-06 -5.31756e-06 -1.53e-18 -1.53e-18 -5.31756e-06 -5.31756e-06 -1.53e-18 -1.53e-18
35 -5.47343e-06 -5.47343e-06 -1.575e-18 -1.575e-18 -5.47343e-06 -5.47343e-06 -1.575e-18 -1.575e-18
36 -5.63036e-06 -5.63036e-06 -1.62e-18 -1.62e-18 -5.63036e-06 -5.63036e-06 -1.62e-18 -1.62e-18
37 -5.78625e-06 -5.78625e-06 -1.665e-18 -1.665e-18 -5.78625e-06 -5.78625e-06 -1.665e-18 -1.665e-18
38 -5.94316e-06 -5.94316e-06 -1.71e-18 -1.71e-18 -5.94316e-06 -5.94316e-06 -1.71e-18 -1.71e-18
39 -6.09907e-06 -6.09907e-06 -1.755e-18 -1.755e-18 -6.09907e-06 -6.09907e-06 -1.755e-18 -1.755e-18
40 -6.25596e-06 -6.25596e-06 -1.8e-18 -1.8e-18 -6.25596e-06 -6.25596e-06 -1.8e-18 -1.8e-18
41 -6.41189e-06 -6.41189e-06 -1.845e-18 -1.845e-18 -6.41189e-06 -6.41189e-06 -1.845e-18 -1.845e-18
42 -6.56876e-06 -6.56876e-06 -1.89e-18 -1.89e-18 -6.56876e-06 -6.56876e-06 -1.89e-18 -1.89e-18
43 -6.72471e-06 -6.72471e-06 -1.935e-18 -1.935e-18 -6.72471e-06 -6.72471e-06 -1.935e-18 -1.935e-18
44 -6.88157e-06 -6.88157e-06 -1.98e-18 -1.98e-18 -6.88157e-06 -6.88157e-06 -1.98e-18 -1.98e-18
45 -7.03753e-06 -7.03753e-06 -2.025e-18 -2.025e-18 -7.03753e-06 -7.03753e-06 -2.025e-18 -2.025e-18
46 -7.19437e-06 -7.19437e-06 -2.07001e-18 -2.07001e-18 -7.19437e-06 -7.19437e-06 -2.07001e-18 -2.07001e-18
47 -7.35035e-06 -7.35035e-06 -2.11499e-18 -2.11499e-18 -7.35035e-06 -7.35035e-06 -2.11499e-18 -2.11499e-18
48 -7.50717e-06 -7.50717e-06 -2.16001e-18 -2.16001e-18 -7.50717e-06 -7.50717e-06 -2.16001e-18 -2.16001e-18
49 -7.66316e-06 -7.66316e-06 -2.20499e-18 -2.20499e-18 -7.66316e-06 -7.66316e-06 -2.20499e-18 -2.20499e-18
50 -7.81997e-06 -7.81997e-06 -2.25001e-18 -2.25001e-18 -7.81997e-06 -7.81997e-06 -2.25001e-18 -2.25001e-18
51 -7.97598e-06 -7.97598e-06 -2.29499e-18 -2.29499e-18 -7.97598e-06 -7.97598e-06 -2.29499e-18 -2.29499e-18
52 -8.13278e-06 -8.13278e-06 -2.34001e-18 -2.34001e-18 -8.13278e-06 -8.13278e-06 -2.34001e-18 -2.34001e-18
53 -8.2888e-06 -8.2888e-06 -2.38499e-18 -2.38499e-18 -8.2888e-06 -8.2888e-06 -2.38499e-18 -2.38499e-18
54 -8.44558e-06 -8.44558e-06 -2.43001e-18 -2.43001e-18 -8.44558e-06 -8.44558e-06 -2.43001e-18 -2.43001e-18
55 -8.60162e-06 -8.60162e-06 -2.47499e-18 -2.47499e-18 -8.60162e-06 -8.60162e-06 -2.47499e-18 -2.47499e-18
56 -8.75839e-06 -8.75839e-06 -2.52001e-18 -2.52001e-18 -8.75839e-06 -8.75839e-06 -2.52001e-18 -2.52001e-18
57 -8.91443e-06 -8.91443e-06 -2.56499e-18 -2.56499e-18 -8.91443e-06 -8.91443e-06 -2.56499e-18 -2.56499e-18
58 -9.07119e-06 -9.07119e-06 -2.61001e-18 -2.61001e-18 -9.07119e-06 -9.07119e-06 -2.61001e-18 -2.61001e-18
59 -9.22725e-06 -9.22725e-06 -2.65499e-18 -2.65499e-18 -9.22725e-06 -9.22725e-06 -2.65499e-18 -2.65499e-18
60 -9.38399e-06 -9.38399e-06 -2.70001e-18 -2.70001e-18 -9.38399e-06 -9.38399e-06 -2.70001e-18 -2.70001e-18
61 -9.54007e-06 -9.54007e-06 -2.74499e-18 -2.74499e-18 -9.54007e-06 -9.54007e-06 -2.74499e-18 -2.74499e-18
62 -9.6968e-06 -9.6968e-06 -2.79001e-18 -2.79001e-18 -9.6968e-06 -9.6968e-06 -2.79001e-18 -2.79001e-18
63 -9.85288e-06 -9.85288e-06 -2.83499e-18 -2.83499e-18 -9.85288e-06 -9.85288e-06 -2.83499e-18 -2.83499e-18
64 -1.00096e-05 -1.00096e-05 -2.88001e-18 -2.88001e-18 -1.00096e-05 -1.00096e-05 -2.88001e-18 -2.88001e-18
65 -1.01657e-05 -1.01657e-05 -2.92499e-18 -2.92499e-18 -1.01657e-05 -1.01657e-05 -2.92499e-18 -2.92499e-18
66 -1.03224e-05 -1.03224e-05 -2.97001e-18 -2.97001e-18 -1.03224e-05 -1.03224e-05 -2.97001e-18 -2.97001e-18
67 -1.04785e-05 -1.04785e-05 -3.01499e-18 -3.01499e-18 -1.04785e-05 -1.04785e-05 -3.01499e-18 -3.01499e-18
68 -1.06352e-05 -1.06352e-05 -3.06001e-18 -3.06001e-18 -1.06352e-05 -1.06352e-05 -3.06001e-18 -3.06001e-18
69 -1.07913e-05 -1.07913e-05 -3.10499e-18 -3.10499e-18 -1.07913e-05 -1.07913e-05 -3.10499e-18 -3.10499e-18
70 -1.0948e-05 -1.0948e-05 -3.15001e-18 -3.15001e-18 -1.0948e-05 -1.0948e-05 -3.15001e-18 -3.15001e-18
71 -1.11041e-05 -1.11041e-05 -3.19499e-18 -3.19499e-18 -1.11041e-05 -1.11041e-05 -3.19499e-18 -3.19499e-18
72 -1.12608e-05 -1.12608e-05 -3.24001e-18 -3.24001e-18 -1.12608e-05 -1.12608e-05 -3.24001e-18 -3.24001e-18
73 -1.1417e-05 -1.1417e-05 -3.28499e-18 -3.28499e-18 -1.1417e-05 -1.1417e-05 -3.28499e-18 -3.28499e-18
74 -1.15736e-05 -1.15736e-05 -3.33001e-18 -3.33001e-18 -1.15736e-05 -1.15736e-05 -3.33001e-18 -3.33001e-18
75 -1.17298e-05 -1.17298e-05 -3.37499e-18 -3.37499e-18 -1.17298e-05 -1.17298e-05 -3.37499e-18 -3.37499e-18
76 -1.18864e-05 -1.18864e-05 -3.42001e-18 -3.42001e-18 -1.18864e-05 -1.18864e-05 -3.42001e-18 -3.42001e-18
77 -1.20426e-05 -1.20426e-05 -3.46499e-18 -3.46499e-18 -1.20426e-05 -1.20426e-05 -3.46499e-18 -3.46499e-18
78 -1.21992e-05 -1.21992e-05 -3.51001e-18 -3.51001e-18 -1.21992e-05 -1.21992e-05 -3.51001e-18 -3.51001e-18
79 -1.23554e-05 -1.23554e-05 -3.55499e-18 -3.55499e-18 -1.23554e-05 -1.23554e-05 -3.55499e-18 -3.55499e-18
80 -1.25121e-05 -1.25121e-05 -3.60001e-18 -3.60001e-18 -1.25121e-05 -1.25121e-05 -3.60001e-18 -3.60001e-18
81 -1.26682e-05 -1.26682e-05 -3.64499e-18 -3.64499e-18 -1.26682e-05 -1.26682e-05 -3.64499e-18 -3.64499e-18
82 -1.28249e-05 -1.28249e-05 -3.69001e-18 -3.69001e-18 -1.28249e-05 -1.28249e-05 -3.69001e-18 -3.69001e-18
83 -1.2981e-05 -1.2981e-05 -3.73499e-18 -3.73499e-18 -1.2981e-05 -1.2981e-05 -3.73499e-18 -3.73499e-18
84 -1.31377e-05 -1.31377e-05 -3.78001e-18 -3.78001e-18 -1.31377e-05 -1.31377e-05 -3.78001e-18 -3.78001e-18
85 -1.32938e-05 -1.32938e-05 -3.82499e-18 -3.82499e-18 -1.32938e-05 -1.32938e-05 -3.82499e-18 -3.82499e-18
86 -1.34505e-05 -1.34505e-05 -3.87001e-18 -3.87001e-18 -1.34505e-05 -1.34505e-05 -3.87001e-18 -3.87001e-18
87 -1.36067e-05 -1.36067e-05 -3.91499e-18 -3.91499e-18 -1.36067e-05 -1.36067e-05 -3.91499e-18 -3.91499e-18
88 -1.37633e-05 -1.37633e-05 -3.96001e-18 -3.96001e-18 -1.37633e-05 -1.37633e-05 -3.96001e-18 -3.96001e-18
89 -1.39195e-05 -1.39195e-05 -4.00499e-18 -4.00499e-18 -1.39195e-05 -1.39195e-05 -4.00499e-18 -4.00499e-18
90 -1.40761e-05 -1.40761e-05 -4.05001e-18 -4.05001e-18 -1.40761e-05 -1.40761e-05 -4.05001e-18 -4.05001e-18
91 -1.42323e-05 -1.42323e-05 -4.09499e-18 -4.09499e-18 -1.42323e-05 -1.42323e-05 -4.09499e-18 -4.09499e-18
92 -1.43889e-05 -1.43889e-05 -4.14001e-18 -4.14001e-18 -1.43889e-05 -1.43889e-05 -4.14001e-18 -4.14001e-18
93 -1.45451e-05 -1.45451e-05 -4.18499e-18 -4.18499e-18 -1.45451e-05 -1.45451e-05 -4.18499e-18 -4.18499e-18
94 -1.47017e-05 -1.47017e-05 -4.23001e-18 -4.23001e-18 -1.47017e-05 -1.47017e-05 -4.23001e-18 -4.23001e-18
95 -1.48579e-05 -1.48579e-05 -4.27499e-18 -4.27499e-18 -1.48579e-05 -1.48579e-05 -4.27499e-18 -4.27499e-18
96 -1.50145e-05 -1.50145e-05 -4.32001e-18 -4.32001e-18 -1.50145e-05 -1.50145e-05 -4.32001e-18 -4.32001e-18
97 -1.51707e-05 -1.51707e-05 -4.36499e-18 -4.36499e-18 -1.51707e-05 -1.51707e-05 -4.36499e-18 -4.36499e-18
98 -1.53273e-05 -1.53273e-05 -4.41001e-18 -4.41001e-18 -1.53273e-05 -1.53273e-05 -4.41001e-18 -4.41001e-18
99 -1.54835e-05 -1.54835e-05 -4.45499e-18 -4.45499e-18 -1.54835e-05 -1.54835e-05 -4.45499e-18 -4.45499e-18
100 -1.56401e-05 -1.56401e-05 -4.50001e-18 -4.50001e-18 -1.56401e-05 -1.56401e-05 -4.50001e-18 -4.50001e-18
101 -1.57964e-05 -1.57964e-05 -4.54499e-18 -4.54499e-18 -1.57964e-05 -1.57964e-05 -4.54499e-18 -4.54499e-18
102 -1.59529e-05 -1.59529e-05 -4.59001e-18 -4.59001e-18 -1.59529e-05 -1.59529e-05 -4.59001e-18 -4.59001e-18
103 -1.61092e-05 -1.61092e-05 -4.63499e-18 -4.63499e-18 -1.61092e-05 -1.61092e-05 -4.63499e-18 -4.63499e-18
104 -1.62657e-05 -1.62657e-05 -4.68001e-18 -4.68001e-18 -1.62657e-05 -1.62657e-05 -4.68001e-18 -4.68001e-18
105 -1.6422e-05 -1.6422e-05 -4.72499e-18 -4.72499e-18 -1.6422e-05 -1.6422e-05 -4.72499e-18 -4.72499e-18
106 -1.65786e-05 -1.65786e-05 -4.77001e-18 -4.77001e-18 -1.65786e-05 -1.65786e-05 -4.77001e-18 -4.77001e-18
107 -1.67348e-05 -1.67348e-05 -4.81499e-18 -4.81499e-18 -1.67348e-05 -1.67348e-05 -4.81499e-18 -4.81499e-18
108 -1.68914e-05 -1.68914e-05 -4.86001e-18 -4.86001e-18 -1.68914e-05 -1.68914e-05 -4.86001e-18 -4.86001e-18
109 -1.70476e-05 -1.70476e-05 -4.90499e-18 -4.90499e-18 -1.70476e-05 -1.70476e-05 -4.90499e-18 -4.90499e-18
110 -1.72042e-05 -1.72042e-05 -4.95001e-18 -4.95001e-18 -1.72042e-05 -1.72042e-05 -4.95001e-18 -4.95001e-18
111 -1.73604e-05 -1.73604e-05 -4.99499e-18 -4.99499e-18 -1.73604e-05 -1.73604e-05 -4.99499e-18 -4.99499e-18
112 -1.7517e-05 -1.7517e-05 -5.04001e-18 -5.04001e-18 -1.7517e-05 -1.7517e-05 -5.04001e-18 -5.04001e-18
113 -1.76732e-05 -1.76732e-05 -5.08499e-18 -5.08499e-18 -1.76732e-05 -1.76732e-05 -5.08499e-18 -5.08499e-18
114 -1.78298e-05 -1.78298e-05 -5.13001e-18 -5.13001e-18 -1.78298e-05 -1.78298e-05 -5.13001e-18 -5.13001e-18
115 -1.7986e-05 -1.7986e-05 -5.17499e-18 -5.17499e-18 -1.7986e-05 -1.7986e-05 -5.17499e-18 -5.17499e-18
116 -1.81426e-05 -1.81426e-05 -5.22001e-18 -5.22001e-18 -1.81426e-05 -1.81426e-05 -5.22001e-18 -5.22001e-18
117 -1.82988e-05 -1.82988e-05 -5.26499e-18 -5.26499e-18 -1.82988e-05 -1.82988e-05 -5.26499e-18 -5.26499e-18
118 -1.84554e-05 -1.84554e-05 -5.31001e-18 -5.31001e-18 -1.84554e-05 -1.84554e-05 -5.31001e-18 -5.31001e-18
119 -1.86117e-05 -1.86117e-05 -5.35499e-18 -5.35499e-18 -1.86117e-05 -1.86117e-05 -5.35499e-18 -5.35499e-18
120 -1.87682e-05 -1.87682e-05 -5.40001e-18 -5.40001e-18 -1.87682e-05 -1.87682e-05 -5.40001e-18 -5.40001e-18
121 -1.89245e-05 -1.89245e-05 -5.44499e-18 -5.44499e-18 -1.89245e-05 -1.89245e-05 -5.44499e-18 -5.44499e-18
122 -1.9081e-05 -1.9081e-05 -5.49001e-18 -5.49001e-18 -1.9081e-05 -1.9081e-05 -5.49001e-18 -5.49001e-18
123 -1.92373e-05 -1.92373e-05 -5.53499e-18 -5.53499e-18 -1.92373e-05 -1.92373e-05 -5.53499e-18 -5.53499e-18
124 -1.93938e-05 -1.93938e-05 -5.58001e-18 -5.58001e-18 -1.93938e-05 -1.93938e-05 -5.58001e-18 -5.58001e-18
125 -1.95501e-05 -1.95501e-05 -5.62499e-18 -5.62499e-18 -1.95501e-05 -1.95501e-05 -5.62499e-18 -5.62499e-18
126 -1.97066e-05 -1.97066e-05 -5.67001e-18 -5.67001e-18 -1.97066e-05 -1.97066e-05 -5.67001e-18 -5.67001e-18
127 -1.98629e-05 -1.98629e-05 -5.71499e-18 -5.71499e-18 -1.98629e-05 -1.98629e-05 -5.71499e-18 -5.71499e-18
128 -2.00195e-05 -2.00195e-05 -5.76001e-18 -5.76001e-18 -2.00195e-05 -2.00195e-05 -5.76001e-18 -5.76001e-18
129 -2.01757e-05 -2.01757e-05 -5.80499e-18 -5.80499e-18 -2.01757e-05 -2.01757e-05 -5.80499e-18 -5.80499e-18
130 -2.03323e-05 -2.03323e-05 -5.85001e-18 -5.85001e-18 -2.03323e-05 -2.03323e-05 -5.85001e-18 -5.85001e-18
131 -2.04885e-05 -2.04885e-05 -5.89499e-18 -5.89499e-18 -2.04885e-05 -2.04885e-05 -5.89499e-18 -5.89499e-18
132 -2.06451e-05 -2.06451e-05 -5.94001e-18 -5.94001e-18 -2.06451e-05 -2.06451e-05 -5.94001e-18 -5.94001e-18
133 -2.08013e-05 -2.08013e-05 -5.98499e-18 -5.98499e-18 -2.08013e-05 -2.08013e-05 -5.98499e-18 -5.98499e-18
134 -2.09579e-05 -2.09579e-05 -6.03001e-18 -6.03001e-18 -2.09579e-05 -2.09579e-05 -6.03001e-18 -6.03001e-18
135 -2.11142e-05 -2.11142e-05 -6.07499e-18 -6.07499e-18 -2.11142e-05 -2.11142e-05 -6.07499e-18 -6.07499e-18
136 -2.12707e-05 -2.12707e-05 -6.12001e-18 -6.12001e-18 -2.12707e-05 -2.12707e-05 -6.12001e-18 -6.12001e-18
137 -2.1427e-05 -2.1427e-05 -6.16499e-18 -6.16499e-18 -2.1427e-05 -2.1427e-05 -6.16499e-18 -6.16499e-18
138 -2.15835e-05 -2.15835e-05 -6.21001e-18 -6.21001e-18 -2.15835e-05 -2.15835e-05 -6.21001e-18 -6.21001e-18
139 -2.17398e-05 -2.17398e-05 -6.25499e-18 -6.25499e-18 -2.17398e-05 -2.17398e-05 -6.25499e-18 -6.25499e-18
140 -2.18963e-05 -2.18963e-05 -6.30001e-18 -6.30001e-18 -2.18963e-05 -2.18963e-05 -6.30001e-18 -6.30001e-18
141 -2.20526e-05 -2.20526e-05 -6.34499e-18 -6.34499e-18 -2.20526e-05 -2.20526e-05 -6.34499e-18 -6.34499e-18
142 -2.22091e-05 -2.22091e-05 -6.39001e-18 -6.39001e-18 -2.22091e-05 -2.22091e-05 -6.39001e-18 -6.39001e-18
143 -2.23654e-05 -2.23654e-05 -6.43499e-18 -6.43499e-18 -2.23654e-05 -2.23654e-05 -6.43499e-18 -6.43499e-18
144 -2.25219e-05 -2.25219e-05 -6.48001e-18 -6.48001e-18 -2.25219e-05 -2.25219e-05 -6.48001e-18 -6.48001e-18
145 -2.26782e-05 -2.26782e-05 -6.52499e-18 -6.52499e-18 -2.26782e-05 -2.26782e-05 -6.52499e-18 -6.52499e-18
146 -2.28347e-05 -2.28347e-05 -6.57001e-18 -6.57001e-18 -2.28347e-05 -2.28347e-05 -6.57001e-18 -6.57001e-18
147 -2.2991e-05 -2.2991e-05 -6.61499e-18 -6.61499e-18 -2.2991e-05 -2.2991e-05 -6.61499e-18 -6.61499e-18
148 -2.31475e-05 -2.31475e-05 -6.66001e-18 -6.66001e-18 -2.31475e-05 -2.31475e-05 -6.66001e-18 -6.66001e-18
149 -2.33038e-05 -2.33038e-05 -6.70499e-18 -6.70499e-18 -2.33038e-05 -2.33038e-05 -6.70499e-18 -6.70499e-18
150 -2.34604e-05 -2.34604e-05 -6.75001e-18 -6.75001e-18 -2.34604e-05 -2.34604e-05 -6.75001e-18 -6.75001e-18
151 -2.36166e-05 -2.36166e-05 -6.79499e-18 -6.79499e-18 -2.36166e-05 -2.36166e-05 -6.79499e-18 -6.79499e-18
152 -2.37732e-05 -2.37732e-05 -6.84001e-18 -6.84001e-18 -2.37732e-05 -2.37732e-05 -6.84001e-18 -6.84001e-18
153 -2.39295e-05 -2.39295e-05 -6.88499e-18 -6.88499e-18 -2.39295e-05 -2.39295e-05 -6.88499e-18 -6.88499e-18
154 -2.4086e-05 -2.4086e-05 -6.93001e-18 -6.93001e-18 -2.4086e-05 -2.4086e-05 -6.93001e-18 -6.93001e-18
155 -2.42423e-05 -2.42423e-05 -6.97499e-18 -6.97499e-18 -2.42423e-05 -2.42423e-05 -6.97499e-18 -6.97499e-18
156 -2.43988e-05 -2.43988e-05 -7.02001e-18 -7.02001e-18 -2.43988e-05 -2.43988e-05 -7.02001e-18 -7.02001e-18
157 -2.45551e-05 -2.45551e-05 -7.06499e-18 -7.06499e-18 -2.45551e-05 -2.45551e-05 -7.06499e-18 -7.06499e-18
158 -2.47116e-05 -2.47116e-05 -7.11001e-18 -7.11001e-18 -2.47116e-05 -2.47116e-05 -7.11001e-18 -7.11001e-18
159 -2.48679e-05 -2.48679e-05 -7.15499e-18 -7.15499e-18 -2.48679e-05 -2.48679e-05 -7.15499e-18 -7.15499e-18
160 -2.50244e-05 -2.50244e-05 -7.20001e-18 -7.20001e-18 -2.50244e-05 -2.50244e-05 -7.20001e-18 -7.20001e-18
161 -2.51807e-05 -2.51807e-05 -7.24499e-18 -7.24499e-18 -2.51807e-05 -2.51807e-05 -7.24499e-18 -7.24499e-18
162 -2.53372e-05 -2.53372e-05 -7.29001e-18 -7.29001e-18 -2.53372e-05 -2.53372e-05 -7.29001e-18 -7.29001e-18
163 -2.54935e-05 -2.54935e-05 -7.33499e-18 -7.33499e-18 -2.54935e-05 -2.54935e-05 -7.33499e-18 -7.33499e-18
164 -2.565e-05 -2.565e-05 -7.38001e-18 -7.38001e-18 -2.565e-05 -2.565e-05 -7.38001e-18 -7.38001e-18
165 -2.58063e-05 -2.58063e-05 -7.42499e-18 -7.42499e-18 -2.58063e-05 -2.58063e-05 -7.42499e-18 -7.42499e-18
166 -2.59628e-05 -2.59628e-05 -7.47001e-18 -7.47001e-18 -2.59628e-05 -2.59628e-05 -7.47001e-18 -7.47001e-18
167 -2.61191e-05 -2.61191e-05 -7.51499e-18 -7.51499e-18 -2.61191e-05 -2.61191e-05 -7.51499e-18 -7.51499e-18
168 -2.62757e-05 -2.62757e-05 -7.56001e-18 -7.56001e-18 -2.62757e-05 -2.62757e-05 -7.56001e-18 -7.56001e-18
169 -2.64319e-05 -2.64319e-05 -7.60499e-18 -7.60499e-18 -2.64319e-05 -2.64319e-05 -7.60499e-18 -7.60499e-18
170 -2.65885e-05 -2.65885e-05 -7.65001e-18 -7.65001e-18 -2.65885e-05 -2.65885e-05 -7.65001e-18 -7.65001e-18
171 -2.67447e-05 -2.67447e-05 -7.69499e-18 -7.69499e-18 -2.67447e-05 -2.67447e-05 -7.69499e-18 -7.69499e-18
172 -2.69013e-05 -2.69013e-05 -7.74001e-18 -7.74001e-18 -2.69013e-05 -2.69013e-05 -7.74001e-18 -7.74001e-18
173 -2.70576e-05 -2.70576e-05 -7.78499e-18 -7.78499e-18 -2.70576e-05 -2.70576e-05 -7.78499e-18 -7.78499e-18
174 -2.72141e-05 -2.72141e-05 -7.83001e-18 -7.83001e-18 -2.72141e-05 -2.72141e-05 -7.83001e-18 -7.83001e-18
175 -2.73704e-05 -2.73704e-05 -7.87499e-18 -7.87499e-18 -2.73704e-05 -2.73704e-05 -7.87499e-18 -7.87499e-18
176 -2.75269e-05 -2.75269e-05 -7.92001e-18 -7.92001e-18 -2.75269e-05 -2.75269e-05 -7.92001e-18 -7.92001e-18
177 -2.76832e-05 -2.76832e-05 -7.96499e-18 -7.96499e-18 -2.76832e-05 -2.76832e-05 -7.96499e-18 -7.96499e-18
178 -2.78397e-05 -2.78397e-05 -8.01001e-18 -8.01001e-18 -2.78397e-05 -2.78397e-05 -8.01001e-18 -8.01001e-18
179 -2.7996e-05 -2.7996e-05 -8.05499e-18 -8.05499e-18 -2.7996e-05 -2.7996e-05 -8.05499e-18 -8.05499e-18
180 -2.81525e-05 -2.81525e-05 -8.10001e-18 -8.10001e-18 -2.81525e-05 -2.81525e-05 -8.10001e-18 -8.10001e-18
181 -2.83088e-05 -2.83088e-05 -8.14499e-18 -8.14499e-18 -2.83088e-05 -2.83088e-05 -8.14499e-18 -8.14499e-18
182 -2.84653e-05 -2.84653e-05 -8.19001e-18 -8.19001e-18 -2.84653e-05 -2.84653e-05 -8.19001e-18 -8.19001e-18
183 -2.86216e-05 -2.86216e-05 -8.23499e-18 -8.23499e-18 -2.86216e-05 -2.86216e-05 -8.23499e-18 -8.23499e-18
184 -2.87781e-05 -2.87781e-05 -8.28001e-18 -8.28001e-18 -2.87781e-05 -2.87781e-05 -8.28001e-18 -8.28001e-18
185 -2.89344e-05 -2.89344e-05 -8.32499e-18 -8.32499e-18 -2.89344e-05 -2.89344e-05 -8.32499e-18 -8.32499e-18
186 -2.90909e-05 -2.90909e-05 -8.37001e-18 -8.37001e-18 -2.90909e-05 -2.90909e-05 -8.37001e-18 -8.37001e-18
187 -2.92472e-05 -2.92472e-05 -8.41499e-18 -8.41499e-18 -2.92472e-05 -2.92472e-05 -8.41499e-18 -8.41499e-18
188 -2.94038e-05 -2.94038e-05 -8.46001e-18 -8.46001e-18 -2.94038e-05 -2.94038e-05 -8.46001e-18 -8.46001e-18
189 -2.956e-05 -2.956e-05 -8.50499e-18 -8.50499e-18 -2.956e-05 -2.956e-05 -8.50499e-18 -8.50499e-18
190 -2.97166e-05 -2.97166e-05 -8.55001e-18 -8.55001e-18 -2.97166e-05 -2.97166e-05 -8.55001e-18 -8.55001e-18
191 -2.98729e-05 -2.98729e-05 -8.59499e-18 -8.59499e-18 -2.98729e-05 -2.98729e-05 -8.59499e-18 -8.59499e-18
192 -3.00294e-05 -3.00294e-05 -8.64001e-18 -8.64001e-18 -3.00294e-05 -3.00294e-05 -8.64001e-18 -8.64001e-18
193 -3.01857e-05 -3.01857e-05 -8.68499e-18 -8.68499e-18 -3.01857e-05 -3.01857e-05 -8.68499e-18 -8.68499e-18
194 -3.03422e-05 -3.03422e-05 -8.73001e-18 -8.73001e-18 -3.03422e-05 -3.03422e-05 -8.73001e-18 -8.73001e-18
195 -3.04985e-05 -3.04985e-05 -8.77499e-18 -8.77499e-18 -3.04985e-05 -3.04985e-05 -8.77499e-18 -8.77499e-18
196 -3.0655e-05 -3.0655e-05 -8.82001e-18 -8.82001e-18 -3.0655e-05 -3.0655e-05 -8.82001e-18 -8.82001e-18
197 -3.08113e-05 -3.08113e-05 -8.86499e-18 -8.86499e-18 -3.08113e-05 -3.08113e-05 -8.86499e-18 -8.86499e-18
198 -3.09678e-05 -3.09678e-05 -8.91001e-18 -8.91001e-18 -3.09678e-05 -3.09678e-05 -8.91001e-18 -8.91001e-18
199 -3.11241e-05 -3.11241e-05 -8.95499e-18 -8.95499e-18 -3.11241e-05 -3.11241e-05 -8.95499e-18 -8.95499e-18
200 -3.12806e-05 -3.12806e-05 -9.00001e-18 -9.00001e-18 -3.12806e-05 -3.12806e-05 -9.00001e-18 -9.00001e-18
201 -3.14369e-05 -3.14369e-05 -9.04499e-18 -9.04499e-18 -3.14369e-05 -3.14369e-05 -9.04499e-18 -9.04499e-18
202 -3.15934e-05 -3.15934e-05 -9.09001e-18 -9.09001e-18 -3.15934e-05 -3.15934e-05 -9.09001e-18 -9.09001e-18
203 -3.17497e-05 -3.17497e-05 -9.13499e-18 -9.13499e-18 -3.17497e-05 -3.17497e-05 -9.13499e-18 -9.13499e-18
204 -3.19062e-05 -3.19062e-05 -9.18001e-18 -9.18001e-18 -3.19062e-05 -3.19062e-05 -9.18001e-18 -9.18001e-18
205 -3.20625e-05 -3.20625e-05 -9.22499e-18 -9.22499e-18 -3.20625e-05 -3.20625e-05 -9.22499e-18 -9.22499e-18
206 -3.22191e-05 -3.22191e-05 -9.27001e-18 -9.27001e-18 -3.22191e-05 -3.22191e-05 -9.27001e-18 -9.27001e-18
207 -3.23753e-05 -3.23753e-05 -9.31499e-18 -9.31499e-18 -3.23753e-05 -3.23753e-05 -9.31499e-18 -9.31499e-18
208 -3.25319e-05 -3.25319e-05 -9.36001e-18 -9.36001e-18 -3.25319e-05 -3.25319e-05 -9.36001e-18 -9.36001e-18
209 -3.26881e-05 -3.26881e-05 -9.40499e-18 -9.40499e-18 -3.26881e-05 -3.26881e-05 -9.40499e-18 -9.40499e-18
210 -3.28447e-05 -3.28447e-05 -9.45001e-18 -9.45001e-18 -3.28447e-05 -3.28447e-05 -9.45001e-18 -9.45001e-18
211 -3.3001e-05 -3.3001e-05 -9.49499e-18 -9.49499e-18 -3.3001e-05 -3.3001e-05 -9.49499e-18 -9.49499e-18
212 -3.31575e-05 -3.31575e-05 -9.54001e-18 -9.54001e-18 -3.31575e-05 -3.31575e-05 -9.54001e-18 -9.54001e-18
213 -3.33138e-05 -3.33138e-05 -9.58499e-18 -9.58499e-18 -3.33138e-05 -3.33138e-05 -9.58499e-18 -9.58499e-18
214 -3.34703e-05 -3.34703e-05 -9.63001e-18 -9.63001e-18 -3.34703e-05 -3.34703e-05 -9.63001e-18 -9.63001e-18
215 -3.36266e-05 -3.36266e-05 -9.67499e-18 -9.67499e-18 -3.36266e-05 -3.36266e-05 -9.67499e-18 -9.67499e-18
216 -3.37831e-05 -3.37831e-05 -9.72001e-18 -9.72001e-18 -3.37831e-05 -3.37831e-05 -9.72001e-18 -9.72001e-18
217 -3.39394e-05 -3.39394e-05 -9.76499e-18 -9.76499e-18 -3.39394e-05 -3.39394e-05 -9.76499e-18 -9.76499e-18
218 -3.40959e-05 -3.40959e-05 -9.81001e-18 -9.81001e-18 -3.40959e-05 -3.40959e-05 -9.81001e-18 -9.81001e-18
219 -3.42522e-05 -3.42522e-05 -9.85499e-18 -9.85499e-18 -3.42522e-05 -3.42522e-05 -9.85499e-18 -9.85499e-18
220 -3.44087e-05 -3.44087e-05 -9.90001e-18 -9.90001e-18 -3.44087e-05 -3.44087e-05 -9.90001e-18 -9.90001e-18
221 -3.4565e-05 -3.4565e-05 -9.94499e-18 -9.94499e-18 -3.4565e-05 -3.4565e-05 -9.94499e-18 -9.94499e-18
222 -3.47215e-05 -3.47215e-05 -9.99001e-18 -9.99001e-18 -3.47215e-05 -3.47215e-05 -9.99001e-18 -9.99001e-18
223 -3.48778e-05 -3.48778e-05 -1.0035e-17 -1.0035e-17 -3.48778e-05 -3.48778e-05 -1.0035e-17 -1.0035e-17
224 -3.50343e-05 -3.50343e-05 -1.008e-17 -1.008e-17 -3.50343e-05 -3.50343e-05 -1.008e-17 -1.008e-17
225 -3.51906e-05 -3.51906e-05 -1.0125e-17 -1.0125e-17 -3.51906e-05 -3.51906e-05 -1.0125e-17 -1.0125e-17
226 -3.53472e-05 -3.53472e-05 -1.017e-17 -1.017e-17 -3.53472e-05 -3.53472e-05 -1.017e-17 -1.017e-17
227 -3.55034e-05 -3.55034e-05 -1.0215e-17 -1.0215e-17 -3.55034e-05 -3.55034e-05 -1.0215e-17 -1.0215e-17
228 -3.566e-05 -3.566e-05 -1.026e-17 -1.026e-17 -3.566e-05 -3.566e-05 -1.026e-17 -1.026e-17
229 -3.58162e-05 -3.58162e-05 -1.0305e-17 -1.0305e-17 -3.58162e-05 -3.58162e-05 -1.0305e-17 -1.0305e-17
230 -3.59728e-05 -3.59728e-05 -1.035e-17 -1.035e-17 -3.59728e-05 -3.59728e-05 -1.035e-17 -1.035e-17
231 -3.61291e-05 -3.61291e-05 -1.0395e-17 -1.0395e-17 -3.61291e-05 -3.61291e-05 -1.0395e-17 -1.0395e-17
232 -3.62856e-05 -3.62856e-05 -1.044e-17 -1.044e-17 -3.62856e-05 -3.62856e-05 -1.044e-17 -1.044e-17
233 -3.64419e-05 -3.64419e-05 -1.0485e-17 -1.0485e-17 -3.64419e-05 -3.64419e-05 -1.0485e-17 -1.0485e-17
234 -3.65984e-05 -3.65984e-05 -1.053e-17 -1.053e-17 -3.65984e-05 -3.65984e-05 -1.053e-17 -1.053e-17
235 -3.67547e-05 -3.67547e-05 -1.0575e-17 -1.0575e-17 -3.67547e-05 -3.67547e-05 -1.0575e-17 -1.0575e-17
236 -3.69112e-05 -3.69112e-05 -1.062e-17 -1.062e-17 -3.69112e-05 -3.69112e-05 -1.062e-17 -1.062e-17
237 -3.70675e-05 -3.70675e-05 -1.0665e-17 -1.0665e-17 -3.70675e-05 -3.70675e-05 -1.0665e-17 -1.0665e-17
238 -3.7224e-05 -3.7224e-05 -1.071e-17 -1.071e-17 -3.7224e-05 -3.7224e-05 -1.071e-17 -1.071e-17
239 -3.73803e-05 -3.73803e-05 -1.0755e-17 -1.0755e-17 -3.73803e-05 -3.73803e-05 -1.0755e-17 -1.0755e-17
240 -3.75368e-05 -3.75368e-05 -1.08e-17 -1.08e-17 -3.75368e-05 -3.75368e-05 -1.08e-17 -1.08e-17
241 -3.76931e-05 -3.76931e-05 -1.0845e-17 -1.0845e-17 -3.76931e-05 -3.76931e-05 -1.0845e-17 -1.0845e-17
242 -3.78496e-05 -3.78496e-05 -1.089e-17 -1.089e-17 -3.78496e-05 -3.78496e-05 -1.089e-17 -1.089e-17
243 -3.80059e-05 -3.80059e-05 -1.0935e-17 -1.0935e-17 -3.80059e-05 -3.80059e-05 -1.0935e-17 -1.0935e-17
244 -3.81625e-05 -3.81625e-05 -1.098e-17 -1.098e-17 -3.81625e-05 -3.81625e-05 -1.098e-17 -1.098e-17
245 -3.83187e-05 -3.83187e-05 -1.1025e-17 -1.1025e-17 -3.83187e-05 -3.83187e-05 -1.1025e-17 -1.1025e-17
246 -3.84753e-05 -3.84753e-05 -1.107e-17 -1.107e-17 -3.84753e-05 -3.84753e-05 -1.107e-17 -1.107e-17
247 -3.86315e-05 -3.86315e-05 -1.1115e-17 -1.1115e-17 -3.86315e-05 -3.86315e-05 -1.1115e-17 -1.1115e-17
248 -3.87881e-05 -3.87881e-05 -1.116e-17 -1.116e-17 -3.87881e-05 -3.87881e-05 -1.116e-17 -1.116e-17
249 -3.89443e-05 -3.89443e-05 -1.1205e-17 -1.1205e-17 -3.89443e-05 -3.89443e-05 -1.1205e-17 -1.1205e-17
250 -3.91009e-05 -3.91009e-05 -1.125e-17 -1.125e-17 -3.91009e-05 -3.91009e-05 -1.125e-17 -1.125e-17
251 -3.92572e-05 -3.92572e-05 -1.1295e-17 -1.1295e-17 -3.92572e-05 -3.92572e-05 -1.1295e-17 -1.1295e-17
252 -3.94137e-05 -3.94137e-05 -1.134e-17 -1.134e-17 -3.94137e-05 -3.94137e-05 -1.134e-17 -1.134e-17
253 -3.957e-05 -3.957e-05 -1.1385e-17 -1.1385e-17 -3.957e-05 -3.957e-05 -1.1385e-17 -1.1385e-17
254 -3.97265e-05 -3.97265e-05 -1.143e-17 -1.143e-17 -3.97265e-05 -3.97265e-05 -1.143e-17 -1.143e-17
255 -3.98828e-05 -3.98828e-05 -1.1475e-17 -1.1475e-17 -3.98828e-05 -3.98828e-05 -1.1475e-17 -1.1475e-17
256 -4.00393e-05 -4.00393e-05 -1.152e-17 -1.152e-17 -4.00393e-05 -4.00393e-05 -1.152e-17 -1.152e-17
257 -4.01956e-05 -4.01956e-05 -1.1565e-17 -1.1565e-17 -4.01956e-05 -4.01956e-05 -1.1565e-17 -1.1565e-17
258 -4.03521e-05 -4.03521e-05 -1.161e-17 -1.161e-17 -4.03521e-05 -4.03521e-05 -1.161e-17 -1.161e-17
259 -4.05084e-05 -4.05084e-05 -1.1655e-17 -1.1655e-17 -4.05084e-05 -4.05084e-05 -1.1655e-17 -1.1655e-17
260 -4.06649e-05 -4.06649e-05 -1.17e-17 -1.17e-17 -4.06649e-05 -4.06649e-05 -1.17e-17 -1.17e-17
261 -4.08212e-05 -4.08212e-05 -1.1745e-17 -1.1745e-17 -4.08212e-05 -4.08212e-05 -1.1745e-17 -1.1745e-17
262 -4.09777e-05 -4.09777e-05 -1.179e-17 -1.179e-17 -4.09777e-05 -4.09777e-05 -1.179e-17 -1.179e-17
263 -4.1134e-05 -4.1134e-05 -1.1835e-17 -1.1835e-17 -4.1134e-05 -4.1134e-05 -1.1835e-17 -1.1835e-17
264 -4.12906e-05 -4.12906e-05 -1.188e-17 -1.188e-17 -4.12906e-05 -4.12906e-05 -1.188e-17 -1.188e-17
265 -4.14468e-05 -4.14468e-05 -1.1925e-17 -1.1925e-17 -4.14468e-05 -4.14468e-05 -1.1925e-17 -1.1925e-17
266 -4.16034e-05 -4.16034e-05 -1.197e-17 -1.197e-17 -4.16034e-05 -4.16034e-05 -1.197e-17 -1.197e-17
267 -4.17596e-05 -4.17596e-05 -1.2015e-17 -1.2015e-17 -4.17596e-05 -4.17596e-05 -1.2015e-17 -1.2015e-17
268 -4.19162e-05 -4.19162e-05 -1.206e-17 -1.206e-17 -4.19162e-05 -4.19162e-05 -1.206e-17 -1.206e-17
269 -4.20725e-05 -4.20725e-05 -1.2105e-17 -1.2105e-17 -4.20725e-05 -4.20725e-05 -1.2105e-17 -1.2105e-17
270 -4.2229e-05 -4.2229e-05 -1.215e-17 -1.215e-17 -4.2229e-05 -4.2229e-05 -1.215e-17 -1.215e-17
271 -4.23853e-05 -4.23853e-05 -1.2195e-17 -1.2195e-17 -4.23853e-05 -4.23853e-05 -1.2195e-17 -1.2195e-17
272 -4.25418e-05 -4.25418e-05 -1.224e-17 -1.224e-17 -4.25418e-05 -4.25418e-05 -1.224e-17 -1.224e-17
273 -4.26981e-05 -4.26981e-05 -1.2285e-17 -1.2285e-17 -4.26981e-05 -4.26981e-05 -1.2285e-17 -1.2285e-17
274 -4.28546e-05 -4.28546e-05 -1.233e-17 -1.233e-17 -4.28546e-05 -4.28546e-05 -1.233e-17 -1.233e-17
275 -4.30109e-05 -4.30109e-05 -1.2375e-17 -1.2375e-17 -4.30109e-05 -4.30109e-05 -1.2375e-17 -1.2375e-17
276 -4.31674e-05 -4.31674e-05 -1.242e-17 -1.242e-17 -4.31674e-05 -4.31674e-05 -1.242e-17 -1.242e-17
277 -4.33237e-05 -4.33237e-05 -1.2465e-17 -1.2465e-17 -4.33237e-05 -4.33237e-05 -1.2465e-17 -1.2465e-17
278 -4.34802e-05 -4.34802e-05 -1.251e-17 -1.251e-17 -4.34802e-05 -4.34802e-05 -1.251e-17 -1.251e-17
279 -4.36365e-05 -4.36365e-05 -1.2555e-17 -1.2555e-17 -4.36365e-05 -4.36365e-05 -1.2555e-17 -1.2555e-17
280 -4.3793e-05 -4.3793e-05 -1.26e-17 -1.26e-17 -4.3793e-05 -4.3793e-05 -1.26e-17 -1.26e-17
281 -4.39493e-05 -4.39493e-05 -1.2645e-17 -1.2645e-17 -4.39493e-05 -4.39493e-05 -1.2645e-17 -1.2645e-17
282 -4.41059e-05 -4.41059e-05 -1.269e-17 -1.269e-17 -4.41059e-05 -4.41059e-05 -1.269e-17 -1.269e-17
283 -4.42621e-05 -4.42621e-05 -1.2735e-17 -1.2735e-17 -4.42621e-05 -4.42621e-05 -1.2735e-17 -1.2735e-17
284 -4.44187e-05 -4.44187e-05 -1.278e-17 -1.278e-17 -4.44187e-05 -4.44187e-05 -1.278e-17 -1.278e-17
285 -4.45749e-05 -4.45749e-05 -1.2825e-17 -1.2825e-17 -4.45749e-05 -4.45749e-05 -1.2825e-17 -1.2825e-17
286 -4.47315e-05 -4.47315e-05 -1.287e-17 -1.287e-17 -4.47315e-05 -4.47315e-05 -1.287e-17 -1.287e-17
287 -4.48877e-05 -4.48877e-05 -1.2915e-17 -1.2915e-17 -4.48877e-05 -4.48877e-05 -1.2915e-17 -1.2915e-17
288 -4.50443e-05 -4.50443e-05 -1.296e-17 -1.296e-17 -4.50443e-05 -4.50443e-05 -1.296e-17 -1.296e-17
289 -4.52006e-05 -4.52006e-05 -1.3005e-17 -1.3005e-17 -4.52006e-05 -4.52006e-05 -1.3005e-17 -1.3005e-17
290 -4.53571e-05 -4.53571e-05 -1.305e-17 -1.305e-17 -4.53571e-05 -4.53571e-05 -1.305e-17 -1.305e-17
291 -4.55134e-05 -4.55134e-05 -1.3095e-17 -1.3095e-17 -4.55134e-05 -4.55134e-05 -1.3095e-17 -1.3095e-17
292 -4.56699e-05 -4.56699e-05 -1.314e-17 -1.314e-17 -4.56699e-05 -4.56699e-05 -1.314e-17 -1.314e-17
293 -4.58262e-05 -4.58262e-05 -1.3185e-17 -1.3185e-17 -4.58262e-05 -4.58262e-05 -1.3185e-17 -1.3185e-17
294 -4.59827e-05 -4.59827e-05 -1.323e-17 -1.323e-17 -4.59827e-05 -4.59827e-05 -1.323e-17 -1.323e-17
295 -4.6139e-05 -4.6139e-05 -1.3275e-17 -1.3275e-17 -4.6139e-05 -4.6139e-05 -1.3275e-17 -1.3275e-17
296 -4.62955e-05 -4.62955e-05 -1.332e-17 -1.332e-17 -4.62955e-05 -4.62955e-05 -1.332e-17 -1.332e-17
297 -4.64518e-05 -4.64518e-05 -1.3365e-17 -1.3365e-17 -4.64518e-05 -4.64518e-05 -1.3365e-17 -1.3365e-17
298 -4.66083e-05 -4.66083e-05 -1.341e-17 -1.341e-17 -4.66083e-05 -4.66083e-05 -1.341e-17 -1.341e-17
299 -4.67646e-05 -4.67646e-05 -1.3455e-17 -1.3455e-17 -4.67646e-05 -4.67646e-05 -1.3455e-17 -1.3455e-17
300 -4.69211e-05 -4.69211e-05 -1.35e-17 -1.35e-17 -4.69211e-05 -4.69211e-05 -1.35e-17 -1.35e-17
301 -4.70774e-05 -4.70774e-05 -1.3545e-17 -1.3545e-17 -4.70774e-05 -4.70774e-05 -1.3545e-17 -1.3545e-17
302 -4.7234e-05 -4.7234e-05 -1.359e-17 -1.359e-17 -4.7234e-05 -4.7234e-05 -1.359e-17 -1.359e-17
303 -4.73902e-05 -4.73902e-05 -1.3635e-17 -1.3635e-17 -4.73902e-05 -4.73902e-05 -1.3635e-17 -1.3635e-17
304 -4.75468e-05 -4.75468e-05 -1.368e-17 -1.368e-17 -4.75468e-05 -4.75468e-05 -1.368e-17 -1.368e-17
305 -4.7703e-05 -4.7703e-05 -1.3725e-17 -1.3725e-17 -4.7703e-05 -4.7703e-05 -1.3725e-17 -1.3725e-17
306 -4.78596e-05 -4.78596e-05 -1.377e-17 -1.377e-17 -4.78596e-05 -4.78596e-05 -1.377e-17 -1.377e-17
307 -4.80159e-05 -4.80159e-05 -1.3815e-17 -1.3815e-17 -4.80159e-05 -4.80159e-05 -1.3815e-17 -1.3815e-17
308 -4.81724e-05 -4.81724e-05 -1.386e-17 -1.386e-17 -4.81724e-05 -4.81724e-05 -1.386e-17 -1.386e-17
309 -4.83287e-05 -4.83287e-05 -1.3905e-17 -1.3905e-17 -4.83287e-05 -4.83287e-05 -1.3905e-17 -1.3905e-17
310 -4.84852e-05 -4.84852e-05 -1.395e-17 -1.395e-17 -4.84852e-05 -4.84852e-05 -1.395e-17 -1.395e-17
311 -4.86415e-05 -4.86415e-05 -1.3995e-17 -1.3995e-17 -4.86415e-05 -4.86415e-05 -1.3995e-17 -1.3995e-17
312 -4.8798e-05 -4.8798e-05 -1.404e-17 -1.404e-17 -4.8798e-05 -4.8798e-05 -1.404e-17 -1.404e-17
313 -4.89543e-05 -4.89543e-05 -1.4085e-17 -1.4085e-17 -4.89543e-05 -4.89543e-05 -1.4085e-17 -1.4085e-17
314 -4.91108e-05 -4.91108e-05 -1.413e-17 -1.413e-17 -4.91108e-05 -4.91108e-05 -1.413e-17 -1.413e-17
315 -4.92671e-05 -4.92671e-05 -1.4175e-17 -1.4175e-17 -4.92671e-05 -4.92671e-05 -1.4175e-17 -1.4175e-17
316 -4.94236e-05 -4.94236e-05 -1.422e-17 -1.422e-17 -4.94236e-05 -4.94236e-05 -1.422e-17 -1.422e-17
317 -4.95799e-05 -4.95799e-05 -1.4265e-17 -1.4265e-17 -4.95799e-05 -4.95799e-05 -1.4265e-17 -1.4265e-17
318 -4.97364e-05 -4.97364e-05 -1.431e-17 -1.431e-17 -4.97364e-05 -4.97364e-05 -1.431e-17 -1.431e-17
319 -4.98927e-05 -4.98927e-05 -1.4355e-17 -1.4355e-17 -4.98927e-05 -4.98927e-05 -1.4355e-17 -1.4355e-17
320 -5.00492e-05 -5.00492e-05 -1.44e-17 -1.44e-17 -5.00492e-05 -5.00492e-05 -1.44e-17 -1.44e-17
321 -5.02055e-05 -5.02055e-05 -1.4445e-17 -1.4445e-17 -5.02055e-05 -5.02055e-05 -1.4445e-17 -1.4445e-17
322 -5.03621e-05 -5.03621e-05 -1.449e-17 -1.449e-17 -5.03621e-05 -5.03621e-05 -1.449e-17 -1.449e-17
323 -5.05183e-05 -5.05183e-05 -1.4535e-17 -1.4535e-17 -5.05183e-05 -5.05183e-05 -1.4535e-17 -1.4535e-17
324 -5.06749e-05 -5.06749e-05 -1.458e-17 -1.458e-17 -5.06749e-05 -5.06749e-05 -1.458e-17 -1.458e-17
325 -5.08311e-05 -5.08311e-05 -1.4625e-17 -1.4625e-17 -5.08311e-05 -5.08311e-05 -1.4625e-17 -1.4625e-17
326 -5.09877e-05 -5.09877e-05 -1.467e-17 -1.467e-17 -5.09877e-05 -5.09877e-05 -1.467e-17 -1.467e-17
327 -5.1144e-05 -5.1144e-05 -1.4715e-17 -1.4715e-17 -5.1144e-05 -5.1144e-05 -1.4715e-17 -1.4715e-17
328 -5.13005e-05 -5.13005e-05 -1.476e-17 -1.476e-17 -5.13005e-05 -5.13005e-05 -1.476e-17 -1.476e-17
329 -5.14568e-05 -5.14568e-05 -1.4805e-17 -1.4805e-17 -5.14568e-05 -5.14568e-05 -1.4805e-17 -1.4805e-17
330 -5.16133e-05 -5.16133e-05 -1.485e-17 -1.485e-17 -5.16133e-05 -5.16133e-05 -1.485e-17 -1.485e-17
331 -5.17696e-05 -5.17696e-05 -1.4895e-17 -1.4895e-17 -5.17696e-05 -5.17696e-05 -1.4895e-17 -1.4895e-17
332 -5.19261e-05 -5.19261e-05 -1.494e-17 -1.494e-17 -5.19261e-05 -5.19261e-05 -1.494e-17 -1.494e-17
333 -5.20824e-05 -5.20824e-05 -1.4985e-17 -1.4985e-17 -5.20824e-05 -5.20824e-05 -1.4985e-17 -1.4985e-17
334 -5.22389e-05 -5.22389e-05 -1.503e-17 -1.503e-17 -5.22389e-05 -5.22389e-05 -1.503e-17 -1.503e-17
335 -5.23952e-05 -5.23952e-05 -1.5075e-17 -1.5075e-17 -5.23952e-05 -5.23952e-05 -1.5075e-17 -1.5075e-17
336 -5.25517e-05 -5.25517e-05 -1.512e-17 -1.512e-17 -5.25517e-05 -5.25517e-05 -1.512e-17 -1.512e-17
337 -5.2708e-05 -5.2708e-05 -1.5165e-17 -1.5165e-17 -5.2708e-05 -5.2708e-05 -1.5165e-17 -1.5165e-17
338 -5.28645e-05 -5.28645e-05 -1.521e-17 -1.521e-17 -5.28645e-05 -5.28645e-05 -1.521e-17 -1.521e-17
339 -5.30208e-05 -5.30208e-05 -1.5255e-17 -1.5255e-17 -5.30208e-05 -5.30208e-05 -1.5255e-17 -1.5255e-17
340 -5.31774e-05 -5.31774e-05 -1.53e-17 -1.53e-17 -5.31774e-05 -5.31774e-05 -1.53e-17 -1.53e-17
341 -5.33336e-05 -5.33336e-05 -1.5345e-17 -1.5345e-17 -5.33336e-05 -5.33336e-05 -1.5345e-17 -1.5345e-17
342 -5.34902e-05 -5.34902e-05 -1.539e-17 -1.539e-17 -5.34902e-05 -5.34902e-05 -1.539e-17 -1.539e-17
343 -5.36464e-05 -5.36464e-05 -1.5435e-17 -1.5435e-17 -5.36464e-05 -5.36464e-05 -1.5435e-17 -1.5435e-17
344 -5.3803e-05 -5.3803e-05 -1.548e-17 -1.548e-17 -5.3803e-05 -5.3803e-05 -1.548e-17 -1.548e-17
345 -5.39593e-05 -5.39593e-05 -1.5525e-17 -1.5525e-17 -5.39593e-05 -5.39593e-05 -1.5525e-17 -1.5525e-17
346 -5.41158e-05 -5.41158e-05 -1.557e-17 -1.557e-17 -5.41158e-05 -5.41158e-05 -1.557e-17 -1.557e-17
347 -5.42721e-05 -5.42721e-05 -1.5615e-17 -1.5615e-17 -5.42721e-05 -5.42721e-05 -1.5615e-17 -1.5615e-17
348 -5.44286e-05 -5.44286e-05 -1.566e-17 -1.566e-17 -5.44286e-05 -5.44286e-05 -1.566e-17 -1.566e-17
349 -5.45849e-05 -5.45849e-05 -1.5705e-17 -1.5705e-17 -5.45849e-05 -5.45849e-05 -1.5705e-17 -1.5705e-17
350 -5.47414e-05 -5.47414e-05 -1.575e-17 -1.575e-17 -5.47414e-05 -5.47414e-05 -1.575e-17 -1.575e-17
351 -5.48977e-05 -5.48977e-05 -1.5795e-17 -1.5795e-17 -5.48977e-05 -5.48977e-05 -1.5795e-17 -1.5795e-17
352 -5.50542e-05 -5.50542e-05 -1.584e-17 -1.584e-17 -5.50542e-05 -5.50542e-05 -1.584e-17 -1.584e-17
353 -5.52105e-05 -5.52105e-05 -1.5885e-17 -1.5885e-17 -5.52105e-05 -5.52105e-05 -1.5885e-17 -1.5885e-17
354 -5.5367e-05 -5.5367e-05 -1.593e-17 -1.593e-17 -5.5367e-05 -5.5367e-05 -1.593e-17 -1.593e-17
355 -5.55233e-05 -5.55233e-05 -1.5975e-17 -1.5975e-17 -5.55233e-05 -5.55233e-05 -1.5975e-17 -1.5975e-17
356 -5.56798e-05 -5.56798e-05 -1.602e-17 -1.602e-17 -5.56798e-05 -5.56798e-05 -1.602e-17 -1.602e-17
357 -5.58361e-05 -5.58361e-05 -1.6065e-17 -1.6065e-17 -5.58361e-05 -5.58361e-05 -1.6065e-17 -1.6065e-17
358 -5.59926e-05 -5.59926e-05 -1.611e-17 -1.611e-17 -5.59926e-05 -5.59926e-05 -1.611e-17 -1.611e-17
359 -5.61489e-05 -5.61489e-05 -1.6155e-17 -1.6155e-17 -5.61489e-05 -5.61489e-05 -1.6155e-17 -1.6155e-17
360 -5.63055e-05 -5.63055e-05 -1.62e-17 -1.62e-17 -5.63055e-05 -5.63055e-05 -1.62e-17 -1.62e-17
361 -5.64617e-05 -5.64617e-05 -1.6245e-17 -1.6245e-17 -5.64617e-05 -5.64617e-05 -1.6245e-17 -1.6245e-17
362 -5.66183e-05 -5.66183e-05 -1.629e-17 -1.629e-17 -5.66183e-05 -5.66183e-05 -1.629e-17 -1.629e-17
363 -5.67746e-05 -5.67746e-05 -1.6335e-17 -1.6335e-17 -5.67746e-05 -5.67746e-05 -1.6335e-17 -1.6335e-17
364 -5.69311e-05 -5.69311e-05 -1.638e-17 -1.638e-17 -5.69311e-05 -5.69311e-05 -1.638e-17 -1.638e-17
365 -5.70874e-05 -5.70874e-05 -1.6425e-17 -1.6425e-17 -5.70874e-05 -5.70874e-05 -1.6425e-17 -1.6425e-17
366 -5.72439e-05 -5.72439e-05 -1.647e-17 -1.647e-17 -5.72439e-05 -5.72439e-05 -1.647e-17 -1.647e-17
367 -5.74002e-05 -5.74002e-05 -1.6515e-17 -1.6515e-17 -5.74002e-05 -5.74002e-05 -1.6515e-17 -1.6515e-17
368 -5.75567e-05 -5.75567e-05 -1.656e-17 -1.656e-17 -5.75567e-05 -5.75567e-05 -1.656e-17 -1.656e-17
369 -5.7713e-05 -5.7713e-05 -1.6605e-17 -1.6605e-17 -5.7713e-05 -5.7713e-05 -1.6605e-17 -1.6605e-17
370 -5.78695e-05 -5.78695e-05 -1.665e-17 -1.665e-17 -5.78695e-05 -5.78695e-05 -1.665e-17 -1.665e-17
371 -5.80258e-05 -5.80258e-05 -1.6695e-17 -1.6695e-17 -5.80258e-05 -5.80258e-05 -1.6695e-17 -1.6695e-17
372 -5.81823e-05 -5.81823e-05 -1.674e-17 -1.674e-17 -5.81823e-05 -5.81823e-05 -1.674e-17 -1.674e-17
373 -5.83386e-05 -5.83386e-05 -1.6785e-17 -1.6785e-17 -5.83386e-05 -5.83386e-05 -1.6785e-17 -1.6785e-17
374 -5.84951e-05 -5.84951e-05 -1.683e-17 -1.683e-17 -5.84951e-05 -5.84951e-05 -1.683e-17 -1.683e-17
375 -5.86514e-05 -5.86514e-05 -1.6875e-17 -1.6875e-17 -5.86514e-05 -5.86514e-05 -1.6875e-17 -1.6875e-17
376 -5.88079e-05 -5.88079e-05 -1.692e-17 -1.692e-17 -5.88079e-05 -5.88079e-05 -1.692e-17 -1.692e-17
377 -5.89642e-05 -5.89642e-05 -1.6965e-17 -1.6965e-17 -5.89642e-05 -5.89642e-05 -1.6965e-17 -1.6965e-17
378 -5.91207e-05 -5.91207e-05 -1.701e-17 -1.701e-17 -5.91207e-05 -5.91207e-05 -1.701e-17 -1.701e-17
379 -5.9277e-05 -5.9277e-05 -1.7055e-17 -1.7055e-17 -5.9277e-05 -5.9277e-05 -1.7055e-17 -1.7055e-17
380 -5.94336e-05 -5.94336e-05 -1.71e-17 -1.71e-17 -5.94336e-05 -5.94336e-05 -1.71e-17 -1.71e-17
381 -5.95899e-05 -5.95899e-05 -1.7145e-17 -1.7145e-17 -5.95899e-05 -5.95899e-05 -1.7145e-17 -1.7145e-17
382 -5.97464e-05 -5.97464e-05 -1.719e-17 -1.719e-17 -5.97464e-05 -5.97464e-05 -1.719e-17 -1.719e-17
383 -5.99027e-05 -5.99027e-05 -1.7235e-17 -1.7235e-17 -5.99027e-05 -5.99027e-05 -1.7235e-17 -1.7235e-17
384 -6.00592e-05 -6.00592e-05 -1.728e-17 -1.728e-17 -6.00592e-05 -6.00592e-05 -1.728e-17 -1.728e-17
385 -6.02155e-05 -6.02155e-05 -1.7325e-17 -1.7325e-17 -6.02155e-05 -6.02155e-05 -1.7325e-17 -1.7325e-17
386 -6.0372e-05 -6.0372e-05 -1.737e-17 -1.737e-17 -6.0372e-05 -6.0372e-05 -1.737e-17 -1.737e-17
387 -6.05283e-05 -6.05283e-05 -1.7415e-17 -1.7415e-17 -6.05283e-05 -6.05283e-05 -1.7415e-17 -1.7415e-17
388 -6.06848e-05 -6.06848e-05 -1.746e-17 -1.746e-17 -6.06848e-05 -6.06848e-05 -1.746e-17 -1.746e-17
389 -6.08411e-05 -6.08411e-05 -1.7505e-17 -1.7505e-17 -6.08411e-05 -6.08411e-05 -1.7505e-17 -1.7505e-17
390 -6.09976e-05 -6.09976e-05 -1.755e-17 -1.755e-17 -6.09976e-05 -6.09976e-05 -1.755e-17 -1.755e-17
391 -6.11539e-05 -6.11539e-05 -1.7595e-17 -1.7595e-17 -6.11539e-05 -6.11539e-05 -1.7595e-17 -1.7595e-17
392 -6.13104e-05 -6.13104e-05 -1.764e-17 -1.764e-17 -6.13104e-05 -6.13104e-05 -1.764e-17 -1.764e-17
393 -6.14667e-05 -6.14667e-05 -1.7685e-17 -1.7685e-17 -6.14667e-05 -6.14667e-05 -1.7685e-17 -1.7685e-17
394 -6.16232e-05 -6.16232e-05 -1.773e-17 -1.773e-17 -6.16232e-05 -6.16232e-05 -1.773e-17 -1.773e-17
395 -6.17795e-05 -6.17795e-05 -1.7775e-17 -1.7775e-17 -6.17795e-05 -6.17795e-05 -1.7775e-17 -1.7775e-17
396 -6.1936e-05 -6.1936e-05 -1.782e-17 -1.782e-17 -6.1936e-05 -6.1936e-05 -1.782e-17 -1.782e-17
397 -6.20923e-05 -6.20923e-05 -1.7865e-17 -1.7865e-17 -6.20923e-05 -6.20923e-05 -1.7865e-17 -1.7865e-17
398 -6.22488e-05 -6.22488e-05 -1.791e-17 -1.791e-17 -6.22488e-05 -6.22488e-05 -1.791e-17 -1.791e-17
399 -6.24052e-05 -6.24052e-05 -1.7955e-17 -1.7955e-17 -6.24052e-05 -6.24052e-05 -1.7955e-17 -1.7955e-17
400 -6.25617e-05 -6.25617e-05 -1.8e-17 -1.8e-17 -6.25617e-05 -6.25617e-05 -1.8e-17 -1.8e-17
401 -6.2718e-05 -6.2718e-05 -1.8045e-17 -1.8045e-17 -6.2718e-05 -6.2718e-05 -1.8045e-17 -1.8045e-17
402 -6.28745e-05 -6.28745e-05 -1.809e-17 -1.809e-17 -6.28745e-05 -6.28745e-05 -1.809e-17 -1.809e-17
403 -6.30308e-05 -6.30308e-05 -1.8135e-17 -1.8135e-17 -6.30308e-05 -6.30308e-05 -1.8135e-17 -1.8135e-17
404 -6.31873e-05 -6.31873e-05 -1.818e-17 -1.818e-17 -6.31873e-05 -6.31873e-05 -1.818e-17 -1.818e-17
405 -6.33436e-05 -6.33436e-05 -1.8225e-17 -1.8225e-17 -6.33436e-05 -6.33436e-05 -1.8225e-17 -1.8225e-17
406 -6.35001e-05 -6.35001e-05 -1.827e-17 -1.827e-17 -6.35001e-05 -6.35001e-05 -1.827e-17 -1.827e-17
407 -6.36564e-05 -6.36564e-05 -1.8315e-17 -1.8315e-17 -6.36564e-05 -6.36564e-05 -1.8315e-17 -1.8315e-17
408 -6.38129e-05 -6.38129e-05 -1.836e-17 -1.836e-17 -6.38129e-05 -6.38129e-05 -1.836e-17 -1.836e-17
409 -6.39692e-05 -6.39692e-05 -1.8405e-17 -1.8405e-17 -6.39692e-05 -6.39692e-05 -1.8405e-17 -1.8405e-17
410 -6.41257e-05 -6.41257e-05 -1.845e-17 -1.845e-17 -6.41257e-05 -6.41257e-05 -1.845e-17 -1.845e-17
411 -6.4282e-05 -6.4282e-05 -1.8495e-17 -1.8495e-17 -6.4282e-05 -6.4282e-05 -1.8495e-17 -1.8495e-17
412 -6.44385e-05 -6.44385e-05 -1.854e-17 -1.854e-17 -6.44385e-05 -6.44385e-05 -1.854e-17 -1.854e-17
413 -6.45948e-05 -6.45948e-05 -1.8585e-17 -1.8585e-17 -6.45948e-05 -6.45948e-05 -1.8585e-17 -1.8585e-17
414 -6.47513e-05 -6.47513e-05 -1.863e-17 -1.863e-17 -6.47513e-05 -6.47513e-05 -1.863e-17 -1.863e-17
415 -6.49076e-05 -6.49076e-05 -1.8675e-17 -1.8675e-17 -6.49076e-05 -6.49076e-05 -1.8675e-17 -1.8675e-17
416 -6.50641e-05 -6.50641e-05 -1.872e-17 -1.872e-17 -6.50641e-05 -6.50641e-05 -1.872e-17 -1.872e-17
417 -6.52204e-05 -6.52204e-05 -1.8765e-17 -1.8765e-17 -6.52204e-05 -6.52204e-05 -1.8765e-17 -1.8765e-17
418 -6.53769e-05 -6.53769e-05 -1.881e-17 -1.881e-17 -6.53769e-05 -6.53769e-05 -1.881e-17 -1.881e-17
419 -6.55333e-05 -6.55333e-05 -1.8855e-17 -1.8855e-17 -6.55333e-05 -6.55333e-05 -1.8855e-17 -1.8855e-17
420 -6.56898e-05 -6.56898e-05 -1.89e-17 -1.89e-17 -6.56898e-05 -6.56898e-05 -1.89e-17 -1.89e-17
421 -6.58461e-05 -6.58461e-05 -1.8945e-17 -1.8945e-17 -6.58461e-05 -6.58461e-05 -1.8945e-17 -1.8945e-17
422 -6.60026e-05 -6.60026e-05 -1.899e-17 -1.899e-17 -6.60026e-05 -6.60026e-05 -1.899e-17 -1.899e-17
423 -6.61589e-05 -6.61589e-05 -1.9035e-17 -1.9035e-17 -6.61589e-05 -6.61589e-05 -1.9035e-17 -1.9035e-17
424 -6.63154e-05 -6.63154e-05 -1.908e-17 -1.908e-17 -6.63154e-05 -6.63154e-05 -1.908e-17 -1.908e-17
425 -6.64717e-05 -6.64717e-05 -1.9125e-17 -1.9125e-17 -6.64717e-05 -6.64717e-05 -1.9125e-17 -1.9125e-17
426 -6.66282e-05 -6.66282e-05 -1.917e-17 -1.917e-17 -6.66282e-05 -6.66282e-05 -1.917e-17 -1.917e-17
427 -6.67845e-05 -6.67845e-05 -1.9215e-17 -1.9215e-17 -6.67845e-05 -6.67845e-05 -1.9215e-17 -1.9215e-17
428 -6.6941e-05 -6.6941e-05 -1.926e-17 -1.926e-17 -6.6941e-05 -6.6941e-05 -1.926e-17 -1.926e-17
429 -6.70973e-05 -6.70973e-05 -1.9305e-17 -1.9305e-17 -6.70973e-05 -6.70973e-05 -1.9305e-17 -1.9305e-17
430 -6.72538e-05 -6.72538e-05 -1.935e-17 -1.935e-17 -6.72538e-05 -6.72538e-05 -1.935e-17 -1.935e-17
431 -6.74101e-05 -6.74101e-05 -1.9395e-17 -1.9395e-17 -6.74101e-05 -6.74101e-05 -1.9395e-17 -1.9395e-17
432 -6.75666e-05 -6.75666e-05 -1.944e-17 -1.944e-17 -6.75666e-05 -6.75666e-05 -1.944e-17 -1.944e-17
433 -6.77229e-05 -6.77229e-05 -1.9485e-17 -1.9485e-17 -6.77229e-05 -6.77229e-05 -1.9485e-17 -1.9485e-17
434 -6.78794e-05 -6.78794e-05 -1.953e-17 -1.953e-17 -6.78794e-05 -6.78794e-05 -1.953e-17 -1.953e-17
435 -6.80357e-05 -6.80357e-05 -1.9575e-17 -1.9575e-17 -6.80357e-05 -6.80357e-05 -1.9575e-17 -1.9575e-17
436 -6.81922e-05 -6.81922e-05 -1.962e-17 -1.962e-17 -6.81922e-05 -6.81922e-05 -1.962e-17 -1.962e-17
437 -6.83486e-05 -6.83486e-05 -1.9665e-17 -1.9665e-17 -6.83486e-05 -6.83486e-05 -1.9665e-17 -1.9665e-17
438 -6.8505e-05 -6.8505e-05 -1.971e-17 -1.971e-17 -6.8505e-05 -6.8505e-05 -1.971e-17 -1.971e-17
439 -6.86614e-05 -6.86614e-05 -1.9755e-17 -1.9755e-17 -6.86614e-05 -6.86614e-05 -1.9755e-17 -1.9755e-17
440 -6.88179e-05 -6.88179e-05 -1.98e-17 -1.98e-17 -6.88179e-05 -6.88179e-05 -1.98e-17 -1.98e-17
441 -6.89742e-05 -6.89742e-05 -1.9845e-17 -1.9845e-17 -6.89742e-05 -6.89742e-05 -1.9845e-17 -1.9845e-17
442 -6.91307e-05 -6.91307e-05 -1.989e-17 -1.989e-17 -6.91307e-05 -6.91307e-05 -1.989e-17 -1.989e-17
443 -6.9287e-05 -6.9287e-05 -1.9935e-17 -1.9935e-17 -6.9287e-05 -6.9287e-05 -1.9935e-17 -1.9935e-17
444 -6.94435e-05 -6.94435e-05 -1.998e-17 -1.998e-17 -6.94435e-05 -6.94435e-05 -1.998e-17 -1.998e-17
445 -6.95998e-05 -6.95998e-05 -2.0025e-17 -2.0025e-17 -6.95998e-05 -6.95998e-05 -2.0025e-17 -2.0025e-17
446 -6.97563e-05 -6.97563e-05 -2.007e-17 -2.007e-17 -6.97563e-05 -6.97563e-05 -2.007e-17 -2.007e-17
447 -6.99126e-05 -6.99126e-05 -2.0115e-17 -2.0115e-17 -6.99126e-05 -6.99126e-05 -2.0115e-17 -2.0115e-17
448 -7.00691e-05 -7.00691e-05 -2.016e-17 -2.016e-17 -7.00691e-05 -7.00691e-05 -2.016e-17 -2.016e-17
449 -7.02254e-05 -7.02254e-05 -2.0205e-17 -2.0205e-17 -7.02254e-05 -7.02254e-05 -2.0205e-17 -2.0205e-17
450 -7.03819e-05 -7.03819e-05 -2.025e-17 -2.025e-17 -7.03819e-05 -7.03819e-05 -2.025e-17 -2.025e-17
451 -7.05382e-05 -7.05382e-05 -2.0295e-17 -2.0295e-17 -7.05382e-05 -7.05382e-05 -2.0295e-17 -2.0295e-17
452 -7.06947e-05 -7.06947e-05 -2.034e-17 -2.034e-17 -7.06947e-05 -7.06947e-05 -2.034e-17 -2.034e-17
453 -7.0851e-05 -7.0851e-05 -2.0385e-17 -2.0385e-17 -7.0851e-05 -7.0851e-05 -2.0385e-17 -2.0385e-17
454 -7.10075e-05 -7.10075e-05 -2.043e-17 -2.043e-17 -7.10075e-05 -7.10075e-05 -2.043e-17 -2.043e-17
455 -7.11639e-05 -7.11639e-05 -2.0475e-17 -2.0475e-17 -7.11639e-05 -7.11639e-05 -2.0475e-17 -2.0475e-17
456 -7.13203e-05 -7.13203e-05 -2.052e-17 -2.052e-17 -7.13203e-05 -7.13203e-05 -2.052e-17 -2.052e-17
457 -7.14767e-05 -7.14767e-05 -2.0565e-17 -2.0565e-17 -7.14767e-05 -7.14767e-05 -2.0565e-17 -2.0565e-17
458 -7.16331e-05 -7.16331e-05 -2.061e-17 -2.061e-17 -7.16331e-05 -7.16331e-05 -2.061e-17 -2.061e-17
459 -7.17895e-05 -7.17895e-05 -2.0655e-17 -2.0655e-17 -7.17895e-05 -7.17895e-05 -2.0655e-17 -2.0655e-17
460 -7.19459e-05 -7.19459e-05 -2.07e-17 -2.07e-17 -7.19459e-05 -7.19459e-05 -2.07e-17 -2.07e-17
461 -7.21023e-05 -7.21023e-05 -2.0745e-17 -2.0745e-17 -7.21023e-05 -7.21023e-05 -2.0745e-17 -2.0745e-17
462 -7.22588e-05 -7.22588e-05 -2.079e-17 -2.079e-17 -7.22588e-05 -7.22588e-05 -2.079e-17 -2.079e-17
463 -7.24151e-05 -7.24151e-05 -2.0835e-17 -2.0835e-17 -7.24151e-05 -7.24151e-05 -2.0835e-17 -2.0835e-17
464 -7.25716e-05 -7.25716e-05 -2.088e-17 -2.088e-17 -7.25716e-05 -7.25716e-05 -2.088e-17 -2.088e-17
465 -7.27279e-05 -7.27279e-05 -2.0925e-17 -2.0925e-17 -7.27279e-05 -7.27279e-05 -2.0925e-17 -2.0925e-17
466 -7.28844e-05 -7.28844e-05 -2.097e-17 -2.097e-17 -7.28844e-05 -7.28844e-05 -2.097e-17 -2.097e-17
467 -7.30407e-05 -7.30407e-05 -2.1015e-17 -2.1015e-17 -7.30407e-05 -7.30407e-05 -2.1015e-17 -2.1015e-17
468 -7.31972e-05 -7.31972e-05 -2.106e-17 -2.106e-17 -7.31972e-05 -7.31972e-05 -2.106e-17 -2.106e-17
469 -7.33535e-05 -7.33535e-05 -2.1105e-17 -2.1105e-17 -7.33535e-05 -7.33535e-05 -2.1105e-17 -2.1105e-17
470 -7.351e-05 -7.351e-05 -2.115e-17 -2.115e-17 -7.351e-05 -7.351e-05 -2.115e-17 -2.115e-17
471 -7.36663e-05 -7.36663e-05 -2.1195e-17 -2.1195e-17 -7.36663e-05 -7.36663e-05 -2.1195e-17 -2.1195e-17
472 -7.38228e-05 -7.38228e-05 -2.124e-17 -2.124e-17 -7.38228e-05 -7.38228e-05 -2.124e-17 -2.124e-17
473 -7.39792e-05 -7.39792e-05 -2.1285e-17 -2.1285e-17 -7.39792e-05 -7.39792e-05 -2.1285e-17 -2.1285e-17
474 -7.41356e-05 -7.41356e-05 -2.133e-17 -2.133e-17 -7.41356e-05 -7.41356e-05 -2.133e-17 -2.133e-17
475 -7.4292e-05 -7.4292e-05 -2.1375e-17 -2.1375e-17 -7.4292e-05 -7.4292e-05 -2.1375e-17 -2.1375e-17
476 -7.44484e-05 -7.44484e-05 -2.142e-17 -2.142e-17 -7.44484e-05 -7.44484e-05 -2.142e-17 -2.142e-17
477 -7.46048e-05 -7.46048e-05 -2.1465e-17 -2.1465e-17 -7.46048e-05 -7.46048e-05 -2.1465e-17 -2.1465e-17
478 -7.47612e-05 -7.47612e-05 -2.151e-17 -2.151e-17 -7.47612e-05 -7.47612e-05 -2.151e-17 -2.151e-17
479 -7.49176e-05 -7.49176e-05 -2.1555e-17 -2.1555e-17 -7.49176e-05 -7.49176e-05 -2.1555e-17 -2.1555e-17
480 -7.5074e-05 -7.5074e-05 -2.16e-17 -2.16e-17 -7.5074e-05 -7.5074e-05 -2.16e-17 -2.16e-17
481 -7.52304e-05 -7.52304e-05 -2.1645e-17 -2.1645e-17 -7.52304e-05 -7.52304e-05 -2.1645e-17 -2.1645e-17
482 -7.53869e-05 -7.53869e-05 -2.169e-17 -2.169e-17 -7.53869e-05 -7.53869e-05 -2.169e-17 -2.169e-17
483 -7.55432e-05 -7.55432e-05 -2.1735e-17 -2.1735e-17 -7.55432e-05 -7.55432e-05 -2.1735e-17 -2.1735e-17
484 -7.56997e-05 -7.56997e-05 -2.178e-17 -2.178e-17 -7.56997e-05 -7.56997e-05 -2.178e-17 -2.178e-17
485 -7.5856e-05 -7.5856e-05 -2.1825e-17 -2.1825e-17 -7.5856e-05 -7.5856e-05 -2.1825e-17 -2.1825e-17
486 -7.60125e-05 -7.60125e-05 -2.187e-17 -2.187e-17 -7.60125e-05 -7.60125e-05 -2.187e-17 -2.187e-17
487 -7.61688e-05 -7.61688e-05 -2.1915e-17 -2.1915e-17 -7.61688e-05 -7.61688e-05 -2.1915e-17 -2.1915e-17
488 -7.63253e-05 -7.63253e-05 -2.196e-17 -2.196e-17 -7.63253e-05 -7.63253e-05 -2.196e-17 -2.196e-17
489 -7.64816e-05 -7.64816e-05 -2.2005e-17 -2.2005e-17 -7.64816e-05 -7.64816e-05 -2.2005e-17 -2.2005e-17
490 -7.66381e-05 -7.66381e-05 -2.205e-17 -2.205e-17 -7.66381e-05 -7.66381e-05 -2.205e-17 -2.205e-17
491 -7.67945e-05 -7.67945e-05 -2.2095e-17 -2.2095e-17 -7.67945e-05 -7.67945e-05 -2.2095e-17 -2.2095e-17
492 -7.69509e-05 -7.69509e-05 -2.214e-17 -2.214e-17 -7.69509e-05 -7.69509e-05 -2.214e-17 -2.214e-17
493 -7.71073e-05 -7.71073e-05 -2.2185e-17 -2.2185e-17 -7.71073e-05 -7.71073e-05 -2.2185e-17 -2.2185e-17
494 -7.72637e-05 -7.72637e-05 -2.223e-17 -2.223e-17 -7.72637e-05 -7.72637e-05 -2.223e-17 -2.223e-17
495 -7.74201e-05 -7.74201e-05 -2.2275e-17 -2.2275e-17 -7.74201e-05 -7.74201e-05 -2.2275e-17 -2.2275e-17
496 -7.75765e-05 -7.75765e-05 -2.232e-17 -2.232e-17 -7.75765e-05 -7.75765e-05 -2.232e-17 -2.232e-17
497 -7.77329e-05 -7.77329e-05 -2.2365e-17 -2.2365e-17 -7.77329e-05 -7.77329e-05 -2.2365e-17 -2.2365e-17
498 -7.78893e-05 -7.78893e-05 -2.241e-17 -2.241e-17 -7.78893e-05 -7.78893e-05 -2.241e-17 -2.241e-17
499 -7.80457e-05 -7.80457e-05 -2.2455e-17 -2.2455e-17 -7.80457e-05 -7.80457e-05 -2.2455e-17 -2.2455e-17
500 -7.82021e-05 -7.82021e-05 -2.25e-17 -2.25e-17 -7.82021e-05 -7.82021e-05 -2.25e-17 -2.25e-17
501 -7.82031e-05 -7.82031e-05 -2.25e-17 -2.25e-17 -7.82031e-05 -7.82031e-05 -2.25e-17 -2.25e-17
502 -7.82022e-05 -7.82022e-05 -2.25e-17 -2.25e-17 -7.82022e-05 -7.82022e-05 -2.25e-17 -2.25e-17
503 -7.82031e-05 -7.82031e-05 -2.25e-17 -2.25e-17 -7.82031e-05 -7.82031e-05 -2.25e-17 -2.25e-17
504 -7.82022e-05 -7.82022e-05 -2.25e-17 -2.25e-17 -7.82022e-05 -7.82022e-05 -2.25e-17 -2.25e-17
505 -7.8203e-05 -7.8203e-05 -2.25e-17 -2.25e-17 -7.8203e-05 -7.8203e-05 -2.25e-17 -2.25e-17
506 -7.82022e-05 -7.82022e-05 -2.25e-17 -2.25e-17 -7.82022e-05 -7.82022e-05 -2.25e-17 -2.25e-17
507 -7.8203e-05 -7.8203e-05 -2.25e-17 -2.25e-17 -7.8203e-05 -7.8203e-05 -2.25e-17 -2.25e-17
508 -7.82022e-05 -7.82022e-05 -2.25e-17 -2.25e-17 -7.82022e-05 -7.82022e-05 -2.25e-17 -2.25e-17
509 -7.8203e-05 -7.8203e-05 -2.25e-17 -2.25e-17 -7.8203e-05 -7.8203e-05 -2.25e-17 -2.25e-17
510 -7.82022e-05 -7.82022e-05 -2.25e-17 -2.25e-17 -7.82022e-05 -7.82022e-05 -2.25e-17 -2.25e-17
511 -7.8203e-05 -7.8203e-05 -2.25e-17 -2.25e-17 -7.8203e-05 -7.8203e-05 -2.25e-17 -2.25e-17
512 -7.82022e-05 -7.82022e-05 -2.25e-17 -2.25e-17 -7.82022e-05 -7.82022e-05 -2.25e-17 -2.25e-17
513 -7.8203e-05 -7.8203e-05 -2.25e-17 -2.25e-17 -7.8203e-05 -7.8203e-05 -2.25e-17 -2.25e-17
514 -7.82023e-05 -7.82023e-05 -2.25e-17 -2.25e-17 -7.82023e-05 -7.82023e-05 -2.25e-17 -2.25e-17
515 -7.8203e-05 -7.8203e-05 -2.25e-17 -2.25e-17 -7.8203e-05 -7.8203e-05 -2.25e-17 -2.25e-17
516 -7.82023e-05 -7.82023e-05 -2.25e-17 -2.25e-17 -7.82023e-05 -7.82023e-05 -2.25e-17 -2.25e-17
517 -7.8203e-05 -7.8203e-05 -2.25e-17 -2.25e-17 -7.8203e-05 -7.8203e-05 -2.25e-17 -2.25e-17
518 -7.82023e-05 -7.82023e-05 -2.25e-17 -2.25e-17 -7.82023e-05 -7.82023e-05 -2.25e-17 -2.25e-17
519 -7.82029e-05 -7.82029e-05 -2.25e-17 -2.25e-17 -7.82029e-05 -7.82029e-05 -2.25e-17 -2.25e-17
520 -7.82023e-05 -7.82023e-05 -2.25e-17 -2.25e-17 -7.82023e-05 -7.82023e-05 -2.25e-17 -2.25e-17
521 -7.82029e-05 -7.82029e-05 -2.25e-17 -2.25e-17 -7.82029e-05 -7.82029e-05 -2.25e-17 -2.25e-17
522 -7.82023e-05 -7.82023e-05 -2.25e-17 -2.25e-17 -7.82023e-05 -7.82023e-05 -2.25e-17 -2.25e-17
523 -7.82029e-05 -7.82029e-05 -2.25e-17 -2.25e-17 -7.82029e-05 -7.82029e-05 -2.25e-17 -2.25e-17
524 -7.82023e-05 -7.82023e-05 -2.25e-17 -2.25e-17 -7.82023e-05 -7.82023e-05 -2.25e-17 -2.25e-17
525 -7.82029e-05 -7.82029e-05 -2.25e-17 -2.25e-17 -7.82029e-05 -7.82029e-05 -2.25e-17 -2.25e-17
526 -7.82023e-05 -7.82023e-05 -2.25e-17 -2.25e-17 -7.82023e-05 -7.82023e-05 -2.25e-17 -2.25e-17
527 -7.82029e-05 -7.82029e-05 -2.25e-17 -2.25e-17 -7.82029e-05 -7.82029e-05 -2.25e-17 -2.25e-17
528 -7.82023e-05 -7.82023e-05 -2.25e-17 -2.25e-17 -7.82023e-05 -7.82023e-05 -2.25e-17 -2.25e-17
529 -7.82029e-05 -7.82029e-05 -2.25e-17 -2.25e-17 -7.82029e-05 -7.82029e-05 -2.25e-17 -2.25e-17
530 -7.82023e-05 -7.82023e-05 -2.25e-17 -2.25e-17 -7.82023e-05 -7.82023e-05 -2.25e-17 -2.25e-17
531 -7.82029e-05 -7.82029e-05 -2.25e-17 -2.25e-17 -7.82029e-05 -7.82029e-05 -2.25e-17 -2.25e-17
532 -7.82024e-05 -7.82024e-05 -2.25e-17 -2.25e-17 -7.82024e-05 -7.82024e-05 -2.25e-17 -2.25e-17
533 -7.82029e-05 -7.82029e-05 -2.25e-17 -2.25e-17 -7.82029e-05 -7.82029e-05 -2.25e-17 -2.25e-17
534 -7.82024e-05 -7.82024e-05 -2.25e-17 -2.25e-17 -7.82024e-05 -7.82024e-05 -2.25e-17 -2.25e-17
535 -7.82029e-05 -7.82029e-05 -2.25e-17 -2.25e-17 -7.82029e-05 -7.82029e-05 -2.25e-17 -2.25e-17
536 -7.82024e-05 -7.82024e-05 -2.25e-17 -2.25e-17 -7.82024e-05 -7.82024e-05 -2.25e-17 -2.25e-17
537 -7.82029e-05 -7.82029e-05 -2.25e-17 -2.25e-17 -7.82029e-05 -7.82029e-05 -2.25e-17 -2.25e-17
538 -7.82024e-05 -7.82024e-05 -2.25e-17 -2.25e-17 -7.82024e-05 -7.82024e-05 -2.25e-17 -2.25e-17
539 -7.82028e-05 -7.82028e-05 -2.25e-17 -2.25e-17 -7.82028e-05 -7.82028e-05 -2.25e-17 -2.25e-17
540 -7.82024e-05 -7.82024e-05 -2.25e-17 -2.25e-17 -7.82024e-05 -7.82024e-05 -2.25e-17 -2.25e-17
541 -7.82028e-05 -7.82028e-05 -2.25e-17 -2.25e-17 -7.82028e-05 -7.82028e-05 -2.25e-17 -2.25e-17
542 -7.82024e-05 -7.82024e-05 -2.25e-17 -2.25e-17 -7.82024e-05 -7.82024e-05 -2.25e-17 -2.25e-17
543 -7.82028e-05 -7.82028e-05 -2.25e-17 -2.25e-17 -7.82028e-05 -7.82028e-05 -2.25e-17 -2.25e-17
544 -7.82024e-05 -7.82024e-05 -2.25e-17 -2.25e-17 -7.82024e-05 -7.82024e-05 -2.25e-17 -2.25e-17
545 -7.82028e-05 -7.82028e-05 -2.25e-17 -2.25e-17 -7.82028e-05 -7.82028e-05 -2.25e-17 -2.25e-17
546 -7.82024e-05 -7.82024e-05 -2.25e-17 -2.25e-17 -7.82024e-05 -7.82024e-05 -2.25e-17 -2.25e-17
547 -7.82028e-05 -7.82028e-05 -2.25e-17 -2.25e-17 -7.82028e-05 -7.82028e-05 -2.25e-17 -2.25e-17
548 -7.82024e-05 -7.82024e-05 -2.25e-17 -2.25e-17 -7.82024e-05 -7.82024e-05 -2.25e-17 -2.25e-17
549 -7.82028e-05 -7.82028e-05 -2.25e-17 -2.25e-17 -7.82028e-05 -7.82028e-05 -2.25e-17 -2.25e-17
550 -7.82024e-05 -7.82024e-05 -2.25e-17 -2.25e-17 -7.82024e-05 -7.82024e-05 -2.25e-17 -2.25e-17
551 -7.83409e-05 -7.83409e-05 -2.25e-17 -2.25e-17 -7.83409e-05 -7.83409e-05 -2.25e-17 -2.25e-17
552 -7.83424e-05 -7.83424e-05 -2.25e-17 -2.25e-17 -7.83424e-05 -7.83424e-05 -2.25e-17 -2.25e-17
553 -7.8341e-05 -7.8341e-05 -2.25e-17 -2.25e-17 -7.8341e-05 -7.8341e-05 -2.25e-17 -2.25e-17
554 -7.83424e-05 -7.83424e-05 -2.25e-17 -2.25e-17 -7.83424e-05 -7.83424e-05 -2.25e-17 -2.25e-17
555 -7.8341e-05 -7.8341e-05 -2.25e-17 -2.25e-17 -7.8341e-05 -7.8341e-05 -2.25e-17 -2.25e-17
556 -7.83423e-05 -7.83423e-05 -2.25e-17 -2.25e-17 -7.83423e-05 -7.83423e-05 -2.25e-17 -2.25e-17
557 -7.8341e-05 -7.8341e-05 -2.25e-17 -2.25e-17 -7.8341e-05 -7.8341e-05 -2.25e-17 -2.25e-17
558 -7.83423e-05 -7.83423e-05 -2.25e-17 -2.25e-17 -7.83423e-05 -7.83423e-05 -2.25e-17 -2.25e-17
559 -7.8341e-05 -7.8341e-05 -2.25e-17 -2.25e-17 -7.8341e-05 -7.8341e-05 -2.25e-17 -2.25e-17
560 -7.83423e-05 -7.83423e-05 -2.25e-17 -2.25e-17 -7.83423e-05 -7.83423e-05 -2.25e-17 -2.25e-17
561 -7.8341e-05 -7.8341e-05 -2.25e-17 -2.25e-17 -7.8341e-05 -7.8341e-05 -2.25e-17 -2.25e-17
562 -7.83423e-05 -7.83423e-05 -2.25e-17 -2.25e-17 -7.83423e-05 -7.83423e-05 -2.25e-17 -2.25e-17
563 -7.8341e-05 -7.8341e-05 -2.25e-17 -2.25e-17 -7.8341e-05 -7.8341e-05 -2.25e-17 -2.25e-17
564 -7.83423e-05 -7.83423e-05 -2.25e-17 -2.25e-17 -7.83423e-05 -7.83423e-05 -2.25e-17 -2.25e-17
565 -7.8341e-05 -7.8341e-05 -2.25e-17 -2.25e-17 -7.8341e-05 -7.8341e-05 -2.25e-17 -2.25e-17
566 -7.83423e-05 -7.83423e-05 -2.25e-17 -2.25e-17 -7.83423e-05 -7.83423e-05 -2.25e-17 -2.25e-17
567 -7.8341e-05 -7.8341e-05 -2.25e-17 -2.25e-17 -7.8341e-05 -7.8341e-05 -2.25e-17 -2.25e-17
568 -7.83423e-05 -7.83423e-05 -2.25e-17 -2.25e-17 -7.83423e-05 -7.83423e-05 -2.25e-17 -2.25e-17
569 -7.8341e-05 -7.8341e-05 -2.25e-17 -2.25e-17 -7.8341e-05 -7.8341e-05 -2.25e-17 -2.25e-17
570 -7.83423e-05 -7.83423e-05 -2.25e-17 -2.25e-17 -7.83423e-05 -7.83423e-05 -2.25e-17 -2.25e-17
571 -7.83411e-05 -7.83411e-05 -2.25e-17 -2.25e-17 -7.83411e-05 -7.83411e-05 -2.25e-17 -2.25e-17
572 -7.83423e-05 -7.83423e-05 -2.25e-17 -2.25e-17 -7.83423e-05 -7.83423e-05 -2.25e-17 -2.25e-17
573 -7.83411e-05 -7.83411e-05 -2.25e-17 -2.25e-17 -7.83411e-05 -7.83411e-05 -2.25e-17 -2.25e-17
574 -7.83422e-05 -7.83422e-05 -2.25e-17 -2.25e-17 -7.83422e-05 -7.83422e-05 -2.25e-17 -2.25e-17
575 -7.83411e-05 -7.83411e-05 -2.25e-17 -2.25e-17 -7.83411e-05 -7.83411e-05 -2.25e-17 -2.25e-17
576 -7.83422e-05 -7.83422e-05 -2.25e-17 -2.25e-17 -7.83422e-05 -7.83422e-05 -2.25e-17 -2.25e-17
577 -7.83411e-05 -7.83411e-05 -2.25e-17 -2.25e-17 -7.83411e-05 -7.83411e-05 -2.25e-17 -2.25e-17
578 -7.83422e-05 -7.83422e-05 -2.25e-17 -2.25e-17 -7.83422e-05 -7.83422e-05 -2.25e-17 -2.25e-17
579 -7.83411e-05 -7.83411e-05 -2.25e-17 -2.25e-17 -7.83411e-05 -7.83411e-05 -2.25e-17 -2.25e-17
580 -7.83422e-05 -7.83422e-05 -2.25e-17 -2.25e-17 -7.83422e-05 -7.83422e-05 -2.25e-17 -2.25e-17
581 -7.83411e-05 -7.83411e-05 -2.25e-17 -2.25e-17 -7.83411e-05 -7.83411e-05 -2.25e-17 -2.25e-17
582 -7.83422e-05 -7.83422e-05 -2.25e-17 -2.25e-17 -7.83422e-05 -7.83422e-05 -2.25e-17 -2.25e-17
583 -7.83411e-05 -7.83411e-05 -2.25e-17 -2.25e-17 -7.83411e-05 -7.83411e-05 -2.25e-17 -2.25e-17
584 -7.83422e-05 -7.83422e-05 -2.25e-17 -2.25e-17 -7.83422e-05 -7.83422e-05 -2.25e-17 -2.25e-17
585 -7.83411e-05 -7.83411e-05 -2.25e-17 -2.25e-17 -7.83411e-05 -7.83411e-05 -2.25e-17 -2.25e-17
586 -7.83422e-05 -7.83422e-05 -2.25e-17 -2.25e-17 -7.83422e-05 -7.83422e-05 -2.25e-17 -2.25e-17
587 -7.83411e-05 -7.83411e-05 -2.25e-17 -2.25e-17 -7.83411e-05 -7.83411e-05 -2.25e-17 -2.25e-17
588 -7.83422e-05 -7.83422e-05 -2.25e-17 -2.25e-17 -7.83422e-05 -7.83422e-05 -2.25e-17 -2.25e-17
589 -7.83412e-05 -7.83412e-05 -2.25e-17 -2.25e-17 -7.83412e-05 -7.83412e-05 -2.25e-17 -2.25e-17
590 -7.83422e-05 -7.83422e-05 -2.25e-17 -2.25e-17 -7.83422e-05 -7.83422e-05 -2.25e-17 -2.25e-17
591 -7.83412e-05 -7.83412e-05 -2.25e-17 -2.25e-17 -7.83412e-05 -7.83412e-05 -2.25e-17 -2.25e-17
592 -7.83421e-05 -7.83421e-05 -2.25e-17 -2.25e-17 -7.83421e-05 -7.83421e-05 -2.25e-17 -2.25e-17
593 -7.83412e-05 -7.83412e-05 -2.25e-17 -2.25e-17 -7.83412e-05 -7.83412e-05 -2.25e-17 -2.25e-17
594 -7.83421e-05 -7.83421e-05 -2.25e-17 -2.25e-17 -7.83421e-05 -7.83421e-05 -2.25e-17 -2.25e-17
595 -7.83412e-05 -7.83412e-05 -2.25e-17 -2.25e-17 -7.83412e-05 -7.83412e-05 -2.25e-17 -2.25e-17
596 -7.83421e-05 -7.83421e-05 -2.25e-17 -2.25e-17 -7.83421e-05 -7.83421e-05 -2.25e-17 -2.25e-17
597 -7.83412e-05 -7.83412e-05 -2.25e-17 -2.25e-17 -7.83412e-05 -7.83412e-05 -2.25e-17 -2.25e-17
598 -7.83421e-05 -7.83421e-05 -2.25e-17 -2.25e-17 -7.83421e-05 -7.83421e-05 -2.25e-17 -2.25e-17
599 -7.83412e-05 -7.83412e-05 -2.25e-17 -2.25e-17 -7.83412e-05 -7.83412e-05 -2.25e-17 -2.25e-17
600 -7.83421e-05 -7.83421e-05 -2.25e-17 -2.25e-17 -7.83421e-05 -7.83421e-05 -2.25e-17 -2.25e-17
700 -6.17327e-05 -6.17327e-05 -2.25e-17 -2.25e-17 -6.17327e-05 -6.17327e-05 -2.25e-17 -2.25e-17
800 -4.51175e-05 -4.51175e-05 -2.25e-17 -2.25e-17 -4.51175e-05 -4.51175e-05 -2.25e-17 -2.25e-17
900 -2.85002e-05 -2.85002e-05 -2.25e-17 -2.25e-17 -2.85002e-05 -2.85002e-05 -2.25e-17 -2.25e-17
1000 -1.18806e-05 -1.18806e-05 -2.25e-17 -2.25e-17 -1.18806e-05 -1.18806e-05 -2.25e-17 -2.25e-17
1100 4.74389e-06 4.74389e-06 -2.25e-17 -2.25e-17 4.74389e-06 4.74389e-06 -2.25e-17 -2.25e-17
1200 2.13692e-05 2.13692e-05 -2.25e-17 -2.25e-17 2.13692e-05 2.13692e-05 -2.25e-17 -2.25e-17
1300 3.79965e-05 3.79965e-05 -2.25e-17 -2.25e-17 3.79965e-05 3.79965e-05 -2.25e-17 -2.25e-17
1400 5.46282e-05 5.46283e-05 -2.25e-17 -2.25e-17 5.46282e-05 5.46282e-05 -2.25e-17 -2.25e-17
1500 7.12606e-05 7.12606e-05 -2.25e-17 -2.25e-17 7.12606e-05 7.12606e-05 -2.25e-17 -2.25e-17
1600 8.78936e-05 8.78936e-05 -2.25e-17 -2.25e-17 8.78936e-05 8.78936e-05 -2.25e-17 -2.25e-17
1700 0.00010453 0.00010453 -2.25e-17 -2.25e-17 0.00010453 0.00010453 -2.25e-17 -2.25e-17
1800 0.000121169 0.000121169 -2.25e-17 -2.25e-17 0.000121169 0.000121169 -2.25e-17 -2.25e-17
1900 0.000137808 0.000137808 -2.25e-17 -2.25e-17 0.000137808 0.000137808 -2.25e-17 -2.25e-17
2000 0.000154447 0.000154447 -2.25e-17 -2.25e-17 0.000154447 0.000154447 -2.25e-17 -2.25e-17
2100 0.000171089 0.000171089 -2.25e-17 -2.25e-17 0.000171089 0.000171089 -2.25e-17 -2.25e-17
2200 0.000187733 0.000187733 -2.25e-17 -2.25e-17 0.000187733 0.000187733 -2.25e-17 -2.25e-17
2300 0.000204378 0.000204378 -2.25e-17 -2.25e-17 0.000204378 0.000204378 -2.25e-17 -2.25e-17
2400 0.000221023 0.000221023 -2.25e-17 -2.25e-17 0.000221023 0.000221023 -2.25e-17 -2.25e-17
2500 0.000237668 0.000237668 -2.25e-17 -2.25e-17 0.000237668 0.000237668 -2.25e-17 -2.25e-17
2600 0.000254314 0.000254314 -2.25e-17 -2.25e-17 0.000254314 0.000254314 -2.25e-17 -2.25e-17
2700 0.000270964 0.000270964 -2.25e-17 -2.25e-17 0.000270964 0.000270964 -2.25e-17 -2.25e-17
2800 0.000287614 0.000287614 -2.25e-17 -2.25e-17 0.000287614 0.000287614 -2.25e-17 -2.25e-17
2900 0.000304263 0.000304263 -2.25e-17 -2.25e-17 0.000304263 0.000304263 -2.25e-17 -2.25e-17
3000 0.000320913 0.000320913 -2.25e-17 -2.25e-17 0.000320913 0.000320913 -2.25e-17 -2.25e-17
3100 0.000337563 0.000337563 -2.25e-17 -2.25e-17 0.000337563 0.000337563 -2.25e-17 -2.25e-17
3200 0.000354214 0.000354214 -2.25e-17 -2.25e-17 0.000354214 0.000354214 -2.25e-17 -2.25e-17
3300 0.000370867 0.000370867 -2.25e-17 -2.25e-17 0.000370867 0.000370867 -2.25e-17 -2.25e-17
3400 0.000387521 0.000387521 -2.25e-17 -2.25e-17 0.000387521 0.000387521 -2.25e-17 -2.25e-17
3500 0.000404175 0.000404175 -2.25e-17 -2.25e-17 0.000404175 0.000404175 -2.25e-17 -2.25e-17
3600 0.000420829 0.000420829 -2.25e-17 -2.25e-17 0.000420829 0.000420829 -2.25e-17 -2.25e-17
3700 0.000437484 0.000437484 -2.25e-17 -2.25e-17 0.000437484 0.000437484 -2.25e-17 -2.25e-17
3800 0.000454138 0.000454138 -2.25e-17 -2.25e-17 0.000454138 0.000454138 -2.25e-17 -2.25e-17
3900 0.000470792 0.000470792 -2.25e-17 -2.25e-17 0.000470792 0.000470792 -2.25e-17 -2.25e-17
4000 0.000487447 0.000487447 -2.25e-17 -2.25e-17 0.000487447 0.000487447 -2.25e-17 -2.25e-17
4100 0.000504103 0.000504103 -2.25e-17 -2.25e-17 0.000504103 0.000504103 -2.25e-17 -2.25e-17
4200 0.000520761 0.000520761 -2.25e-17 -2.25e-17 0.000520761 0.000520761 -2.25e-17 -2.25e-17
4300 0.000537419 0.000537419 -2.25e-17 -2.25e-17 0.000537419 0.000537419 -2.25e-17 -2.25e-17
4400 0.000554076 0.000554076 -2.25e-17 -2.25e-17 0.000554076 0.000554076 -2.25e-17 -2.25e-17
4500 0.000570734 0.000570734 -2.25e-17 -2.25e-17 0.000570734 0.000570734 -2.25e-17 -2.25e-17
4600 0.000587392 0.000587392 -2.25e-17 -2.25e-17 0.000587392 0.000587392 -2.25e-17 -2.25e-17
4700 0.00060405 0.00060405 -2.25e-17 -2.25e-17 0.00060405 0.00060405 -2.25e-17 -2.25e-17
4800 0.000620708 0.000620708 -2.25e-17 -2.25e-17 0.000620708 0.000620708 -2.25e-17 -2.25e-17
4900 0.000637366 0.000637366 -2.25e-17 -2.25e-17 0.000637366 0.000637366 -2.25e-17 -2.25e-17
5000 0.000654024 0.000654024 -2.25e-17 -2.25e-17 0.000654024 0.000654024 -2.25e-17 -2.25e-17
5100 0.000670682 0.000670682 -2.25e-17 -2.25e-17 0.000670682 0.000670682 -2.25e-17 -2.25e-17
5200 0.00068734 0.00068734 -2.25e-17 -2.25e-17 0.00068734 0.00068734 -2.25e-17 -2.25e-17
5300 0.000704001 0.000704001 -2.25e-17 -2.25e-17 0.000704001 0.000704001 -2.25e-17 -2.25e-17
5400 0.000720662 0.000720662 -2.25e-17 -2.25e-17 0.000720662 0.000720662 -2.25e-17 -2.25e-17
5500 0.000737323 0.000737323 -2.25e-17 -2.25e-17 0.000737323 0.000737323 -2.25e-17 -2.25e-17
5600 0.000753983 0.000753983 -2.25e-17 -2.25e-17 0.000753983 0.000753983 -2.25e-17 -2.25e-17
5700 0.000770644 0.000770644 -2.25e-17 -2.25e-17 0.000770644 0.000770644 -2.25e-17 -2.25e-17
5800 0.000787305 0.000787305 -2.25e-17 -2.25e-17 0.000787305 0.000787305 -2.25e-17 -2.25e-17
5900 0.000803966 0.000803966 -2.25e-17 -2.25e-17 0.000803966 0.000803966 -2.25e-17 -2.25e-17
6000 0.000820626 0.000820626 -2.25e-17 -2.25e-17 0.000820626 0.000820626 -2.25e-17 -2.25e-17
6100 0.000837287 0.000837287 -2.25e-17 -2.25e-17 0.000837287 0.000837287 -2.25e-17 -2.25e-17
6200 0.000853948 0.000853948 -2.25e-17 -2.25e-17 0.000853948 0.000853948 -2.25e-17 -2.25e-17
6300 0.000870609 0.000870609 -2.25e-17 -2.25e-17 0.000870609 0.000870609 -2.25e-17 -2.25e-17
6400 0.000887269 0.000887269 -2.25e-17 -2.25e-17 0.000887269 0.000887269 -2.25e-17 -2.25e-17
6500 0.00090393 0.00090393 -2.25e-17 -2.25e-17 0.00090393 0.00090393 -2.25e-17 -2.25e-17
6600 0.000920591 0.000920591 -2.25e-17 -2.25e-17 0.000920591 0.000920591 -2.25e-17 -2.25e-17
6700 0.000937252 0.000937252 -2.25e-17 -2.25e-17 0.000937252 0.000937252 -2.25e-17 -2.25e-17
6800 0.000953913 0.000953913 -2.25e-17 -2.25e-17 0.000953913 0.000953913 -2.25e-17 -2.25e-17
6900 0.000970575 0.000970575 -2.25e-17 -2.25e-17 0.000970575 0.000970575 -2.25e-17 -2.25e-17
7000 0.000987238 0.000987238 -2.25e-17 -2.25e-17 0.000987238 0.000987238 -2.25e-17 -2.25e-17
7100 0.0010039 0.0010039 -2.25e-17 -2.25e-17 0.0010039 0.0010039 -2.25e-17 -2.25e-17
7200 0.00102056 0.00102056 -2.25e-17 -2.25e-17 0.00102056 0.00102056 -2.25e-17 -2.25e-17
7300 0.00103723 0.00103723 -2.25e-17 -2.25e-17 0.00103723 0.00103723 -2.25e-17 -2.25e-17
7400 0.00105389 0.00105389 -2.25e-17 -2.25e-17 0.00105389 0.00105389 -2.25e-17 -2.25e-17
7500 0.00107055 0.00107055 -2.25e-17 -2.25e-17 0.00107055 0.00107055 -2.25e-17 -2.25e-17
7600 0.00108722 0.00108722 -2.25e-17 -2.25e-17 0.00108722 0.00108722 -2.25e-17 -2.25e-17
7700 0.00110388 0.00110388 -2.25e-17 -2.25e-17 0.00110388 0.00110388 -2.25e-17 -2.25e-17
7800 0.00112054 0.00112054 -2.25e-17 -2.25e-17 0.00112054 0.00112054 -2.25e-17 -2.25e-17
7900 0.00113721 0.00113721 -2.25e-17 -2.25e-17 0.00113721 0.00113721 -2.25e-17 -2.25e-17
8000 0.00115387 0.00115387 -2.25e-17 -2.25e-17 0.00115387 0.00115387 -2.25e-17 -2.25e-17
8100 0.00117053 0.00117053 -2.25e-17 -2.25e-17 0.00117053 0.00117053 -2.25e-17 -2.25e-17
8200 0.00118719 0.00118719 -2.25e-17 -2.25e-17 0.00118719 0.00118719 -2.25e-17 -2.25e-17
8300 0.00120386 0.00120386 -2.25e-17 -2.25e-17 0.00120386 0.00120386 -2.25e-17 -2.25e-17
8400 0.00122052 0.00122052 -2.25e-17 -2.25e-17 0.00122052 0.00122052 -2.25e-17 -2.25e-17
8500 0.00123718 0.00123718 -2.25e-17 -2.25e-17 0.00123718 0.00123718 -2.25e-17 -2.25e-17
8600 0.00125385 0.00125385 -2.25e-17 -2.25e-17 0.00125385 0.00125385 -2.25e-17 -2.25e-17
8700 0.00127051 0.00127051 -2.25e-17 -2.25e-17 0.00127051 0.00127051 -2.25e-17 -2.25e-17
8800 0.00128717 0.00128717 -2.25e-17 -2.25e-17 0.00128717 0.00128717 -2.25e-17 -2.25e-17
8900 0.00130384 0.00130384 -2.25e-17 -2.25e-17 0.00130384 0.00130384 -2.25e-17 -2.25e-17
9000 0.0013205 0.0013205 -2.25e-17 -2.25e-17 0.0013205 0.0013205 -2.25e-17 -2.25e-17
9100 0.00133716 0.00133716 -2.25e-17 -2.25e-17 0.00133716 0.00133716 -2.25e-17 -2.25e-17
9200 0.00135382 0.00135382 -2.25e-17 -2.25e-17 0.00135382 0.00135382 -2.25e-17 -2.25e-17
9300 0.00137049 0.00137049 -2.25e-17 -2.25e-17 0.00137049 0.00137049 -2.25e-17 -2.25e-17
9400 0.00138715 0.00138715 -2.25e-17 -2.25e-17 0.00138715 0.00138715 -2.25e-17 -2.25e-17
9500 0.00140382 0.00140382 -2.25e-17 -2.25e-17 0.00140382 0.00140382 -2.25e-17 -2.25e-17
9600 0.00142048 0.00142048 -2.25e-17 -2.25e-17 0.00142048 0.00142048 -2.25e-17 -2.25e-17
9700 0.00143715 0.00143715 -2.25e-17 -2.25e-17 0.00143715 0.00143715 -2.25e-17 -2.25e-17
9800 0.00145381 0.00145381 -2.25e-17 -2.25e-17 0.00145381 0.00145381 -2.25e-17 -2.25e-17
9900 0.00147048 0.00147048 -2.25e-17 -2.25e-17 0.00147048 0.00147048 -2.25e-17 -2.25e-17
10000 0.00148714 0.00148714 -2.25e-17 -2.25e-17 0.00148714 0.00148714 -2.25e-17 -2.25e-17
10100 0.0015038 0.0015038 -2.25e-17 -2.25e-17 0.0015038 0.0015038 -2.25e-17 -2.25e-17
10200 0.00152047 0.00152047 -2.25e-17 -2.25e-17 0.00152047 0.00152047 -2.25e-17 -2.25e-17
10300 0.00153713 0.00153713 -2.25e-17 -2.25e-17 0.00153713 0.00153713 -2.25e-17 -2.25e-17
10400 0.0015538 0.0015538 -2.25e-17 -2.25e-17 0.0015538 0.0015538 -2.25e-17 -2.25e-17
10500 0.00157046 0.00157046 -2.25e-17 -2.25e-17 0.00157046 0.00157046 -2.25e-17 -2.25e-17
10600 0.00158713 0.00158713 -2.25e-17 -2.25e-17 0.00158713 0.00158713 -2.25e-17 -2.25e-17
10700 0.00160379 0.00160379 -2.25e-17 -2.25e-17 0.00160379 0.00160379 -2.25e-17 -2.25e-17
10800 0.00162046 0.00162046 -2.25e-17 -2.25e-17 0.00162046 0.00162046 -2.25e-17 -2.25e-17
10900 0.00163712 0.00163712 -2.25e-17 -2.25e-17 0.00163712 0.00163712 -2.25e-17 -2.25e-17
11000 0.00165379 0.00165379 -2.25e-17 -2.25e-17 0.00165379 0.00165379 -2.25e-17 -2.25e-17
11100 0.00167045 0.00167045 -2.25e-17 -2.25e-17 0.00167045 0.00167045 -2.25e-17 -2.25e-17
11200 0.00168712 0.00168712 -2.25e-17 -2.25e-17 0.00168712 0.00168712 -2.25e-17 -2.25e-17
11300 0.00170378 0.00170378 -2.25e-17 -2.25e-17 0.00170378 0.00170378 -2.25e-17 -2.25e-17
11400 0.00172045 0.00172045 -2.25e-17 -2.25e-17 0.00172045 0.00172045 -2.25e-17 -2.25e-17
11500 0.00173711 0.00173711 -2.25e-17 -2.25e-17 0.00173711 0.00173711 -2.25e-17 -2.25e-17
11600 0.00175378 0.00175378 -2.25e-17 -2.25e-17 0.00175378 0.00175378 -2.25e-17 -2.25e-17
11700 0.00177044 0.00177044 -2.25e-17 -2.25e-17 0.00177044 0.00177044 -2.25e-17 -2.25e-17
11800 0.00178711 0.00178711 -2.25e-17 -2.25e-17 0.00178711 0.00178711 -2.25e-17 -2.25e-17
11900 0.00180377 0.00180377 -2.25e-17 -2.25e-17 0.00180377 0.00180377 -2.25e-17 -2.25e-17
12000 0.00182044 0.00182044 -2.25e-17 -2.25e-17 0.00182044 0.00182044 -2.25e-17 -2.25e-17
12100 0.0018371 0.0018371 -2.25e-17 -2.25e-17 0.0018371 0.0018371 -2.25e-17 -2.25e-17
12200 0.00185377 0.00185377 -2.25e-17 -2.25e-17 0.00185377 0.00185377 -2.25e-17 -2.25e-17
12300 0.00187043 0.00187043 -2.25e-17 -2.25e-17 0.00187043 0.00187043 -2.25e-17 -2.25e-17
12400 0.0018871 0.0018871 -2.25e-17 -2.25e-17 0.0018871 0.0018871 -2.25e-17 -2.25e-17
12500 0.00190376 0.00190376 -2.25e-17 -2.25e-17 0.00190376 0.00190376 -2.25e-17 -2.25e-17
12600 0.00192043 0.00192043 -2.25e-17 -2.25e-17 0.00192043 0.00192043 -2.25e-17 -2.25e-17
12700 0.00193709 0.00193709 -2.25e-17 -2.25e-17 0.00193709 0.00193709 -2.25e-17 -2.25e-17
12800 0.00195376 0.00195376 -2.25e-17 -2.25e-17 0.00195376 0.00195376 -2.25e-17 -2.25e-17
12900 0.00197042 0.00197042 -2.25e-17 -2.25e-17 0.00197042 0.00197042 -2.25e-17 -2.25e-17
13000 0.00198709 0.00198709 -2.25e-17 -2.25e-17 0.00198709 0.00198709 -2.25e-17 -2.25e-17
13100 0.00200375 0.00200375 -2.25e-17 -2.25e-17 0.00200375 0.00200375 -2.25e-17 -2.25e-17
13200 0.00202042 0.00202042 -2.25e-17 -2.25e-17 0.00202042 0.00202042 -2.25e-17 -2.25e-17
13300 0.00203708 0.00203708 -2.25e-17 -2.25e-17 0.00203708 0.00203708 -2.25e-17 -2.25e-17
13400 0.00205375 0.00205375 -2.25e-17 -2.25e-17 0.00205375 0.00205375 -2.25e-17 -2.25e-17
13500 0.00207041 0.00207041 -2.25e-17 -2.25e-17 0.00207041 0.00207041 -2.25e-17 -2.25e-17
13600 0.00208708 0.00208708 -2.25e-17 -2.25e-17 0.00208708 0.00208708 -2.25e-17 -2.25e-17
13700 0.00210374 0.00210374 -2.25e-17 -2.25e-17 0.00210374 0.00210374 -2.25e-17 -2.25e-17
13800 0.00212041 0.00212041 -2.25e-17 -2.25e-17 0.00212041 0.00212041 -2.25e-17 -2.25e-17
13900 0.00213707 0.00213707 -2.25e-17 -2.25e-17 0.00213707 0.00213707 -2.25e-17 -2.25e-17
14000 0.00215374 0.00215374 -2.25e-17 -2.25e-17 0.00215374 0.00215374 -2.25e-17 -2.25e-17
14100 0.0021704 0.0021704 -2.25e-17 -2.25e-17 0.0021704 0.0021704 -2.25e-17 -2.25e-17
14200 0.00218707 0.00218707 -2.25e-17 -2.25e-17 0.00218707 0.00218707 -2.25e-17 -2.25e-17
14300 0.00220374 0.00220374 -2.25e-17 -2.25e-17 0.00220374 0.00220374 -2.25e-17 -2.25e-17
14400 0.0022204 0.0022204 -2.25e-17 -2.25e-17 0.0022204 0.0022204 -2.25e-17 -2.25e-17
14500 0.00223707 0.00223707 -2.25e-17 -2.25e-17 0.00223707 0.00223707 -2.25e-17 -2.25e-17
14600 0.00225373 0.00225373 -2.25e-17 -2.25e-17 0.00225373 0.00225373 -2.25e-17 -2.25e-17
14700 0.0022704 0.0022704 -2.25e-17 -2.25e-17 0.0022704 0.0022704 -2.25e-17 -2.25e-17
14800 0.00228707 0.00228707 -2.25e-17 -2.25e-17 0.00228707 0.00228707 -2.25e-17 -2.25e-17
14900 0.00230373 0.00230373 -2.25e-17 -2.25e-17 0.00230373 0.00230373 -2.25e-17 -2.25e-17
15000 0.0023204 0.0023204 -2.25e-17 -2.25e-17 0.0023204 0.0023204 -2.25e-17 -2.25e-17
15100 0.00233707 0.00233707 -2.25e-17 -2.25e-17 0.00233707 0.00233707 -2.25e-17 -2.25e-17
15200 0.00235373 0.00235373 -2.25e-17 -2.25e-17 0.00235373 0.00235373 -2.25e-17 -2.25e-17
15300 0.0023704 0.0023704 -2.25e-17 -2.25e-17 0.0023704 0.0023704 -2.25e-17 -2.25e-17
15400 0.00238707 0.00238707 -2.25e-17 -2.25e-17 0.00238707 0.00238707 -2.25e-17 -2.25e-17
15500 0.00240373 0.00240373 -2.25e-17 -2.25e-17 0.00240373 0.00240373 -2.25e-17 -2.25e-17
15600 0.0024204 0.0024204 -2.25e-17 -2.25e-17 0.0024204 0.0024204 -2.25e-17 -2.25e-17
15700 0.00243707 0.00243707 -2.25e-17 -2.25e-17 0.00243707 0.00243707 -2.25e-17 -2.25e-17
15800 0.00245373 0.00245373 -2.25e-17 -2.25e-17 0.00245373 0.00245373 -2.25e-17 -2.25e-17
15900 0.0024704 0.0024704 -2.25e-17 -2.25e-17 0.0024704 0.0024704 -2.25e-17 -2.25e-17
16000 0.00248706 0.00248706 -2.25e-17 -2.25e-17 0.00248706 0.00248706 -2.25e-17 -2.25e-17
16100 0.00250373 0.00250373 -2.25e-17 -2.25e-17 0.00250373 0.00250373 -2.25e-17 -2.25e-17
16200 0.0025204 0.0025204 -2.25e-17 -2.25e-17 0.0025204 0.0025204 -2.25e-17 -2.25e-17
16300 0.00253706 0.00253706 -2.25e-17 -2.25e-17 0.00253706 0.00253706 -2.25e-17 -2.25e-17
16400 0.00255373 0.00255373 -2.25e-17 -2.25e-17 0.00255373 0.00255373 -2.25e-17 -2.25e-17
16500 0.0025704 0.0025704 -2.25e-17 -2.25e-17 0.0025704 0.0025704 -2.25e-17 -2.25e-17
16600 0.00258706 0.00258706 -2.25e-17 -2.25e-17 0.00258706 0.00258706 -2.25e-17 -2.25e-17
16700 0.00260373 0.00260373 -2.25e-17 -2.25e-17 0.00260373 0.00260373 -2.25e-17 -2.25e-17
16800 0.0026204 0.0026204 -2.25e-17 -2.25e-17 0.0026204 0.0026204 -2.25e-17 -2.25e-17
16900 0.00263706 0.00263706 -2.25e-17 -2.25e-17 0.00263706 0.00263706 -2.25e-17 -2.25e-17
17000 0.00265373 0.00265373 -2.25e-17 -2.25e-17 0.00265373 0.00265373 -2.25e-17 -2.25e-17
17100 0.0026704 0.0026704 -2.25e-17 -2.25e-17 0.0026704 0.0026704 -2.25e-17 -2.25e-17
17200 0.00268706 0.00268706 -2.25e-17 -2.25e-17 0.00268706 0.00268706 -2.25e-17 -2.25e-17
17300 0.00270373 0.00270373 -2.25e-17 -2.25e-17 0.00270373 0.00270373 -2.25e-17 -2.25e-17
17400 0.00272039 0.00272039 -2.25e-17 -2.25e-17 0.00272039 0.00272039 -2.25e-17 -2.25e-17
17500 0.00273706 0.00273706 -2.25e-17 -2.25e-17 0.00273706 0.00273706 -2.25e-17 -2.25e-17
17600 0.00275373 0.00275373 -2.25e-17 -2.25e-17 0.00275373 0.00275373 -2.25e-17 -2.25e-17
17700 0.00277039 0.00277039 -2.25e-17 -2.25e-17 0.00277039 0.00277039 -2.25e-17 -2.25e-17
17800 0.00278706 0.00278706 -2.25e-17 -2.25e-17 0.00278706 0.00278706 -2.25e-17 -2.25e-17
17900 0.00280373 0.00280373 -2.25e-17 -2.25e-17 0.00280373 0.00280373 -2.25e-17 -2.25e-17
18000 0.00282039 0.00282039 -2.25e-17 -2.25e-17 0.00282039 0.00282039 -2.25e-17 -2.25e-17
18100 0.00283706 0.00283706 -2.25e-17 -2.25e-17 0.00283706 0.00283706 -2.25e-17 -2.25e-17
18200 0.00285373 0.00285373 -2.25e-17 -2.25e-17 0.00285373 0.00285373 -2.25e-17 -2.25e-17
18300 0.00287039 0.00287039 -2.25e-17 -2.25e-17 0.00287039 0.00287039 -2.25e-17 -2.25e-17
18400 0.00288706 0.00288706 -2.25e-17 -2.25e-17 0.00288706 0.00288706 -2.25e-17 -2.25e-17
18500 0.00290373 0.00290373 -2.25e-17 -2.25e-17 0.00290373 0.00290373 -2.25e-17 -2.25e-17
18600 0.00292039 0.00292039 -2.25e-17 -2.25e-17 0.00292039 0.00292039 -2.25e-17 -2.25e-17
18700 0.00293706 0.00293706 -2.25e-17 -2.25e-17 0.00293706 0.00293706 -2.25e-17 -2.25e-17
18800 0.00295373 0.00295373 -2.25e-17 -2.25e-17 0.00295373 0.00295373 -2.25e-17 -2.25e-17
18900 0.00297039 0.00297039 -2.25e-17 -2.25e-17 0.00297039 0.00297039 -2.25e-17 -2.25e-17
19000 0.00298706 0.00298706 -2.25e-17 -2.25e-17 0.00298706 0.00298706 -2.25e-17 -2.25e-17
19100 0.00300373 0.00300373 -2.25e-17 -2.25e-17 0.00300373 0.00300373 -2.25e-17 -2.25e-17
19200 0.00302039 0.00302039 -2.25e-17 -2.25e-17 0.00302039 0.00302039 -2.25e-17 -2.25e-17
19300 0.00303706 0.00303706 -2.25e-17 -2.25e-17 0.00303706 0.00303706 -2.25e-17 -2.25e-17
19400 0.00305373 0.00305373 -2.25e-17 -2.25e-17 0.00305373 0.00305373 -2.25e-17 -2.25e-17
19500 0.00307039 0.00307039 -2.25e-17 -2.25e-17 0.00307039 0.00307039 -2.25e-17 -2.25e-17
19600 0.00308706 0.00308706 -2.25e-17 -2.25e-17 0.00308706 0.00308706 -2.25e-17 -2.25e-17
19700 0.00310372 0.00310372 -2.25e-17 -2.25e-17 0.00310372 0.00310372 -2.25e-17 -2.25e-17
19800 0.00312039 0.00312039 -2.25e-17 -2.25e-17 0.00312039 0.00312039 -2.25e-17 -2.25e-17
19900 0.00313706 0.00313706 -2.25e-17 -2.25e-17 0.00313706 0.00313706 -2.25e-17 -2.25e-17
20000 0.00315372 0.00315372 -2.25e-17 -2.25e-17 0.00315372 0.00315372 -2.25e-17 -2.25e-17
20100 0.00317039 0.00317039 -2.25e-17 -2.25e-17 0.00317039 0.00317039 -2.25e-17 -2.25e-17
20200 0.00318706 0.00318706 -2.25e-17 -2.25e-17 0.00318706 0.00318706 -2.25e-17 -2.25e-17
20300 0.00320372 0.00320372 -2.25e-17 -2.25e-17 0.00320372 0.00320372 -2.25e-17 -2.25e-17
20400 0.00322039 0.00322039 -2.25e-17 -2.25e-17 0.00322039 0.00322039 -2.25e-17 -2.25e-17
20500 0.00323706 0.00323706 -2.25e-17 -2.25e-17 0.00323706 0.00323706 -2.25e-17 -2.25e-17
20600 0.00325372 0.00325372 -2.25e-17 -2.25e-17 0.00325372 0.00325372 -2.25e-17 -2.25e-17
20700 0.00327039 0.00327039 -2.25e-17 -2.25e-17 0.00327039 0.00327039 -2.25e-17 -2.25e-17
20800 0.00328706 0.00328706 -2.25e-17 -2.25e-17 0.00328706 0.00328706 -2.25e-17 -2.25e-17
20900 0.00330372 0.00330372 -2.25e-17 -2.25e-17 0.00330372 0.00330372 -2.25e-17 -2.25e-17
21000 0.00332039 0.00332039 -2.25e-17 -2.25e-17 0.00332039 0.00332039 -2.25e-17 -2.25e-17
21100 0.00333706 0.00333706 -2.25e-17 -2.25e-17 0.00333706 0.00333706 -2.25e-17 -2.25e-17
21200 0.00335372 0.00335372 -2.25e-17 -2.25e-17 0.00335372 0.00335372 -2.25e-17 -2.25e-17
21300 0.00337039 0.00337039 -2.25e-17 -2.25e-17 0.00337039 0.00337039 -2.25e-17 -2.25e-17
21400 0.00338706 0.00338706 -2.25e-17 -2.25e-17 0.00338706 0.00338706 -2.25e-17 -2.25e-17
21500 0.00340372 0.00340372 -2.25e-17 -2.25e-17 0.00340372 0.00340372 -2.25e-17 -2.25e-17
21600 0.00342039 0.00342039 -2.25e-17 -2.25e-17 0.00342039 0.00342039 -2.25e-17 -2.25e-17
21700 0.00343706 0.00343706 -2.25e-17 -2.25e-17 0.00343706 0.00343706 -2.25e-17 -2.25e-17
21800 0.00345372 0.00345372 -2.25e-17 -2.25e-17 0.00345372 0.00345372 -2.25e-17 -2.25e-17
21900 0.00347039 0.00347039 -2.25e-17 -2.25e-17 0.00347039 0.00347039 -2.25e-17 -2.25e-17
22000 0.00348706 0.00348706 -2.25e-17 -2.25e-17 0.00348706 0.00348706 -2.25e-17 -2.25e-17
22100 0.00350372 0.00350372 -2.25e-17 -2.25e-17 0.00350372 0.00350372 -2.25e-17 -2.25e-17
22200 0.00352039 0.00352039 -2.25e-17 -2.25e-17 0.00352039 0.00352039 -2.25e-17 -2.25e-17
22300 0.00353706 0.00353706 -2.25e-17 -2.25e-17 0.00353706 0.00353706 -2.25e-17 -2.25e-17
22400 0.00355372 0.00355372 -2.25e-17 -2.25e-17 0.00355372 0.00355372 -2.25e-17 -2.25e-17
22500 0.00357039 0.00357039 -2.25e-17 -2.25e-17 0.00357039 0.00357039 -2.25e-17 -2.25e-17
22600 0.00358706 0.00358706 -2.25e-17 -2.25e-17 0.00358706 0.00358706 -2.25e-17 -2.25e-17
22700 0.00360372 0.00360372 -2.25e-17 -2.25e-17 0.00360372 0.00360372 -2.25e-17 -2.25e-17
22800 0.00362039 0.00362039 -2.25e-17 -2.25e-17 0.00362039 0.00362039 -2.25e-17 -2.25e-17
22900 0.00363706 0.00363706 -2.25e-17 -2.25e-17 0.00363706 0.00363706 -2.25e-17 -2.25e-17
23000 0.00365372 0.00365372 -2.25e-17 -2.25e-17 0.00365372 0.00365372 -2.25e-17 -2.25e-17
23100 0.00367039 0.00367039 -2.25e-17 -2.25e-17 0.00367039 0.00367039 -2.25e-17 -2.25e-17
23200 0.00368706 0.00368706 -2.25e-17 -2.25e-17 0.00368706 0.00368706 -2.25e-17 -2.25e-17
23300 0.00370372 0.00370372 -2.25e-17 -2.25e-17 0.00370372 0.00370372 -2.25e-17 -2.25e-17
23400 0.00372039 0.00372039 -2.25e-17 -2.25e-17 0.00372039 0.00372039 -2.25e-17 -2.25e-17
23500 0.00373706 0.00373706 -2.25e-17 -2.25e-17 0.00373706 0.00373706 -2.25e-17 -2.25e-17
23600 0.00375372 0.00375372 -2.25e-17 -2.25e-17 0.00375372 0.00375372 -2.25e-17 -2.25e-17
23700 0.00377039 0.00377039 -2.25e-17 -2.25e-17 0.00377039 0.00377039 -2.25e-17 -2.25e-17
23800 0.00378706 0.00378706 -2.25e-17 -2.25e-17 0.00378706 0.00378706 -2.25e-17 -2.25e-17
23900 0.00380372 0.00380372 -2.25e-17 -2.25e-17 0.00380372 0.00380372 -2.25e-17 -2.25e-17
24000 0.00382039 0.00382039 -2.25e-17 -2.25e-17 0.00382039 0.00382039 -2.25e-17 -2.25e-17
24100 0.00383706 0.00383706 -2.25e-17 -2.25e-17 0.00383706 0.00383706 -2.25e-17 -2.25e-17
24200 0.00385372 0.00385372 -2.25e-17 -2.25e-17 0.00385372 0.00385372 -2.25e-17 -2.25e-17
24300 0.00387039 0.00387039 -2.25e-17 -2.25e-17 0.00387039 0.00387039 -2.25e-17 -2.25e-17
24400 0.00388706 0.00388706 -2.25e-17 -2.25e-17 0.00388706 0.00388706 -2.25e-17 -2.25e-17
24500 0.00390372 0.00390372 -2.25e-17 -2.25e-17 0.00390372 0.00390372 -2.25e-17 -2.25e-17
24600 0.00392039 0.00392039 -2.25e-17 -2.25e-17 0.00392039 0.00392039 -2.25e-17 -2.25e-17
24700 0.00393706 0.00393706 -2.25e-17 -2.25e-17 0.00393706 0.00393706 -2.25e-17 -2.25e-17
24800 0.00395372 0.00395372 -2.25e-17 -2.25e-17 0.00395372 0.00395372 -2.25e-17 -2.25e-17
24900 0.00397039 0.00397039 -2.25e-17 -2.25e-17 0.00397039 0.00397039 -2.25e-17 -2.25e-17
25000 0.00398706 0.00398706 -2.25e-17 -2.25e-17 0.00398706 0.00398706 -2.25e-17 -2.25e-17
25100 0.00400372 0.00400372 -2.25e-17 -2.25e-17 0.00400372 0.00400372 -2.25e-17 -2.25e-17
25200 0.00402039 0.00402039 -2.25e-17 -2.25e-17 0.00402039 0.00402039 -2.25e-17 -2.25e-17
25300 0.00403706 0.00403706 -2.25e-17 -2.25e-17 0.00403706 0.00403706 -2.25e-17 -2.25e-17
25400 0.00405372 0.00405372 -2.25e-17 -2.25e-17 0.00405372 0.00405372 -2.25e-17 -2.25e-17
25500 0.00407039 0.00407039 -2.25e-17 -2.25e-17 0.00407039 0.00407039 -2.25e-17 -2.25e-17
25600 0.00408706 0.00408706 -2.25e-17 -2.25e-17 0.00408706 0.00408706 -2.25e-17 -2.25e-17
25700 0.00410372 0.00410372 -2.25e-17 -2.25e-17 0.00410372 0.00410372 -2.25e-17 -2.25e-17
25800 0.00412039 0.00412039 -2.25e-17 -2.25e-17 0.00412039 0.00412039 -2.25e-17 -2.25e-17
25900 0.00413706 0.00413706 -2.25e-17 -2.25e-17 0.00413706 0.00413706 -2.25e-17 -2.25e-17
26000 0.00415372 0.00415372 -2.25e-17 -2.25e-17 0.00415372 0.00415372 -2.25e-17 -2.25e-17
26100 0.00417039 0.00417039 -2.25e-17 -2.25e-17 0.00417039 0.00417039 -2.25e-17 -2.25e-17
26200 0.00418706 0.00418706 -2.25e-17 -2.25e-17 0.00418706 0.00418706 -2.25e-17 -2.25e-17
26300 0.00420372 0.00420372 -2.25e-17 -2.25e-17 0.00420372 0.00420372 -2.25e-17 -2.25e-17
26400 0.00422039 0.00422039 -2.25e-17 -2.25e-17 0.00422039 0.00422039 -2.25e-17 -2.25e-17
26500 0.00423706 0.00423706 -2.25e-17 -2.25e-17 0.00423706 0.00423706 -2.25e-17 -2.25e-17
26600 0.00425373 0.00425373 -2.25e-17 -2.25e-17 0.00425373 0.00425373 -2.25e-17 -2.25e-17
26700 0.00427039 0.00427039 -2.25e-17 -2.25e-17 0.00427039 0.00427039 -2.25e-17 -2.25e-17
26800 0.00428706 0.00428706 -2.25e-17 -2.25e-17 0.00428706 0.00428706 -2.25e-17 -2.25e-17
26900 0.00430373 0.00430373 -2.25e-17 -2.25e-17 0.00430373 0.00430373 -2.25e-17 -2.25e-17
27000 0.0043204 0.0043204 -2.25e-17 -2.25e-17 0.0043204 0.0043204 -2.25e-17 -2.25e-17
27100 0.00433706 0.00433706 -2.25e-17 -2.25e-17 0.00433706 0.00433706 -2.25e-17 -2.25e-17
27200 0.00435373 0.00435373 -2.25e-17 -2.25e-17 0.00435373 0.00435373 -2.25e-17 -2.25e-17
27300 0.0043704 0.0043704 -2.25e-17 -2.25e-17 0.0043704 0.0043704 -2.25e-17 -2.25e-17
27400 0.00438707 0.00438707 -2.25e-17 -2.25e-17 0.00438707 0.00438707 -2.25e-17 -2.25e-17
27500 0.00440373 0.00440373 -2.25e-17 -2.25e-17 0.00440373 0.00440373 -2.25e-17 -2.25e-17
27600 0.0044204 0.0044204 -2.25e-17 -2.25e-17 0.0044204 0.0044204 -2.25e-17 -2.25e-17
27700 0.00443707 0.00443707 -2.25e-17 -2.25e-17 0.00443707 0.00443707 -2.25e-17 -2.25e-17
27800 0.00445374 0.00445374 -2.25e-17 -2.25e-17 0.00445374 0.00445374 -2.25e-17 -2.25e-17
27900 0.0044704 0.0044704 -2.25e-17 -2.25e-17 0.0044704 0.0044704 -2.25e-17 -2.25e-17
28000 0.00448707 0.00448707 -2.25e-17 -2.25e-17 0.00448707 0.00448707 -2.25e-17 -2.25e-17
28100 0.00450374 0.00450374 -2.25e-17 -2.25e-17 0.00450374 0.00450374 -2.25e-17 -2.25e-17
28200 0.0045204 0.0045204 -2.25e-17 -2.25e-17 0.0045204 0.0045204 -2.25e-17 -2.25e-17
28300 0.00453707 0.00453707 -2.25e-17 -2.25e-17 0.00453707 0.00453707 -2.25e-17 -2.25e-17
28400 0.00455374 0.00455374 -2.25e-17 -2.25e-17 0.00455374 0.00455374 -2.25e-17 -2.25e-17
28500 0.00457041 0.00457041 -2.25e-17 -2.25e-17 0.00457041 0.00457041 -2.25e-17 -2.25e-17
28600 0.00458707 0.00458707 -2.25e-17 -2.25e-17 0.00458707 0.00458707 -2.25e-17 -2.25e-17
28700 0.00460374 0.00460374 -2.25e-17 -2.25e-17 0.00460374 0.00460374 -2.25e-17 -2.25e-17
28800 0.00462041 0.00462041 -2.25e-17 -2.25e-17 0.00462041 0.00462041 -2.25e-17 -2.25e-17
28900 0.00463708 0.00463708 -2.25e-17 -2.25e-17 0.00463708 0.00463708 -2.25e-17 -2.25e-17
29000 0.00465374 0.00465374 -2.25e-17 -2.25e-17 0.00465374 0.00465374 -2.25e-17 -2.25e-17
29100 0.00467041 0.00467041 -2.25e-17 -2.25e-17 0.00467041 0.00467041 -2.25e-17 -2.25e-17
29200 0.00468708 0.00468708 -2.25e-17 -2.25e-17 0.00468708 0.00468708 -2.25e-17 -2.25e-17
29300 0.00470375 0.00470375 -2.25e-17 -2.25e-17 0.00470375 0.00470375 -2.25e-17 -2.25e-17
29400 0.00472041 0.00472041 -2.25e-17 -2.25e-17 0.00472041 0.00472041 -2.25e-17 -2.25e-17
29500 0.00473708 0.00473708 -2.25e-17 -2.25e-17 0.00473708 0.00473708 -2.25e-17 -2.25e-17
29600 0.00475375 0.00475375 -2.25e-17 -2.25e-17 0.00475375 0.00475375 -2.25e-17 -2.25e-17
29700 0.00477042 0.00477042 -2.25e-17 -2.25e-17 0.00477042 0.00477042 -2.25e-17 -2.25e-17
29800 0.00478708 0.00478708 -2.25e-17 -2.25e-17 0.00478708 0.00478708 -2.25e-17 -2.25e-17
29900 0.00480375 0.00480375 -2.25e-17 -2.25e-17 0.00480375 0.00480375 -2.25e-17 -2.25e-17
30000 0.00482042 0.00482042 -2.25e-17 -2.25e-17 0.00482042 0.00482042 -2.25e-17 -2.25e-17
30100 0.00483709 0.00483709 -2.25e-17 -2.25e-17 0.00483709 0.00483709 -2.25e-17 -2.25e-17
30200 0.00485375 0.00485375 -2.25e-17 -2.25e-17 0.00485375 0.00485375 -2.25e-17 -2.25e-17
30300 0.00487042 0.00487042 -2.25e-17 -2.25e-17 0.00487042 0.00487042 -2.25e-17 -2.25e-17
30400 0.00488709 0.00488709 -2.25e-17 -2.25e-17 0.00488709 0.00488709 -2.25e-17 -2.25e-17
30500 0.00490376 0.00490376 -2.25e-17 -2.25e-17 0.00490376 0.00490376 -2.25e-17 -2.25e-17
30600 0.00492042 0.00492042 -2.25e-17 -2.25e-17 0.00492042 0.00492042 -2.25e-17 -2.25e-17
30700 0.00493709 0.00493709 -2.25e-17 -2.25e-17 0.00493709 0.00493709 -2.25e-17 -2.25e-17
30800 0.00495376 0.00495376 -2.25e-17 -2.25e-17 0.00495376 0.00495376 -2.25e-17 -2.25e-17
30900 0.00497043 0.00497043 -2.25e-17 -2.25e-17 0.00497043 0.00497043 -2.25e-17 -2.25e-17
31000 0.00498709 0.00498709 -2.25e-17 -2.25e-17 0.00498709 0.00498709 -2.25e-17 -2.25e-17
31100 0.00500376 0.00500376 -2.25e-17 -2.25e-17 0.00500376 0.00500376 -2.25e-17 -2.25e-17
31200 0.00502043 0.00502043 -2.25e-17 -2.25e-17 0.00502043 0.00502043 -2.25e-17 -2.25e-17
31300 0.0050371 0.0050371 -2.25e-17 -2.25e-17 0.0050371 0.0050371 -2.25e-17 -2.25e-17
31400 0.00505376 0.00505376 -2.25e-17 -2.25e-17 0.00505376 0.00505376 -2.25e-17 -2.25e-17
31500 0.00507043 0.00507043 -2.25e-17 -2.25e-17 0.00507043 0.00507043 -2.25e-17 -2.25e-17
31600 0.0050871 0.0050871 -2.25e-17 -2.25e-17 0.0050871 0.0050871 -2.25e-17 -2.25e-17
31700 0.00510377 0.00510377 -2.25e-17 -2.25e-17 0.00510377 0.00510377 -2.25e-17 -2.25e-17
31800 0.00512043 0.00512043 -2.25e-17 -2.25e-17 0.00512043 0.00512043 -2.25e-17 -2.25e-17
31900 0.0051371 0.0051371 -2.25e-17 -2.25e-17 0.0051371 0.0051371 -2.25e-17 -2.25e-17
32000 0.00515377 0.00515377 -2.25e-17 -2.25e-17 0.00515377 0.00515377 -2.25e-17 -2.25e-17
32100 0.00517044 0.00517044 -2.25e-17 -2.25e-17 0.00517044 0.00517044 -2.25e-17 -2.25e-17
32200 0.0051871 0.0051871 -2.25e-17 -2.25e-17 0.0051871 0.0051871 -2.25e-17 -2.25e-17
32300 0.00520377 0.00520377 -2.25e-17 -2.25e-17 0.00520377 0.00520377 -2.25e-17 -2.25e-17
32400 0.00522044 0.00522044 -2.25e-17 -2.25e-17 0.00522044 0.00522044 -2.25e-17 -2.25e-17
32500 0.00523711 0.00523711 -2.25e-17 -2.25e-17 0.00523711 0.00523711 -2.25e-17 -2.25e-17
32600 0.00525377 0.00525377 -2.25e-17 -2.25e-17 0.00525377 0.00525377 -2.25e-17 -2.25e-17
32700 0.00527044 0.00527044 -2.25e-17 -2.25e-17 0.00527044 0.00527044 -2.25e-17 -2.25e-17
32800 0.00528711 0.00528711 -2.25e-17 -2.25e-17 0.00528711 0.00528711 -2.25e-17 -2.25e-17
32900 0.00530378 0.00530378 -2.25e-17 -2.25e-17 0.00530378 0.00530378 -2.25e-17 -2.25e-17
33000 0.00532044 0.00532044 -2.25e-17 -2.25e-17 0.00532044 0.00532044 -2.25e-17 -2.25e-17
33100 0.00533711 0.00533711 -2.25e-17 -2.25e-17 0.00533711 0.00533711 -2.25e-17 -2.25e-17
33200 0.00535378 0.00535378 -2.25e-17 -2.25e-17 0.00535378 0.00535378 -2.25e-17 -2.25e-17
33300 0.00537044 0.00537044 -2.25e-17 -2.25e-17 0.00537044 0.00537044 -2.25e-17 -2.25e-17
33400 0.00538711 0.00538711 -2.25e-17 -2.25e-17 0.00538711 0.00538711 -2.25e-17 -2.25e-17
33500 0.00540378 0.00540378 -2.25e-17 -2.25e-17 0.00540378 0.00540378 -2.25e-17 -2.25e-17
33600 0.00542045 0.00542045 -2.25e-17 -2.25e-17 0.00542045 0.00542045 -2.25e-17 -2.25e-17
33700 0.00543711 0.00543711 -2.25e-17 -2.25e-17 0.00543711 0.00543711 -2.25e-17 -2.25e-17
33800 0.00545378 0.00545378 -2.25e-17 -2.25e-17 0.00545378 0.00545378 -2.25e-17 -2.25e-17
33900 0.00547045 0.00547045 -2.25e-17 -2.25e-17 0.00547045 0.00547045 -2.25e-17 -2.25e-17
34000 0.00548712 0.00548712 -2.25e-17 -2.25e-17 0.00548712 0.00548712 -2.25e-17 -2.25e-17
34100 0.00550378 0.00550378 -2.25e-17 -2.25e-17 0.00550378 0.00550378 -2.25e-17 -2.25e-17
34200 0.00552045 0.00552045 -2.25e-17 -2.25e-17 0.00552045 0.00552045 -2.25e-17 -2.25e-17
34300 0.00553712 0.00553712 -2.25e-17 -2.25e-17 0.00553712 0.00553712 -2.25e-17 -2.25e-17
34400 0.00555379 0.00555379 -2.25e-17 -2.25e-17 0.00555379 0.00555379 -2.25e-17 -2.25e-17
34500 0.00557045 0.00557045 -2.25e-17 -2.25e-17 0.00557045 0.00557045 -2.25e-17 -2.25e-17
34600 0.00558712 0.00558712 -2.25e-17 -2.25e-17 0.00558712 0.00558712 -2.25e-17 -2.25e-17
34700 0.00560379 0.00560379 -2.25e-17 -2.25e-17 0.00560379 0.00560379 -2.25e-17 -2.25e-17
34800 0.00562046 0.00562046 -2.25e-17 -2.25e-17 0.00562046 0.00562046 -2.25e-17 -2.25e-17
34900 0.00563712 0.00563712 -2.25e-17 -2.25e-17 0.00563712 0.00563712 -2.25e-17 -2.25e-17
35000 0.00565379 0.00565379 -2.25e-17 -2.25e-17 0.00565379 0.00565379 -2.25e-17 -2.25e-17
35100 0.00567046 0.00567046 -2.25e-17 -2.25e-17 0.00567046 0.00567046 -2.25e-17 -2.25e-17
35200 0.00568713 0.00568713 -2.25e-17 -2.25e-17 0.00568713 0.00568713 -2.25e-17 -2.25e-17
35300 0.00570379 0.00570379 -2.25e-17 -2.25e-17 0.00570379 0.00570379 -2.25e-17 -2.25e-17
35400 0.00572046 0.00572046 -2.25e-17 -2.25e-17 0.00572046 0.00572046 -2.25e-17 -2.25e-17
35500 0.00573713 0.00573713 -2.25e-17 -2.25e-17 0.00573713 0.00573713 -2.25e-17 -2.25e-17
35600 0.0057538 0.0057538 -2.25e-17 -2.25e-17 0.0057538 0.0057538 -2.25e-17 -2.25e-17
35700 0.00577046 0.00577046 -2.25e-17 -2.25e-17 0.00577046 0.00577046 -2.25e-17 -2.25e-17
35800 0.00578713 0.00578713 -2.25e-17 -2.25e-17 0.00578713 0.00578713 -2.25e-17 -2.25e-17
35900 0.0058038 0.0058038 -2.25e-17 -2.25e-17 0.0058038 0.0058038 -2.25e-17 -2.25e-17
36000 0.00582047 0.00582047 -2.25e-17 -2.25e-17 0.00582047 0.00582047 -2.25e-17 -2.25e-17
36100 0.00583713 0.00583713 -2.25e-17 -2.25e-17 0.00583713 0.00583713 -2.25e-17 -2.25e-17
36200 0.0058538 0.0058538 -2.25e-17 -2.25e-17 0.0058538 0.0058538 -2.25e-17 -2.25e-17
36300 0.00587047 0.00587047 -2.25e-17 -2.25e-17 0.00587047 0.00587047 -2.25e-17 -2.25e-17
36400 0.00588713 0.00588713 -2.25e-17 -2.25e-17 0.00588713 0.00588713 -2.25e-17 -2.25e-17
36500 0.0059038 0.0059038 -2.25e-17 -2.25e-17 0.0059038 0.0059038 -2.25e-17 -2.25e-17
36600 0.00592047 0.00592047 -2.25e-17 -2.25e-17 0.00592047 0.00592047 -2.25e-17 -2.25e-17
36700 0.00593714 0.00593714 -2.25e-17 -2.25e-17 0.00593714 0.00593714 -2.25e-17 -2.25e-17
36800 0.0059538 0.0059538 -2.25e-17 -2.25e-17 0.0059538 0.0059538 -2.25e-17 -2.25e-17
36900 0.00597047 0.00597047 -2.25e-17 -2.25e-17 0.00597047 0.00597047 -2.25e-17 -2.25e-17
37000 0.00598714 0.00598714 -2.25e-17 -2.25e-17 0.00598714 0.00598714 -2.25e-17 -2.25e-17
37100 0.00600381 0.00600381 -2.25e-17 -2.25e-17 0.00600381 0.00600381 -2.25e-17 -2.25e-17
37200 0.00602047 0.00602047 -2.25e-17 -2.25e-17 0.00602047 0.00602047 -2.25e-17 -2.25e-17
37300 0.00603714 0.00603714 -2.25e-17 -2.25e-17 0.00603714 0.00603714 -2.25e-17 -2.25e-17
37400 0.00605381 0.00605381 -2.25e-17 -2.25e-17 0.00605381 0.00605381 -2.25e-17 -2.25e-17
37500 0.00607048 0.00607048 -2.25e-17 -2.25e-17 0.00607048 0.00607048 -2.25e-17 -2.25e-17
37600 0.00608714 0.00608714 -2.25e-17 -2.25e-17 0.00608714 0.00608714 -2.25e-17 -2.25e-17
37700 0.00610381 0.00610381 -2.25e-17 -2.25e-17 0.00610381 0.00610381 -2.25e-17 -2.25e-17
37800 0.00612048 0.00612048 -2.25e-17 -2.25e-17 0.00612048 0.00612048 -2.25e-17 -2.25e-17
37900 0.00613715 0.00613715 -2.25e-17 -2.25e-17 0.00613715 0.00613715 -2.25e-17 -2.25e-17
38000 0.00615381 0.00615381 -2.25e-17 -2.25e-17 0.00615381 0.00615381 -2.25e-17 -2.25e-17
38100 0.00617048 0.00617048 -2.25e-17 -2.25e-17 0.00617048 0.00617048 -2.25e-17 -2.25e-17
38200 0.00618715 0.00618715 -2.25e-17 -2.25e-17 0.00618715 0.00618715 -2.25e-17 -2.25e-17
38300 0.00620382 0.00620382 -2.25e-17 -2.25e-17 0.00620382 0.00620382 -2.25e-17 -2.25e-17
38400 0.00622048 0.00622048 -2.25e-17 -2.25e-17 0.00622048 0.00622048 -2.25e-17 -2.25e-17
38500 0.00623715 0.00623715 -2.25e-17 -2.25e-17 0.00623715 0.00623715 -2.25e-17 -2.25e-17
38600 0.00625382 0.00625382 -2.25e-17 -2.25e-17 0.00625382 0.00625382 -2.25e-17 -2.25e-17
38700 0.00627049 0.00627049 -2.25e-17 -2.25e-17 0.00627049 0.00627049 -2.25e-17 -2.25e-17
38800 0.00628715 0.00628715 -2.25e-17 -2.25e-17 0.00628715 0.00628715 -2.25e-17 -2.25e-17
38900 0.00630382 0.00630382 -2.25e-17 -2.25e-17 0.00630382 0.00630382 -2.25e-17 -2.25e-17
39000 0.00632049 0.00632049 -2.25e-17 -2.25e-17 0.00632049 0.00632049 -2.25e-17 -2.25e-17
39100 0.00633715 0.00633715 -2.25e-17 -2.25e-17 0.00633715 0.00633715 -2.25e-17 -2.25e-17
39200 0.00635382 0.00635382 -2.25e-17 -2.25e-17 0.00635382 0.00635382 -2.25e-17 -2.25e-17
39300 0.00637049 0.00637049 -2.25e-17 -2.25e-17 0.00637049 0.00637049 -2.25e-17 -2.25e-17
39400 0.00638716 0.00638716 -2.25e-17 -2.25e-17 0.00638716 0.00638716 -2.25e-17 -2.25e-17
39500 0.00640382 0.00640382 -2.25e-17 -2.25e-17 0.00640382 0.00640382 -2.25e-17 -2.25e-17
39600 0.00642049 0.00642049 -2.25e-17 -2.25e-17 0.00642049 0.00642049 -2.25e-17 -2.25e-17
39700 0.00643716 0.00643716 -2.25e-17 -2.25e-17 0.00643716 0.00643716 -2.25e-17 -2.25e-17
39800 0.00645383 0.00645383 -2.25e-17 -2.25e-17 0.00645383 0.00645383 -2.25e-17 -2.25e-17
39900 0.00647049 0.00647049 -2.25e-17 -2.25e-17 0.00647049 0.00647049 -2.25e-17 -2.25e-17
40000 0.00648716 0.00648716 -2.25e-17 -2.25e-17 0.00648716 0.00648716 -2.25e-17 -2.25e-17
40100 0.00650383 0.00650383 -2.25e-17 -2.25e-17 0.00650383 0.00650383 -2.25e-17 -2.25e-17
40200 0.0065205 0.0065205 -2.25e-17 -2.25e-17 0.0065205 0.0065205 -2.25e-17 -2.25e-17
40300 0.00653716 0.00653716 -2.25e-17 -2.25e-17 0.00653716 0.00653716 -2.25e-17 -2.25e-17
40400 0.00655383 0.00655383 -2.25e-17 -2.25e-17 0.00655383 0.00655383 -2.25e-17 -2.25e-17
40500 0.0065705 0.0065705 -2.25e-17 -2.25e-17 0.0065705 0.0065705 -2.25e-17 -2.25e-17
40600 0.00658717 0.00658717 -2.25e-17 -2.25e-17 0.00658717 0.00658717 -2.25e-17 -2.25e-17
40700 0.00660383 0.00660383 -2.25e-17 -2.25e-17 0.00660383 0.00660383 -2.25e-17 -2.25e-17
40800 0.0066205 0.0066205 -2.25e-17 -2.25e-17 0.0066205 0.0066205 -2.25e-17 -2.25e-17
40900 0.00663717 0.00663717 -2.25e-17 -2.25e-17 0.00663717 0.00663717 -2.25e-17 -2.25e-17
41000 0.00665384 0.00665384 -2.25e-17 -2.25e-17 0.00665384 0.00665384 -2.25e-17 -2.25e-17
41100 0.0066705 0.0066705 -2.25e-17 -2.25e-17 0.0066705 0.0066705 -2.25e-17 -2.25e-17
41200 0.00668717 0.00668717 -2.25e-17 -2.25e-17 0.00668717 0.00668717 -2.25e-17 -2.25e-17
41300 0.00670384 0.00670384 -2.25e-17 -2.25e-17 0.00670384 0.00670384 -2.25e-17 -2.25e-17
41400 0.0067205 0.0067205 -2.25e-17 -2.25e-17 0.0067205 0.0067205 -2.25e-17 -2.25e-17
41500 0.00673717 0.00673717 -2.25e-17 -2.25e-17 0.00673717 0.00673717 -2.25e-17 -2.25e-17
41600 0.00675384 0.00675384 -2.25e-17 -2.25e-17 0.00675384 0.00675384 -2.25e-17 -2.25e-17
41700 0.00677051 0.00677051 -2.25e-17 -2.25e-17 0.00677051 0.00677051 -2.25e-17 -2.25e-17
41800 0.00678717 0.00678717 -2.25e-17 -2.25e-17 0.00678717 0.00678717 -2.25e-17 -2.25e-17
41900 0.00680384 0.00680384 -2.25e-17 -2.25e-17 0.00680384 0.00680384 -2.25e-17 -2.25e-17
42000 0.00682051 0.00682051 -2.25e-17 -2.25e-17 0.00682051 0.00682051 -2.25e-17 -2.25e-17
42100 0.00683718 0.00683718 -2.25e-17 -2.25e-17 0.00683718 0.00683718 -2.25e-17 -2.25e-17
42200 0.00685384 0.00685384 -2.25e-17 -2.25e-17 0.00685384 0.00685384 -2.25e-17 -2.25e-17
42300 0.00687051 0.00687051 -2.25e-17 -2.25e-17 0.00687051 0.00687051 -2.25e-17 -2.25e-17
42400 0.00688718 0.00688718 -2.25e-17 -2.25e-17 0.00688718 0.00688718 -2.25e-17 -2.25e-17
42500 0.00690385 0.00690385 -2.25e-17 -2.25e-17 0.00690385 0.00690385 -2.25e-17 -2.25e-17
42600 0.00692051 0.00692051 -2.25e-17 -2.25e-17 0.00692051 0.00692051 -2.25e-17 -2.25e-17
42700 0.00693718 0.00693718 -2.25e-17 -2.25e-17 0.00693718 0.00693718 -2.25e-17 -2.25e-17
42800 0.00695385 0.00695385 -2.25e-17 -2.25e-17 0.00695385 0.00695385 -2.25e-17 -2.25e-17
42900 0.00697052 0.00697052 -2.25e-17 -2.25e-17 0.00697052 0.00697052 -2.25e-17 -2.25e-17
43000 0.00698718 0.00698718 -2.25e-17 -2.25e-17 0.00698718 0.00698718 -2.25e-17 -2.25e-17
43100 0.00700385 0.00700385 -2.25e-17 -2.25e-17 0.00700385 0.00700385 -2.25e-17 -2.25e-17
43200 0.00702052 0.00702052 -2.25e-17 -2.25e-17 0.00702052 0.00702052 -2.25e-17 -2.25e-17
43300 0.00703718 0.00703718 -2.25e-17 -2.25e-17 0.00703718 0.00703718 -2.25e-17 -2.25e-17
43400 0.00705385 0.00705385 -2.25e-17 -2.25e-17 0.00705385 0.00705385 -2.25e-17 -2.25e-17
43500 0.00707052 0.00707052 -2.25e-17 -2.25e-17 0.00707052 0.00707052 -2.25e-17 -2.25e-17
43600 0.00708719 0.00708719 -2.25e-17 -2.25e-17 0.00708719 0.00708719 -2.25e-17 -2.25e-17
43700 0.00710385 0.00710385 -2.25e-17 -2.25e-17 0.00710385 0.00710385 -2.25e-17 -2.25e-17
43800 0.00712052 0.00712052 -2.25e-17 -2.25e-17 0.00712052 0.00712052 -2.25e-17 -2.25e-17
43900 0.00713719 0.00713719 -2.25e-17 -2.25e-17 0.00713719 0.00713719 -2.25e-17 -2.25e-17
44000 0.00715386 0.00715386 -2.25e-17 -2.25e-17 0.00715386 0.00715386 -2.25e-17 -2.25e-17
44100 0.00717052 0.00717052 -2.25e-17 -2.25e-17 0.00717052 0.00717052 -2.25e-17 -2.25e-17
44200 0.00718719 0.00718719 -2.25e-17 -2.25e-17 0.00718719 0.00718719 -2.25e-17 -2.25e-17
44300 0.00720386 0.00720386 -2.25e-17 -2.25e-17 0.00720386 0.00720386 -2.25e-17 -2.25e-17
44400 0.00722053 0.00722053 -2.25e-17 -2.25e-17 0.00722053 0.00722053 -2.25e-17 -2.25e-17
44500 0.00723719 0.00723719 -2.25e-17 -2.25e-17 0.00723719 0.00723719 -2.25e-17 -2.25e-17
44600 0.00725386 0.00725386 -2.25e-17 -2.25e-17 0.00725386 0.00725386 -2.25e-17 -2.25e-17
44700 0.00727053 0.00727053 -2.25e-17 -2.25e-17 0.00727053 0.00727053 -2.25e-17 -2.25e-17
44800 0.0072872 0.0072872 -2.25e-17 -2.25e-17 0.0072872 0.0072872 -2.25e-17 -2.25e-17
44900 0.00730386 0.00730386 -2.25e-17 -2.25e-17 0.00730386 0.00730386 -2.25e-17 -2.25e-17
45000 0.00732053 0.00732053 -2.25e-17 -2.25e-17 0.00732053 0.00732053 -2.25e-17 -2.25e-17
45100 0.0073372 0.0073372 -2.25e-17 -2.25e-17 0.0073372 0.0073372 -2.25e-17 -2.25e-17
45200 0.00735386 0.00735386 -2.25e-17 -2.25e-17 0.00735386 0.00735386 -2.25e-17 -2.25e-17
45300 0.00737053 0.00737053 -2.25e-17 -2.25e-17 0.00737053 0.00737053 -2.25e-17 -2.25e-17
45400 0.0073872 0.0073872 -2.25e-17 -2.25e-17 0.0073872 0.0073872 -2.25e-17 -2.25e-17
45500 0.00740387 0.00740387 -2.25e-17 -2.25e-17 0.00740387 0.00740387 -2.25e-17 -2.25e-17
45600 0.00742053 0.00742053 -2.25e-17 -2.25e-17 0.00742053 0.00742053 -2.25e-17 -2.25e-17
45700 0.0074372 0.0074372 -2.25e-17 -2.25e-17 0.0074372 0.0074372 -2.25e-17 -2.25e-17
45800 0.00745387 0.00745387 -2.25e-17 -2.25e-17 0.00745387 0.00745387 -2.25e-17 -2.25e-17
45900 0.00747054 0.00747054 -2.25e-17 -2.25e-17 0.00747054 0.00747054 -2.25e-17 -2.25e-17
46000 0.0074872 0.0074872 -2.25e-17 -2.25e-17 0.0074872 0.0074872 -2.25e-17 -2.25e-17
46100 0.00750387 0.00750387 -2.25e-17 -2.25e-17 0.00750387 0.00750387 -2.25e-17 -2.25e-17
46200 0.00752054 0.00752054 -2.25e-17 -2.25e-17 0.00752054 0.00752054 -2.25e-17 -2.25e-17
46300 0.00753721 0.00753721 -2.25e-17 -2.25e-17 0.00753721 0.00753721 -2.25e-17 -2.25e-17
46400 0.00755387 0.00755387 -2.25e-17 -2.25e-17 0.00755387 0.00755387 -2.25e-17 -2.25e-17
46500 0.00757054 0.00757054 -2.25e-17 -2.25e-17 0.00757054 0.00757054 -2.25e-17 -2.25e-17
46600 0.00758721 0.00758721 -2.25e-17 -2.25e-17 0.00758721 0.00758721 -2.25e-17 -2.25e-17
46700 0.00760388 0.00760388 -2.25e-17 -2.25e-17 0.00760388 0.00760388 -2.25e-17 -2.25e-17
46800 0.00762054 0.00762054 -2.25e-17 -2.25e-17 0.00762054 0.00762054 -2.25e-17 -2.25e-17
46900 0.00763721 0.00763721 -2.25e-17 -2.25e-17 0.00763721 0.00763721 -2.25e-17 -2.25e-17
47000 0.00765388 0.00765388 -2.25e-17 -2.25e-17 0.00765388 0.00765388 -2.25e-17 -2.25e-17
47100 0.00767054 0.00767054 -2.25e-17 -2.25e-17 0.00767054 0.00767054 -2.25e-17 -2.25e-17
47200 0.00768721 0.00768721 -2.25e-17 -2.25e-17 0.00768721 0.00768721 -2.25e-17 -2.25e-17
47300 0.00770388 0.00770388 -2.25e-17 -2.25e-17 0.00770388 0.00770388 -2.25e-17 -2.25e-17
47400 0.00772055 0.00772055 -2.25e-17 -2.25e-17 0.00772055 0.00772055 -2.25e-17 -2.25e-17
47500 0.00773721 0.00773721 -2.25e-17 -2.25e-17 0.00773721 0.00773721 -2.25e-17 -2.25e-17
47600 0.00775388 0.00775388 -2.25e-17 -2.25e-17 0.00775388 0.00775388 -2.25e-17 -2.25e-17
47700 0.00777055 0.00777055 -2.25e-17 -2.25e-17 0.00777055 0.00777055 -2.25e-17 -2.25e-17
47800 0.00778722 0.00778722 -2.25e-17 -2.25e-17 0.00778722 0.00778722 -2.25e-17 -2.25e-17
47900 0.00780388 0.00780388 -2.25e-17 -2.25e-17 0.00780388 0.00780388 -2.25e-17 -2.25e-17
48000 0.00782055 0.00782055 -2.25e-17 -2.25e-17 0.00782055 0.00782055 -2.25e-17 -2.25e-17
48100 0.00783722 0.00783722 -2.25e-17 -2.25e-17 0.00783722 0.00783722 -2.25e-17 -2.25e-17
48200 0.00785389 0.00785389 -2.25e-17 -2.25e-17 0.00785389 0.00785389 -2.25e-17 -2.25e-17
48300 0.00787055 0.00787055 -2.25e-17 -2.25e-17 0.00787055 0.00787055 -2.25e-17 -2.25e-17
48400 0.00788722 0.00788722 -2.25e-17 -2.25e-17 0.00788722 0.00788722 -2.25e-17 -2.25e-17
48500 0.00790389 0.00790389 -2.25e-17 -2.25e-17 0.00790389 0.00790389 -2.25e-17 -2.25e-17
48600 0.00792055 0.00792055 -2.25e-17 -2.25e-17 0.00792055 0.00792055 -2.25e-17 -2.25e-17
48700 0.00793722 0.00793722 -2.25e-17 -2.25e-17 0.00793722 0.00793722 -2.25e-17 -2.25e-17
48800 0.00795389 0.00795389 -2.25e-17 -2.25e-17 0.00795389 0.00795389 -2.25e-17 -2.25e-17
48900 0.00797056 0.00797056 -2.25e-17 -2.25e-17 0.00797056 0.00797056 -2.25e-17 -2.25e-17
49000 0.00798722 0.00798722 -2.25e-17 -2.25e-17 0.00798722 0.00798722 -2.25e-17 -2.25e-17
49100 0.00800389 0.00800389 -2.25e-17 -2.25e-17 0.00800389 0.00800389 -2.25e-17 -2.25e-17
49200 0.00802056 0.00802056 -2.25e-17 -2.25e-17 0.00802056 0.00802056 -2.25e-17 -2.25e-17
49300 0.00803723 0.00803723 -2.25e-17 -2.25e-17 0.00803723 0.00803723 -2.25e-17 -2.25e-17
49400 0.00805389 0.00805389 -2.25e-17 -2.25e-17 0.00805389 0.00805389 -2.25e-17 -2.25e-17
49500 0.00807056 0.00807056 -2.25e-17 -2.25e-17 0.00807056 0.00807056 -2.25e-17 -2.25e-17
49600 0.00808723 0.00808723 -2.25e-17 -2.25e-17 0.00808723 0.00808723 -2.25e-17 -2.25e-17
49700 0.0081039 0.0081039 -2.25e-17 -2.25e-17 0.0081039 0.0081039 -2.25e-17 -2.25e-17
49800 0.00812056 0.00812056 -2.25e-17 -2.25e-17 0.00812056 0.00812056 -2.25e-17 -2.25e-17
49900 0.00813723 0.00813723 -2.25e-17 -2.25e-17 0.00813723 0.00813723 -2.25e-17 -2.25e-17
50000 0.0081539 0.0081539 -2.25e-17 -2.25e-17 0.0081539 0.0081539 -2.25e-17 -2.25e-17
50100 0.00817057 0.00817057 -2.25e-17 -2.25e-17 0.00817057 0.00817057 -2.25e-17 -2.25e-17
50200 0.00818723 0.00818723 -2.25e-17 -2.25e-17 0.00818723 0.00818723 -2.25e-17 -2.25e-17
50300 0.0082039 0.0082039 -2.25e-17 -2.25e-17 0.0082039 0.0082039 -2.25e-17 -2.25e-17
50400 0.00822057 0.00822057 -2.25e-17 -2.25e-17 0.00822057 0.00822057 -2.25e-17 -2.25e-17
50500 0.00823723 0.00823723 -2.25e-17 -2.25e-17 0.00823723 0.00823723 -2.25e-17 -2.25e-17
50600 0.0082539 0.0082539 -2.25e-17 -2.25e-17 0.0082539 0.0082539 -2.25e-17 -2.25e-17
50700 0.00827057 0.00827057 -2.25e-17 -2.25e-17 0.00827057 0.00827057 -2.25e-17 -2.25e-17
50800 0.00828724 0.00828724 -2.25e-17 -2.25e-17 0.00828724 0.00828724 -2.25e-17 -2.25e-17
50900 0.0083039 0.0083039 -2.25e-17 -2.25e-17 0.0083039 0.0083039 -2.25e-17 -2.25e-17
51000 0.00832057 0.00832057 -2.25e-17 -2.25e-17 0.00832057 0.00832057 -2.25e-17 -2.25e-17
51100 0.00833724 0.00833724 -2.25e-17 -2.25e-17 0.00833724 0.00833724 -2.25e-17 -2.25e-17
51200 0.00835391 0.00835391 -2.25e-17 -2.25e-17 0.00835391 0.00835391 -2.25e-17 -2.25e-17
51300 0.00837057 0.00837057 -2.25e-17 -2.25e-17 0.00837057 0.00837057 -2.25e-17 -2.25e-17
51400 0.00838724 0.00838724 -2.25e-17 -2.25e-17 0.00838724 0.00838724 -2.25e-17 -2.25e-17
51500 0.00840391 0.00840391 -2.25e-17 -2.25e-17 0.00840391 0.00840391 -2.25e-17 -2.25e-17
51600 0.00842058 0.00842058 -2.25e-17 -2.25e-17 0.00842058 0.00842058 -2.25e-17 -2.25e-17
51700 0.00843724 0.00843724 -2.25e-17 -2.25e-17 0.00843724 0.00843724 -2.25e-17 -2.25e-17
51800 0.00845391 0.00845391 -2.25e-17 -2.25e-17 0.00845391 0.00845391 -2.25e-17 -2.25e-17
51900 0.00847058 0.00847058 -2.25e-17 -2.25e-17 0.00847058 0.00847058 -2.25e-17 -2.25e-17
52000 0.00848724 0.00848724 -2.25e-17 -2.25e-17 0.00848724 0.00848724 -2.25e-17 -2.25e-17
52100 0.00850391 0.00850391 -2.25e-17 -2.25e-17 0.00850391 0.00850391 -2.25e-17 -2.25e-17
52200 0.00852058 0.00852058 -2.25e-17 -2.25e-17 0.00852058 0.00852058 -2.25e-17 -2.25e-17
52300 0.00853725 0.00853725 -2.25e-17 -2.25e-17 0.00853725 0.00853725 -2.25e-17 -2.25e-17
52400 0.00855391 0.00855391 -2.25e-17 -2.25e-17 0.00855391 0.00855391 -2.25e-17 -2.25e-17
52500 0.00857058 0.00857058 -2.25e-17 -2.25e-17 0.00857058 0.00857058 -2.25e-17 -2.25e-17
52600 0.00858725 0.00858725 -2.25e-17 -2.25e-17 0.00858725 0.00858725 -2.25e-17 -2.25e-17
52700 0.00860392 0.00860392 -2.25e-17 -2.25e-17 0.00860392 0.00860392 -2.25e-17 -2.25e-17
52800 0.00862058 0.00862058 -2.25e-17 -2.25e-17 0.00862058 0.00862058 -2.25e-17 -2.25e-17
52900 0.00863725 0.00863725 -2.25e-17 -2.25e-17 0.00863725 0.00863725 -2.25e-17 -2.25e-17
53000 0.00865392 0.00865392 -2.25e-17 -2.25e-17 0.00865392 0.00865392 -2.25e-17 -2.25e-17
53100 0.00867058 0.00867058 -2.25e-17 -2.25e-17 0.00867058 0.00867058 -2.25e-17 -2.25e-17
53200 0.00868725 0.00868725 -2.25e-17 -2.25e-17 0.00868725 0.00868725 -2.25e-17 -2.25e-17
53300 0.00870392 0.00870392 -2.25e-17 -2.25e-17 0.00870392 0.00870392 -2.25e-17 -2.25e-17
53400 0.00872059 0.00872059 -2.25e-17 -2.25e-17 0.00872059 0.00872059 -2.25e-17 -2.25e-17
53500 0.00873725 0.00873725 -2.25e-17 -2.25e-17 0.00873725 0.00873725 -2.25e-17 -2.25e-17
53600 0.00875392 0.00875392 -2.25e-17 -2.25e-17 0.00875392 0.00875392 -2.25e-17 -2.25e-17
53700 0.00877059 0.00877059 -2.25e-17 -2.25e-17 0.00877059 0.00877059 -2.25e-17 -2.25e-17
53800 0.00878726 0.00878726 -2.25e-17 -2.25e-17 0.00878726 0.00878726 -2.25e-17 -2.25e-17
53900 0.00880392 0.00880392 -2.25e-17 -2.25e-17 0.00880392 0.00880392 -2.25e-17 -2.25e-17
54000 0.00882059 0.00882059 -2.25e-17 -2.25e-17 0.00882059 0.00882059 -2.25e-17 -2.25e-17
54100 0.00883726 0.00883726 -2.25e-17 -2.25e-17 0.00883726 0.00883726 -2.25e-17 -2.25e-17
54200 0.00885393 0.00885393 -2.25e-17 -2.25e-17 0.00885393 0.00885393 -2.25e-17 -2.25e-17
54300 0.00887059 0.00887059 -2.25e-17 -2.25e-17 0.00887059 0.00887059 -2.25e-17 -2.25e-17
54400 0.00888726 0.00888726 -2.25e-17 -2.25e-17 0.00888726 0.00888726 -2.25e-17 -2.25e-17
54500 0.00890393 0.00890393 -2.25e-17 -2.25e-17 0.00890393 0.00890393 -2.25e-17 -2.25e-17
54600 0.00892059 0.00892059 -2.25e-17 -2.25e-17 0.00892059 0.00892059 -2.25e-17 -2.25e-17
54700 0.00893726 0.00893726 -2.25e-17 -2.25e-17 0.00893726 0.00893726 -2.25e-17 -2.25e-17
54800 0.00895393 0.00895393 -2.25e-17 -2.25e-17 0.00895393 0.00895393 -2.25e-17 -2.25e-17
54900 0.0089706 0.0089706 -2.25e-17 -2.25e-17 0.0089706 0.0089706 -2.25e-17 -2.25e-17
55000 0.00898726 0.00898726 -2.25e-17 -2.25e-17 0.00898726 0.00898726 -2.25e-17 -2.25e-17
55100 0.00900393 0.00900393 -2.25e-17 -2.25e-17 0.00900393 0.00900393 -2.25e-17 -2.25e-17
55200 0.0090206 0.0090206 -2.25e-17 -2.25e-17 0.0090206 0.0090206 -2.25e-17 -2.25e-17
55300 0.00903727 0.00903727 -2.25e-17 -2.25e-17 0.00903727 0.00903727 -2.25e-17 -2.25e-17
55400 0.00905393 0.00905393 -2.25e-17 -2.25e-17 0.00905393 0.00905393 -2.25e-17 -2.25e-17
55500 0.0090706 0.0090706 -2.25e-17 -2.25e-17 0.0090706 0.0090706 -2.25e-17 -2.25e-17
55600 0.00908727 0.00908727 -2.25e-17 -2.25e-17 0.00908727 0.00908727 -2.25e-17 -2.25e-17
55700 0.00910394 0.00910394 -2.25e-17 -2.25e-17 0.00910394 0.00910394 -2.25e-17 -2.25e-17
55800 0.0091206 0.0091206 -2.25e-17 -2.25e-17 0.0091206 0.0091206 -2.25e-17 -2.25e-17
55900 0.00913727 0.00913727 -2.25e-17 -2.25e-17 0.00913727 0.00913727 -2.25e-17 -2.25e-17
56000 0.00915394 0.00915394 -2.25e-17 -2.25e-17 0.00915394 0.00915394 -2.25e-17 -2.25e-17
56100 0.0091706 0.0091706 -2.25e-17 -2.25e-17 0.0091706 0.0091706 -2.25e-17 -2.25e-17
56200 0.00918727 0.00918727 -2.25e-17 -2.25e-17 0.00918727 0.00918727 -2.25e-17 -2.25e-17
56300 0.00920394 0.00920394 -2.25e-17 -2.25e-17 0.00920394 0.00920394 -2.25e-17 -2.25e-17
56400 0.00922061 0.00922061 -2.25e-17 -2.25e-17 0.00922061 0.00922061 -2.25e-17 -2.25e-17
56500 0.00923727 0.00923727 -2.25e-17 -2.25e-17 0.00923727 0.00923727 -2.25e-17 -2.25e-17
56600 0.00925394 0.00925394 -2.25e-17 -2.25e-17 0.00925394 0.00925394 -2.25e-17 -2.25e-17
56700 0.00927061 0.00927061 -2.25e-17 -2.25e-17 0.00927061 0.00927061 -2.25e-17 -2.25e-17
56800 0.00928728 0.00928728 -2.25e-17 -2.25e-17 0.00928728 0.00928728 -2.25e-17 -2.25e-17
56900 0.00930394 0.00930394 -2.25e-17 -2.25e-17 0.00930394 0.00930394 -2.25e-17 -2.25e-17
57000 0.00932061 0.00932061 -2.25e-17 -2.25e-17 0.00932061 0.00932061 -2.25e-17 -2.25e-17
57100 0.00933728 0.00933728 -2.25e-17 -2.25e-17 0.00933728 0.00933728 -2.25e-17 -2.25e-17
57200 0.00935394 0.00935394 -2.25e-17 -2.25e-17 0.00935394 0.00935394 -2.25e-17 -2.25e-17
57300 0.00937061 0.00937061 -2.25e-17 -2.25e-17 0.00937061 0.00937061 -2.25e-17 -2.25e-17
57400 0.00938728 0.00938728 -2.25e-17 -2.25e-17 0.00938728 0.00938728 -2.25e-17 -2.25e-17
57500 0.00940395 0.00940395 -2.25e-17 -2.25e-17 0.00940395 0.00940395 -2.25e-17 -2.25e-17
57600 0.00942061 0.00942061 -2.25e-17 -2.25e-17 0.00942061 0.00942061 -2.25e-17 -2.25e-17
57700 0.00943728 0.00943728 -2.25e-17 -2.25e-17 0.00943728 0.00943728 -2.25e-17 -2.25e-17
57800 0.00945395 0.00945395 -2.25e-17 -2.25e-17 0.00945395 0.00945395 -2.25e-17 -2.25e-17
57900 0.00947062 0.00947062 -2.25e-17 -2.25e-17 0.00947062 0.00947062 -2.25e-17 -2.25e-17
58000 0.00948728 0.00948728 -2.25e-17 -2.25e-17 0.00948728 0.00948728 -2.25e-17 -2.25e-17
58100 0.00950395 0.00950395 -2.25e-17 -2.25e-17 0.00950395 0.00950395 -2.25e-17 -2.25e-17
58200 0.00952062 0.00952062 -2.25e-17 -2.25e-17 0.00952062 0.00952062 -2.25e-17 -2.25e-17
58300 0.00953729 0.00953729 -2.25e-17 -2.25e-17 0.00953729 0.00953729 -2.25e-17 -2.25e-17
58400 0.00955395 0.00955395 -2.25e-17 -2.25e-17 0.00955395 0.00955395 -2.25e-17 -2.25e-17
58500 0.00957062 0.00957062 -2.25e-17 -2.25e-17 0.00957062 0.00957062 -2.25e-17 -2.25e-17
58600 0.00958729 0.00958729 -2.25e-17 -2.25e-17 0.00958729 0.00958729 -2.25e-17 -2.25e-17
58700 0.00960395 0.00960395 -2.25e-17 -2.25e-17 0.00960395 0.00960395 -2.25e-17 -2.25e-17
58800 0.00962062 0.00962062 -2.25e-17 -2.25e-17 0.00962062 0.00962062 -2.25e-17 -2.25e-17
58900 0.00963729 0.00963729 -2.25e-17 -2.25e-17 0.00963729 0.00963729 -2.25e-17 -2.25e-17
59000 0.00965396 0.00965396 -2.25e-17 -2.25e-17 0.00965396 0.00965396 -2.25e-17 -2.25e-17
59100 0.00967062 0.00967062 -2.25e-17 -2.25e-17 0.00967062 0.00967062 -2.25e-17 -2.25e-17
59200 0.00968729 0.00968729 -2.25e-17 -2.25e-17 0.00968729 0.00968729 -2.25e-17 -2.25e-17
59300 0.00970396 0.00970396 -2.25e-17 -2.25e-17 0.00970396 0.00970396 -2.25e-17 -2.25e-17
59400 0.00972063 0.00972063 -2.25e-17 -2.25e-17 0.00972063 0.00972063 -2.25e-17 -2.25e-17
59500 0.00973729 0.00973729 -2.25e-17 -2.25e-17 0.00973729 0.00973729 -2.25e-17 -2.25e-17
59600 0.00975396 0.00975396 -2.25e-17 -2.25e-17 0.00975396 0.00975396 -2.25e-17 -2.25e-17
59700 0.00977063 0.00977063 -2.25e-17 -2.25e-17 0.00977063 0.00977063 -2.25e-17 -2.25e-17
59800 0.00978729 0.00978729 -2.25e-17 -2.25e-17 0.00978729 0.00978729 -2.25e-17 -2.25e-17
59900 0.00980396 0.00980396 -2.25e-17 -2.25e-17 0.00980396 0.00980396 -2.25e-17 -2.25e-17
60000 0.00982063 0.00982063 -2.25e-17 -2.25e-17 0.00982063 0.00982063 -2.25e-17 -2.25e-17
60100 0.0098373 0.0098373 -2.25e-17 -2.25e-17 0.0098373 0.0098373 -2.25e-17 -2.25e-17
60200 0.00985396 0.00985396 -2.25e-17 -2.25e-17 0.00985396 0.00985396 -2.25e-17 -2.25e-17
60300 0.00987063 0.00987063 -2.25e-17 -2.25e-17 0.00987063 0.00987063 -2.25e-17 -2.25e-17
60400 0.0098873 0.0098873 -2.25e-17 -2.25e-17 0.0098873 0.0098873 -2.25e-17 -2.25e-17
60500 0.00990397 0.00990397 -2.25e-17 -2.25e-17 0.00990397 0.00990397 -2.25e-17 -2.25e-17
60600 0.00992063 0.00992063 -2.25e-17 -2.25e-17 0.00992063 0.00992063 -2.25e-17 -2.25e-17
60700 0.0099373 0.0099373 -2.25e-17 -2.25e-17 0.0099373 0.0099373 -2.25e-17 -2.25e-17
60800 0.00995397 0.00995397 -2.25e-17 -2.25e-17 0.00995397 0.00995397 -2.25e-17 -2.25e-17
60900 0.00997063 0.00997063 -2.25e-17 -2.25e-17 0.00997063 0.00997063 -2.25e-17 -2.25e-17
61000 0.0099873 0.0099873 -2.25e-17 -2.25e-17 0.0099873 0.0099873 -2.25e-17 -2.25e-17
61100 0.010004 0.010004 -2.25e-17 -2.25e-17 0.010004 0.010004 -2.25e-17 -2.25e-17
61200 0.0100206 0.0100206 -2.25e-17 -2.25e-17 0.0100206 0.0100206 -2.25e-17 -2.25e-17
61300 0.0100373 0.0100373 -2.25e-17 -2.25e-17 0.0100373 0.0100373 -2.25e-17 -2.25e-17
61400 0.010054 0.010054 -2.25e-17 -2.25e-17 0.010054 0.010054 -2.25e-17 -2.25e-17
61500 0.0100706 0.0100706 -2.25e-17 -2.25e-17 0.0100706 0.0100706 -2.25e-17 -2.25e-17
61600 0.0100873 0.0100873 -2.25e-17 -2.25e-17 0.0100873 0.0100873 -2.25e-17 -2.25e-17
61700 0.010104 0.010104 -2.25e-17 -2.25e-17 0.010104 0.010104 -2.25e-17 -2.25e-17
61800 0.0101206 0.0101206 -2.25e-17 -2.25e-17 0.0101206 0.0101206 -2.25e-17 -2.25e-17
61900 0.0101373 0.0101373 -2.25e-17 -2.25e-17 0.0101373 0.0101373 -2.25e-17 -2.25e-17
62000 0.010154 0.010154 -2.25e-17 -2.25e-17 0.010154 0.010154 -2.25e-17 -2.25e-17
62100 0.0101706 0.0101706 -2.25e-17 -2.25e-17 0.0101706 0.0101706 -2.25e-17 -2.25e-17
62200 0.0101873 0.0101873 -2.25e-17 -2.25e-17 0.0101873 0.0101873 -2.25e-17 -2.25e-17
62300 0.010204 0.010204 -2.25e-17 -2.25e-17 0.010204 0.010204 -2.25e-17 -2.25e-17
62400 0.0102206 0.0102206 -2.25e-17 -2.25e-17 0.0102206 0.0102206 -2.25e-17 -2.25e-17
62500 0.0102373 0.0102373 -2.25e-17 -2.25e-17 0.0102373 0.0102373 -2.25e-17 -2.25e-17
62600 0.010254 0.010254 -2.25e-17 -2.25e-17 0.010254 0.010254 -2.25e-17 -2.25e-17
62700 0.0102706 0.0102706 -2.25e-17 -2.25e-17 0.0102706 0.0102706 -2.25e-17 -2.25e-17
62800 0.0102873 0.0102873 -2.25e-17 -2.25e-17 0.0102873 0.0102873 -2.25e-17 -2.25e-17
62900 0.010304 0.010304 -2.25e-17 -2.25e-17 0.010304 0.010304 -2.25e-17 -2.25e-17
63000 0.0103206 0.0103206 -2.25e-17 -2.25e-17 0.0103206 0.0103206 -2.25e-17 -2.25e-17
63100 0.0103373 0.0103373 -2.25e-17 -2.25e-17 0.0103373 0.0103373 -2.25e-17 -2.25e-17
63200 0.010354 0.010354 -2.25e-17 -2.25e-17 0.010354 0.010354 -2.25e-17 -2.25e-17
63300 0.0103706 0.0103706 -2.25e-17 -2.25e-17 0.0103706 0.0103706 -2.25e-17 -2.25e-17
63400 0.0103873 0.0103873 -2.25e-17 -2.25e-17 0.0103873 0.0103873 -2.25e-17 -2.25e-17
63500 0.010404 0.010404 -2.25e-17 -2.25e-17 0.010404 0.010404 -2.25e-17 -2.25e-17
63600 0.0104207 0.0104207 -2.25e-17 -2.25e-17 0.0104207 0.0104207 -2.25e-17 -2.25e-17
63700 0.0104373 0.0104373 -2.25e-17 -2.25e-17 0.0104373 0.0104373 -2.25e-17 -2.25e-17
63800 0.010454 0.010454 -2.25e-17 -2.25e-17 0.010454 0.010454 -2.25e-17 -2.25e-17
63900 0.0104707 0.0104707 -2.25e-17 -2.25e-17 0.0104707 0.0104707 -2.25e-17 -2.25e-17
64000 0.0104873 0.0104873 -2.25e-17 -2.25e-17 0.0104873 0.0104873 -2.25e-17 -2.25e-17
64100 0.010504 0.010504 -2.25e-17 -2.25e-17 0.010504 0.010504 -2.25e-17 -2.25e-17
64200 0.0105207 0.0105207 -2.25e-17 -2.25e-17 0.0105207 0.0105207 -2.25e-17 -2.25e-17
64300 0.0105373 0.0105373 -2.25e-17 -2.25e-17 0.0105373 0.0105373 -2.25e-17 -2.25e-17
64400 0.010554 0.010554 -2.25e-17 -2.25e-17 0.010554 0.010554 -2.25e-17 -2.25e-17
64500 0.0105707 0.0105707 -2.25e-17 -2.25e-17 0.0105707 0.0105707 -2.25e-17 -2.25e-17
64600 0.0105873 0.0105873 -2.25e-17 -2.25e-17 0.0105873 0.0105873 -2.25e-17 -2.25e-17
64700 0.010604 0.010604 -2.25e-17 -2.25e-17 0.010604 0.010604 -2.25e-17 -2.25e-17
64800 0.0106207 0.0106207 -2.25e-17 -2.25e-17 0.0106207 0.0106207 -2.25e-17 -2.25e-17
64900 0.0106373 0.0106373 -2.25e-17 -2.25e-17 0.0106373 0.0106373 -2.25e-17 -2.25e-17
65000 0.010654 0.010654 -2.25e-17 -2.25e-17 0.010654 0.010654 -2.25e-17 -2.25e-17
65100 0.0106707 0.0106707 -2.25e-17 -2.25e-17 0.0106707 0.0106707 -2.25e-17 -2.25e-17
65200 0.0106873 0.0106873 -2.25e-17 -2.25e-17 0.0106873 0.0106873 -2.25e-17 -2.25e-17
65300 0.010704 0.010704 -2.25e-17 -2.25e-17 0.010704 0.010704 -2.25e-17 -2.25e-17
65400 0.0107207 0.0107207 -2.25e-17 -2.25e-17 0.0107207 0.0107207 -2.25e-17 -2.25e-17
65500 0.0107373 0.0107373 -2.25e-17 -2.25e-17 0.0107373 0.0107373 -2.25e-17 -2.25e-17
65600 0.010754 0.010754 -2.25e-17 -2.25e-17 0.010754 0.010754 -2.25e-17 -2.25e-17
65700 0.0107707 0.0107707 -2.25e-17 -2.25e-17 0.0107707 0.0107707 -2.25e-17 -2.25e-17
65800 0.0107873 0.0107873 -2.25e-17 -2.25e-17 0.0107873 0.0107873 -2.25e-17 -2.25e-17
65900 0.010804 0.010804 -2.25e-17 -2.25e-17 0.010804 0.010804 -2.25e-17 -2.25e-17
66000 0.0108207 0.0108207 -2.25e-17 -2.25e-17 0.0108207 0.0108207 -2.25e-17 -2.25e-17
66100 0.0108373 0.0108373 -2.25e-17 -2.25e-17 0.0108373 0.0108373 -2.25e-17 -2.25e-17
66200 0.010854 0.010854 -2.25e-17 -2.25e-17 0.010854 0.010854 -2.25e-17 -2.25e-17
66300 0.0108707 0.0108707 -2.25e-17 -2.25e-17 0.0108707 0.0108707 -2.25e-17 -2.25e-17
66400 0.0108873 0.0108873 -2.25e-17 -2.25e-17 0.0108873 0.0108873 -2.25e-17 -2.25e-17
66500 0.010904 0.010904 -2.25e-17 -2.25e-17 0.010904 0.010904 -2.25e-17 -2.25e-17
66600 0.0109207 0.0109207 -2.25e-17 -2.25e-17 0.0109207 0.0109207 -2.25e-17 -2.25e-17
66700 0.0109373 0.0109373 -2.25e-17 -2.25e-17 0.0109373 0.0109373 -2.25e-17 -2.25e-17
66800 0.010954 0.010954 -2.25e-17 -2.25e-17 0.010954 0.010954 -2.25e-17 -2.25e-17
66900 0.0109707 0.0109707 -2.25e-17 -2.25e-17 0.0109707 0.0109707 -2.25e-17 -2.25e-17
67000 0.0109873 0.0109873 -2.25e-17 -2.25e-17 0.0109873 0.0109873 -2.25e-17 -2.25e-17
67100 0.011004 0.011004 -2.25e-17 -2.25e-17 0.011004 0.011004 -2.25e-17 -2.25e-17
67200 0.0110207 0.0110207 -2.25e-17 -2.25e-17 0.0110207 0.0110207 -2.25e-17 -2.25e-17
67300 0.0110373 0.0110373 -2.25e-17 -2.25e-17 0.0110373 0.0110373 -2.25e-17 -2.25e-17
67400 0.011054 0.011054 -2.25e-17 -2.25e-17 0.011054 0.011054 -2.25e-17 -2.25e-17
67500 0.0110707 0.0110707 -2.25e-17 -2.25e-17 0.0110707 0.0110707 -2.25e-17 -2.25e-17
67600 0.0110873 0.0110873 -2.25e-17 -2.25e-17 0.0110873 0.0110873 -2.25e-17 -2.25e-17
67700 0.011104 0.011104 -2.25e-17 -2.25e-17 0.011104 0.011104 -2.25e-17 -2.25e-17
67800 0.0111207 0.0111207 -2.25e-17 -2.25e-17 0.0111207 0.0111207 -2.25e-17 -2.25e-17
67900 0.0111373 0.0111373 -2.25e-17 -2.25e-17 0.0111373 0.0111373 -2.25e-17 -2.25e-17
68000 0.011154 0.011154 -2.25e-17 -2.25e-17 0.011154 0.011154 -2.25e-17 -2.25e-17
68100 0.0111707 0.0111707 -2.25e-17 -2.25e-17 0.0111707 0.0111707 -2.25e-17 -2.25e-17
68200 0.0111873 0.0111873 -2.25e-17 -2.25e-17 0.0111873 0.0111873 -2.25e-17 -2.25e-17
68300 0.011204 0.011204 -2.25e-17 -2.25e-17 0.011204 0.011204 -2.25e-17 -2.25e-17
68400 0.0112207 0.0112207 -2.25e-17 -2.25e-17 0.0112207 0.0112207 -2.25e-17 -2.25e-17
68500 0.0112373 0.0112373 -2.25e-17 -2.25e-17 0.0112373 0.0112373 -2.25e-17 -2.25e-17
68600 0.011254 0.011254 -2.25e-17 -2.25e-17 0.011254 0.011254 -2.25e-17 -2.25e-17
68700 0.0112707 0.0112707 -2.25e-17 -2.25e-17 0.0112707 0.0112707 -2.25e-17 -2.25e-17
68800 0.0112873 0.0112873 -2.25e-17 -2.25e-17 0.0112873 0.0112873 -2.25e-17 -2.25e-17
68900 0.011304 0.011304 -2.25e-17 -2.25e-17 0.011304 0.011304 -2.25e-17 -2.25e-17
69000 0.0113207 0.0113207 -2.25e-17 -2.25e-17 0.0113207 0.0113207 -2.25e-17 -2.25e-17
69100 0.0113374 0.0113374 -2.25e-17 -2.25e-17 0.0113374 0.0113374 -2.25e-17 -2.25e-17
69200 0.011354 0.011354 -2.25e-17 -2.25e-17 0.011354 0.011354 -2.25e-17 -2.25e-17
69300 0.0113707 0.0113707 -2.25e-17 -2.25e-17 0.0113707 0.0113707 -2.25e-17 -2.25e-17
69400 0.0113874 0.0113874 -2.25e-17 -2.25e-17 0.0113874 0.0113874 -2.25e-17 -2.25e-17
69500 0.011404 0.011404 -2.25e-17 -2.25e-17 0.011404 0.011404 -2.25e-17 -2.25e-17
69600 0.0114207 0.0114207 -2.25e-17 -2.25e-17 0.0114207 0.0114207 -2.25e-17 -2.25e-17
69700 0.0114374 0.0114374 -2.25e-17 -2.25e-17 0.0114374 0.0114374 -2.25e-17 -2.25e-17
69800 0.011454 0.011454 -2.25e-17 -2.25e-17 0.011454 0.011454 -2.25e-17 -2.25e-17
69900 0.0114707 0.0114707 -2.25e-17 -2.25e-17 0.0114707 0.0114707 -2.25e-17 -2.25e-17
70000 0.0114874 0.0114874 -2.25e-17 -2.25e-17 0.0114874 0.0114874 -2.25e-17 -2.25e-17
70100 0.011504 0.011504 -2.25e-17 -2.25e-17 0.011504 0.011504 -2.25e-17 -2.25e-17
70200 0.0115207 0.0115207 -2.25e-17 -2.25e-17 0.0115207 0.0115207 -2.25e-17 -2.25e-17
70300 0.0115374 0.0115374 -2.25e-17 -2.25e-17 0.0115374 0.0115374 -2.25e-17 -2.25e-17
70400 0.011554 0.011554 -2.25e-17 -2.25e-17 0.011554 0.011554 -2.25e-17 -2.25e-17
70500 0.0115707 0.0115707 -2.25e-17 -2.25e-17 0.0115707 0.0115707 -2.25e-17 -2.25e-17
70600 0.0115874 0.0115874 -2.25e-17 -2.25e-17 0.0115874 0.0115874 -2.25e-17 -2.25e-17
70700 0.011604 0.011604 -2.25e-17 -2.25e-17 0.011604 0.011604 -2.25e-17 -2.25e-17
70800 0.0116207 0.0116207 -2.25e-17 -2.25e-17 0.0116207 0.0116207 -2.25e-17 -2.25e-17
70900 0.0116374 0.0116374 -2.25e-17 -2.25e-17 0.0116374 0.0116374 -2.25e-17 -2.25e-17
71000 0.011654 0.011654 -2.25e-17 -2.25e-17 0.011654 0.011654 -2.25e-17 -2.25e-17
71100 0.0116707 0.0116707 -2.25e-17 -2.25e-17 0.0116707 0.0116707 -2.25e-17 -2.25e-17
71200 0.0116874 0.0116874 -2.25e-17 -2.25e-17 0.0116874 0.0116874 -2.25e-17 -2.25e-17
71300 0.011704 0.011704 -2.25e-17 -2.25e-17 0.011704 0.011704 -2.25e-17 -2.25e-17
71400 0.0117207 0.0117207 -2.25e-17 -2.25e-17 0.0117207 0.0117207 -2.25e-17 -2.25e-17
71500 0.0117374 0.0117374 -2.25e-17 -2.25e-17 0.0117374 0.0117374 -2.25e-17 -2.25e-17
71600 0.011754 0.011754 -2.25e-17 -2.25e-17 0.011754 0.011754 -2.25e-17 -2.25e-17
71700 0.0117707 0.0117707 -2.25e-17 -2.25e-17 0.0117707 0.0117707 -2.25e-17 -2.25e-17
71800 0.0117874 0.0117874 -2.25e-17 -2.25e-17 0.0117874 0.0117874 -2.25e-17 -2.25e-17
71900 0.011804 0.011804 -2.25e-17 -2.25e-17 0.011804 0.011804 -2.25e-17 -2.25e-17
72000 0.0118207 0.0118207 -2.25e-17 -2.25e-17 0.0118207 0.0118207 -2.25e-17 -2.25e-17
72100 0.0118374 0.0118374 -2.25e-17 -2.25e-17 0.0118374 0.0118374 -2.25e-17 -2.25e-17
72200 0.011854 0.011854 -2.25e-17 -2.25e-17 0.011854 0.011854 -2.25e-17 -2.25e-17
72300 0.0118707 0.0118707 -2.25e-17 -2.25e-17 0.0118707 0.0118707 -2.25e-17 -2.25e-17
72400 0.0118874 0.0118874 -2.25e-17 -2.25e-17 0.0118874 0.0118874 -2.25e-17 -2.25e-17
72500 0.011904 0.011904 -2.25e-17 -2.25e-17 0.011904 0.011904 -2.25e-17 -2.25e-17
72600 0.0119207 0.0119207 -2.25e-17 -2.25e-17 0.0119207 0.0119207 -2.25e-17 -2.25e-17
72700 0.0119374 0.0119374 -2.25e-17 -2.25e-17 0.0119374 0.0119374 -2.25e-17 -2.25e-17
72800 0.011954 0.011954 -2.25e-17 -2.25e-17 0.011954 0.011954 -2.25e-17 -2.25e-17
72900 0.0119707 0.0119707 -2.25e-17 -2.25e-17 0.0119707 0.0119707 -2.25e-17 -2.25e-17
73000 0.0119874 0.0119874 -2.25e-17 -2.25e-17 0.0119874 0.0119874 -2.25e-17 -2.25e-17
73100 0.012004 0.012004 -2.25e-17 -2.25e-17 0.012004 0.012004 -2.25e-17 -2.25e-17
73200 0.0120207 0.0120207 -2.25e-17 -2.25e-17 0.0120207 0.0120207 -2.25e-17 -2.25e-17
73300 0.0120374 0.0120374 -2.25e-17 -2.25e-17 0.0120374 0.0120374 -2.25e-17 -2.25e-17
73400 0.012054 0.012054 -2.25e-17 -2.25e-17 0.012054 0.012054 -2.25e-17 -2.25e-17
73500 0.0120707 0.0120707 -2.25e-17 -2.25e-17 0.0120707 0.0120707 -2.25e-17 -2.25e-17
73600 0.0120874 0.0120874 -2.25e-17 -2.25e-17 0.0120874 0.0120874 -2.25e-17 -2.25e-17
73700 0.012104 0.012104 -2.25e-17 -2.25e-17 0.012104 0.012104 -2.25e-17 -2.25e-17
73800 0.0121207 0.0121207 -2.25e-17 -2.25e-17 0.0121207 0.0121207 -2.25e-17 -2.25e-17
73900 0.0121374 0.0121374 -2.25e-17 -2.25e-17 0.0121374 0.0121374 -2.25e-17 -2.25e-17
74000 0.012154 0.012154 -2.25e-17 -2.25e-17 0.012154 0.012154 -2.25e-17 -2.25e-17
74100 0.0121707 0.0121707 -2.25e-17 -2.25e-17 0.0121707 0.0121707 -2.25e-17 -2.25e-17
74200 0.0121874 0.0121874 -2.25e-17 -2.25e-17 0.0121874 0.0121874 -2.25e-17 -2.25e-17
74300 0.012204 0.012204 -2.25e-17 -2.25e-17 0.012204 0.012204 -2.25e-17 -2.25e-17
74400 0.0122207 0.0122207 -2.25e-17 -2.25e-17 0.0122207 0.0122207 -2.25e-17 -2.25e-17
74500 0.0122374 0.0122374 -2.25e-17 -2.25e-17 0.0122374 0.0122374 -2.25e-17 -2.25e-17
74600 0.012254 0.012254 -2.25e-17 -2.25e-17 0.012254 0.012254 -2.25e-17 -2.25e-17
74700 0.0122707 0.0122707 -2.25e-17 -2.25e-17 0.0122707 0.0122707 -2.25e-17 -2.25e-17
74800 0.0122874 0.0122874 -2.25e-17 -2.25e-17 0.0122874 0.0122874 -2.25e-17 -2.25e-17
74900 0.0123041 0.0123041 -2.25e-17 -2.25e-17 0.0123041 0.0123041 -2.25e-17 -2.25e-17
75000 0.0123207 0.0123207 -2.25e-17 -2.25e-17 0.0123207 0.0123207 -2.25e-17 -2.25e-17
75100 0.0123374 0.0123374 -2.25e-17 -2.25e-17 0.0123374 0.0123374 -2.25e-17 -2.25e-17
75200 0.0123541 0.0123541 -2.25e-17 -2.25e-17 0.0123541 0.0123541 -2.25e-17 -2.25e-17
75300 0.0123707 0.0123707 -2.25e-17 -2.25e-17 0.0123707 0.0123707 -2.25e-17 -2.25e-17
75400 0.0123874 0.0123874 -2.25e-17 -2.25e-17 0.0123874 0.0123874 -2.25e-17 -2.25e-17
75500 0.0124041 0.0124041 -2.25e-17 -2.25e-17 0.0124041 0.0124041 -2.25e-17 -2.25e-17
75600 0.0124207 0.0124207 -2.25e-17 -2.25e-17 0.0124207 0.0124207 -2.25e-17 -2.25e-17
75700 0.0124374 0.0124374 -2.25e-17 -2.25e-17 0.0124374 0.0124374 -2.25e-17 -2.25e-17
75800 0.0124541 0.0124541 -2.25e-17 -2.25e-17 0.0124541 0.0124541 -2.25e-17 -2.25e-17
75900 0.0124707 0.0124707 -2.25e-17 -2.25e-17 0.0124707 0.0124707 -2.25e-17 -2.25e-17
76000 0.0124874 0.0124874 -2.25e-17 -2.25e-17 0.0124874 0.0124874 -2.25e-17 -2.25e-17
76100 0.0125041 0.0125041 -2.25e-17 -2.25e-17 0.0125041 0.0125041 -2.25e-17 -2.25e-17
76200 0.0125207 0.0125207 -2.25e-17 -2.25e-17 0.0125207 0.0125207 -2.25e-17 -2.25e-17
76300 0.0125374 0.0125374 -2.25e-17 -2.25e-17 0.0125374 0.0125374 -2.25e-17 -2.25e-17
76400 0.0125541 0.0125541 -2.25e-17 -2.25e-17 0.0125541 0.0125541 -2.25e-17 -2.25e-17
76500 0.0125707 0.0125707 -2.25e-17 -2.25e-17 0.0125707 0.0125707 -2.25e-17 -2.25e-17
76600 0.0125874 0.0125874 -2.25e-17 -2.25e-17 0.0125874 0.0125874 -2.25e-17 -2.25e-17
76700 0.0126041 0.0126041 -2.25e-17 -2.25e-17 0.0126041 0.0126041 -2.25e-17 -2.25e-17
76800 0.0126207 0.0126207 -2.25e-17 -2.25e-17 0.0126207 0.0126207 -2.25e-17 -2.25e-17
76900 0.0126374 0.0126374 -2.25e-17 -2.25e-17 0.0126374 0.0126374 -2.25e-17 -2.25e-17
77000 0.0126541 0.0126541 -2.25e-17 -2.25e-17 0.0126541 0.0126541 -2.25e-17 -2.25e-17
77100 0.0126707 0.0126707 -2.25e-17 -2.25e-17 0.0126707 0.0126707 -2.25e-17 -2.25e-17
77200 0.0126874 0.0126874 -2.25e-17 -2.25e-17 0.0126874 0.0126874 -2.25e-17 -2.25e-17
77300 0.0127041 0.0127041 -2.25e-17 -2.25e-17 0.0127041 0.0127041 -2.25e-17 -2.25e-17
77400 0.0127207 0.0127207 -2.25e-17 -2.25e-17 0.0127207 0.0127207 -2.25e-17 -2.25e-17
77500 0.0127374 0.0127374 -2.25e-17 -2.25e-17 0.0127374 0.0127374 -2.25e-17 -2.25e-17
77600 0.0127541 0.0127541 -2.25e-17 -2.25e-17 0.0127541 0.0127541 -2.25e-17 -2.25e-17
77700 0.0127707 0.0127707 -2.25e-17 -2.25e-17 0.0127707 0.0127707 -2.25e-17 -2.25e-17
77800 0.0127874 0.0127874 -2.25e-17 -2.25e-17 0.0127874 0.0127874 -2.25e-17 -2.25e-17
77900 0.0128041 0.0128041 -2.25e-17 -2.25e-17 0.0128041 0.0128041 -2.25e-17 -2.25e-17
78000 0.0128207 0.0128207 -2.25e-17 -2.25e-17 0.0128207 0.0128207 -2.25e-17 -2.25e-17
78100 0.0128374 0.0128374 -2.25e-17 -2.25e-17 0.0128374 0.0128374 -2.25e-17 -2.25e-17
78200 0.0128541 0.0128541 -2.25e-17 -2.25e-17 0.0128541 0.0128541 -2.25e-17 -2.25e-17
78300 0.0128707 0.0128707 -2.25e-17 -2.25e-17 0.0128707 0.0128707 -2.25e-17 -2.25e-17
78400 0.0128874 0.0128874 -2.25e-17 -2.25e-17 0.0128874 0.0128874 -2.25e-17 -2.25e-17
78500 0.0129041 0.0129041 -2.25e-17 -2.25e-17 0.0129041 0.0129041 -2.25e-17 -2.25e-17
78600 0.0129207 0.0129207 -2.25e-17 -2.25e-17 0.0129207 0.0129207 -2.25e-17 -2.25e-17
78700 0.0129374 0.0129374 -2.25e-17 -2.25e-17 0.0129374 0.0129374 -2.25e-17 -2.25e-17
78800 0.0129541 0.0129541 -2.25e-17 -2.25e-17 0.0129541 0.0129541 -2.25e-17 -2.25e-17
78900 0.0129707 0.0129707 -2.25e-17 -2.25e-17 0.0129707 0.0129707 -2.25e-17 -2.25e-17
79000 0.0129874 0.0129874 -2.25e-17 -2.25e-17 0.0129874 0.0129874 -2.25e-17 -2.25e-17
79100 0.0130041 0.0130041 -2.25e-17 -2.25e-17 0.0130041 0.0130041 -2.25e-17 -2.25e-17
79200 0.0130207 0.0130207 -2.25e-17 -2.25e-17 0.0130207 0.0130207 -2.25e-17 -2.25e-17
79300 0.0130374 0.0130374 -2.25e-17 -2.25e-17 0.0130374 0.0130374 -2.25e-17 -2.25e-17
79400 0.0130541 0.0130541 -2.25e-17 -2.25e-17 0.0130541 0.0130541 -2.25e-17 -2.25e-17
79500 0.0130707 0.0130707 -2.25e-17 -2.25e-17 0.0130707 0.0130707 -2.25e-17 -2.25e-17
79600 0.0130874 0.0130874 -2.25e-17 -2.25e-17 0.0130874 0.0130874 -2.25e-17 -2.25e-17
79700 0.0131041 0.0131041 -2.25e-17 -2.25e-17 0.0131041 0.0131041 -2.25e-17 -2.25e-17
79800 0.0131207 0.0131207 -2.25e-17 -2.25e-17 0.0131207 0.0131207 -2.25e-17 -2.25e-17
79900 0.0131374 0.0131374 -2.25e-17 -2.25e-17 0.0131374 0.0131374 -2.25e-17 -2.25e-17
80000 0.0131541 0.0131541 -2.25e-17 -2.25e-17 0.0131541 0.0131541 -2.25e-17 -2.25e-17
80100 0.0131707 0.0131707 -2.25e-17 -2.25e-17 0.0131707 0.0131707 -2.25e-17 -2.25e-17
80200 0.0131874 0.0131874 -2.25e-17 -2.25e-17 0.0131874 0.0131874 -2.25e-17 -2.25e-17
80300 0.0132041 0.0132041 -2.25e-17 -2.25e-17 0.0132041 0.0132041 -2.25e-17 -2.25e-17
80400 0.0132207 0.0132207 -2.25e-17 -2.25e-17 0.0132207 0.0132207 -2.25e-17 -2.25e-17
80500 0.0132374 0.0132374 -2.25e-17 -2.25e-17 0.0132374 0.0132374 -2.25e-17 -2.25e-17
80600 0.0132541 0.0132541 -2.25e-17 -2.25e-17 0.0132541 0.0132541 -2.25e-17 -2.25e-17
80700 0.0132708 0.0132708 -2.25e-17 -2.25e-17 0.0132708 0.0132708 -2.25e-17 -2.25e-17
80800 0.0132874 0.0132874 -2.25e-17 -2.25e-17 0.0132874 0.0132874 -2.25e-17 -2.25e-17
80900 0.0133041 0.0133041 -2.25e-17 -2.25e-17 0.0133041 0.0133041 -2.25e-17 -2.25e-17
81000 0.0133208 0.0133208 -2.25e-17 -2.25e-17 0.0133208 0.0133208 -2.25e-17 -2.25e-17
81100 0.0133374 0.0133374 -2.25e-17 -2.25e-17 0.0133374 0.0133374 -2.25e-17 -2.25e-17
81200 0.0133541 0.0133541 -2.25e-17 -2.25e-17 0.0133541 0.0133541 -2.25e-17 -2.25e-17
81300 0.0133708 0.0133708 -2.25e-17 -2.25e-17 0.0133708 0.0133708 -2.25e-17 -2.25e-17
81400 0.0133874 0.0133874 -2.25e-17 -2.25e-17 0.0133874 0.0133874 -2.25e-17 -2.25e-17
81500 0.0134041 0.0134041 -2.25e-17 -2.25e-17 0.0134041 0.0134041 -2.25e-17 -2.25e-17
81600 0.0134208 0.0134208 -2.25e-17 -2.25e-17 0.0134208 0.0134208 -2.25e-17 -2.25e-17
81700 0.0134374 0.0134374 -2.25e-17 -2.25e-17 0.0134374 0.0134374 -2.25e-17 -2.25e-17
81800 0.0134541 0.0134541 -2.25e-17 -2.25e-17 0.0134541 0.0134541 -2.25e-17 -2.25e-17
81900 0.0134708 0.0134708 -2.25e-17 -2.25e-17 0.0134708 0.0134708 -2.25e-17 -2.25e-17
82000 0.0134874 0.0134874 -2.25e-17 -2.25e-17 0.0134874 0.0134874 -2.25e-17 -2.25e-17
82100 0.0135041 0.0135041 -2.25e-17 -2.25e-17 0.0135041 0.0135041 -2.25e-17 -2.25e-17
82200 0.0135208 0.0135208 -2.25e-17 -2.25e-17 0.0135208 0.0135208 -2.25e-17 -2.25e-17
82300 0.0135374 0.0135374 -2.25e-17 -2.25e-17 0.0135374 0.0135374 -2.25e-17 -2.25e-17
82400 0.0135541 0.0135541 -2.25e-17 -2.25e-17 0.0135541 0.0135541 -2.25e-17 -2.25e-17
82500 0.0135708 0.0135708 -2.25e-17 -2.25e-17 0.0135708 0.0135708 -2.25e-17 -2.25e-17
82600 0.0135874 0.0135874 -2.25e-17 -2.25e-17 0.0135874 0.0135874 -2.25e-17 -2.25e-17
82700 0.0136041 0.0136041 -2.25e-17 -2.25e-17 0.0136041 0.0136041 -2.25e-17 -2.25e-17
82800 0.0136208 0.0136208 -2.25e-17 -2.25e-17 0.0136208 0.0136208 -2.25e-17 -2.25e-17
82900 0.0136374 0.0136374 -2.25e-17 -2.25e-17 0.0136374 0.0136374 -2.25e-17 -2.25e-17
83000 0.0136541 0.0136541 -2.25e-17 -2.25e-17 0.0136541 0.0136541 -2.25e-17 -2.25e-17
83100 0.0136708 0.0136708 -2.25e-17 -2.25e-17 0.0136708 0.0136708 -2.25e-17 -2.25e-17
83200 0.0136874 0.0136874 -2.25e-17 -2.25e-17 0.0136874 0.0136874 -2.25e-17 -2.25e-17
83300 0.0137041 0.0137041 -2.25e-17 -2.25e-17 0.0137041 0.0137041 -2.25e-17 -2.25e-17
83400 0.0137208 0.0137208 -2.25e-17 -2.25e-17 0.0137208 0.0137208 -2.25e-17 -2.25e-17
83500 0.0137374 0.0137374 -2.25e-17 -2.25e-17 0.0137374 0.0137374 -2.25e-17 -2.25e-17
83600 0.0137541 0.0137541 -2.25e-17 -2.25e-17 0.0137541 0.0137541 -2.25e-17 -2.25e-17
83700 0.0137708 0.0137708 -2.25e-17 -2.25e-17 0.0137708 0.0137708 -2.25e-17 -2.25e-17
83800 0.0137874 0.0137874 -2.25e-17 -2.25e-17 0.0137874 0.0137874 -2.25e-17 -2.25e-17
83900 0.0138041 0.0138041 -2.25e-17 -2.25e-17 0.0138041 0.0138041 -2.25e-17 -2.25e-17
84000 0.0138208 0.0138208 -2.25e-17 -2.25e-17 0.0138208 0.0138208 -2.25e-17 -2.25e-17
84100 0.0138374 0.0138374 -2.25e-17 -2.25e-17 0.0138374 0.0138374 -2.25e-17 -2.25e-17
84200 0.0138541 0.0138541 -2.25e-17 -2.25e-17 0.0138541 0.0138541 -2.25e-17 -2.25e-17
84300 0.0138708 0.0138708 -2.25e-17 -2.25e-17 0.0138708 0.0138708 -2.25e-17 -2.25e-17
84400 0.0138874 0.0138874 -2.25e-17 -2.25e-17 0.0138874 0.0138874 -2.25e-17 -2.25e-17
84500 0.0139041 0.0139041 -2.25e-17 -2.25e-17 0.0139041 0.0139041 -2.25e-17 -2.25e-17
84600 0.0139208 0.0139208 -2.25e-17 -2.25e-17 0.0139208 0.0139208 -2.25e-17 -2.25e-17
84700 0.0139374 0.0139374 -2.25e-17 -2.25e-17 0.0139374 0.0139374 -2.25e-17 -2.25e-17
84800 0.0139541 0.0139541 -2.25e-17 -2.25e-17 0.0139541 0.0139541 -2.25e-17 -2.25e-17
84900 0.0139708 0.0139708 -2.25e-17 -2.25e-17 0.0139708 0.0139708 -2.25e-17 -2.25e-17
85000 0.0139874 0.0139874 -2.25e-17 -2.25e-17 0.0139874 0.0139874 -2.25e-17 -2.25e-17
85100 0.0140041 0.0140041 -2.25e-17 -2.25e-17 0.0140041 0.0140041 -2.25e-17 -2.25e-17
85200 0.0140208 0.0140208 -2.25e-17 -2.25e-17 0.0140208 0.0140208 -2.25e-17 -2.25e-17
85300 0.0140374 0.0140374 -2.25e-17 -2.25e-17 0.0140374 0.0140374 -2.25e-17 -2.25e-17
85400 0.0140541 0.0140541 -2.25e-17 -2.25e-17 0.0140541 0.0140541 -2.25e-17 -2.25e-17
85500 0.0140708 0.0140708 -2.25e-17 -2.25e-17 0.0140708 0.0140708 -2.25e-17 -2.25e-17
85600 0.0140874 0.0140874 -2.25e-17 -2.25e-17 0.0140874 0.0140874 -2.25e-17 -2.25e-17
85700 0.0141041 0.0141041 -2.25e-17 -2.25e-17 0.0141041 0.0141041 -2.25e-17 -2.25e-17
85800 0.0141208 0.0141208 -2.25e-17 -2.25e-17 0.0141208 0.0141208 -2.25e-17 -2.25e-17
85900 0.0141374 0.0141374 -2.25e-17 -2.25e-17 0.0141374 0.0141374 -2.25e-17 -2.25e-17
86000 0.0141541 0.0141541 -2.25e-17 -2.25e-17 0.0141541 0.0141541 -2.25e-17 -2.25e-17
86100 0.0141708 0.0141708 -2.25e-17 -2.25e-17 0.0141708 0.0141708 -2.25e-17 -2.25e-17
86200 0.0141874 0.0141874 -2.25e-17 -2.25e-17 0.0141874 0.0141874 -2.25e-17 -2.25e-17
86300 0.0142041 0.0142041 -2.25e-17 -2.25e-17 0.0142041 0.0142041 -2.25e-17 -2.25e-17
86400 0.0142208 0.0142208 -2.25e-17 -2.25e-17 0.0142208 0.0142208 -2.25e-17 -2.25e-17
86500 0.0142374 0.0142374 -2.25e-17 -2.25e-17 0.0142374 0.0142374 -2.25e-17 -2.25e-17
86600 0.0142541 0.0142541 -2.25e-17 -2.25e-17 0.0142541 0.0142541 -2.25e-17 -2.25e-17
86700 0.0142708 0.0142708 -2.25e-17 -2.25e-17 0.0142708 0.0142708 -2.25e-17 -2.25e-17
86800 0.0142875 0.0142875 -2.25e-17 -2.25e-17 0.0142875 0.0142875 -2.25e-17 -2.25e-17
86900 0.0143041 0.0143041 -2.25e-17 -2.25e-17 0.0143041 0.0143041 -2.25e-17 -2.25e-17
87000 0.0143208 0.0143208 -2.25e-17 -2.25e-17 0.0143208 0.0143208 -2.25e-17 -2.25e-17
87100 0.0143375 0.0143375 -2.25e-17 -2.25e-17 0.0143375 0.0143375 -2.25e-17 -2.25e-17
87200 0.0143541 0.0143541 -2.25e-17 -2.25e-17 0.0143541 0.0143541 -2.25e-17 -2.25e-17
87300 0.0143708 0.0143708 -2.25e-17 -2.25e-17 0.0143708 0.0143708 -2.25e-17 -2.25e-17
87400 0.0143875 0.0143875 -2.25e-17 -2.25e-17 0.0143875 0.0143875 -2.25e-17 -2.25e-17
87500 0.0144041 0.0144041 -2.25e-17 -2.25e-17 0.0144041 0.0144041 -2.25e-17 -2.25e-17
87600 0.0144208 0.0144208 -2.25e-17 -2.25e-17 0.0144208 0.0144208 -2.25e-17 -2.25e-17
87700 0.0144375 0.0144375 -2.25e-17 -2.25e-17 0.0144375 0.0144375 -2.25e-17 -2.25e-17
87800 0.0144541 0.0144541 -2.25e-17 -2.25e-17 0.0144541 0.0144541 -2.25e-17 -2.25e-17
87900 0.0144708 0.0144708 -2.25e-17 -2.25e-17 0.0144708 0.0144708 -2.25e-17 -2.25e-17
88000 0.0144875 0.0144875 -2.25e-17 -2.25e-17 0.0144875 0.0144875 -2.25e-17 -2.25e-17
88100 0.0145041 0.0145041 -2.25e-17 -2.25e-17 0.0145041 0.0145041 -2.25e-17 -2.25e-17
88200 0.0145208 0.0145208 -2.25e-17 -2.25e-17 0.0145208 0.0145208 -2.25e-17 -2.25e-17
88300 0.0145375 0.0145375 -2.25e-17 -2.25e-17 0.0145375 0.0145375 -2.25e-17 -2.25e-17
88400 0.0145541 0.0145541 -2.25e-17 -2.25e-17 0.0145541 0.0145541 -2.25e-17 -2.25e-17
88500 0.0145708 0.0145708 -2.25e-17 -2.25e-17 0.0145708 0.0145708 -2.25e-17 -2.25e-17
88600 0.0145875 0.0145875 -2.25e-17 -2.25e-17 0.0145875 0.0145875 -2.25e-17 -2.25e-17
88700 0.0146041 0.0146041 -2.25e-17 -2.25e-17 0.0146041 0.0146041 -2.25e-17 -2.25e-17
88800 0.0146208 0.0146208 -2.25e-17 -2.25e-17 0.0146208 0.0146208 -2.25e-17 -2.25e-17
88900 0.0146375 0.0146375 -2.25e-17 -2.25e-17 0.0146375 0.0146375 -2.25e-17 -2.25e-17
89000 0.0146541 0.0146541 -2.25e-17 -2.25e-17 0.0146541 0.0146541 -2.25e-17 -2.25e-17
89100 0.0146708 0.0146708 -2.25e-17 -2.25e-17 0.0146708 0.0146708 -2.25e-17 -2.25e-17
89200 0.0146875 0.0146875 -2.25e-17 -2.25e-17 0.0146875 0.0146875 -2.25e-17 -2.25e-17
89300 0.0147041 0.0147041 -2.25e-17 -2.25e-17 0.0147041 0.0147041 -2.25e-17 -2.25e-17
89400 0.0147208 0.0147208 -2.25e-17 -2.25e-17 0.0147208 0.0147208 -2.25e-17 -2.25e-17
89500 0.0147375 0.0147375 -2.25e-17 -2.25e-17 0.0147375 0.0147375 -2.25e-17 -2.25e-17
89600 0.0147541 0.0147541 -2.25e-17 -2.25e-17 0.0147541 0.0147541 -2.25e-17 -2.25e-17
89700 0.0147708 0.0147708 -2.25e-17 -2.25e-17 0.0147708 0.0147708 -2.25e-17 -2.25e-17
89800 0.0147875 0.0147875 -2.25e-17 -2.25e-17 0.0147875 0.0147875 -2.25e-17 -2.25e-17
89900 0.0148041 0.0148041 -2.25e-17 -2.25e-17 0.0148041 0.0148041 -2.25e-17 -2.25e-17
90000 0.0148208 0.0148208 -2.25e-17 -2.25e-17 0.0148208 0.0148208 -2.25e-17 -2.25e-17
90100 0.0148375 0.0148375 -2.25e-17 -2.25e-17 0.0148375 0.0148375 -2.25e-17 -2.25e-17
90200 0.0148541 0.0148541 -2.25e-17 -2.25e-17 0.0148541 0.0148541 -2.25e-17 -2.25e-17
90300 0.0148708 0.0148708 -2.25e-17 -2.25e-17 0.0148708 0.0148708 -2.25e-17 -2.25e-17
90400 0.0148875 0.0148875 -2.25e-17 -2.25e-17 0.0148875 0.0148875 -2.25e-17 -2.25e-17
90500 0.0149041 0.0149041 -2.25e-17 -2.25e-17 0.0149041 0.0149041 -2.25e-17 -2.25e-17
90600 0.0149208 0.0149208 -2.25e-17 -2.25e-17 0.0149208 0.0149208 -2.25e-17 -2.25e-17
90700 0.0149375 0.0149375 -2.25e-17 -2.25e-17 0.0149375 0.0149375 -2.25e-17 -2.25e-17
90800 0.0149541 0.0149541 -2.25e-17 -2.25e-17 0.0149541 0.0149541 -2.25e-17 -2.25e-17
90900 0.0149708 0.0149708 -2.25e-17 -2.25e-17 0.0149708 0.0149708 -2.25e-17 -2.25e-17
91000 0.0149875 0.0149875 -2.25e-17 -2.25e-17 0.0149875 0.0149875 -2.25e-17 -2.25e-17
91100 0.0150041 0.0150041 -2.25e-17 -2.25e-17 0.0150041 0.0150041 -2.25e-17 -2.25e-17
91200 0.0150208 0.0150208 -2.25e-17 -2.25e-17 0.0150208 0.0150208 -2.25e-17 -2.25e-17
91300 0.0150375 0.0150375 -2.25e-17 -2.25e-17 0.0150375 0.0150375 -2.25e-17 -2.25e-17
91400 0.0150541 0.0150541 -2.25e-17 -2.25e-17 0.0150541 0.0150541 -2.25e-17 -2.25e-17
91500 0.0150708 0.0150708 -2.25e-17 -2.25e-17 0.0150708 0.0150708 -2.25e-17 -2.25e-17
91600 0.0150875 0.0150875 -2.25e-17 -2.25e-17 0.0150875 0.0150875 -2.25e-17 -2.25e-17
91700 0.0151041 0.0151041 -2.25e-17 -2.25e-17 0.0151041 0.0151041 -2.25e-17 -2.25e-17
91800 0.0151208 0.0151208 -2.25e-17 -2.25e-17 0.0151208 0.0151208 -2.25e-17 -2.25e-17
91900 0.0151375 0.0151375 -2.25e-17 -2.25e-17 0.0151375 0.0151375 -2.25e-17 -2.25e-17
92000 0.0151541 0.0151541 -2.25e-17 -2.25e-17 0.0151541 0.0151541 -2.25e-17 -2.25e-17
92100 0.0151708 0.0151708 -2.25e-17 -2.25e-17 0.0151708 0.0151708 -2.25e-17 -2.25e-17
92200 0.0151875 0.0151875 -2.25e-17 -2.25e-17 0.0151875 0.0151875 -2.25e-17 -2.25e-17
92300 0.0152041 0.0152041 -2.25e-17 -2.25e-17 0.0152041 0.0152041 -2.25e-17 -2.25e-17
92400 0.0152208 0.0152208 -2.25e-17 -2.25e-17 0.0152208 0.0152208 -2.25e-17 -2.25e-17
92500 0.0152375 0.0152375 -2.25e-17 -2.25e-17 0.0152375 0.0152375 -2.25e-17 -2.25e-17
92600 0.0152541 0.0152541 -2.25e-17 -2.25e-17 0.0152541 0.0152541 -2.25e-17 -2.25e-17
92700 0.0152708 0.0152708 -2.25e-17 -2.25e-17 0.0152708 0.0152708 -2.25e-17 -2.25e-17
92800 0.0152875 0.0152875 -2.25e-17 -2.25e-17 0.0152875 0.0152875 -2.25e-17 -2.25e-17
92900 0.0153041 0.0153041 -2.25e-17 -2.25e-17 0.0153041 0.0153041 -2.25e-17 -2.25e-17
93000 0.0153208 0.0153208 -2.25e-17 -2.25e-17 0.0153208 0.0153208 -2.25e-17 -2.25e-17
93100 0.0153375 0.0153375 -2.25e-17 -2.25e-17 0.0153375 0.0153375 -2.25e-17 -2.25e-17
93200 0.0153542 0.0153542 -2.25e-17 -2.25e-17 0.0153542 0.0153542 -2.25e-17 -2.25e-17
93300 0.0153708 0.0153708 -2.25e-17 -2.25e-17 0.0153708 0.0153708 -2.25e-17 -2.25e-17
93400 0.0153875 0.0153875 -2.25e-17 -2.25e-17 0.0153875 0.0153875 -2.25e-17 -2.25e-17
93500 0.0154042 0.0154042 -2.25e-17 -2.25e-17 0.0154042 0.0154042 -2.25e-17 -2.25e-17
93600 0.0154208 0.0154208 -2.25e-17 -2.25e-17 0.0154208 0.0154208 -2.25e-17 -2.25e-17
93700 0.0154375 0.0154375 -2.25e-17 -2.25e-17 0.0154375 0.0154375 -2.25e-17 -2.25e-17
93800 0.0154542 0.0154542 -2.25e-17 -2.25e-17 0.0154542 0.0154542 -2.25e-17 -2.25e-17
93900 0.0154708 0.0154708 -2.25e-17 -2.25e-17 0.0154708 0.0154708 -2.25e-17 -2.25e-17
94000 0.0154875 0.0154875 -2.25e-17 -2.25e-17 0.0154875 0.0154875 -2.25e-17 -2.25e-17
94100 0.0155042 0.0155042 -2.25e-17 -2.25e-17 0.0155042 0.0155042 -2.25e-17 -2.25e-17
94200 0.0155208 0.0155208 -2.25e-17 -2.25e-17 0.0155208 0.0155208 -2.25e-17 -2.25e-17
94300 0.0155375 0.0155375 -2.25e-17 -2.25e-17 0.0155375 0.0155375 -2.25e-17 -2.25e-17
94400 0.0155542 0.0155542 -2.25e-17 -2.25e-17 0.0155542 0.0155542 -2.25e-17 -2.25e-17
94500 0.0155708 0.0155708 -2.25e-17 -2.25e-17 0.0155708 0.0155708 -2.25e-17 -2.25e-17
94600 0.0155875 0.0155875 -2.25e-17 -2.25e-17 0.0155875 0.0155875 -2.25e-17 -2.25e-17
94700 0.0156042 0.0156042 -2.25e-17 -2.25e-17 0.0156042 0.0156042 -2.25e-17 -2.25e-17
94800 0.0156208 0.0156208 -2.25e-17 -2.25e-17 0.0156208 0.0156208 -2.25e-17 -2.25e-17
94900 0.0156375 0.0156375 -2.25e-17 -2.25e-17 0.0156375 0.0156375 -2.25e-17 -2.25e-17
95000 0.0156542 0.0156542 -2.25e-17 -2.25e-17 0.0156542 0.0156542 -2.25e-17 -2.25e-17
95100 0.0156708 0.0156708 -2.25e-17 -2.25e-17 0.0156708 0.0156708 -2.25e-17 -2.25e-17
95200 0.0156875 0.0156875 -2.25e-17 -2.25e-17 0.0156875 0.0156875 -2.25e-17 -2.25e-17
95300 0.0157042 0.0157042 -2.25e-17 -2.25e-17 0.0157042 0.0157042 -2.25e-17 -2.25e-17
95400 0.0157208 0.0157208 -2.25e-17 -2.25e-17 0.0157208 0.0157208 -2.25e-17 -2.25e-17
95500 0.0157375 0.0157375 -2.25e-17 -2.25e-17 0.0157375 0.0157375 -2.25e-17 -2.25e-17
95600 0.0157542 0.0157542 -2.25e-17 -2.25e-17 0.0157542 0.0157542 -2.25e-17 -2.25e-17
95700 0.0157708 0.0157708 -2.25e-17 -2.25e-17 0.0157708 0.0157708 -2.25e-17 -2.25e-17
95800 0.0157875 0.0157875 -2.25e-17 -2.25e-17 0.0157875 0.0157875 -2.25e-17 -2.25e-17
95900 0.0158042 0.0158042 -2.25e-17 -2.25e-17 0.0158042 0.0158042 -2.25e-17 -2.25e-17
96000 0.0158208 0.0158208 -2.25e-17 -2.25e-17 0.0158208 0.0158208 -2.25e-17 -2.25e-17
96100 0.0158375 0.0158375 -2.25e-17 -2.25e-17 0.0158375 0.0158375 -2.25e-17 -2.25e-17
96200 0.0158542 0.0158542 -2.25e-17 -2.25e-17 0.0158542 0.0158542 -2.25e-17 -2.25e-17
96300 0.0158708 0.0158708 -2.25e-17 -2.25e-17 0.0158708 0.0158708 -2.25e-17 -2.25e-17
96400 0.0158875 0.0158875 -2.25e-17 -2.25e-17 0.0158875 0.0158875 -2.25e-17 -2.25e-17
96500 0.0159042 0.0159042 -2.25e-17 -2.25e-17 0.0159042 0.0159042 -2.25e-17 -2.25e-17
96600 0.0159208 0.0159208 -2.25e-17 -2.25e-17 0.0159208 0.0159208 -2.25e-17 -2.25e-17
96700 0.0159375 0.0159375 -2.25e-17 -2.25e-17 0.0159375 0.0159375 -2.25e-17 -2.25e-17
96800 0.0159542 0.0159542 -2.25e-17 -2.25e-17 0.0159542 0.0159542 -2.25e-17 -2.25e-17
96900 0.0159708 0.0159708 -2.25e-17 -2.25e-17 0.0159708 0.0159708 -2.25e-17 -2.25e-17
97000 0.0159875 0.0159875 -2.25e-17 -2.25e-17 0.0159875 0.0159875 -2.25e-17 -2.25e-17
97100 0.0160042 0.0160042 -2.25e-17 -2.25e-17 0.0160042 0.0160042 -2.25e-17 -2.25e-17
97200 0.0160208 0.0160208 -2.25e-17 -2.25e-17 0.0160208 0.0160208 -2.25e-17 -2.25e-17
97300 0.0160375 0.0160375 -2.25e-17 -2.25e-17 0.0160375 0.0160375 -2.25e-17 -2.25e-17
97400 0.0160542 0.0160542 -2.25e-17 -2.25e-17 0.0160542 0.0160542 -2.25e-17 -2.25e-17
97500 0.0160708 0.0160708 -2.25e-17 -2.25e-17 0.0160708 0.0160708 -2.25e-17 -2.25e-17
97600 0.0160875 0.0160875 -2.25e-17 -2.25e-17 0.0160875 0.0160875 -2.25e-17 -2.25e-17
97700 0.0161042 0.0161042 -2.25e-17 -2.25e-17 0.0161042 0.0161042 -2.25e-17 -2.25e-17
97800 0.0161208 0.0161208 -2.25e-17 -2.25e-17 0.0161208 0.0161208 -2.25e-17 -2.25e-17
97900 0.0161375 0.0161375 -2.25e-17 -2.25e-17 0.0161375 0.0161375 -2.25e-17 -2.25e-17
98000 0.0161542 0.0161542 -2.25e-17 -2.25e-17 0.0161542 0.0161542 -2.25e-17 -2.25e-17
98100 0.0161708 0.0161708 -2.25e-17 -2.25e-17 0.0161708 0.0161708 -2.25e-17 -2.25e-17
98200 0.0161875 0.0161875 -2.25e-17 -2.25e-17 0.0161875 0.0161875 -2.25e-17 -2.25e-17
98300 0.0162042 0.0162042 -2.25e-17 -2.25e-17 0.0162042 0.0162042 -2.25e-17 -2.25e-17
98400 0.0162208 0.0162208 -2.25e-17 -2.25e-17 0.0162208 0.0162208 -2.25e-17 -2.25e-17
98500 0.0162375 0.0162375 -2.25e-17 -2.25e-17 0.0162375 0.0162375 -2.25e-17 -2.25e-17
98600 0.0162542 0.0162542 -2.25e-17 -2.25e-17 0.0162542 0.0162542 -2.25e-17 -2.25e-17
98700 0.0162708 0.0162708 -2.25e-17 -2.25e-17 0.0162708 0.0162708 -2.25e-17 -2.25e-17
98800 0.0162875 0.0162875 -2.25e-17 -2.25e-17 0.0162875 0.0162875 -2.25e-17 -2.25e-17
98900 0.0163042 0.0163042 -2.25e-17 -2.25e-17 0.0163042 0.0163042 -2.25e-17 -2.25e-17
99000 0.0163208 0.0163208 -2.25e-17 -2.25e-17 0.0163208 0.0163208 -2.25e-17 -2.25e-17
99100 0.0163375 0.0163375 -2.25e-17 -2.25e-17 0.0163375 0.0163375 -2.25e-17 -2.25e-17
99200 0.0163542 0.0163542 -2.25e-17 -2.25e-17 0.0163542 0.0163542 -2.25e-17 -2.25e-17
99300 0.0163708 0.0163708 -2.25e-17 -2.25e-17 0.0163708 0.0163708 -2.25e-17 -2.25e-17
99400 0.0163875 0.0163875 -2.25e-17 -2.25e-17 0.0163875 0.0163875 -2.25e-17 -2.25e-17
99500 0.0164042 0.0164042 -2.25e-17 -2.25e-17 0.0164042 0.0164042 -2.25e-17 -2.25e-17
99600 0.0164209 0.0164209 -2.25e-17 -2.25e-17 0.0164209 0.0164209 -2.25e-17 -2.25e-17
99700 0.0164375 0.0164375 -2.25e-17 -2.25e-17 0.0164375 0.0164375 -2.25e-17 -2.25e-17
99800 0.0164542 0.0164542 -2.25e-17 -2.25e-17 0.0164542 0.0164542 -2.25e-17 -2.25e-17
99900 0.0164709 0.0164709 -2.25e-17 -2.25e-17 0.0164709 0.0164709 -2.25e-17 -2.25e-17
100000 0.0164875 0.0164875 -2.25e-17 -2.25e-17 0.0164875 0.0164875 -2.25e-17 -2.25e-17
100100 0.0165042 0.0165042 -2.25e-17 -2.25e-17 0.0165042 0.0165042 -2.25e-17 -2.25e-17
100200 0.0165209 0.0165209 -2.25e-17 -2.25e-17 0.0165209 0.0165209 -2.25e-17 -2.25e-17
100300 0.0165375 0.0165375 -2.25e-17 -2.25e-17 0.0165375 0.0165375 -2.25e-17 -2.25e-17
100400 0.0165542 0.0165542 -2.25e-17 -2.25e-17 0.0165542 0.0165542 -2.25e-17 -2.25e-17
100500 0.0165709 0.0165709 -2.25e-17 -2.25e-17 0.0165709 0.0165709 -2.25e-17 -2.25e-17
100600 0.0165875 0.0165875 -2.25e-17 -2.25e-17 0.0165875 0.0165875 -2.25e-17 -2.25e-17
100700 0.0166042 0.0166042 -2.25e-17 -2.25e-17 0.0166042 0.0166042 -2.25e-17 -2.25e-17
100800 0.0166209 0.0166209 -2.25e-17 -2.25e-17 0.0166209 0.0166209 -2.25e-17 -2.25e-17
100900 0.0166375 0.0166375 -2.25e-17 -2.25e-17 0.0166375 0.0166375 -2.25e-17 -2.25e-17
101000 0.0166542 0.0166542 -2.25e-17 -2.25e-17 0.0166542 0.0166542 -2.25e-17 -2.25e-17
101100 0.0166709 0.0166709 -2.25e-17 -2.25e-17 0.0166709 0.0166709 -2.25e-17 -2.25e-17
101200 0.0166875 0.0166875 -2.25e-17 -2.25e-17 0.0166875 0.0166875 -2.25e-17 -2.25e-17
101300 0.0167042 0.0167042 -2.25e-17 -2.25e-17 0.0167042 0.0167042 -2.25e-17 -2.25e-17
101400 0.0167209 0.0167209 -2.25e-17 -2.25e-17 0.0167209 0.0167209 -2.25e-17 -2.25e-17
101500 0.0167375 0.0167375 -2.25e-17 -2.25e-17 0.0167375 0.0167375 -2.25e-17 -2.25e-17
101600 0.0167542 0.0167542 -2.25e-17 -2.25e-17 0.0167542 0.0167542 -2.25e-17 -2.25e-17
101700 0.0167709 0.0167709 -2.25e-17 -2.25e-17 0.0167709 0.0167709 -2.25e-17 -2.25e-17
101800 0.0167875 0.0167875 -2.25e-17 -2.25e-17 0.0167875 0.0167875 -2.25e-17 -2.25e-17
101900 0.0168042 0.0168042 -2.25e-17 -2.25e-17 0.0168042 0.0168042 -2.25e-17 -2.25e-17
102000 0.0168209 0.0168209 -2.25e-17 -2.25e-17 0.0168209 0.0168209 -2.25e-17 -2.25e-17
102100 0.0168375 0.0168375 -2.25e-17 -2.25e-17 0.0168375 0.0168375 -2.25e-17 -2.25e-17
102200 0.0168542 0.0168542 -2.25e-17 -2.25e-17 0.0168542 0.0168542 -2.25e-17 -2.25e-17
102300 0.0168709 0.0168709 -2.25e-17 -2.25e-17 0.0168709 0.0168709 -2.25e-17 -2.25e-17
102400 0.0168875 0.0168875 -2.25e-17 -2.25e-17 0.0168875 0.0168875 -2.25e-17 -2.25e-17
102500 0.0169042 0.0169042 -2.25e-17 -2.25e-17 0.0169042 0.0169042 -2.25e-17 -2.25e-17
102600 0.0169209 0.0169209 -2.25e-17 -2.25e-17 0.0169209 0.0169209 -2.25e-17 -2.25e-17
102700 0.0169375 0.0169375 -2.25e-17 -2.25e-17 0.0169375 0.0169375 -2.25e-17 -2.25e-17
102800 0.0169542 0.0169542 -2.25e-17 -2.25e-17 0.0169542 0.0169542 -2.25e-17 -2.25e-17
102900 0.0169709 0.0169709 -2.25e-17 -2.25e-17 0.0169709 0.0169709 -2.25e-17 -2.25e-17
103000 0.0169875 0.0169875 -2.25e-17 -2.25e-17 0.0169875 0.0169875 -2.25e-17 -2.25e-17
103100 0.0170042 0.0170042 -2.25e-17 -2.25e-17 0.0170042 0.0170042 -2.25e-17 -2.25e-17
103200 0.0170209 0.0170209 -2.25e-17 -2.25e-17 0.0170209 0.0170209 -2.25e-17 -2.25e-17
103300 0.0170375 0.0170375 -2.25e-17 -2.25e-17 0.0170375 0.0170375 -2.25e-17 -2.25e-17
103400 0.0170542 0.0170542 -2.25e-17 -2.25e-17 0.0170542 0.0170542 -2.25e-17 -2.25e-17
103500 0.0170709 0.0170709 -2.25e-17 -2.25e-17 0.0170709 0.0170709 -2.25e-17 -2.25e-17
103600 0.0170875 0.0170875 -2.25e-17 -2.25e-17 0.0170875 0.0170875 -2.25e-17 -2.25e-17
103700 0.0171042 0.0171042 -2.25e-17 -2.25e-17 0.0171042 0.0171042 -2.25e-17 -2.25e-17
103800 0.0171209 0.0171209 -2.25e-17 -2.25e-17 0.0171209 0.0171209 -2.25e-17 -2.25e-17
103900 0.0171375 0.0171375 -2.25e-17 -2.25e-17 0.0171375 0.0171375 -2.25e-17 -2.25e-17
104000 0.0171542 0.0171542 -2.25e-17 -2.25e-17 0.0171542 0.0171542 -2.25e-17 -2.25e-17
104100 0.0171709 0.0171709 -2.25e-17 -2.25e-17 0.0171709 0.0171709 -2.25e-17 -2.25e-17
104200 0.0171875 0.0171875 -2.25e-17 -2.25e-17 0.0171875 0.0171875 -2.25e-17 -2.25e-17
104300 0.0172042 0.0172042 -2.25e-17 -2.25e-17 0.0172042 0.0172042 -2.25e-17 -2.25e-17
104400 0.0172209 0.0172209 -2.25e-17 -2.25e-17 0.0172209 0.0172209 -2.25e-17 -2.25e-17
104500 0.0172375 0.0172375 -2.25e-17 -2.25e-17 0.0172375 0.0172375 -2.25e-17 -2.25e-17
104600 0.0172542 0.0172542 -2.25e-17 -2.25e-17 0.0172542 0.0172542 -2.25e-17 -2.25e-17
104700 0.0172709 0.0172709 -2.25e-17 -2.25e-17 0.0172709 0.0172709 -2.25e-17 -2.25e-17
104800 0.0172875 0.0172875 -2.25e-17 -2.25e-17 0.0172875 0.0172875 -2.25e-17 -2.25e-17
104900 0.0173042 0.0173042 -2.25e-17 -2.25e-17 0.0173042 0.0173042 -2.25e-17 -2.25e-17
105000 0.0173209 0.0173209 -2.25e-17 -2.25e-17 0.0173209 0.0173209 -2.25e-17 -2.25e-17
105100 0.0173375 0.0173375 -2.25e-17 -2.25e-17 0.0173375 0.0173375 -2.25e-17 -2.25e-17
105200 0.0173542 0.0173542 -2.25e-17 -2.25e-17 0.0173542 0.0173542 -2.25e-17 -2.25e-17
105300 0.0173709 0.0173709 -2.25e-17 -2.25e-17 0.0173709 0.0173709 -2.25e-17 -2.25e-17
105400 0.0173875 0.0173875 -2.25e-17 -2.25e-17 0.0173875 0.0173875 -2.25e-17 -2.25e-17
105500 0.0174042 0.0174042 -2.25e-17 -2.25e-17 0.0174042 0.0174042 -2.25e-17 -2.25e-17
105600 0.0174209 0.0174209 -2.25e-17 -2.25e-17 0.0174209 0.0174209 -2.25e-17 -2.25e-17
105700 0.0174375 0.0174375 -2.25e-17 -2.25e-17 0.0174375 0.0174375 -2.25e-17 -2.25e-17
105800 0.0174542 0.0174542 -2.25e-17 -2.25e-17 0.0174542 0.0174542 -2.25e-17 -2.25e-17
105900 0.0174709 0.0174709 -2.25e-17 -2.25e-17 0.0174709 0.0174709 -2.25e-17 -2.25e-17
106000 0.0174875 0.0174875 -2.25e-17 -2.25e-17 0.0174875 0.0174875 -2.25e-17 -2.25e-17
106100 0.0175042 0.0175042 -2.25e-17 -2.25e-17 0.0175042 0.0175042 -2.25e-17 -2.25e-17
106200 0.0175209 0.0175209 -2.25e-17 -2.25e-17 0.0175209 0.0175209 -2.25e-17 -2.25e-17
106300 0.0175376 0.0175376 -2.25e-17 -2.25e-17 0.0175376 0.0175376 -2.25e-17 -2.25e-17
106400 0.0175542 0.0175542 -2.25e-17 -2.25e-17 0.0175542 0.0175542 -2.25e-17 -2.25e-17
106500 0.0175709 0.0175709 -2.25e-17 -2.25e-17 0.0175709 0.0175709 -2.25e-17 -2.25e-17
106600 0.0175876 0.0175876 -2.25e-17 -2.25e-17 0.0175876 0.0175876 -2.25e-17 -2.25e-17
106700 0.0176042 0.0176042 -2.25e-17 -2.25e-17 0.0176042 0.0176042 -2.25e-17 -2.25e-17
106800 0.0176209 0.0176209 -2.25e-17 -2.25e-17 0.0176209 0.0176209 -2.25e-17 -2.25e-17
106900 0.0176376 0.0176376 -2.25e-17 -2.25e-17 0.0176376 0.0176376 -2.25e-17 -2.25e-17
107000 0.0176542 0.0176542 -2.25e-17 -2.25e-17 0.0176542 0.0176542 -2.25e-17 -2.25e-17
107100 0.0176709 0.0176709 -2.25e-17 -2.25e-17 0.0176709 0.0176709 -2.25e-17 -2.25e-17
107200 0.0176876 0.0176876 -2.25e-17 -2.25e-17 0.0176876 0.0176876 -2.25e-17 -2.25e-17
107300 0.0177042 0.0177042 -2.25e-17 -2.25e-17 0.0177042 0.0177042 -2.25e-17 -2.25e-17
107400 0.0177209 0.0177209 -2.25e-17 -2.25e-17 0.0177209 0.0177209 -2.25e-17 -2.25e-17
107500 0.0177376 0.0177376 -2.25e-17 -2.25e-17 0.0177376 0.0177376 -2.25e-17 -2.25e-17
107600 0.0177542 0.0177542 -2.25e-17 -2.25e-17 0.0177542 0.0177542 -2.25e-17 -2.25e-17
107700 0.0177709 0.0177709 -2.25e-17 -2.25e-17 0.0177709 0.0177709 -2.25e-17 -2.25e-17
107800 0.0177876 0.0177876 -2.25e-17 -2.25e-17 0.0177876 0.0177876 -2.25e-17 -2.25e-17
107900 0.0178042 0.0178042 -2.25e-17 -2.25e-17 0.0178042 0.0178042 -2.25e-17 -2.25e-17
108000 0.0178209 0.0178209 -2.25e-17 -2.25e-17 0.0178209 0.0178209 -2.25e-17 -2.25e-17
108100 0.0178376 0.0178376 -2.25e-17 -2.25e-17 0.0178376 0.0178376 -2.25e-17 -2.25e-17
108200 0.0178542 0.0178542 -2.25e-17 -2.25e-17 0.0178542 0.0178542 -2.25e-17 -2.25e-17
108300 0.0178709 0.0178709 -2.25e-17 -2.25e-17 0.0178709 0.0178709 -2.25e-17 -2.25e-17
108400 0.0178876 0.0178876 -2.25e-17 -2.25e-17 0.0178876 0.0178876 -2.25e-17 -2.25e-17
108500 0.0179042 0.0179042 -2.25e-17 -2.25e-17 0.0179042 0.0179042 -2.25e-17 -2.25e-17
108600 0.0179209 0.0179209 -2.25e-17 -2.25e-17 0.0179209 0.0179209 -2.25e-17 -2.25e-17
108700 0.0179376 0.0179376 -2.25e-17 -2.25e-17 0.0179376 0.0179376 -2.25e-17 -2.25e-17
108800 0.0179542 0.0179542 -2.25e-17 -2.25e-17 0.0179542 0.0179542 -2.25e-17 -2.25e-17
108900 0.0179709 0.0179709 -2.25e-17 -2.25e-17 0.0179709 0.0179709 -2.25e-17 -2.25e-17
109000 0.0179876 0.0179876 -2.25e-17 -2.25e-17 0.0179876 0.0179876 -2.25e-17 -2.25e-17
109100 0.0180042 0.0180042 -2.25e-17 -2.25e-17 0.0180042 0.0180042 -2.25e-17 -2.25e-17
109200 0.0180209 0.0180209 -2.25e-17 -2.25e-17 0.0180209 0.0180209 -2.25e-17 -2.25e-17
109300 0.0180376 0.0180376 -2.25e-17 -2.25e-17 0.0180376 0.0180376 -2.25e-17 -2.25e-17
109400 0.0180542 0.0180542 -2.25e-17 -2.25e-17 0.0180542 0.0180542 -2.25e-17 -2.25e-17
109500 0.0180709 0.0180709 -2.25e-17 -2.25e-17 0.0180709 0.0180709 -2.25e-17 -2.25e-17
109600 0.0180876 0.0180876 -2.25e-17 -2.25e-17 0.0180876 0.0180876 -2.25e-17 -2.25e-17
109700 0.0181042 0.0181042 -2.25e-17 -2.25e-17 0.0181042 0.0181042 -2.25e-17 -2.25e-17
109800 0.0181209 0.0181209 -2.25e-17 -2.25e-17 0.0181209 0.0181209 -2.25e-17 -2.25e-17
109900 0.0181376 0.0181376 -2.25e-17 -2.25e-17 0.0181376 0.0181376 -2.25e-17 -2.25e-17
110000 0.0181542 0.0181542 -2.25e-17 -2.25e-17 0.0181542 0.0181542 -2.25e-17 -2.25e-17
110100 0.0181709 0.0181709 -2.25e-17 -2.25e-17 0.0181709 0.0181709 -2.25e-17 -2.25e-17
110200 0.0181876 0.0181876 -2.25e-17 -2.25e-17 0.0181876 0.0181876 -2.25e-17 -2.25e-17
110300 0.0182042 0.0182042 -2.25e-17 -2.25e-17 0.0182042 0.0182042 -2.25e-17 -2.25e-17
110400 0.0182209 0.0182209 -2.25e-17 -2.25e-17 0.0182209 0.0182209 -2.25e-17 -2.25e-17
110500 0.0182376 0.0182376 -2.25e-17 -2.25e-17 0.0182376 0.0182376 -2.25e-17 -2.25e-17
110600 0.0182542 0.0182542 -2.25e-17 -2.25e-17 0.0182542 0.0182542 -2.25e-17 -2.25e-17
110700 0.0182709 0.0182709 -2.25e-17 -2.25e-17 0.0182709 0.0182709 -2.25e-17 -2.25e-17
110800 0.0182876 0.0182876 -2.25e-17 -2.25e-17 0.0182876 0.0182876 -2.25e-17 -2.25e-17
110900 0.0183042 0.0183042 -2.25e-17 -2.25e-17 0.0183042 0.0183042 -2.25e-17 -2.25e-17
111000 0.0183209 0.0183209 -2.25e-17 -2.25e-17 0.0183209 0.0183209 -2.25e-17 -2.25e-17
111100 0.0183376 0.0183376 -2.25e-17 -2.25e-17 0.0183376 0.0183376 -2.25e-17 -2.25e-17
111200 0.0183542 0.0183542 -2.25e-17 -2.25e-17 0.0183542 0.0183542 -2.25e-17 -2.25e-17
111300 0.0183709 0.0183709 -2.25e-17 -2.25e-17 0.0183709 0.0183709 -2.25e-17 -2.25e-17
111400 0.0183876 0.0183876 -2.25e-17 -2.25e-17 0.0183876 0.0183876 -2.25e-17 -2.25e-17
111500 0.0184042 0.0184042 -2.25e-17 -2.25e-17 0.0184042 0.0184042 -2.25e-17 -2.25e-17
111600 0.0184209 0.0184209 -2.25e-17 -2.25e-17 0.0184209 0.0184209 -2.25e-17 -2.25e-17
111700 0.0184376 0.0184376 -2.25e-17 -2.25e-17 0.0184376 0.0184376 -2.25e-17 -2.25e-17
111800 0.0184542 0.0184542 -2.25e-17 -2.25e-17 0.0184542 0.0184542 -2.25e-17 -2.25e-17
111900 0.0184709 0.0184709 -2.25e-17 -2.25e-17 0.0184709 0.0184709 -2.25e-17 -2.25e-17
112000 0.0184876 0.0184876 -2.25e-17 -2.25e-17 0.0184876 0.0184876 -2.25e-17 -2.25e-17
112100 0.0185042 0.0185042 -2.25e-17 -2.25e-17 0.0185042 0.0185042 -2.25e-17 -2.25e-17
112200 0.0185209 0.0185209 -2.25e-17 -2.25e-17 0.0185209 0.0185209 -2.25e-17 -2.25e-17
112300 0.0185376 0.0185376 -2.25e-17 -2.25e-17 0.0185376 0.0185376 -2.25e-17 -2.25e-17
112400 0.0185542 0.0185542 -2.25e-17 -2.25e-17 0.0185542 0.0185542 -2.25e-17 -2.25e-17
112500 0.0185709 0.0185709 -2.25e-17 -2.25e-17 0.0185709 0.0185709 -2.25e-17 -2.25e-17
112600 0.0185876 0.0185876 -2.25e-17 -2.25e-17 0.0185876 0.0185876 -2.25e-17 -2.25e-17
112700 0.0186042 0.0186042 -2.25e-17 -2.25e-17 0.0186042 0.0186042 -2.25e-17 -2.25e-17
112800 0.0186209 0.0186209 -2.25e-17 -2.25e-17 0.0186209 0.0186209 -2.25e-17 -2.25e-17
112900 0.0186376 0.0186376 -2.25e-17 -2.25e-17 0.0186376 0.0186376 -2.25e-17 -2.25e-17
113000 0.0186542 0.0186542 -2.25e-17 -2.25e-17 0.0186542 0.0186542 -2.25e-17 -2.25e-17
113100 0.0186709 0.0186709 -2.25e-17 -2.25e-17 0.0186709 0.0186709 -2.25e-17 -2.25e-17
113200 0.0186876 0.0186876 -2.25e-17 -2.25e-17 0.0186876 0.0186876 -2.25e-17 -2.25e-17
113300 0.0187043 0.0187043 -2.25e-17 -2.25e-17 0.0187043 0.0187043 -2.25e-17 -2.25e-17
113400 0.0187209 0.0187209 -2.25e-17 -2.25e-17 0.0187209 0.0187209 -2.25e-17 -2.25e-17
113500 0.0187376 0.0187376 -2.25e-17 -2.25e-17 0.0187376 0.0187376 -2.25e-17 -2.25e-17
113600 0.0187543 0.0187543 -2.25e-17 -2.25e-17 0.0187543 0.0187543 -2.25e-17 -2.25e-17
113700 0.0187709 0.0187709 -2.25e-17 -2.25e-17 0.0187709 0.0187709 -2.25e-17 -2.25e-17
113800 0.0187876 0.0187876 -2.25e-17 -2.25e-17 0.0187876 0.0187876 -2.25e-17 -2.25e-17
113900 0.0188043 0.0188043 -2.25e-17 -2.25e-17 0.0188043 0.0188043 -2.25e-17 -2.25e-17
114000 0.0188209 0.0188209 -2.25e-17 -2.25e-17 0.0188209 0.0188209 -2.25e-17 -2.25e-17
114100 0.0188376 0.0188376 -2.25e-17 -2.25e-17 0.0188376 0.0188376 -2.25e-17 -2.25e-17
114200 0.0188543 0.0188543 -2.25e-17 -2.25e-17 0.0188543 0.0188543 -2.25e-17 -2.25e-17
114300 0.0188709 0.0188709 -2.25e-17 -2.25e-17 0.0188709 0.0188709 -2.25e-17 -2.25e-17
114400 0.0188876 0.0188876 -2.25e-17 -2.25e-17 0.0188876 0.0188876 -2.25e-17 -2.25e-17
114500 0.0189043 0.0189043 -2.25e-17 -2.25e-17 0.0189043 0.0189043 -2.25e-17 -2.25e-17
114600 0.0189209 0.0189209 -2.25e-17 -2.25e-17 0.0189209 0.0189209 -2.25e-17 -2.25e-17
114700 0.0189376 0.0189376 -2.25e-17 -2.25e-17 0.0189376 0.0189376 -2.25e-17 -2.25e-17
114800 0.0189543 0.0189543 -2.25e-17 -2.25e-17 0.0189543 0.0189543 -2.25e-17 -2.25e-17
114900 0.0189709 0.0189709 -2.25e-17 -2.25e-17 0.0189709 0.0189709 -2.25e-17 -2.25e-17
115000 0.0189876 0.0189876 -2.25e-17 -2.25e-17 0.0189876 0.0189876 -2.25e-17 -2.25e-17
115100 0.0190043 0.0190043 -2.25e-17 -2.25e-17 0.0190043 0.0190043 -2.25e-17 -2.25e-17
115200 0.0190209 0.0190209 -2.25e-17 -2.25e-17 0.0190209 0.0190209 -2.25e-17 -2.25e-17
115300 0.0190376 0.0190376 -2.25e-17 -2.25e-17 0.0190376 0.0190376 -2.25e-17 -2.25e-17
115400 0.0190543 0.0190543 -2.25e-17 -2.25e-17 0.0190543 0.0190543 -2.25e-17 -2.25e-17
115500 0.0190709 0.0190709 -2.25e-17 -2.25e-17 0.0190709 0.0190709 -2.25e-17 -2.25e-17
115600 0.0190876 0.0190876 -2.25e-17 -2.25e-17 0.0190876 0.0190876 -2.25e-17 -2.25e-17
115700 0.0191043 0.0191043 -2.25e-17 -2.25e-17 0.0191043 0.0191043 -2.25e-17 -2.25e-17
115800 0.0191209 0.0191209 -2.25e-17 -2.25e-17 0.0191209 0.0191209 -2.25e-17 -2.25e-17
115900 0.0191376 0.0191376 -2.25e-17 -2.25e-17 0.0191376 0.0191376 -2.25e-17 -2.25e-17
116000 0.0191543 0.0191543 -2.25e-17 -2.25e-17 0.0191543 0.0191543 -2.25e-17 -2.25e-17
116100 0.0191709 0.0191709 -2.25e-17 -2.25e-17 0.0191709 0.0191709 -2.25e-17 -2.25e-17
116200 0.0191876 0.0191876 -2.25e-17 -2.25e-17 0.0191876 0.0191876 -2.25e-17 -2.25e-17
116300 0.0192043 0.0192043 -2.25e-17 -2.25e-17 0.0192043 0.0192043 -2.25e-17 -2.25e-17
116400 0.0192209 0.0192209 -2.25e-17 -2.25e-17 0.0192209 0.0192209 -2.25e-17 -2.25e-17
116500 0.0192376 0.0192376 -2.25e-17 -2.25e-17 0.0192376 0.0192376 -2.25e-17 -2.25e-17
116600 0.0192543 0.0192543 -2.25e-17 -2.25e-17 0.0192543 0.0192543 -2.25e-17 -2.25e-17
116700 0.0192709 0.0192709 -2.25e-17 -2.25e-17 0.0192709 0.0192709 -2.25e-17 -2.25e-17
116800 0.0192876 0.0192876 -2.25e-17 -2.25e-17 0.0192876 0.0192876 -2.25e-17 -2.25e-17
116900 0.0193043 0.0193043 -2.25e-17 -2.25e-17 0.0193043 0.0193043 -2.25e-17 -2.25e-17
117000 0.0193209 0.0193209 -2.25e-17 -2.25e-17 0.0193209 0.0193209 -2.25e-17 -2.25e-17
117100 0.0193376 0.0193376 -2.25e-17 -2.25e-17 0.0193376 0.0193376 -2.25e-17 -2.25e-17
117200 0.0193543 0.0193543 -2.25e-17 -2.25e-17 0.0193543 0.0193543 -2.25e-17 -2.25e-17
117300 0.0193709 0.0193709 -2.25e-17 -2.25e-17 0.0193709 0.0193709 -2.25e-17 -2.25e-17
117400 0.0193876 0.0193876 -2.25e-17 -2.25e-17 0.0193876 0.0193876 -2.25e-17 -2.25e-17
117500 0.0194043 0.0194043 -2.25e-17 -2.25e-17 0.0194043 0.0194043 -2.25e-17 -2.25e-17
117600 0.0194209 0.0194209 -2.25e-17 -2.25e-17 0.0194209 0.0194209 -2.25e-17 -2.25e-17
117700 0.0194376 0.0194376 -2.25e-17 -2.25e-17 0.0194376 0.0194376 -2.25e-17 -2.25e-17
117800 0.0194543 0.0194543 -2.25e-17 -2.25e-17 0.0194543 0.0194543 -2.25e-17 -2.25e-17
117900 0.0194709 0.0194709 -2.25e-17 -2.25e-17 0.0194709 0.0194709 -2.25e-17 -2.25e-17
118000 0.0194876 0.0194876 -2.25e-17 -2.25e-17 0.0194876 0.0194876 -2.25e-17 -2.25e-17
118100 0.0195043 0.0195043 -2.25e-17 -2.25e-17 0.0195043 0.0195043 -2.25e-17 -2.25e-17
118200 0.0195209 0.0195209 -2.25e-17 -2.25e-17 0.0195209 0.0195209 -2.25e-17 -2.25e-17
118300 0.0195376 0.0195376 -2.25e-17 -2.25e-17 0.0195376 0.0195376 -2.25e-17 -2.25e-17
118400 0.0195543 0.0195543 -2.25e-17 -2.25e-17 0.0195543 0.0195543 -2.25e-17 -2.25e-17
118500 0.0195709 0.0195709 -2.25e-17 -2.25e-17 0.0195709 0.0195709 -2.25e-17 -2.25e-17
118600 0.0195876 0.0195876 -2.25e-17 -2.25e-17 0.0195876 0.0195876 -2.25e-17 -2.25e-17
118700 0.0196043 0.0196043 -2.25e-17 -2.25e-17 0.0196043 0.0196043 -2.25e-17 -2.25e-17
118800 0.0196209 0.0196209 -2.25e-17 -2.25e-17 0.0196209 0.0196209 -2.25e-17 -2.25e-17
118900 0.0196376 0.0196376 -2.25e-17 -2.25e-17 0.0196376 0.0196376 -2.25e-17 -2.25e-17
119000 0.0196543 0.0196543 -2.25e-17 -2.25e-17 0.0196543 0.0196543 -2.25e-17 -2.25e-17
119100 0.0196709 0.0196709 -2.25e-17 -2.25e-17 0.0196709 0.0196709 -2.25e-17 -2.25e-17
119200 0.0196876 0.0196876 -2.25e-17 -2.25e-17 0.0196876 0.0196876 -2.25e-17 -2.25e-17
119300 0.0197043 0.0197043 -2.25e-17 -2.25e-17 0.0197043 0.0197043 -2.25e-17 -2.25e-17
119400 0.0197209 0.0197209 -2.25e-17 -2.25e-17 0.0197209 0.0197209 -2.25e-17 -2.25e-17
119500 0.0197376 0.0197376 -2.25e-17 -2.25e-17 0.0197376 0.0197376 -2.25e-17 -2.25e-17
119600 0.0197543 0.0197543 -2.25e-17 -2.25e-17 0.0197543 0.0197543 -2.25e-17 -2.25e-17
119700 0.0197709 0.0197709 -2.25e-17 -2.25e-17 0.0197709 0.0197709 -2.25e-17 -2.25e-17
119800 0.0197876 0.0197876 -2.25e-17 -2.25e-17 0.0197876 0.0197876 -2.25e-17 -2.25e-17
119900 0.0198043 0.0198043 -2.25e-17 -2.25e-17 0.0198043 0.0198043 -2.25e-17 -2.25e-17
120000 0.0198209 0.0198209 -2.25e-17 -2.25e-17 0.0198209 0.0198209 -2.25e-17 -2.25e-17
120100 0.0198376 0.0198376 -2.25e-17 -2.25e-17 0.0198376 0.0198376 -2.25e-17 -2.25e-17
120200 0.0198543 0.0198543 -2.25e-17 -2.25e-17 0.0198543 0.0198543 -2.25e-17 -2.25e-17
120300 0.0198709 0.0198709 -2.25e-17 -2.25e-17 0.0198709 0.0198709 -2.25e-17 -2.25e-17
120400 0.0198876 0.0198876 -2.25e-17 -2.25e-17 0.0198876 0.0198876 -2.25e-17 -2.25e-17
120500 0.0199043 0.0199043 -2.25e-17 -2.25e-17 0.0199043 0.0199043 -2.25e-17 -2.25e-17
120600 0.019921 0.019921 -2.25e-17 -2.25e-17 0.019921 0.019921 -2.25e-17 -2.25e-17
120700 0.0199376 0.0199376 -2.25e-17 -2.25e-17 0.0199376 0.0199376 -2.25e-17 -2.25e-17
120800 0.0199543 0.0199543 -2.25e-17 -2.25e-17 0.0199543 0.0199543 -2.25e-17 -2.25e-17
120900 0.019971 0.019971 -2.25e-17 -2.25e-17 0.019971 0.019971 -2.25e-17 -2.25e-17
121000 0.0199876 0.0199876 -2.25e-17 -2.25e-17 0.0199876 0.0199876 -2.25e-17 -2.25e-17
121100 0.0200043 0.0200043 -2.25e-17 -2.25e-17 0.0200043 0.0200043 -2.25e-17 -2.25e-17
121200 0.020021 0.020021 -2.25e-17 -2.25e-17 0.020021 0.020021 -2.25e-17 -2.25e-17
121300 0.0200376 0.0200376 -2.25e-17 -2.25e-17 0.0200376 0.0200376 -2.25e-17 -2.25e-17
121400 0.0200543 0.0200543 -2.25e-17 -2.25e-17 0.0200543 0.0200543 -2.25e-17 -2.25e-17
121500 0.020071 0.020071 -2.25e-17 -2.25e-17 0.020071 0.020071 -2.25e-17 -2.25e-17
121600 0.0200876 0.0200876 -2.25e-17 -2.25e-17 0.0200876 0.0200876 -2.25e-17 -2.25e-17
121700 0.0201043 0.0201043 -2.25e-17 -2.25e-17 0.0201043 0.0201043 -2.25e-17 -2.25e-17
121800 0.020121 0.020121 -2.25e-17 -2.25e-17 0.020121 0.020121 -2.25e-17 -2.25e-17
121900 0.0201376 0.0201376 -2.25e-17 -2.25e-17 0.0201376 0.0201376 -2.25e-17 -2.25e-17
122000 0.0201543 0.0201543 -2.25e-17 -2.25e-17 0.0201543 0.0201543 -2.25e-17 -2.25e-17
122100 0.020171 0.020171 -2.25e-17 -2.25e-17 0.020171 0.020171 -2.25e-17 -2.25e-17
122200 0.0201876 0.0201876 -2.25e-17 -2.25e-17 0.0201876 0.0201876 -2.25e-17 -2.25e-17
122300 0.0202043 0.0202043 -2.25e-17 -2.25e-17 0.0202043 0.0202043 -2.25e-17 -2.25e-17
122400 0.020221 0.020221 -2.25e-17 -2.25e-17 0.020221 0.020221 -2.25e-17 -2.25e-17
122500 0.0202376 0.0202376 -2.25e-17 -2.25e-17 0.0202376 0.0202376 -2.25e-17 -2.25e-17
122600 0.0202543 0.0202543 -2.25e-17 -2.25e-17 0.0202543 0.0202543 -2.25e-17 -2.25e-17
122700 0.020271 0.020271 -2.25e-17 -2.25e-17 0.020271 0.020271 -2.25e-17 -2.25e-17
122800 0.0202876 0.0202876 -2.25e-17 -2.25e-17 0.0202876 0.0202876 -2.25e-17 -2.25e-17
122900 0.0203043 0.0203043 -2.25e-17 -2.25e-17 0.0203043 0.0203043 -2.25e-17 -2.25e-17
123000 0.020321 0.020321 -2.25e-17 -2.25e-17 0.020321 0.020321 -2.25e-17 -2.25e-17
123100 0.0203376 0.0203376 -2.25e-17 -2.25e-17 0.0203376 0.0203376 -2.25e-17 -2.25e-17
123200 0.0203543 0.0203543 -2.25e-17 -2.25e-17 0.0203543 0.0203543 -2.25e-17 -2.25e-17
123300 0.020371 0.020371 -2.25e-17 -2.25e-17 0.020371 0.020371 -2.25e-17 -2.25e-17
123400 0.0203876 0.0203876 -2.25e-17 -2.25e-17 0.0203876 0.0203876 -2.25e-17 -2.25e-17
123500 0.0204043 0.0204043 -2.25e-17 -2.25e-17 0.0204043 0.0204043 -2.25e-17 -2.25e-17
123600 0.020421 0.020421 -2.25e-17 -2.25e-17 0.020421 0.020421 -2.25e-17 -2.25e-17
123700 0.0204376 0.0204376 -2.25e-17 -2.25e-17 0.0204376 0.0204376 -2.25e-17 -2.25e-17
123800 0.0204543 0.0204543 -2.25e-17 -2.25e-17 0.0204543 0.0204543 -2.25e-17 -2.25e-17
123900 0.020471 0.020471 -2.25e-17 -2.25e-17 0.020471 0.020471 -2.25e-17 -2.25e-17
124000 0.0204876 0.0204876 -2.25e-17 -2.25e-17 0.0204876 0.0204876 -2.25e-17 -2.25e-17
124100 0.0205043 0.0205043 -2.25e-17 -2.25e-17 0.0205043 0.0205043 -2.25e-17 -2.25e-17
124200 0.020521 0.020521 -2.25e-17 -2.25e-17 0.020521 0.020521 -2.25e-17 -2.25e-17
124300 0.0205376 0.0205376 -2.25e-17 -2.25e-17 0.0205376 0.0205376 -2.25e-17 -2.25e-17
124400 0.0205543 0.0205543 -2.25e-17 -2.25e-17 0.0205543 0.0205543 -2.25e-17 -2.25e-17
124500 0.020571 0.020571 -2.25e-17 -2.25e-17 0.020571 0.020571 -2.25e-17 -2.25e-17
124600 0.0205876 0.0205876 -2.25e-17 -2.25e-17 0.0205876 0.0205876 -2.25e-17 -2.25e-17
124700 0.0206043 0.0206043 -2.25e-17 -2.25e-17 0.0206043 0.0206043 -2.25e-17 -2.25e-17
124800 0.020621 0.020621 -2.25e-17 -2.25e-17 0.020621 0.020621 -2.25e-17 -2.25e-17
124900 0.0206376 0.0206376 -2.25e-17 -2.25e-17 0.0206376 0.0206376 -2.25e-17 -2.25e-17
125000 0.0206543 0.0206543 -2.25e-17 -2.25e-17 0.0206543 0.0206543 -2.25e-17 -2.25e-17
125100 0.020671 0.020671 -2.25e-17 -2.25e-17 0.020671 0.020671 -2.25e-17 -2.25e-17
125200 0.0206876 0.0206876 -2.25e-17 -2.25e-17 0.0206876 0.0206876 -2.25e-17 -2.25e-17
125300 0.0207043 0.0207043 -2.25e-17 -2.25e-17 0.0207043 0.0207043 -2.25e-17 -2.25e-17
125400 0.020721 0.020721 -2.25e-17 -2.25e-17 0.020721 0.020721 -2.25e-17 -2.25e-17
125500 0.0207376 0.0207376 -2.25e-17 -2.25e-17 0.0207376 0.0207376 -2.25e-17 -2.25e-17
125600 0.0207543 0.0207543 -2.25e-17 -2.25e-17 0.0207543 0.0207543 -2.25e-17 -2.25e-17
125700 0.020771 0.020771 -2.25e-17 -2.25e-17 0.020771 0.020771 -2.25e-17 -2.25e-17
125800 0.0207876 0.0207876 -2.25e-17 -2.25e-17 0.0207876 0.0207876 -2.25e-17 -2.25e-17
125900 0.0208043 0.0208043 -2.25e-17 -2.25e-17 0.0208043 0.0208043 -2.25e-17 -2.25e-17
126000 0.020821 0.020821 -2.25e-17 -2.25e-17 0.020821 0.020821 -2.25e-17 -2.25e-17
126100 0.0208376 0.0208376 -2.25e-17 -2.25e-17 0.0208376 0.0208376 -2.25e-17 -2.25e-17
126200 0.0208543 0.0208543 -2.25e-17 -2.25e-17 0.0208543 0.0208543 -2.25e-17 -2.25e-17
126300 0.020871 0.020871 -2.25e-17 -2.25e-17 0.020871 0.020871 -2.25e-17 -2.25e-17
126400 0.0208876 0.0208876 -2.25e-17 -2.25e-17 0.0208876 0.0208876 -2.25e-17 -2.25e-17
126500 0.0209043 0.0209043 -2.25e-17 -2.25e-17 0.0209043 0.0209043 -2.25e-17 -2.25e-17
126600 0.020921 0.020921 -2.25e-17 -2.25e-17 0.020921 0.020921 -2.25e-17 -2.25e-17
126700 0.0209376 0.0209376 -2.25e-17 -2.25e-17 0.0209376 0.0209376 -2.25e-17 -2.25e-17
126800 0.0209543 0.0209543 -2.25e-17 -2.25e-17 0.0209543 0.0209543 -2.25e-17 -2.25e-17
126900 0.020971 0.020971 -2.25e-17 -2.25e-17 0.020971 0.020971 -2.25e-17 -2.25e-17
127000 0.0209876 0.0209876 -2.25e-17 -2.25e-17 0.0209876 0.0209876 -2.25e-17 -2.25e-17
127100 0.0210043 0.0210043 -2.25e-17 -2.25e-17 0.0210043 0.0210043 -2.25e-17 -2.25e-17
127200 0.021021 0.021021 -2.25e-17 -2.25e-17 0.021021 0.021021 -2.25e-17 -2.25e-17
127300 0.0210376 0.0210376 -2.25e-17 -2.25e-17 0.0210376 0.0210376 -2.25e-17 -2.25e-17
127400 0.0210543 0.0210543 -2.25e-17 -2.25e-17 0.0210543 0.0210543 -2.25e-17 -2.25e-17
127500 0.021071 0.021071 -2.25e-17 -2.25e-17 0.021071 0.021071 -2.25e-17 -2.25e-17
127600 0.0210876 0.0210876 -2.25e-17 -2.25e-17 0.0210876 0.0210876 -2.25e-17 -2.25e-17
127700 0.0211043 0.0211043 -2.25e-17 -2.25e-17 0.0211043 0.0211043 -2.25e-17 -2.25e-17
127800 0.021121 0.021121 -2.25e-17 -2.25e-17 0.021121 0.021121 -2.25e-17 -2.25e-17
127900 0.0211377 0.0211377 -2.25e-17 -2.25e-17 0.0211377 0.0211377 -2.25e-17 -2.25e-17
128000 0.0211543 0.0211543 -2.25e-17 -2.25e-17 0.0211543 0.0211543 -2.25e-17 -2.25e-17
128100 0.021171 0.021171 -2.25e-17 -2.25e-17 0.021171 0.021171 -2.25e-17 -2.25e-17
128200 0.0211877 0.0211877 -2.25e-17 -2.25e-17 0.0211877 0.0211877 -2.25e-17 -2.25e-17
128300 0.0212043 0.0212043 -2.25e-17 -2.25e-17 0.0212043 0.0212043 -2.25e-17 -2.25e-17
128400 0.021221 0.021221 -2.25e-17 -2.25e-17 0.021221 0.021221 -2.25e-17 -2.25e-17
128500 0.0212377 0.0212377 -2.25e-17 -2.25e-17 0.0212377 0.0212377 -2.25e-17 -2.25e-17
128600 0.0212543 0.0212543 -2.25e-17 -2.25e-17 0.0212543 0.0212543 -2.25e-17 -2.25e-17
128700 0.021271 0.021271 -2.25e-17 -2.25e-17 0.021271 0.021271 -2.25e-17 -2.25e-17
128800 0.0212877 0.0212877 -2.25e-17 -2.25e-17 0.0212877 0.0212877 -2.25e-17 -2.25e-17
128900 0.0213043 0.0213043 -2.25e-17 -2.25e-17 0.0213043 0.0213043 -2.25e-17 -2.25e-17
129000 0.021321 0.021321 -2.25e-17 -2.25e-17 0.021321 0.021321 -2.25e-17 -2.25e-17
129100 0.0213377 0.0213377 -2.25e-17 -2.25e-17 0.0213377 0.0213377 -2.25e-17 -2.25e-17
129200 0.0213543 0.0213543 -2.25e-17 -2.25e-17 0.0213543 0.0213543 -2.25e-17 -2.25e-17
129300 0.021371 0.021371 -2.25e-17 -2.25e-17 0.021371 0.021371 -2.25e-17 -2.25e-17
129400 0.0213877 0.0213877 -2.25e-17 -2.25e-17 0.0213877 0.0213877 -2.25e-17 -2.25e-17
129500 0.0214043 0.0214043 -2.25e-17 -2.25e-17 0.0214043 0.0214043 -2.25e-17 -2.25e-17
129600 0.021421 0.021421 -2.25e-17 -2.25e-17 0.021421 0.021421 -2.25e-17 -2.25e-17
129700 0.0214377 0.0214377 -2.25e-17 -2.25e-17 0.0214377 0.0214377 -2.25e-17 -2.25e-17
129800 0.0214543 0.0214543 -2.25e-17 -2.25e-17 0.0214543 0.0214543 -2.25e-17 -2.25e-17
129900 0.021471 0.021471 -2.25e-17 -2.25e-17 0.021471 0.021471 -2.25e-17 -2.25e-17
130000 0.0214877 0.0214877 -2.25e-17 -2.25e-17 0.0214877 0.0214877 -2.25e-17 -2.25e-17
130100 0.0215043 0.0215043 -2.25e-17 -2.25e-17 0.0215043 0.0215043 -2.25e-17 -2.25e-17
130200 0.021521 0.021521 -2.25e-17 -2.25e-17 0.021521 0.021521 -2.25e-17 -2.25e-17
130300 0.0215377 0.0215377 -2.25e-17 -2.25e-17 0.0215377 0.0215377 -2.25e-17 -2.25e-17
130400 0.0215543 0.0215543 -2.25e-17 -2.25e-17 0.0215543 0.0215543 -2.25e-17 -2.25e-17
130500 0.021571 0.021571 -2.25e-17 -2.25e-17 0.021571 0.021571 -2.25e-17 -2.25e-17
130600 0.0215877 0.0215877 -2.25e-17 -2.25e-17 0.0215877 0.0215877 -2.25e-17 -2.25e-17
130700 0.0216043 0.0216043 -2.25e-17 -2.25e-17 0.0216043 0.0216043 -2.25e-17 -2.25e-17
130800 0.021621 0.021621 -2.25e-17 -2.25e-17 0.021621 0.021621 -2.25e-17 -2.25e-17
130900 0.0216377 0.0216377 -2.25e-17 -2.25e-17 0.0216377 0.0216377 -2.25e-17 -2.25e-17
131000 0.0216543 0.0216543 -2.25e-17 -2.25e-17 0.0216543 0.0216543 -2.25e-17 -2.25e-17
131100 0.021671 0.021671 -2.25e-17 -2.25e-17 0.021671 0.021671 -2.25e-17 -2.25e-17
131200 0.0216877 0.0216877 -2.25e-17 -2.25e-17 0.0216877 0.0216877 -2.25e-17 -2.25e-17
131300 0.0217043 0.0217043 -2.25e-17 -2.25e-17 0.0217043 0.0217043 -2.25e-17 -2.25e-17
131400 0.021721 0.021721 -2.25e-17 -2.25e-17 0.021721 0.021721 -2.25e-17 -2.25e-17
131500 0.0217377 0.0217377 -2.25e-17 -2.25e-17 0.0217377 0.0217377 -2.25e-17 -2.25e-17
131600 0.0217543 0.0217543 -2.25e-17 -2.25e-17 0.0217543 0.0217543 -2.25e-17 -2.25e-17
131700 0.021771 0.021771 -2.25e-17 -2.25e-17 0.021771 0.021771 -2.25e-17 -2.25e-17
131800 0.0217877 0.0217877 -2.25e-17 -2.25e-17 0.0217877 0.0217877 -2.25e-17 -2.25e-17
131900 0.0218043 0.0218043 -2.25e-17 -2.25e-17 0.0218043 0.0218043 -2.25e-17 -2.25e-17
132000 0.021821 0.021821 -2.25e-17 -2.25e-17 0.021821 0.021821 -2.25e-17 -2.25e-17
132100 0.0218377 0.0218377 -2.25e-17 -2.25e-17 0.0218377 0.0218377 -2.25e-17 -2.25e-17
132200 0.0218543 0.0218543 -2.25e-17 -2.25e-17 0.0218543 0.0218543 -2.25e-17 -2.25e-17
132300 0.021871 0.021871 -2.25e-17 -2.25e-17 0.021871 0.021871 -2.25e-17 -2.25e-17
132400 0.0218877 0.0218877 -2.25e-17 -2.25e-17 0.0218877 0.0218877 -2.25e-17 -2.25e-17
132500 0.0219043 0.0219043 -2.25e-17 -2.25e-17 0.0219043 0.0219043 -2.25e-17 -2.25e-17
132600 0.021921 0.021921 -2.25e-17 -2.25e-17 0.021921 0.021921 -2.25e-17 -2.25e-17
132700 0.0219377 0.0219377 -2.25e-17 -2.25e-17 0.0219377 0.0219377 -2.25e-17 -2.25e-17
132800 0.0219543 0.0219543 -2.25e-17 -2.25e-17 0.0219543 0.0219543 -2.25e-17 -2.25e-17
132900 0.021971 0.021971 -2.25e-17 -2.25e-17 0.021971 0.021971 -2.25e-17 -2.25e-17
133000 0.0219877 0.0219877 -2.25e-17 -2.25e-17 0.0219877 0.0219877 -2.25e-17 -2.25e-17
133100 0.0220043 0.0220043 -2.25e-17 -2.25e-17 0.0220043 0.0220043 -2.25e-17 -2.25e-17
133200 0.022021 0.022021 -2.25e-17 -2.25e-17 0.022021 0.022021 -2.25e-17 -2.25e-17
133300 0.0220377 0.0220377 -2.25e-17 -2.25e-17 0.0220377 0.0220377 -2.25e-17 -2.25e-17
133400 0.0220543 0.0220543 -2.25e-17 -2.25e-17 0.0220543 0.0220543 -2.25e-17 -2.25e-17
133500 0.022071 0.022071 -2.25e-17 -2.25e-17 0.022071 0.022071 -2.25e-17 -2.25e-17
133600 0.0220877 0.0220877 -2.25e-17 -2.25e-17 0.0220877 0.0220877 -2.25e-17 -2.25e-17
133700 0.0221043 0.0221043 -2.25e-17 -2.25e-17 0.0221043 0.0221043 -2.25e-17 -2.25e-17
133800 0.022121 0.022121 -2.25e-17 -2.25e-17 0.022121 0.022121 -2.25e-17 -2.25e-17
133900 0.0221377 0.0221377 -2.25e-17 -2.25e-17 0.0221377 0.0221377 -2.25e-17 -2.25e-17
134000 0.0221543 0.0221543 -2.25e-17 -2.25e-17 0.0221543 0.0221543 -2.25e-17 -2.25e-17
134100 0.022171 0.022171 -2.25e-17 -2.25e-17 0.022171 0.022171 -2.25e-17 -2.25e-17
134200 0.0221877 0.0221877 -2.25e-17 -2.25e-17 0.0221877 0.0221877 -2.25e-17 -2.25e-17
134300 0.0222043 0.0222043 -2.25e-17 -2.25e-17 0.0222043 0.0222043 -2.25e-17 -2.25e-17
134400 0.022221 0.022221 -2.25e-17 -2.25e-17 0.022221 0.022221 -2.25e-17 -2.25e-17
134500 0.0222377 0.0222377 -2.25e-17 -2.25e-17 0.0222377 0.0222377 -2.25e-17 -2.25e-17
134600 0.0222543 0.0222543 -2.25e-17 -2.25e-17 0.0222543 0.0222543 -2.25e-17 -2.25e-17
134700 0.022271 0.022271 -2.25e-17 -2.25e-17 0.022271 0.022271 -2.25e-17 -2.25e-17
134800 0.0222877 0.0222877 -2.25e-17 -2.25e-17 0.0222877 0.0222877 -2.25e-17 -2.25e-17
134900 0.0223043 0.0223043 -2.25e-17 -2.25e-17 0.0223043 0.0223043 -2.25e-17 -2.25e-17
135000 0.022321 0.022321 -2.25e-17 -2.25e-17 0.022321 0.022321 -2.25e-17 -2.25e-17
135100 0.0223377 0.0223377 -2.25e-17 -2.25e-17 0.0223377 0.0223377 -2.25e-17 -2.25e-17
135200 0.0223543 0.0223543 -2.25e-17 -2.25e-17 0.0223543 0.0223543 -2.25e-17 -2.25e-17
135300 0.022371 0.022371 -2.25e-17 -2.25e-17 0.022371 0.022371 -2.25e-17 -2.25e-17
135400 0.0223877 0.0223877 -2.25e-17 -2.25e-17 0.0223877 0.0223877 -2.25e-17 -2.25e-17
135500 0.0224044 0.0224044 -2.25e-17 -2.25e-17 0.0224044 0.0224044 -2.25e-17 -2.25e-17
135600 0.022421 0.022421 -2.25e-17 -2.25e-17 0.022421 0.022421 -2.25e-17 -2.25e-17
135700 0.0224377 0.0224377 -2.25e-17 -2.25e-17 0.0224377 0.0224377 -2.25e-17 -2.25e-17
135800 0.0224544 0.0224544 -2.25e-17 -2.25e-17 0.0224544 0.0224544 -2.25e-17 -2.25e-17
135900 0.022471 0.022471 -2.25e-17 -2.25e-17 0.022471 0.022471 -2.25e-17 -2.25e-17
136000 0.0224877 0.0224877 -2.25e-17 -2.25e-17 0.0224877 0.0224877 -2.25e-17 -2.25e-17
136100 0.0225044 0.0225044 -2.25e-17 -2.25e-17 0.0225044 0.0225044 -2.25e-17 -2.25e-17
136200 0.022521 0.022521 -2.25e-17 -2.25e-17 0.022521 0.022521 -2.25e-17 -2.25e-17
136300 0.0225377 0.0225377 -2.25e-17 -2.25e-17 0.0225377 0.0225377 -2.25e-17 -2.25e-17
136400 0.0225544 0.0225544 -2.25e-17 -2.25e-17 0.0225544 0.0225544 -2.25e-17 -2.25e-17
136500 0.022571 0.022571 -2.25e-17 -2.25e-17 0.022571 0.022571 -2.25e-17 -2.25e-17
136600 0.0225877 0.0225877 -2.25e-17 -2.25e-17 0.0225877 0.0225877 -2.25e-17 -2.25e-17
136700 0.0226044 0.0226044 -2.25e-17 -2.25e-17 0.0226044 0.0226044 -2.25e-17 -2.25e-17
136800 0.022621 0.022621 -2.25e-17 -2.25e-17 0.022621 0.022621 -2.25e-17 -2.25e-17
136900 0.0226377 0.0226377 -2.25e-17 -2.25e-17 0.0226377 0.0226377 -2.25e-17 -2.25e-17
137000 0.0226544 0.0226544 -2.25e-17 -2.25e-17 0.0226544 0.0226544 -2.25e-17 -2.25e-17
137100 0.022671 0.022671 -2.25e-17 -2.25e-17 0.022671 0.022671 -2.25e-17 -2.25e-17
137200 0.0226877 0.0226877 -2.25e-17 -2.25e-17 0.0226877 0.0226877 -2.25e-17 -2.25e-17
137300 0.0227044 0.0227044 -2.25e-17 -2.25e-17 0.0227044 0.0227044 -2.25e-17 -2.25e-17
137400 0.022721 0.022721 -2.25e-17 -2.25e-17 0.022721 0.022721 -2.25e-17 -2.25e-17
137500 0.0227377 0.0227377 -2.25e-17 -2.25e-17 0.0227377 0.0227377 -2.25e-17 -2.25e-17
137600 0.0227544 0.0227544 -2.25e-17 -2.25e-17 0.0227544 0.0227544 -2.25e-17 -2.25e-17
137700 0.022771 0.022771 -2.25e-17 -2.25e-17 0.022771 0.022771 -2.25e-17 -2.25e-17
137800 0.0227877 0.0227877 -2.25e-17 -2.25e-17 0.0227877 0.0227877 -2.25e-17 -2.25e-17
137900 0.0228044 0.0228044 -2.25e-17 -2.25e-17 0.0228044 0.0228044 -2.25e-17 -2.25e-17
138000 0.022821 0.022821 -2.25e-17 -2.25e-17 0.022821 0.022821 -2.25e-17 -2.25e-17
138100 0.0228377 0.0228377 -2.25e-17 -2.25e-17 0.0228377 0.0228377 -2.25e-17 -2.25e-17
138200 0.0228544 0.0228544 -2.25e-17 -2.25e-17 0.0228544 0.0228544 -2.25e-17 -2.25e-17
138300 0.022871 0.022871 -2.25e-17 -2.25e-17 0.022871 0.022871 -2.25e-17 -2.25e-17
138400 0.0228877 0.0228877 -2.25e-17 -2.25e-17 0.0228877 0.0228877 -2.25e-17 -2.25e-17
138500 0.0229044 0.0229044 -2.25e-17 -2.25e-17 0.0229044 0.0229044 -2.25e-17 -2.25e-17
138600 0.022921 0.022921 -2.25e-17 -2.25e-17 0.022921 0.022921 -2.25e-17 -2.25e-17
138700 0.0229377 0.0229377 -2.25e-17 -2.25e-17 0.0229377 0.0229377 -2.25e-17 -2.25e-17
138800 0.0229544 0.0229544 -2.25e-17 -2.25e-17 0.0229544 0.0229544 -2.25e-17 -2.25e-17
138900 0.022971 0.022971 -2.25e-17 -2.25e-17 0.022971 0.022971 -2.25e-17 -2.25e-17
139000 0.0229877 0.0229877 -2.25e-17 -2.25e-17 0.0229877 0.0229877 -2.25e-17 -2.25e-17
139100 0.0230044 0.0230044 -2.25e-17 -2.25e-17 0.0230044 0.0230044 -2.25e-17 -2.25e-17
139200 0.023021 0.023021 -2.25e-17 -2.25e-17 0.023021 0.023021 -2.25e-17 -2.25e-17
139300 0.0230377 0.0230377 -2.25e-17 -2.25e-17 0.0230377 0.0230377 -2.25e-17 -2.25e-17
139400 0.0230544 0.0230544 -2.25e-17 -2.25e-17 0.0230544 0.0230544 -2.25e-17 -2.25e-17
139500 0.023071 0.023071 -2.25e-17 -2.25e-17 0.023071 0.023071 -2.25e-17 -2.25e-17
139600 0.0230877 0.0230877 -2.25e-17 -2.25e-17 0.0230877 0.0230877 -2.25e-17 -2.25e-17
139700 0.0231044 0.0231044 -2.25e-17 -2.25e-17 0.0231044 0.0231044 -2.25e-17 -2.25e-17
139800 0.023121 0.023121 -2.25e-17 -2.25e-17 0.023121 0.023121 -2.25e-17 -2.25e-17
139900 0.0231377 0.0231377 -2.25e-17 -2.25e-17 0.0231377 0.0231377 -2.25e-17 -2.25e-17
140000 0.0231544 0.0231544 -2.25e-17 -2.25e-17 0.0231544 0.0231544 -2.25e-17 -2.25e-17
140100 0.023171 0.023171 -2.25e-17 -2.25e-17 0.023171 0.023171 -2.25e-17 -2.25e-17
140200 0.0231877 0.0231877 -2.25e-17 -2.25e-17 0.0231877 0.0231877 -2.25e-17 -2.25e-17
140300 0.0232044 0.0232044 -2.25e-17 -2.25e-17 0.0232044 0.0232044 -2.25e-17 -2.25e-17
140400 0.023221 0.023221 -2.25e-17 -2.25e-17 0.023221 0.023221 -2.25e-17 -2.25e-17
140500 0.0232377 0.0232377 -2.25e-17 -2.25e-17 0.0232377 0.0232377 -2.25e-17 -2.25e-17
140600 0.0232544 0.0232544 -2.25e-17 -2.25e-17 0.0232544 0.0232544 -2.25e-17 -2.25e-17
140700 0.023271 0.023271 -2.25e-17 -2.25e-17 0.023271 0.023271 -2.25e-17 -2.25e-17
140800 0.0232877 0.0232877 -2.25e-17 -2.25e-17 0.0232877 0.0232877 -2.25e-17 -2.25e-17
140900 0.0233044 0.0233044 -2.25e-17 -2.25e-17 0.0233044 0.0233044 -2.25e-17 -2.25e-17
141000 0.023321 0.023321 -2.25e-17 -2.25e-17 0.023321 0.023321 -2.25e-17 -2.25e-17
141100 0.0233377 0.0233377 -2.25e-17 -2.25e-17 0.0233377 0.0233377 -2.25e-17 -2.25e-17
141200 0.0233544 0.0233544 -2.25e-17 -2.25e-17 0.0233544 0.0233544 -2.25e-17 -2.25e-17
141300 0.023371 0.023371 -2.25e-17 -2.25e-17 0.023371 0.023371 -2.25e-17 -2.25e-17
141400 0.0233877 0.0233877 -2.25e-17 -2.25e-17 0.0233877 0.0233877 -2.25e-17 -2.25e-17
141500 0.0234044 0.0234044 -2.25e-17 -2.25e-17 0.0234044 0.0234044 -2.25e-17 -2.25e-17
141600 0.023421 0.023421 -2.25e-17 -2.25e-17 0.023421 0.023421 -2.25e-17 -2.25e-17
141700 0.0234377 0.0234377 -2.25e-17 -2.25e-17 0.0234377 0.0234377 -2.25e-17 -2.25e-17
141800 0.0234544 0.0234544 -2.25e-17 -2.25e-17 0.0234544 0.0234544 -2.25e-17 -2.25e-17
141900 0.023471 0.023471 -2.25e-17 -2.25e-17 0.023471 0.023471 -2.25e-17 -2.25e-17
142000 0.0234877 0.0234877 -2.25e-17 -2.25e-17 0.0234877 0.0234877 -2.25e-17 -2.25e-17
142100 0.0235044 0.0235044 -2.25e-17 -2.25e-17 0.0235044 0.0235044 -2.25e-17 -2.25e-17
142200 0.023521 0.023521 -2.25e-17 -2.25e-17 0.023521 0.023521 -2.25e-17 -2.25e-17
142300 0.0235377 0.0235377 -2.25e-17 -2.25e-17 0.0235377 0.0235377 -2.25e-17 -2.25e-17
142400 0.0235544 0.0235544 -2.25e-17 -2.25e-17 0.0235544 0.0235544 -2.25e-17 -2.25e-17
142500 0.023571 0.023571 -2.25e-17 -2.25e-17 0.023571 0.023571 -2.25e-17 -2.25e-17
142600 0.0235877 0.0235877 -2.25e-17 -2.25e-17 0.0235877 0.0235877 -2.25e-17 -2.25e-17
142700 0.0236044 0.0236044 -2.25e-17 -2.25e-17 0.0236044 0.0236044 -2.25e-17 -2.25e-17
142800 0.023621 0.023621 -2.25e-17 -2.25e-17 0.023621 0.023621 -2.25e-17 -2.25e-17
142900 0.0236377 0.0236377 -2.25e-17 -2.25e-17 0.0236377 0.0236377 -2.25e-17 -2.25e-17
143000 0.0236544 0.0236544 -2.25e-17 -2.25e-17 0.0236544 0.0236544 -2.25e-17 -2.25e-17
143100 0.023671 0.023671 -2.25e-17 -2.25e-17 0.023671 0.023671 -2.25e-17 -2.25e-17
143200 0.0236877 0.0236877 -2.25e-17 -2.25e-17 0.0236877 0.0236877 -2.25e-17 -2.25e-17
143300 0.0237044 0.0237044 -2.25e-17 -2.25e-17 0.0237044 0.0237044 -2.25e-17 -2.25e-17
143400 0.0237211 0.0237211 -2.25e-17 -2.25e-17 0.0237211 0.0237211 -2.25e-17 -2.25e-17
143500 0.0237377 0.0237377 -2.25e-17 -2.25e-17 0.0237377 0.0237377 -2.25e-17 -2.25e-17
143600 0.0237544 0.0237544 -2.25e-17 -2.25e-17 0.0237544 0.0237544 -2.25e-17 -2.25e-17
143700 0.0237711 0.0237711 -2.25e-17 -2.25e-17 0.0237711 0.0237711 -2.25e-17 -2.25e-17
143800 0.0237877 0.0237877 -2.25e-17 -2.25e-17 0.0237877 0.0237877 -2.25e-17 -2.25e-17
143900 0.0238044 0.0238044 -2.25e-17 -2.25e-17 0.0238044 0.0238044 -2.25e-17 -2.25e-17
144000 0.0238211 0.0238211 -2.25e-17 -2.25e-17 0.0238211 0.0238211 -2.25e-17 -2.25e-17
144100 0.0238377 0.0238377 -2.25e-17 -2.25e-17 0.0238377 0.0238377 -2.25e-17 -2.25e-17
144200 0.0238544 0.0238544 -2.25e-17 -2.25e-17 0.0238544 0.0238544 -2.25e-17 -2.25e-17
144300 0.0238711 0.0238711 -2.25e-17 -2.25e-17 0.0238711 0.0238711 -2.25e-17 -2.25e-17
144400 0.0238877 0.0238877 -2.25e-17 -2.25e-17 0.0238877 0.0238877 -2.25e-17 -2.25e-17
144500 0.0239044 0.0239044 -2.25e-17 -2.25e-17 0.0239044 0.0239044 -2.25e-17 -2.25e-17
144600 0.0239211 0.0239211 -2.25e-17 -2.25e-17 0.0239211 0.0239211 -2.25e-17 -2.25e-17
144700 0.0239377 0.0239377 -2.25e-17 -2.25e-17 0.0239377 0.0239377 -2.25e-17 -2.25e-17
144800 0.0239544 0.0239544 -2.25e-17 -2.25e-17 0.0239544 0.0239544 -2.25e-17 -2.25e-17
144900 0.0239711 0.0239711 -2.25e-17 -2.25e-17 0.0239711 0.0239711 -2.25e-17 -2.25e-17
145000 0.0239877 0.0239877 -2.25e-17 -2.25e-17 0.0239877 0.0239877 -2.25e-17 -2.25e-17
145100 0.0240044 0.0240044 -2.25e-17 -2.25e-17 0.0240044 0.0240044 -2.25e-17 -2.25e-17
145200 0.0240211 0.0240211 -2.25e-17 -2.25e-17 0.0240211 0.0240211 -2.25e-17 -2.25e-17
145300 0.0240377 0.0240377 -2.25e-17 -2.25e-17 0.0240377 0.0240377 -2.25e-17 -2.25e-17
145400 0.0240544 0.0240544 -2.25e-17 -2.25e-17 0.0240544 0.0240544 -2.25e-17 -2.25e-17
145500 0.0240711 0.0240711 -2.25e-17 -2.25e-17 0.0240711 0.0240711 -2.25e-17 -2.25e-17
145600 0.0240877 0.0240877 -2.25e-17 -2.25e-17 0.0240877 0.0240877 -2.25e-17 -2.25e-17
145700 0.0241044 0.0241044 -2.25e-17 -2.25e-17 0.0241044 0.0241044 -2.25e-17 -2.25e-17
145800 0.0241211 0.0241211 -2.25e-17 -2.25e-17 0.0241211 0.0241211 -2.25e-17 -2.25e-17
145900 0.0241377 0.0241377 -2.25e-17 -2.25e-17 0.0241377 0.0241377 -2.25e-17 -2.25e-17
146000 0.0241544 0.0241544 -2.25e-17 -2.25e-17 0.0241544 0.0241544 -2.25e-17 -2.25e-17
146100 0.0241711 0.0241711 -2.25e-17 -2.25e-17 0.0241711 0.0241711 -2.25e-17 -2.25e-17
146200 0.0241877 0.0241877 -2.25e-17 -2.25e-17 0.0241877 0.0241877 -2.25e-17 -2.25e-17
146300 0.0242044 0.0242044 -2.25e-17 -2.25e-17 0.0242044 0.0242044 -2.25e-17 -2.25e-17
146400 0.0242211 0.0242211 -2.25e-17 -2.25e-17 0.0242211 0.0242211 -2.25e-17 -2.25e-17
146500 0.0242377 0.0242377 -2.25e-17 -2.25e-17 0.0242377 0.0242377 -2.25e-17 -2.25e-17
146600 0.0242544 0.0242544 -2.25e-17 -2.25e-17 0.0242544 0.0242544 -2.25e-17 -2.25e-17
146700 0.0242711 0.0242711 -2.25e-17 -2.25e-17 0.0242711 0.0242711 -2.25e-17 -2.25e-17
146800 0.0242877 0.0242877 -2.25e-17 -2.25e-17 0.0242877 0.0242877 -2.25e-17 -2.25e-17
146900 0.0243044 0.0243044 -2.25e-17 -2.25e-17 0.0243044 0.0243044 -2.25e-17 -2.25e-17
147000 0.0243211 0.0243211 -2.25e-17 -2.25e-17 0.0243211 0.0243211 -2.25e-17 -2.25e-17
147100 0.0243377 0.0243377 -2.25e-17 -2.25e-17 0.0243377 0.0243377 -2.25e-17 -2.25e-17
147200 0.0243544 0.0243544 -2.25e-17 -2.25e-17 0.0243544 0.0243544 -2.25e-17 -2.25e-17
147300 0.0243711 0.0243711 -2.25e-17 -2.25e-17 0.0243711 0.0243711 -2.25e-17 -2.25e-17
147400 0.0243877 0.0243877 -2.25e-17 -2.25e-17 0.0243877 0.0243877 -2.25e-17 -2.25e-17
147500 0.0244044 0.0244044 -2.25e-17 -2.25e-17 0.0244044 0.0244044 -2.25e-17 -2.25e-17
147600 0.0244211 0.0244211 -2.25e-17 -2.25e-17 0.0244211 0.0244211 -2.25e-17 -2.25e-17
147700 0.0244377 0.0244377 -2.25e-17 -2.25e-17 0.0244377 0.0244377 -2.25e-17 -2.25e-17
147800 0.0244544 0.0244544 -2.25e-17 -2.25e-17 0.0244544 0.0244544 -2.25e-17 -2.25e-17
147900 0.0244711 0.0244711 -2.25e-17 -2.25e-17 0.0244711 0.0244711 -2.25e-17 -2.25e-17
148000 0.0244877 0.0244877 -2.25e-17 -2.25e-17 0.0244877 0.0244877 -2.25e-17 -2.25e-17
148100 0.0245044 0.0245044 -2.25e-17 -2.25e-17 0.0245044 0.0245044 -2.25e-17 -2.25e-17
148200 0.0245211 0.0245211 -2.25e-17 -2.25e-17 0.0245211 0.0245211 -2.25e-17 -2.25e-17
148300 0.0245377 0.0245377 -2.25e-17 -2.25e-17 0.0245377 0.0245377 -2.25e-17 -2.25e-17
148400 0.0245544 0.0245544 -2.25e-17 -2.25e-17 0.0245544 0.0245544 -2.25e-17 -2.25e-17
148500 0.0245711 0.0245711 -2.25e-17 -2.25e-17 0.0245711 0.0245711 -2.25e-17 -2.25e-17
148600 0.0245877 0.0245877 -2.25e-17 -2.25e-17 0.0245877 0.0245877 -2.25e-17 -2.25e-17
148700 0.0246044 0.0246044 -2.25e-17 -2.25e-17 0.0246044 0.0246044 -2.25e-17 -2.25e-17
148800 0.0246211 0.0246211 -2.25e-17 -2.25e-17 0.0246211 0.0246211 -2.25e-17 -2.25e-17
148900 0.0246377 0.0246377 -2.25e-17 -2.25e-17 0.0246377 0.0246377 -2.25e-17 -2.25e-17
149000 0.0246544 0.0246544 -2.25e-17 -2.25e-17 0.0246544 0.0246544 -2.25e-17 -2.25e-17
149100 0.0246711 0.0246711 -2.25e-17 -2.25e-17 0.0246711 0.0246711 -2.25e-17 -2.25e-17
149200 0.0246877 0.0246877 -2.25e-17 -2.25e-17 0.0246877 0.0246877 -2.25e-17 -2.25e-17
149300 0.0247044 0.0247044 -2.25e-17 -2.25e-17 0.0247044 0.0247044 -2.25e-17 -2.25e-17
149400 0.0247211 0.0247211 -2.25e-17 -2.25e-17 0.0247211 0.0247211 -2.25e-17 -2.25e-17
149500 0.0247377 0.0247377 -2.25e-17 -2.25e-17 0.0247377 0.0247377 -2.25e-17 -2.25e-17
149600 0.0247544 0.0247544 -2.25e-17 -2.25e-17 0.0247544 0.0247544 -2.25e-17 -2.25e-17
149700 0.0247711 0.0247711 -2.25e-17 -2.25e-17 0.0247711 0.0247711 -2.25e-17 -2.25e-17
149800 0.0247877 0.0247877 -2.25e-17 -2.25e-17 0.0247877 0.0247877 -2.25e-17 -2.25e-17
149900 0.0248044 0.0248044 -2.25e-17 -2.25e-17 0.0248044 0.0248044 -2.25e-17 -2.25e-17
150000 0.0248211 0.0248211 -2.25e-17 -2.25e-17 0.0248211 0.0248211 -2.25e-17 -2.25e-17
150100 0.0248377 0.0248377 -2.25e-17 -2.25e-17 0.0248377 0.0248377 -2.25e-17 -2.25e-17
150200 0.0248544 0.0248544 -2.25e-17 -2.25e-17 0.0248544 0.0248544 -2.25e-17 -2.25e-17
150300 0.0248711 0.0248711 -2.25e-17 -2.25e-17 0.0248711 0.0248711 -2.25e-17 -2.25e-17
150400 0.0248878 0.0248878 -2.25e-17 -2.25e-17 0.0248878 0.0248878 -2.25e-17 -2.25e-17
150500 0.0249044 0.0249044 -2.25e-17 -2.25e-17 0.0249044 0.0249044 -2.25e-17 -2.25e-17
150600 0.0249211 0.0249211 -2.25e-17 -2.25e-17 0.0249211 0.0249211 -2.25e-17 -2.25e-17
150700 0.0249378 0.0249378 -2.25e-17 -2.25e-17 0.0249378 0.0249378 -2.25e-17 -2.25e-17
150800 0.0249544 0.0249544 -2.25e-17 -2.25e-17 0.0249544 0.0249544 -2.25e-17 -2.25e-17
150900 0.0249711 0.0249711 -2.25e-17 -2.25e-17 0.0249711 0.0249711 -2.25e-17 -2.25e-17
151000 0.0249878 0.0249878 -2.25e-17 -2.25e-17 0.0249878 0.0249878 -2.25e-17 -2.25e-17
151100 0.0250044 0.0250044 -2.25e-17 -2.25e-17 0.0250044 0.0250044 -2.25e-17 -2.25e-17
151200 0.0250211 0.0250211 -2.25e-17 -2.25e-17 0.0250211 0.0250211 -2.25e-17 -2.25e-17
151300 0.0250378 0.0250378 -2.25e-17 -2.25e-17 0.0250378 0.0250378 -2.25e-17 -2.25e-17
151400 0.0250544 0.0250544 -2.25e-17 -2.25e-17 0.0250544 0.0250544 -2.25e-17 -2.25e-17
151500 0.0250711 0.0250711 -2.25e-17 -2.25e-17 0.0250711 0.0250711 -2.25e-17 -2.25e-17
151600 0.0250878 0.0250878 -2.25e-17 -2.25e-17 0.0250878 0.0250878 -2.25e-17 -2.25e-17
151700 0.0251044 0.0251044 -2.25e-17 -2.25e-17 0.0251044 0.0251044 -2.25e-17 -2.25e-17
151800 0.0251211 0.0251211 -2.25e-17 -2.25e-17 0.0251211 0.0251211 -2.25e-17 -2.25e-17
151900 0.0251378 0.0251378 -2.25e-17 -2.25e-17 0.0251378 0.0251378 -2.25e-17 -2.25e-17
152000 0.0251544 0.0251544 -2.25e-17 -2.25e-17 0.0251544 0.0251544 -2.25e-17 -2.25e-17
152100 0.0251711 0.0251711 -2.25e-17 -2.25e-17 0.0251711 0.0251711 -2.25e-17 -2.25e-17
152200 0.0251878 0.0251878 -2.25e-17 -2.25e-17 0.0251878 0.0251878 -2.25e-17 -2.25e-17
152300 0.0252044 0.0252044 -2.25e-17 -2.25e-17 0.0252044 0.0252044 -2.25e-17 -2.25e-17
152400 0.0252211 0.0252211 -2.25e-17 -2.25e-17 0.0252211 0.0252211 -2.25e-17 -2.25e-17
152500 0.0252378 0.0252378 -2.25e-17 -2.25e-17 0.0252378 0.0252378 -2.25e-17 -2.25e-17
152600 0.0252544 0.0252544 -2.25e-17 -2.25e-17 0.0252544 0.0252544 -2.25e-17 -2.25e-17
152700 0.0252711 0.0252711 -2.25e-17 -2.25e-17 0.0252711 0.0252711 -2.25e-17 -2.25e-17
152800 0.0252878 0.0252878 -2.25e-17 -2.25e-17 0.0252878 0.0252878 -2.25e-17 -2.25e-17
152900 0.0253044 0.0253044 -2.25e-17 -2.25e-17 0.0253044 0.0253044 -2.25e-17 -2.25e-17
153000 0.0253211 0.0253211 -2.25e-17 -2.25e-17 0.0253211 0.0253211 -2.25e-17 -2.25e-17
153100 0.0253378 0.0253378 -2.25e-17 -2.25e-17 0.0253378 0.0253378 -2.25e-17 -2.25e-17
153200 0.0253544 0.0253544 -2.25e-17 -2.25e-17 0.0253544 0.0253544 -2.25e-17 -2.25e-17
153300 0.0253711 0.0253711 -2.25e-17 -2.25e-17 0.0253711 0.0253711 -2.25e-17 -2.25e-17
153400 0.0253878 0.0253878 -2.25e-17 -2.25e-17 0.0253878 0.0253878 -2.25e-17 -2.25e-17
153500 0.0254044 0.0254044 -2.25e-17 -2.25e-17 0.0254044 0.0254044 -2.25e-17 -2.25e-17
153600 0.0254211 0.0254211 -2.25e-17 -2.25e-17 0.0254211 0.0254211 -2.25e-17 -2.25e-17
153700 0.0254378 0.0254378 -2.25e-17 -2.25e-17 0.0254378 0.0254378 -2.25e-17 -2.25e-17
153800 0.0254544 0.0254544 -2.25e-17 -2.25e-17 0.0254544 0.0254544 -2.25e-17 -2.25e-17
153900 0.0254711 0.0254711 -2.25e-17 -2.25e-17 0.0254711 0.0254711 -2.25e-17 -2.25e-17
154000 0.0254878 0.0254878 -2.25e-17 -2.25e-17 0.0254878 0.0254878 -2.25e-17 -2.25e-17
154100 0.0255044 0.0255044 -2.25e-17 -2.25e-17 0.0255044 0.0255044 -2.25e-17 -2.25e-17
154200 0.0255211 0.0255211 -2.25e-17 -2.25e-17 0.0255211 0.0255211 -2.25e-17 -2.25e-17
154300 0.0255378 0.0255378 -2.25e-17 -2.25e-17 0.0255378 0.0255378 -2.25e-17 -2.25e-17
154400 0.0255544 0.0255544 -2.25e-17 -2.25e-17 0.0255544 0.0255544 -2.25e-17 -2.25e-17
154500 0.0255711 0.0255711 -2.25e-17 -2.25e-17 0.0255711 0.0255711 -2.25e-17 -2.25e-17
154600 0.0255878 0.0255878 -2.25e-17 -2.25e-17 0.0255878 0.0255878 -2.25e-17 -2.25e-17
154700 0.0256044 0.0256044 -2.25e-17 -2.25e-17 0.0256044 0.0256044 -2.25e-17 -2.25e-17
154800 0.0256211 0.0256211 -2.25e-17 -2.25e-17 0.0256211 0.0256211 -2.25e-17 -2.25e-17
154900 0.0256378 0.0256378 -2.25e-17 -2.25e-17 0.0256378 0.0256378 -2.25e-17 -2.25e-17
155000 0.0256544 0.0256544 -2.25e-17 -2.25e-17 0.0256544 0.0256544 -2.25e-17 -2.25e-17
155100 0.0256711 0.0256711 -2.25e-17 -2.25e-17 0.0256711 0.0256711 -2.25e-17 -2.25e-17
155200 0.0256878 0.0256878 -2.25e-17 -2.25e-17 0.0256878 0.0256878 -2.25e-17 -2.25e-17
155300 0.0257044 0.0257044 -2.25e-17 -2.25e-17 0.0257044 0.0257044 -2.25e-17 -2.25e-17
155400 0.0257211 0.0257211 -2.25e-17 -2.25e-17 0.0257211 0.0257211 -2.25e-17 -2.25e-17
155500 0.0257378 0.0257378 -2.25e-17 -2.25e-17 0.0257378 0.0257378 -2.25e-17 -2.25e-17
155600 0.0257544 0.0257544 -2.25e-17 -2.25e-17 0.0257544 0.0257544 -2.25e-17 -2.25e-17
155700 0.0257711 0.0257711 -2.25e-17 -2.25e-17 0.0257711 0.0257711 -2.25e-17 -2.25e-17
155800 0.0257878 0.0257878 -2.25e-17 -2.25e-17 0.0257878 0.0257878 -2.25e-17 -2.25e-17
155900 0.0258044 0.0258044 -2.25e-17 -2.25e-17 0.0258044 0.0258044 -2.25e-17 -2.25e-17
156000 0.0258211 0.0258211 -2.25e-17 -2.25e-17 0.0258211 0.0258211 -2.25e-17 -2.25e-17
156100 0.0258378 0.0258378 -2.25e-17 -2.25e-17 0.0258378 0.0258378 -2.25e-17 -2.25e-17
156200 0.0258544 0.0258544 -2.25e-17 -2.25e-17 0.0258544 0.0258544 -2.25e-17 -2.25e-17
156300 0.0258711 0.0258711 -2.25e-17 -2.25e-17 0.0258711 0.0258711 -2.25e-17 -2.25e-17
156400 0.0258878 0.0258878 -2.25e-17 -2.25e-17 0.0258878 0.0258878 -2.25e-17 -2.25e-17
156500 0.0259044 0.0259044 -2.25e-17 -2.25e-17 0.0259044 0.0259044 -2.25e-17 -2.25e-17
156600 0.0259211 0.0259211 -2.25e-17 -2.25e-17 0.0259211 0.0259211 -2.25e-17 -2.25e-17
156700 0.0259378 0.0259378 -2.25e-17 -2.25e-17 0.0259378 0.0259378 -2.25e-17 -2.25e-17
156800 0.0259544 0.0259544 -2.25e-17 -2.25e-17 0.0259544 0.0259544 -2.25e-17 -2.25e-17
156900 0.0259711 0.0259711 -2.25e-17 -2.25e-17 0.0259711 0.0259711 -2.25e-17 -2.25e-17
157000 0.0259878 0.0259878 -2.25e-17 -2.25e-17 0.0259878 0.0259878 -2.25e-17 -2.25e-17
157100 0.0260044 0.0260044 -2.25e-17 -2.25e-17 0.0260044 0.0260044 -2.25e-17 -2.25e-17
157200 0.0260211 0.0260211 -2.25e-17 -2.25e-17 0.0260211 0.0260211 -2.25e-17 -2.25e-17
157300 0.0260378 0.0260378 -2.25e-17 -2.25e-17 0.0260378 0.0260378 -2.25e-17 -2.25e-17
157400 0.0260545 0.0260545 -2.25e-17 -2.25e-17 0.0260545 0.0260545 -2.25e-17 -2.25e-17
157500 0.0260711 0.0260711 -2.25e-17 -2.25e-17 0.0260711 0.0260711 -2.25e-17 -2.25e-17
157600 0.0260878 0.0260878 -2.25e-17 -2.25e-17 0.0260878 0.0260878 -2.25e-17 -2.25e-17
157700 0.0261045 0.0261045 -2.25e-17 -2.25e-17 0.0261045 0.0261045 -2.25e-17 -2.25e-17
157800 0.0261211 0.0261211 -2.25e-17 -2.25e-17 0.0261211 0.0261211 -2.25e-17 -2.25e-17
157900 0.0261378 0.0261378 -2.25e-17 -2.25e-17 0.0261378 0.0261378 -2.25e-17 -2.25e-17
158000 0.0261545 0.0261545 -2.25e-17 -2.25e-17 0.0261545 0.0261545 -2.25e-17 -2.25e-17
158100 0.0261711 0.0261711 -2.25e-17 -2.25e-17 0.0261711 0.0261711 -2.25e-17 -2.25e-17
158200 0.0261878 0.0261878 -2.25e-17 -2.25e-17 0.0261878 0.0261878 -2.25e-17 -2.25e-17
158300 0.0262045 0.0262045 -2.25e-17 -2.25e-17 0.0262045 0.0262045 -2.25e-17 -2.25e-17
158400 0.0262211 0.0262211 -2.25e-17 -2.25e-17 0.0262211 0.0262211 -2.25e-17 -2.25e-17
158500 0.0262378 0.0262378 -2.25e-17 -2.25e-17 0.0262378 0.0262378 -2.25e-17 -2.25e-17
158600 0.0262545 0.0262545 -2.25e-17 -2.25e-17 0.0262545 0.0262545 -2.25e-17 -2.25e-17
158700 0.0262711 0.0262711 -2.25e-17 -2.25e-17 0.0262711 0.0262711 -2.25e-17 -2.25e-17
158800 0.0262878 0.0262878 -2.25e-17 -2.25e-17 0.0262878 0.0262878 -2.25e-17 -2.25e-17
158900 0.0263045 0.0263045 -2.25e-17 -2.25e-17 0.0263045 0.0263045 -2.25e-17 -2.25e-17
159000 0.0263211 0.0263211 -2.25e-17 -2.25e-17 0.0263211 0.0263211 -2.25e-17 -2.25e-17
159100 0.0263378 0.0263378 -2.25e-17 -2.25e-17 0.0263378 0.0263378 -2.25e-17 -2.25e-17
159200 0.0263545 0.0263545 -2.25e-17 -2.25e-17 0.0263545 0.0263545 -2.25e-17 -2.25e-17
159300 0.0263711 0.0263711 -2.25e-17 -2.25e-17 0.0263711 0.0263711 -2.25e-17 -2.25e-17
159400 0.0263878 0.0263878 -2.25e-17 -2.25e-17 0.0263878 0.0263878 -2.25e-17 -2.25e-17
159500 0.0264045 0.0264045 -2.25e-17 -2.25e-17 0.0264045 0.0264045 -2.25e-17 -2.25e-17
159600 0.0264211 0.0264211 -2.25e-17 -2.25e-17 0.0264211 0.0264211 -2.25e-17 -2.25e-17
159700 0.0264378 0.0264378 -2.25e-17 -2.25e-17 0.0264378 0.0264378 -2.25e-17 -2.25e-17
159800 0.0264545 0.0264545 -2.25e-17 -2.25e-17 0.0264545 0.0264545 -2.25e-17 -2.25e-17
159900 0.0264711 0.0264711 -2.25e-17 -2.25e-17 0.0264711 0.0264711 -2.25e-17 -2.25e-17
160000 0.0264878 0.0264878 -2.25e-17 -2.25e-17 0.0264878 0.0264878 -2.25e-17 -2.25e-17
160100 0.0265045 0.0265045 -2.25e-17 -2.25e-17 0.0265045 0.0265045 -2.25e-17 -2.25e-17
160200 0.0265211 0.0265211 -2.25e-17 -2.25e-17 0.0265211 0.0265211 -2.25e-17 -2.25e-17
160300 0.0265378 0.0265378 -2.25e-17 -2.25e-17 0.0265378 0.0265378 -2.25e-17 -2.25e-17
160400 0.0265545 0.0265545 -2.25e-17 -2.25e-17 0.0265545 0.0265545 -2.25e-17 -2.25e-17
160500 0.0265711 0.0265711 -2.25e-17 -2.25e-17 0.0265711 0.0265711 -2.25e-17 -2.25e-17
160600 0.0265878 0.0265878 -2.25e-17 -2.25e-17 0.0265878 0.0265878 -2.25e-17 -2.25e-17
160700 0.0266045 0.0266045 -2.25e-17 -2.25e-17 0.0266045 0.0266045 -2.25e-17 -2.25e-17
160800 0.0266211 0.0266211 -2.25e-17 -2.25e-17 0.0266211 0.0266211 -2.25e-17 -2.25e-17
160900 0.0266378 0.0266378 -2.25e-17 -2.25e-17 0.0266378 0.0266378 -2.25e-17 -2.25e-17
161000 0.0266545 0.0266545 -2.25e-17 -2.25e-17 0.0266545 0.0266545 -2.25e-17 -2.25e-17
161100 0.0266711 0.0266711 -2.25e-17 -2.25e-17 0.0266711 0.0266711 -2.25e-17 -2.25e-17
161200 0.0266878 0.0266878 -2.25e-17 -2.25e-17 0.0266878 0.0266878 -2.25e-17 -2.25e-17
161300 0.0267045 0.0267045 -2.25e-17 -2.25e-17 0.0267045 0.0267045 -2.25e-17 -2.25e-17
161400 0.0267211 0.0267211 -2.25e-17 -2.25e-17 0.0267211 0.0267211 -2.25e-17 -2.25e-17
161500 0.0267378 0.0267378 -2.25e-17 -2.25e-17 0.0267378 0.0267378 -2.25e-17 -2.25e-17
161600 0.0267545 0.0267545 -2.25e-17 -2.25e-17 0.0267545 0.0267545 -2.25e-17 -2.25e-17
161700 0.0267711 0.0267711 -2.25e-17 -2.25e-17 0.0267711 0.0267711 -2.25e-17 -2.25e-17
161800 0.0267878 0.0267878 -2.25e-17 -2.25e-17 0.0267878 0.0267878 -2.25e-17 -2.25e-17
161900 0.0268045 0.0268045 -2.25e-17 -2.25e-17 0.0268045 0.0268045 -2.25e-17 -2.25e-17
162000 0.0268211 0.0268211 -2.25e-17 -2.25e-17 0.0268211 0.0268211 -2.25e-17 -2.25e-17
162100 0.0268378 0.0268378 -2.25e-17 -2.25e-17 0.0268378 0.0268378 -2.25e-17 -2.25e-17
162200 0.0268545 0.0268545 -2.25e-17 -2.25e-17 0.0268545 0.0268545 -2.25e-17 -2.25e-17
162300 0.0268711 0.0268711 -2.25e-17 -2.25e-17 0.0268711 0.0268711 -2.25e-17 -2.25e-17
162400 0.0268878 0.0268878 -2.25e-17 -2.25e-17 0.0268878 0.0268878 -2.25e-17 -2.25e-17
162500 0.0269045 0.0269045 -2.25e-17 -2.25e-17 0.0269045 0.0269045 -2.25e-17 -2.25e-17
162600 0.0269211 0.0269211 -2.25e-17 -2.25e-17 0.0269211 0.0269211 -2.25e-17 -2.25e-17
162700 0.0269378 0.0269378 -2.25e-17 -2.25e-17 0.0269378 0.0269378 -2.25e-17 -2.25e-17
162800 0.0269545 0.0269545 -2.25e-17 -2.25e-17 0.0269545 0.0269545 -2.25e-17 -2.25e-17
162900 0.0269711 0.0269711 -2.25e-17 -2.25e-17 0.0269711 0.0269711 -2.25e-17 -2.25e-17
163000 0.0269878 0.0269878 -2.25e-17 -2.25e-17 0.0269878 0.0269878 -2.25e-17 -2.25e-17
163100 0.0270045 0.0270045 -2.25e-17 -2.25e-17 0.0270045 0.0270045 -2.25e-17 -2.25e-17
163200 0.0270211 0.0270211 -2.25e-17 -2.25e-17 0.0270211 0.0270211 -2.25e-17 -2.25e-17
163300 0.0270378 0.0270378 -2.25e-17 -2.25e-17 0.0270378 0.0270378 -2.25e-17 -2.25e-17
163400 0.0270545 0.0270545 -2.25e-17 -2.25e-17 0.0270545 0.0270545 -2.25e-17 -2.25e-17
163500 0.0270711 0.0270711 -2.25e-17 -2.25e-17 0.0270711 0.0270711 -2.25e-17 -2.25e-17
163600 0.0270878 0.0270878 -2.25e-17 -2.25e-17 0.0270878 0.0270878 -2.25e-17 -2.25e-17
163700 0.0271045 0.0271045 -2.25e-17 -2.25e-17 0.0271045 0.0271045 -2.25e-17 -2.25e-17
163800 0.0271211 0.0271211 -2.25e-17 -2.25e-17 0.0271211 0.0271211 -2.25e-17 -2.25e-17
163900 0.0271378 0.0271378 -2.25e-17 -2.25e-17 0.0271378 0.0271378 -2.25e-17 -2.25e-17
164000 0.0271545 0.0271545 -2.25e-17 -2.25e-17 0.0271545 0.0271545 -2.25e-17 -2.25e-17
164100 0.0271711 0.0271711 -2.25e-17 -2.25e-17 0.0271711 0.0271711 -2.25e-17 -2.25e-17
164200 0.0271878 0.0271878 -2.25e-17 -2.25e-17 0.0271878 0.0271878 -2.25e-17 -2.25e-17
164300 0.0272045 0.0272045 -2.25e-17 -2.25e-17 0.0272045 0.0272045 -2.25e-17 -2.25e-17
164400 0.0272212 0.0272212 -2.25e-17 -2.25e-17 0.0272212 0.0272212 -2.25e-17 -2.25e-17
164500 0.0272378 0.0272378 -2.25e-17 -2.25e-17 0.0272378 0.0272378 -2.25e-17 -2.25e-17
164600 0.0272545 0.0272545 -2.25e-17 -2.25e-17 0.0272545 0.0272545 -2.25e-17 -2.25e-17
164700 0.0272712 0.0272712 -2.25e-17 -2.25e-17 0.0272712 0.0272712 -2.25e-17 -2.25e-17
164800 0.0272878 0.0272878 -2.25e-17 -2.25e-17 0.0272878 0.0272878 -2.25e-17 -2.25e-17
164900 0.0273045 0.0273045 -2.25e-17 -2.25e-17 0.0273045 0.0273045 -2.25e-17 -2.25e-17
165000 0.0273212 0.0273212 -2.25e-17 -2.25e-17 0.0273212 0.0273212 -2.25e-17 -2.25e-17
165100 0.0273378 0.0273378 -2.25e-17 -2.25e-17 0.0273378 0.0273378 -2.25e-17 -2.25e-17
165200 0.0273545 0.0273545 -2.25e-17 -2.25e-17 0.0273545 0.0273545 -2.25e-17 -2.25e-17
165300 0.0273712 0.0273712 -2.25e-17 -2.25e-17 0.0273712 0.0273712 -2.25e-17 -2.25e-17
165400 0.0273878 0.0273878 -2.25e-17 -2.25e-17 0.0273878 0.0273878 -2.25e-17 -2.25e-17
165500 0.0274045 0.0274045 -2.25e-17 -2.25e-17 0.0274045 0.0274045 -2.25e-17 -2.25e-17
165600 0.0274212 0.0274212 -2.25e-17 -2.25e-17 0.0274212 0.0274212 -2.25e-17 -2.25e-17
165700 0.0274378 0.0274378 -2.25e-17 -2.25e-17 0.0274378 0.0274378 -2.25e-17 -2.25e-17
165800 0.0274545 0.0274545 -2.25e-17 -2.25e-17 0.0274545 0.0274545 -2.25e-17 -2.25e-17
165900 0.0274712 0.0274712 -2.25e-17 -2.25e-17 0.0274712 0.0274712 -2.25e-17 -2.25e-17
166000 0.0274878 0.0274878 -2.25e-17 -2.25e-17 0.0274878 0.0274878 -2.25e-17 -2.25e-17
166100 0.0275045 0.0275045 -2.25e-17 -2.25e-17 0.0275045 0.0275045 -2.25e-17 -2.25e-17
166200 0.0275212 0.0275212 -2.25e-17 -2.25e-17 0.0275212 0.0275212 -2.25e-17 -2.25e-17
166300 0.0275378 0.0275378 -2.25e-17 -2.25e-17 0.0275378 0.0275378 -2.25e-17 -2.25e-17
166400 0.0275545 0.0275545 -2.25e-17 -2.25e-17 0.0275545 0.0275545 -2.25e-17 -2.25e-17
166500 0.0275712 0.0275712 -2.25e-17 -2.25e-17 0.0275712 0.0275712 -2.25e-17 -2.25e-17
166600 0.0275878 0.0275878 -2.25e-17 -2.25e-17 0.0275878 0.0275878 -2.25e-17 -2.25e-17
166700 0.0276045 0.0276045 -2.25e-17 -2.25e-17 0.0276045 0.0276045 -2.25e-17 -2.25e-17
166800 0.0276212 0.0276212 -2.25e-17 -2.25e-17 0.0276212 0.0276212 -2.25e-17 -2.25e-17
166900 0.0276378 0.0276378 -2.25e-17 -2.25e-17 0.0276378 0.0276378 -2.25e-17 -2.25e-17
167000 0.0276545 0.0276545 -2.25e-17 -2.25e-17 0.0276545 0.0276545 -2.25e-17 -2.25e-17
167100 0.0276712 0.0276712 -2.25e-17 -2.25e-17 0.0276712 0.0276712 -2.25e-17 -2.25e-17
167200 0.0276878 0.0276878 -2.25e-17 -2.25e-17 0.0276878 0.0276878 -2.25e-17 -2.25e-17
167300 0.0277045 0.0277045 -2.25e-17 -2.25e-17 0.0277045 0.0277045 -2.25e-17 -2.25e-17
167400 0.0277212 0.0277212 -2.25e-17 -2.25e-17 0.0277212 0.0277212 -2.25e-17 -2.25e-17
167500 0.0277378 0.0277378 -2.25e-17 -2.25e-17 0.0277378 0.0277378 -2.25e-17 -2.25e-17
167600 0.0277545 0.0277545 -2.25e-17 -2.25e-17 0.0277545 0.0277545 -2.25e-17 -2.25e-17
167700 0.0277712 0.0277712 -2.25e-17 -2.25e-17 0.0277712 0.0277712 -2.25e-17 -2.25e-17
167800 0.0277878 0.0277878 -2.25e-17 -2.25e-17 0.0277878 0.0277878 -2.25e-17 -2.25e-17
167900 0.0278045 0.0278045 -2.25e-17 -2.25e-17 0.0278045 0.0278045 -2.25e-17 -2.25e-17
168000 0.0278212 0.0278212 -2.25e-17 -2.25e-17 0.0278212 0.0278212 -2.25e-17 -2.25e-17
168100 0.0278378 0.0278378 -2.25e-17 -2.25e-17 0.0278378 0.0278378 -2.25e-17 -2.25e-17
168200 0.0278545 0.0278545 -2.25e-17 -2.25e-17 0.0278545 0.0278545 -2.25e-17 -2.25e-17
168300 0.0278712 0.0278712 -2.25e-17 -2.25e-17 0.0278712 0.0278712 -2.25e-17 -2.25e-17
168400 0.0278878 0.0278878 -2.25e-17 -2.25e-17 0.0278878 0.0278878 -2.25e-17 -2.25e-17
168500 0.0279045 0.0279045 -2.25e-17 -2.25e-17 0.0279045 0.0279045 -2.25e-17 -2.25e-17
168600 0.0279212 0.0279212 -2.25e-17 -2.25e-17 0.0279212 0.0279212 -2.25e-17 -2.25e-17
168700 0.0279378 0.0279378 -2.25e-17 -2.25e-17 0.0279378 0.0279378 -2.25e-17 -2.25e-17
168800 0.0279545 0.0279545 -2.25e-17 -2.25e-17 0.0279545 0.0279545 -2.25e-17 -2.25e-17
168900 0.0279712 0.0279712 -2.25e-17 -2.25e-17 0.0279712 0.0279712 -2.25e-17 -2.25e-17
169000 0.0279878 0.0279878 -2.25e-17 -2.25e-17 0.0279878 0.0279878 -2.25e-17 -2.25e-17
169100 0.0280045 0.0280045 -2.25e-17 -2.25e-17 0.0280045 0.0280045 -2.25e-17 -2.25e-17
169200 0.0280212 0.0280212 -2.25e-17 -2.25e-17 0.0280212 0.0280212 -2.25e-17 -2.25e-17
169300 0.0280378 0.0280378 -2.25e-17 -2.25e-17 0.0280378 0.0280378 -2.25e-17 -2.25e-17
169400 0.0280545 0.0280545 -2.25e-17 -2.25e-17 0.0280545 0.0280545 -2.25e-17 -2.25e-17
169500 0.0280712 0.0280712 -2.25e-17 -2.25e-17 0.0280712 0.0280712 -2.25e-17 -2.25e-17
169600 0.0280878 0.0280878 -2.25e-17 -2.25e-17 0.0280878 0.0280878 -2.25e-17 -2.25e-17
169700 0.0281045 0.0281045 -2.25e-17 -2.25e-17 0.0281045 0.0281045 -2.25e-17 -2.25e-17
169800 0.0281212 0.0281212 -2.25e-17 -2.25e-17 0.0281212 0.0281212 -2.25e-17 -2.25e-17
169900 0.0281378 0.0281378 -2.25e-17 -2.25e-17 0.0281378 0.0281378 -2.25e-17 -2.25e-17
170000 0.0281545 0.0281545 -2.25e-17 -2.25e-17 0.0281545 0.0281545 -2.25e-17 -2.25e-17
170100 0.0281712 0.0281712 -2.25e-17 -2.25e-17 0.0281712 0.0281712 -2.25e-17 -2.25e-17
170200 0.0281878 0.0281878 -2.25e-17 -2.25e-17 0.0281878 0.0281878 -2.25e-17 -2.25e-17
170300 0.0282045 0.0282045 -2.25e-17 -2.25e-17 0.0282045 0.0282045 -2.25e-17 -2.25e-17
170400 0.0282212 0.0282212 -2.25e-17 -2.25e-17 0.0282212 0.0282212 -2.25e-17 -2.25e-17
170500 0.0282378 0.0282378 -2.25e-17 -2.25e-17 0.0282378 0.0282378 -2.25e-17 -2.25e-17
170600 0.0282545 0.0282545 -2.25e-17 -2.25e-17 0.0282545 0.0282545 -2.25e-17 -2.25e-17
170700 0.0282712 0.0282712 -2.25e-17 -2.25e-17 0.0282712 0.0282712 -2.25e-17 -2.25e-17
170800 0.0282878 0.0282878 -2.25e-17 -2.25e-17 0.0282878 0.0282878 -2.25e-17 -2.25e-17
170900 0.0283045 0.0283045 -2.25e-17 -2.25e-17 0.0283045 0.0283045 -2.25e-17 -2.25e-17
171000 0.0283212 0.0283212 -2.25e-17 -2.25e-17 0.0283212 0.0283212 -2.25e-17 -2.25e-17
171100 0.0283378 0.0283378 -2.25e-17 -2.25e-17 0.0283378 0.0283378 -2.25e-17 -2.25e-17
171200 0.0283545 0.0283545 -2.25e-17 -2.25e-17 0.0283545 0.0283545 -2.25e-17 -2.25e-17
171300 0.0283712 0.0283712 -2.25e-17 -2.25e-17 0.0283712 0.0283712 -2.25e-17 -2.25e-17
171400 0.0283878 0.0283878 -2.25e-17 -2.25e-17 0.0283878 0.0283878 -2.25e-17 -2.25e-17
171500 0.0284045 0.0284045 -2.25e-17 -2.25e-17 0.0284045 0.0284045 -2.25e-17 -2.25e-17
171600 0.0284212 0.0284212 -2.25e-17 -2.25e-17 0.0284212 0.0284212 -2.25e-17 -2.25e-17
171700 0.0284378 0.0284378 -2.25e-17 -2.25e-17 0.0284378 0.0284378 -2.25e-17 -2.25e-17
171800 0.0284545 0.0284545 -2.25e-17 -2.25e-17 0.0284545 0.0284545 -2.25e-17 -2.25e-17
171900 0.0284712 0.0284712 -2.25e-17 -2.25e-17 0.0284712 0.0284712 -2.25e-17 -2.25e-17
172000 0.0284879 0.0284879 -2.25e-17 -2.25e-17 0.0284879 0.0284879 -2.25e-17 -2.25e-17
172100 0.0285045 0.0285045 -2.25e-17 -2.25e-17 0.0285045 0.0285045 -2.25e-17 -2.25e-17
172200 0.0285212 0.0285212 -2.25e-17 -2.25e-17 0.0285212 0.0285212 -2.25e-17 -2.25e-17
172300 0.0285379 0.0285379 -2.25e-17 -2.25e-17 0.0285379 0.0285379 -2.25e-17 -2.25e-17
172400 0.0285545 0.0285545 -2.25e-17 -2.25e-17 0.0285545 0.0285545 -2.25e-17 -2.25e-17
172500 0.0285712 0.0285712 -2.25e-17 -2.25e-17 0.0285712 0.0285712 -2.25e-17 -2.25e-17
172600 0.0285879 0.0285879 -2.25e-17 -2.25e-17 0.0285879 0.0285879 -2.25e-17 -2.25e-17
172700 0.0286045 0.0286045 -2.25e-17 -2.25e-17 0.0286045 0.0286045 -2.25e-17 -2.25e-17
172800 0.0286212 0.0286212 -2.25e-17 -2.25e-17 0.0286212 0.0286212 -2.25e-17 -2.25e-17
172900 0.0286379 0.0286379 -2.25e-17 -2.25e-17 0.0286379 0.0286379 -2.25e-17 -2.25e-17
173000 0.0286545 0.0286545 -2.25e-17 -2.25e-17 0.0286545 0.0286545 -2.25e-17 -2.25e-17
173100 0.0286712 0.0286712 -2.25e-17 -2.25e-17 0.0286712 0.0286712 -2.25e-17 -2.25e-17
173200 0.0286879 0.0286879 -2.25e-17 -2.25e-17 0.0286879 0.0286879 -2.25e-17 -2.25e-17
173300 0.0287045 0.0287045 -2.25e-17 -2.25e-17 0.0287045 0.0287045 -2.25e-17 -2.25e-17
173400 0.0287212 0.0287212 -2.25e-17 -2.25e-17 0.0287212 0.0287212 -2.25e-17 -2.25e-17
173500 0.0287379 0.0287379 -2.25e-17 -2.25e-17 0.0287379 0.0287379 -2.25e-17 -2.25e-17
173600 0.0287545 0.0287545 -2.25e-17 -2.25e-17 0.0287545 0.0287545 -2.25e-17 -2.25e-17
173700 0.0287712 0.0287712 -2.25e-17 -2.25e-17 0.0287712 0.0287712 -2.25e-17 -2.25e-17
173800 0.0287879 0.0287879 -2.25e-17 -2.25e-17 0.0287879 0.0287879 -2.25e-17 -2.25e-17
173900 0.0288045 0.0288045 -2.25e-17 -2.25e-17 0.0288045 0.0288045 -2.25e-17 -2.25e-17
174000 0.0288212 0.0288212 -2.25e-17 -2.25e-17 0.0288212 0.0288212 -2.25e-17 -2.25e-17
174100 0.0288379 0.0288379 -2.25e-17 -2.25e-17 0.0288379 0.0288379 -2.25e-17 -2.25e-17
174200 0.0288545 0.0288545 -2.25e-17 -2.25e-17 0.0288545 0.0288545 -2.25e-17 -2.25e-17
174300 0.0288712 0.0288712 -2.25e-17 -2.25e-17 0.0288712 0.0288712 -2.25e-17 -2.25e-17
174400 0.0288879 0.0288879 -2.25e-17 -2.25e-17 0.0288879 0.0288879 -2.25e-17 -2.25e-17
174500 0.0289045 0.0289045 -2.25e-17 -2.25e-17 0.0289045 0.0289045 -2.25e-17 -2.25e-17
174600 0.0289212 0.0289212 -2.25e-17 -2.25e-17 0.0289212 0.0289212 -2.25e-17 -2.25e-17
174700 0.0289379 0.0289379 -2.25e-17 -2.25e-17 0.0289379 0.0289379 -2.25e-17 -2.25e-17
174800 0.0289545 0.0289545 -2.25e-17 -2.25e-17 0.0289545 0.0289545 -2.25e-17 -2.25e-17
174900 0.0289712 0.0289712 -2.25e-17 -2.25e-17 0.0289712 0.0289712 -2.25e-17 -2.25e-17
175000 0.0289879 0.0289879 -2.25e-17 -2.25e-17 0.0289879 0.0289879 -2.25e-17 -2.25e-17
175100 0.0290045 0.0290045 -2.25e-17 -2.25e-17 0.0290045 0.0290045 -2.25e-17 -2.25e-17
175200 0.0290212 0.0290212 -2.25e-17 -2.25e-17 0.0290212 0.0290212 -2.25e-17 -2.25e-17
175300 0.0290379 0.0290379 -2.25e-17 -2.25e-17 0.0290379 0.0290379 -2.25e-17 -2.25e-17
175400 0.0290545 0.0290545 -2.25e-17 -2.25e-17 0.0290545 0.0290545 -2.25e-17 -2.25e-17
175500 0.0290712 0.0290712 -2.25e-17 -2.25e-17 0.0290712 0.0290712 -2.25e-17 -2.25e-17
175600 0.0290879 0.0290879 -2.25e-17 -2.25e-17 0.0290879 0.0290879 -2.25e-17 -2.25e-17
175700 0.0291045 0.0291045 -2.25e-17 -2.25e-17 0.0291045 0.0291045 -2.25e-17 -2.25e-17
175800 0.0291212 0.0291212 -2.25e-17 -2.25e-17 0.0291212 0.0291212 -2.25e-17 -2.25e-17
175900 0.0291379 0.0291379 -2.25e-17 -2.25e-17 0.0291379 0.0291379 -2.25e-17 -2.25e-17
176000 0.0291545 0.0291545 -2.25e-17 -2.25e-17 0.0291545 0.0291545 -2.25e-17 -2.25e-17
176100 0.0291712 0.0291712 -2.25e-17 -2.25e-17 0.0291712 0.0291712 -2.25e-17 -2.25e-17
176200 0.0291879 0.0291879 -2.25e-17 -2.25e-17 0.0291879 0.0291879 -2.25e-17 -2.25e-17
176300 0.0292045 0.0292045 -2.25e-17 -2.25e-17 0.0292045 0.0292045 -2.25e-17 -2.25e-17
176400 0.0292212 0.0292212 -2.25e-17 -2.25e-17 0.0292212 0.0292212 -2.25e-17 -2.25e-17
176500 0.0292379 0.0292379 -2.25e-17 -2.25e-17 0.0292379 0.0292379 -2.25e-17 -2.25e-17
176600 0.0292545 0.0292545 -2.25e-17 -2.25e-17 0.0292545 0.0292545 -2.25e-17 -2.25e-17
176700 0.0292712 0.0292712 -2.25e-17 -2.25e-17 0.0292712 0.0292712 -2.25e-17 -2.25e-17
176800 0.0292879 0.0292879 -2.25e-17 -2.25e-17 0.0292879 0.0292879 -2.25e-17 -2.25e-17
176900 0.0293045 0.0293045 -2.25e-17 -2.25e-17 0.0293045 0.0293045 -2.25e-17 -2.25e-17
177000 0.0293212 0.0293212 -2.25e-17 -2.25e-17 0.0293212 0.0293212 -2.25e-17 -2.25e-17
177100 0.0293379 0.0293379 -2.25e-17 -2.25e-17 0.0293379 0.0293379 -2.25e-17 -2.25e-17
177200 0.0293545 0.0293545 -2.25e-17 -2.25e-17 0.0293545 0.0293545 -2.25e-17 -2.25e-17
177300 0.0293712 0.0293712 -2.25e-17 -2.25e-17 0.0293712 0.0293712 -2.25e-17 -2.25e-17
177400 0.0293879 0.0293879 -2.25e-17 -2.25e-17 0.0293879 0.0293879 -2.25e-17 -2.25e-17
177500 0.0294045 0.0294045 -2.25e-17 -2.25e-17 0.0294045 0.0294045 -2.25e-17 -2.25e-17
177600 0.0294212 0.0294212 -2.25e-17 -2.25e-17 0.0294212 0.0294212 -2.25e-17 -2.25e-17
177700 0.0294379 0.0294379 -2.25e-17 -2.25e-17 0.0294379 0.0294379 -2.25e-17 -2.25e-17
177800 0.0294545 0.0294545 -2.25e-17 -2.25e-17 0.0294545 0.0294545 -2.25e-17 -2.25e-17
177900 0.0294712 0.0294712 -2.25e-17 -2.25e-17 0.0294712 0.0294712 -2.25e-17 -2.25e-17
178000 0.0294879 0.0294879 -2.25e-17 -2.25e-17 0.0294879 0.0294879 -2.25e-17 -2.25e-17
178100 0.0295045 0.0295045 -2.25e-17 -2.25e-17 0.0295045 0.0295045 -2.25e-17 -2.25e-17
178200 0.0295212 0.0295212 -2.25e-17 -2.25e-17 0.0295212 0.0295212 -2.25e-17 -2.25e-17
178300 0.0295379 0.0295379 -2.25e-17 -2.25e-17 0.0295379 0.0295379 -2.25e-17 -2.25e-17
178400 0.0295545 0.0295545 -2.25e-17 -2.25e-17 0.0295545 0.0295545 -2.25e-17 -2.25e-17
178500 0.0295712 0.0295712 -2.25e-17 -2.25e-17 0.0295712 0.0295712 -2.25e-17 -2.25e-17
178600 0.0295879 0.0295879 -2.25e-17 -2.25e-17 0.0295879 0.0295879 -2.25e-17 -2.25e-17
178700 0.0296045 0.0296045 -2.25e-17 -2.25e-17 0.0296045 0.0296045 -2.25e-17 -2.25e-17
178800 0.0296212 0.0296212 -2.25e-17 -2.25e-17 0.0296212 0.0296212 -2.25e-17 -2.25e-17
178900 0.0296379 0.0296379 -2.25e-17 -2.25e-17 0.0296379 0.0296379 -2.25e-17 -2.25e-17
179000 0.0296545 0.0296545 -2.25e-17 -2.25e-17 0.0296545 0.0296545 -2.25e-17 -2.25e-17
179100 0.0296712 0.0296712 -2.25e-17 -2.25e-17 0.0296712 0.0296712 -2.25e-17 -2.25e-17
179200 0.0296879 0.0296879 -2.25e-17 -2.25e-17 0.0296879 0.0296879 -2.25e-17 -2.25e-17
179300 0.0297045 0.0297045 -2.25e-17 -2.25e-17 0.0297045 0.0297045 -2.25e-17 -2.25e-17
179400 0.0297212 0.0297212 -2.25e-17 -2.25e-17 0.0297212 0.0297212 -2.25e-17 -2.25e-17
179500 0.0297379 0.0297379 -2.25e-17 -2.25e-17 0.0297379 0.0297379 -2.25e-17 -2.25e-17
179600 0.0297545 0.0297545 -2.25e-17 -2.25e-17 0.0297545 0.0297545 -2.25e-17 -2.25e-17
179700 0.0297712 0.0297712 -2.25e-17 -2.25e-17 0.0297712 0.0297712 -2.25e-17 -2.25e-17
179800 0.0297879 0.0297879 -2.25e-17 -2.25e-17 0.0297879 0.0297879 -2.25e-17 -2.25e-17
179900 0.0298046 0.0298046 -2.25e-17 -2.25e-17 0.0298046 0.0298046 -2.25e-17 -2.25e-17
180000 0.0298212 0.0298212 -2.25e-17 -2.25e-17 0.0298212 0.0298212 -2.25e-17 -2.25e-17
180100 0.0298379 0.0298379 -2.25e-17 -2.25e-17 0.0298379 0.0298379 -2.25e-17 -2.25e-17
180200 0.0298546 0.0298546 -2.25e-17 -2.25e-17 0.0298546 0.0298546 -2.25e-17 -2.25e-17
180300 0.0298712 0.0298712 -2.25e-17 -2.25e-17 0.0298712 0.0298712 -2.25e-17 -2.25e-17
180400 0.0298879 0.0298879 -2.25e-17 -2.25e-17 0.0298879 0.0298879 -2.25e-17 -2.25e-17
180500 0.0299046 0.0299046 -2.25e-17 -2.25e-17 0.0299046 0.0299046 -2.25e-17 -2.25e-17
180600 0.0299212 0.0299212 -2.25e-17 -2.25e-17 0.0299212 0.0299212 -2.25e-17 -2.25e-17
180700 0.0299379 0.0299379 -2.25e-17 -2.25e-17 0.0299379 0.0299379 -2.25e-17 -2.25e-17
180800 0.0299546 0.0299546 -2.25e-17 -2.25e-17 0.0299546 0.0299546 -2.25e-17 -2.25e-17
180900 0.0299712 0.0299712 -2.25e-17 -2.25e-17 0.0299712 0.0299712 -2.25e-17 -2.25e-17
181000 0.0299879 0.0299879 -2.25e-17 -2.25e-17 0.0299879 0.0299879 -2.25e-17 -2.25e-17
181100 0.0300046 0.0300046 -2.25e-17 -2.25e-17 0.0300046 0.0300046 -2.25e-17 -2.25e-17
181200 0.0300212 0.0300212 -2.25e-17 -2.25e-17 0.0300212 0.0300212 -2.25e-17 -2.25e-17
181300 0.0300379 0.0300379 -2.25e-17 -2.25e-17 0.0300379 0.0300379 -2.25e-17 -2.25e-17
181400 0.0300546 0.0300546 -2.25e-17 -2.25e-17 0.0300546 0.0300546 -2.25e-17 -2.25e-17
181500 0.0300712 0.0300712 -2.25e-17 -2.25e-17 0.0300712 0.0300712 -2.25e-17 -2.25e-17
181600 0.0300879 0.0300879 -2.25e-17 -2.25e-17 0.0300879 0.0300879 -2.25e-17 -2.25e-17
181700 0.0301046 0.0301046 -2.25e-17 -2.25e-17 0.0301046 0.0301046 -2.25e-17 -2.25e-17
181800 0.0301212 0.0301212 -2.25e-17 -2.25e-17 0.0301212 0.0301212 -2.25e-17 -2.25e-17
181900 0.0301379 0.0301379 -2.25e-17 -2.25e-17 0.0301379 0.0301379 -2.25e-17 -2.25e-17
182000 0.0301546 0.0301546 -2.25e-17 -2.25e-17 0.0301546 0.0301546 -2.25e-17 -2.25e-17
182100 0.0301712 0.0301712 -2.25e-17 -2.25e-17 0.0301712 0.0301712 -2.25e-17 -2.25e-17
182200 0.0301879 0.0301879 -2.25e-17 -2.25e-17 0.0301879 0.0301879 -2.25e-17 -2.25e-17
182300 0.0302046 0.0302046 -2.25e-17 -2.25e-17 0.0302046 0.0302046 -2.25e-17 -2.25e-17
182400 0.0302212 0.0302212 -2.25e-17 -2.25e-17 0.0302212 0.0302212 -2.25e-17 -2.25e-17
182500 0.0302379 0.0302379 -2.25e-17 -2.25e-17 0.0302379 0.0302379 -2.25e-17 -2.25e-17
182600 0.0302546 0.0302546 -2.25e-17 -2.25e-17 0.0302546 0.0302546 -2.25e-17 -2.25e-17
182700 0.0302712 0.0302712 -2.25e-17 -2.25e-17 0.0302712 0.0302712 -2.25e-17 -2.25e-17
182800 0.0302879 0.0302879 -2.25e-17 -2.25e-17 0.0302879 0.0302879 -2.25e-17 -2.25e-17
182900 0.0303046 0.0303046 -2.25e-17 -2.25e-17 0.0303046 0.0303046 -2.25e-17 -2.25e-17
183000 0.0303212 0.0303212 -2.25e-17 -2.25e-17 0.0303212 0.0303212 -2.25e-17 -2.25e-17
183100 0.0303379 0.0303379 -2.25e-17 -2.25e-17 0.0303379 0.0303379 -2.25e-17 -2.25e-17
183200 0.0303546 0.0303546 -2.25e-17 -2.25e-17 0.0303546 0.0303546 -2.25e-17 -2.25e-17
183300 0.0303712 0.0303712 -2.25e-17 -2.25e-17 0.0303712 0.0303712 -2.25e-17 -2.25e-17
183400 0.0303879 0.0303879 -2.25e-17 -2.25e-17 0.0303879 0.0303879 -2.25e-17 -2.25e-17
183500 0.0304046 0.0304046 -2.25e-17 -2.25e-17 0.0304046 0.0304046 -2.25e-17 -2.25e-17
183600 0.0304212 0.0304212 -2.25e-17 -2.25e-17 0.0304212 0.0304212 -2.25e-17 -2.25e-17
183700 0.0304379 0.0304379 -2.25e-17 -2.25e-17 0.0304379 0.0304379 -2.25e-17 -2.25e-17
183800 0.0304546 0.0304546 -2.25e-17 -2.25e-17 0.0304546 0.0304546 -2.25e-17 -2.25e-17
183900 0.0304712 0.0304712 -2.25e-17 -2.25e-17 0.0304712 0.0304712 -2.25e-17 -2.25e-17
184000 0.0304879 0.0304879 -2.25e-17 -2.25e-17 0.0304879 0.0304879 -2.25e-17 -2.25e-17
184100 0.0305046 0.0305046 -2.25e-17 -2.25e-17 0.0305046 0.0305046 -2.25e-17 -2.25e-17
184200 0.0305212 0.0305212 -2.25e-17 -2.25e-17 0.0305212 0.0305212 -2.25e-17 -2.25e-17
184300 0.0305379 0.0305379 -2.25e-17 -2.25e-17 0.0305379 0.0305379 -2.25e-17 -2.25e-17
184400 0.0305546 0.0305546 -2.25e-17 -2.25e-17 0.0305546 0.0305546 -2.25e-17 -2.25e-17
184500 0.0305712 0.0305712 -2.25e-17 -2.25e-17 0.0305712 0.0305712 -2.25e-17 -2.25e-17
184600 0.0305879 0.0305879 -2.25e-17 -2.25e-17 0.0305879 0.0305879 -2.25e-17 -2.25e-17
184700 0.0306046 0.0306046 -2.25e-17 -2.25e-17 0.0306046 0.0306046 -2.25e-17 -2.25e-17
184800 0.0306212 0.0306212 -2.25e-17 -2.25e-17 0.0306212 0.0306212 -2.25e-17 -2.25e-17
184900 0.0306379 0.0306379 -2.25e-17 -2.25e-17 0.0306379 0.0306379 -2.25e-17 -2.25e-17
185000 0.0306546 0.0306546 -2.25e-17 -2.25e-17 0.0306546 0.0306546 -2.25e-17 -2.25e-17
185100 0.0306712 0.0306712 -2.25e-17 -2.25e-17 0.0306712 0.0306712 -2.25e-17 -2.25e-17
185200 0.0306879 0.0306879 -2.25e-17 -2.25e-17 0.0306879 0.0306879 -2.25e-17 -2.25e-17
185300 0.0307046 0.0307046 -2.25e-17 -2.25e-17 0.0307046 0.0307046 -2.25e-17 -2.25e-17
185400 0.0307212 0.0307212 -2.25e-17 -2.25e-17 0.0307212 0.0307212 -2.25e-17 -2.25e-17
185500 0.0307379 0.0307379 -2.25e-17 -2.25e-17 0.0307379 0.0307379 -2.25e-17 -2.25e-17
185600 0.0307546 0.0307546 -2.25e-17 -2.25e-17 0.0307546 0.0307546 -2.25e-17 -2.25e-17
185700 0.0307712 0.0307712 -2.25e-17 -2.25e-17 0.0307712 0.0307712 -2.25e-17 -2.25e-17
185800 0.0307879 0.0307879 -2.25e-17 -2.25e-17 0.0307879 0.0307879 -2.25e-17 -2.25e-17
185900 0.0308046 0.0308046 -2.25e-17 -2.25e-17 0.0308046 0.0308046 -2.25e-17 -2.25e-17
186000 0.0308212 0.0308212 -2.25e-17 -2.25e-17 0.0308212 0.0308212 -2.25e-17 -2.25e-17
186100 0.0308379 0.0308379 -2.25e-17 -2.25e-17 0.0308379 0.0308379 -2.25e-17 -2.25e-17
186200 0.0308546 0.0308546 -2.25e-17 -2.25e-17 0.0308546 0.0308546 -2.25e-17 -2.25e-17
186300 0.0308712 0.0308712 -2.25e-17 -2.25e-17 0.0308712 0.0308712 -2.25e-17 -2.25e-17
186400 0.0308879 0.0308879 -2.25e-17 -2.25e-17 0.0308879 0.0308879 -2.25e-17 -2.25e-17
186500 0.0309046 0.0309046 -2.25e-17 -2.25e-17 0.0309046 0.0309046 -2.25e-17 -2.25e-17
186600 0.0309212 0.0309212 -2.25e-17 -2.25e-17 0.0309212 0.0309212 -2.25e-17 -2.25e-17
186700 0.0309379 0.0309379 -2.25e-17 -2.25e-17 0.0309379 0.0309379 -2.25e-17 -2.25e-17
186800 0.0309546 0.0309546 -2.25e-17 -2.25e-17 0.0309546 0.0309546 -2.25e-17 -2.25e-17
186900 0.0309712 0.0309712 -2.25e-17 -2.25e-17 0.0309712 0.0309712 -2.25e-17 -2.25e-17
187000 0.0309879 0.0309879 -2.25e-17 -2.25e-17 0.0309879 0.0309879 -2.25e-17 -2.25e-17
187100 0.0310046 0.0310046 -2.25e-17 -2.25e-17 0.0310046 0.0310046 -2.25e-17 -2.25e-17
187200 0.0310212 0.0310212 -2.25e-17 -2.25e-17 0.0310212 0.0310212 -2.25e-17 -2.25e-17
187300 0.0310379 0.0310379 -2.25e-17 -2.25e-17 0.0310379 0.0310379 -2.25e-17 -2.25e-17
187400 0.0310546 0.0310546 -2.25e-17 -2.25e-17 0.0310546 0.0310546 -2.25e-17 -2.25e-17
187500 0.0310712 0.0310712 -2.25e-17 -2.25e-17 0.0310712 0.0310712 -2.25e-17 -2.25e-17
187600 0.0310879 0.0310879 -2.25e-17 -2.25e-17 0.0310879 0.0310879 -2.25e-17 -2.25e-17
187700 0.0311046 0.0311046 -2.25e-17 -2.25e-17 0.0311046 0.0311046 -2.25e-17 -2.25e-17
187800 0.0311213 0.0311213 -2.25e-17 -2.25e-17 0.0311213 0.0311213 -2.25e-17 -2.25e-17
187900 0.0311379 0.0311379 -2.25e-17 -2.25e-17 0.0311379 0.0311379 -2.25e-17 -2.25e-17
188000 0.0311546 0.0311546 -2.25e-17 -2.25e-17 0.0311546 0.0311546 -2.25e-17 -2.25e-17
188100 0.0311713 0.0311713 -2.25e-17 -2.25e-17 0.0311713 0.0311713 -2.25e-17 -2.25e-17
188200 0.0311879 0.0311879 -2.25e-17 -2.25e-17 0.0311879 0.0311879 -2.25e-17 -2.25e-17
188300 0.0312046 0.0312046 -2.25e-17 -2.25e-17 0.0312046 0.0312046 -2.25e-17 -2.25e-17
188400 0.0312213 0.0312213 -2.25e-17 -2.25e-17 0.0312213 0.0312213 -2.25e-17 -2.25e-17
188500 0.0312379 0.0312379 -2.25e-17 -2.25e-17 0.0312379 0.0312379 -2.25e-17 -2.25e-17
188600 0.0312546 0.0312546 -2.25e-17 -2.25e-17 0.0312546 0.0312546 -2.25e-17 -2.25e-17
188700 0.0312713 0.0312713 -2.25e-17 -2.25e-17 0.0312713 0.0312713 -2.25e-17 -2.25e-17
188800 0.0312879 0.0312879 -2.25e-17 -2.25e-17 0.0312879 0.0312879 -2.25e-17 -2.25e-17
188900 0.0313046 0.0313046 -2.25e-17 -2.25e-17 0.0313046 0.0313046 -2.25e-17 -2.25e-17
189000 0.0313213 0.0313213 -2.25e-17 -2.25e-17 0.0313213 0.0313213 -2.25e-17 -2.25e-17
189100 0.0313379 0.0313379 -2.25e-17 -2.25e-17 0.0313379 0.0313379 -2.25e-17 -2.25e-17
189200 0.0313546 0.0313546 -2.25e-17 -2.25e-17 0.0313546 0.0313546 -2.25e-17 -2.25e-17
189300 0.0313713 0.0313713 -2.25e-17 -2.25e-17 0.0313713 0.0313713 -2.25e-17 -2.25e-17
189400 0.0313879 0.0313879 -2.25e-17 -2.25e-17 0.0313879 0.0313879 -2.25e-17 -2.25e-17
189500 0.0314046 0.0314046 -2.25e-17 -2.25e-17 0.0314046 0.0314046 -2.25e-17 -2.25e-17
189600 0.0314213 0.0314213 -2.25e-17 -2.25e-17 0.0314213 0.0314213 -2.25e-17 -2.25e-17
189700 0.0314379 0.0314379 -2.25e-17 -2.25e-17 0.0314379 0.0314379 -2.25e-17 -2.25e-17
189800 0.0314546 0.0314546 -2.25e-17 -2.25e-17 0.0314546 0.0314546 -2.25e-17 -2.25e-17
189900 0.0314713 0.0314713 -2.25e-17 -2.25e-17 0.0314713 0.0314713 -2.25e-17 -2.25e-17
190000 0.0314879 0.0314879 -2.25e-17 -2.25e-17 0.0314879 0.0314879 -2.25e-17 -2.25e-17
190100 0.0315046 0.0315046 -2.25e-17 -2.25e-17 0.0315046 0.0315046 -2.25e-17 -2.25e-17
190200 0.0315213 0.0315213 -2.25e-17 -2.25e-17 0.0315213 0.0315213 -2.25e-17 -2.25e-17
190300 0.0315379 0.0315379 -2.25e-17 -2.25e-17 0.0315379 0.0315379 -2.25e-17 -2.25e-17
190400 0.0315546 0.0315546 -2.25e-17 -2.25e-17 0.0315546 0.0315546 -2.25e-17 -2.25e-17
190500 0.0315713 0.0315713 -2.25e-17 -2.25e-17 0.0315713 0.0315713 -2.25e-17 -2.25e-17
190600 0.0315879 0.0315879 -2.25e-17 -2.25e-17 0.0315879 0.0315879 -2.25e-17 -2.25e-17
190700 0.0316046 0.0316046 -2.25e-17 -2.25e-17 0.0316046 0.0316046 -2.25e-17 -2.25e-17
190800 0.0316213 0.0316213 -2.25e-17 -2.25e-17 0.0316213 0.0316213 -2.25e-17 -2.25e-17
190900 0.0316379 0.0316379 -2.25e-17 -2.25e-17 0.0316379 0.0316379 -2.25e-17 -2.25e-17
191000 0.0316546 0.0316546 -2.25e-17 -2.25e-17 0.0316546 0.0316546 -2.25e-17 -2.25e-17
191100 0.0316713 0.0316713 -2.25e-17 -2.25e-17 0.0316713 0.0316713 -2.25e-17 -2.25e-17
191200 0.0316879 0.0316879 -2.25e-17 -2.25e-17 0.0316879 0.0316879 -2.25e-17 -2.25e-17
191300 0.0317046 0.0317046 -2.25e-17 -2.25e-17 0.0317046 0.0317046 -2.25e-17 -2.25e-17
191400 0.0317213 0.0317213 -2.25e-17 -2.25e-17 0.0317213 0.0317213 -2.25e-17 -2.25e-17
191500 0.0317379 0.0317379 -2.25e-17 -2.25e-17 0.0317379 0.0317379 -2.25e-17 -2.25e-17
191600 0.0317546 0.0317546 -2.25e-17 -2.25e-17 0.0317546 0.0317546 -2.25e-17 -2.25e-17
191700 0.0317713 0.0317713 -2.25e-17 -2.25e-17 0.0317713 0.0317713 -2.25e-17 -2.25e-17
191800 0.0317879 0.0317879 -2.25e-17 -2.25e-17 0.0317879 0.0317879 -2.25e-17 -2.25e-17
191900 0.0318046 0.0318046 -2.25e-17 -2.25e-17 0.0318046 0.0318046 -2.25e-17 -2.25e-17
192000 0.0318213 0.0318213 -2.25e-17 -2.25e-17 0.0318213 0.0318213 -2.25e-17 -2.25e-17
192100 0.0318379 0.0318379 -2.25e-17 -2.25e-17 0.0318379 0.0318379 -2.25e-17 -2.25e-17
192200 0.0318546 0.0318546 -2.25e-17 -2.25e-17 0.0318546 0.0318546 -2.25e-17 -2.25e-17
192300 0.0318713 0.0318713 -2.25e-17 -2.25e-17 0.0318713 0.0318713 -2.25e-17 -2.25e-17
192400 0.0318879 0.0318879 -2.25e-17 -2.25e-17 0.0318879 0.0318879 -2.25e-17 -2.25e-17
192500 0.0319046 0.0319046 -2.25e-17 -2.25e-17 0.0319046 0.0319046 -2.25e-17 -2.25e-17
192600 0.0319213 0.0319213 -2.25e-17 -2.25e-17 0.0319213 0.0319213 -2.25e-17 -2.25e-17
192700 0.0319379 0.0319379 -2.25e-17 -2.25e-17 0.0319379 0.0319379 -2.25e-17 -2.25e-17
192800 0.0319546 0.0319546 -2.25e-17 -2.25e-17 0.0319546 0.0319546 -2.25e-17 -2.25e-17
192900 0.0319713 0.0319713 -2.25e-17 -2.25e-17 0.0319713 0.0319713 -2.25e-17 -2.25e-17
193000 0.0319879 0.0319879 -2.25e-17 -2.25e-17 0.0319879 0.0319879 -2.25e-17 -2.25e-17
193100 0.0320046 0.0320046 -2.25e-17 -2.25e-17 0.0320046 0.0320046 -2.25e-17 -2.25e-17
193200 0.0320213 0.0320213 -2.25e-17 -2.25e-17 0.0320213 0.0320213 -2.25e-17 -2.25e-17
193300 0.0320379 0.0320379 -2.25e-17 -2.25e-17 0.0320379 0.0320379 -2.25e-17 -2.25e-17
193400 0.0320546 0.0320546 -2.25e-17 -2.25e-17 0.0320546 0.0320546 -2.25e-17 -2.25e-17
193500 0.0320713 0.0320713 -2.25e-17 -2.25e-17 0.0320713 0.0320713 -2.25e-17 -2.25e-17
193600 0.0320879 0.0320879 -2.25e-17 -2.25e-17 0.0320879 0.0320879 -2.25e-17 -2.25e-17
193700 0.0321046 0.0321046 -2.25e-17 -2.25e-17 0.0321046 0.0321046 -2.25e-17 -2.25e-17
193800 0.0321213 0.0321213 -2.25e-17 -2.25e-17 0.0321213 0.0321213 -2.25e-17 -2.25e-17
193900 0.0321379 0.0321379 -2.25e-17 -2.25e-17 0.0321379 0.0321379 -2.25e-17 -2.25e-17
194000 0.0321546 0.0321546 -2.25e-17 -2.25e-17 0.0321546 0.0321546 -2.25e-17 -2.25e-17
194100 0.0321713 0.0321713 -2.25e-17 -2.25e-17 0.0321713 0.0321713 -2.25e-17 -2.25e-17
194200 0.0321879 0.0321879 -2.25e-17 -2.25e-17 0.0321879 0.0321879 -2.25e-17 -2.25e-17
194300 0.0322046 0.0322046 -2.25e-17 -2.25e-17 0.0322046 0.0322046 -2.25e-17 -2.25e-17
194400 0.0322213 0.0322213 -2.25e-17 -2.25e-17 0.0322213 0.0322213 -2.25e-17 -2.25e-17
194500 0.0322379 0.0322379 -2.25e-17 -2.25e-17 0.0322379 0.0322379 -2.25e-17 -2.25e-17
194600 0.0322546 0.0322546 -2.25e-17 -2.25e-17 0.0322546 0.0322546 -2.25e-17 -2.25e-17
194700 0.0322713 0.0322713 -2.25e-17 -2.25e-17 0.0322713 0.0322713 -2.25e-17 -2.25e-17
194800 0.0322879 0.0322879 -2.25e-17 -2.25e-17 0.0322879 0.0322879 -2.25e-17 -2.25e-17
194900 0.0323046 0.0323046 -2.25e-17 -2.25e-17 0.0323046 0.0323046 -2.25e-17 -2.25e-17
195000 0.0323213 0.0323213 -2.25e-17 -2.25e-17 0.0323213 0.0323213 -2.25e-17 -2.25e-17
195100 0.0323379 0.0323379 -2.25e-17 -2.25e-17 0.0323379 0.0323379 -2.25e-17 -2.25e-17
195200 0.0323546 0.0323546 -2.25e-17 -2.25e-17 0.0323546 0.0323546 -2.25e-17 -2.25e-17
195300 0.0323713 0.0323713 -2.25e-17 -2.25e-17 0.0323713 0.0323713 -2.25e-17 -2.25e-17
195400 0.0323879 0.0323879 -2.25e-17 -2.25e-17 0.0323879 0.0323879 -2.25e-17 -2.25e-17
195500 0.0324046 0.0324046 -2.25e-17 -2.25e-17 0.0324046 0.0324046 -2.25e-17 -2.25e-17
195600 0.0324213 0.0324213 -2.25e-17 -2.25e-17 0.0324213 0.0324213 -2.25e-17 -2.25e-17
195700 0.0324379 0.0324379 -2.25e-17 -2.25e-17 0.0324379 0.0324379 -2.25e-17 -2.25e-17
195800 0.0324546 0.0324546 -2.25e-17 -2.25e-17 0.0324546 0.0324546 -2.25e-17 -2.25e-17
195900 0.0324713 0.0324713 -2.25e-17 -2.25e-17 0.0324713 0.0324713 -2.25e-17 -2.25e-17
196000 0.0324879 0.0324879 -2.25e-17 -2.25e-17 0.0324879 0.0324879 -2.25e-17 -2.25e-17
196100 0.0325046 0.0325046 -2.25e-17 -2.25e-17 0.0325046 0.0325046 -2.25e-17 -2.25e-17
196200 0.0325213 0.0325213 -2.25e-17 -2.25e-17 0.0325213 0.0325213 -2.25e-17 -2.25e-17
196300 0.032538 0.032538 -2.25e-17 -2.25e-17 0.032538 0.032538 -2.25e-17 -2.25e-17
196400 0.0325546 0.0325546 -2.25e-17 -2.25e-17 0.0325546 0.0325546 -2.25e-17 -2.25e-17
196500 0.0325713 0.0325713 -2.25e-17 -2.25e-17 0.0325713 0.0325713 -2.25e-17 -2.25e-17
196600 0.032588 0.032588 -2.25e-17 -2.25e-17 0.032588 0.032588 -2.25e-17 -2.25e-17
196700 0.0326046 0.0326046 -2.25e-17 -2.25e-17 0.0326046 0.0326046 -2.25e-17 -2.25e-17
196800 0.0326213 0.0326213 -2.25e-17 -2.25e-17 0.0326213 0.0326213 -2.25e-17 -2.25e-17
196900 0.032638 0.032638 -2.25e-17 -2.25e-17 0.032638 0.032638 -2.25e-17 -2.25e-17
197000 0.0326546 0.0326546 -2.25e-17 -2.25e-17 0.0326546 0.0326546 -2.25e-17 -2.25e-17
197100 0.0326713 0.0326713 -2.25e-17 -2.25e-17 0.0326713 0.0326713 -2.25e-17 -2.25e-17
197200 0.032688 0.032688 -2.25e-17 -2.25e-17 0.032688 0.032688 -2.25e-17 -2.25e-17
197300 0.0327046 0.0327046 -2.25e-17 -2.25e-17 0.0327046 0.0327046 -2.25e-17 -2.25e-17
197400 0.0327213 0.0327213 -2.25e-17 -2.25e-17 0.0327213 0.0327213 -2.25e-17 -2.25e-17
197500 0.032738 0.032738 -2.25e-17 -2.25e-17 0.032738 0.032738 -2.25e-17 -2.25e-17
197600 0.0327546 0.0327546 -2.25e-17 -2.25e-17 0.0327546 0.0327546 -2.25e-17 -2.25e-17
197700 0.0327713 0.0327713 -2.25e-17 -2.25e-17 0.0327713 0.0327713 -2.25e-17 -2.25e-17
197800 0.032788 0.032788 -2.25e-17 -2.25e-17 0.032788 0.032788 -2.25e-17 -2.25e-17
197900 0.0328046 0.0328046 -2.25e-17 -2.25e-17 0.0328046 0.0328046 -2.25e-17 -2.25e-17
198000 0.0328213 0.0328213 -2.25e-17 -2.25e-17 0.0328213 0.0328213 -2.25e-17 -2.25e-17
198100 0.032838 0.032838 -2.25e-17 -2.25e-17 0.032838 0.032838 -2.25e-17 -2.25e-17
198200 0.0328546 0.0328546 -2.25e-17 -2.25e-17 0.0328546 0.0328546 -2.25e-17 -2.25e-17
198300 0.0328713 0.0328713 -2.25e-17 -2.25e-17 0.0328713 0.0328713 -2.25e-17 -2.25e-17
198400 0.032888 0.032888 -2.25e-17 -2.25e-17 0.032888 0.032888 -2.25e-17 -2.25e-17
198500 0.0329046 0.0329046 -2.25e-17 -2.25e-17 0.0329046 0.0329046 -2.25e-17 -2.25e-17
198600 0.0329213 0.0329213 -2.25e-17 -2.25e-17 0.0329213 0.0329213 -2.25e-17 -2.25e-17
198700 0.032938 0.032938 -2.25e-17 -2.25e-17 0.032938 0.032938 -2.25e-17 -2.25e-17
198800 0.0329546 0.0329546 -2.25e-17 -2.25e-17 0.0329546 0.0329546 -2.25e-17 -2.25e-17
198900 0.0329713 0.0329713 -2.25e-17 -2.25e-17 0.0329713 0.0329713 -2.25e-17 -2.25e-17
199000 0.032988 0.032988 -2.25e-17 -2.25e-17 0.032988 0.032988 -2.25e-17 -2.25e-17
199100 0.0330046 0.0330046 -2.25e-17 -2.25e-17 0.0330046 0.0330046 -2.25e-17 -2.25e-17
199200 0.0330213 0.0330213 -2.25e-17 -2.25e-17 0.0330213 0.0330213 -2.25e-17 -2.25e-17
199300 0.033038 0.033038 -2.25e-17 -2.25e-17 0.033038 0.033038 -2.25e-17 -2.25e-17
199400 0.0330546 0.0330546 -2.25e-17 -2.25e-17 0.0330546 0.0330546 -2.25e-17 -2.25e-17
199500 0.0330713 0.0330713 -2.25e-17 -2.25e-17 0.0330713 0.0330713 -2.25e-17 -2.25e-17
199600 0.033088 0.033088 -2.25e-17 -2.25e-17 0.033088 0.033088 -2.25e-17 -2.25e-17
199700 0.0331046 0.0331046 -2.25e-17 -2.25e-17 0.0331046 0.0331046 -2.25e-17 -2.25e-17
199800 0.0331213 0.0331213 -2.25e-17 -2.25e-17 0.0331213 0.0331213 -2.25e-17 -2.25e-17
199900 0.033138 0.033138 -2.25e-17 -2.25e-17 0.033138 0.033138 -2.25e-17 -2.25e-17
200000 0.0331546 0.0331546 -2.25e-17 -2.25e-17 0.0331546 0.0331546 -2.25e-17 -2.25e-17
200100 0.0331713 0.0331713 -2.25e-17 -2.25e-17 0.0331713 0.0331713 -2.25e-17 -2.25e-17
200200 0.033188 0.033188 -2.25e-17 -2.25e-17 0.033188 0.033188 -2.25e-17 -2.25e-17
200300 0.0332046 0.0332046 -2.25e-17 -2.25e-17 0.0332046 0.0332046 -2.25e-17 -2.25e-17
200400 0.0332213 0.0332213 -2.25e-17 -2.25e-17 0.0332213 0.0332213 -2.25e-17 -2.25e-17
200500 0.033238 0.033238 -2.25e-17 -2.25e-17 0.033238 0.033238 -2.25e-17 -2.25e-17
200600 0.0332546 0.0332546 -2.25e-17 -2.25e-17 0.0332546 0.0332546 -2.25e-17 -2.25e-17
200700 0.0332713 0.0332713 -2.25e-17 -2.25e-17 0.0332713 0.0332713 -2.25e-17 -2.25e-17
200800 0.033288 0.033288 -2.25e-17 -2.25e-17 0.033288 0.033288 -2.25e-17 -2.25e-17
200900 0.0333046 0.0333046 -2.25e-17 -2.25e-17 0.0333046 0.0333046 -2.25e-17 -2.25e-17
201000 0.0333213 0.0333213 -2.25e-17 -2.25e-17 0.0333213 0.0333213 -2.25e-17 -2.25e-17
201100 0.033338 0.033338 -2.25e-17 -2.25e-17 0.033338 0.033338 -2.25e-17 -2.25e-17
201200 0.0333546 0.0333546 -2.25e-17 -2.25e-17 0.0333546 0.0333546 -2.25e-17 -2.25e-17
201300 0.0333713 0.0333713 -2.25e-17 -2.25e-17 0.0333713 0.0333713 -2.25e-17 -2.25e-17
201400 0.033388 0.033388 -2.25e-17 -2.25e-17 0.033388 0.033388 -2.25e-17 -2.25e-17
201500 0.0334046 0.0334046 -2.25e-17 -2.25e-17 0.0334046 0.0334046 -2.25e-17 -2.25e-17
201600 0.0334213 0.0334213 -2.25e-17 -2.25e-17 0.0334213 0.0334213 -2.25e-17 -2.25e-17
201700 0.033438 0.033438 -2.25e-17 -2.25e-17 0.033438 0.033438 -2.25e-17 -2.25e-17
201800 0.0334546 0.0334546 -2.25e-17 -2.25e-17 0.0334546 0.0334546 -2.25e-17 -2.25e-17
201900 0.0334713 0.0334713 -2.25e-17 -2.25e-17 0.0334713 0.0334713 -2.25e-17 -2.25e-17
202000 0.033488 0.033488 -2.25e-17 -2.25e-17 0.033488 0.033488 -2.25e-17 -2.25e-17
202100 0.0335046 0.0335046 -2.25e-17 -2.25e-17 0.0335046 0.0335046 -2.25e-17 -2.25e-17
202200 0.0335213 0.0335213 -2.25e-17 -2.25e-17 0.0335213 0.0335213 -2.25e-17 -2.25e-17
202300 0.033538 0.033538 -2.25e-17 -2.25e-17 0.033538 0.033538 -2.25e-17 -2.25e-17
202400 0.0335546 0.0335546 -2.25e-17 -2.25e-17 0.0335546 0.0335546 -2.25e-17 -2.25e-17
202500 0.0335713 0.0335713 -2.25e-17 -2.25e-17 0.0335713 0.0335713 -2.25e-17 -2.25e-17
202600 0.033588 0.033588 -2.25e-17 -2.25e-17 0.033588 0.033588 -2.25e-17 -2.25e-17
202700 0.0336046 0.0336046 -2.25e-17 -2.25e-17 0.0336046 0.0336046 -2.25e-17 -2.25e-17
202800 0.0336213 0.0336213 -2.25e-17 -2.25e-17 0.0336213 0.0336213 -2.25e-17 -2.25e-17
202900 0.033638 0.033638 -2.25e-17 -2.25e-17 0.033638 0.033638 -2.25e-17 -2.25e-17
203000 0.0336546 0.0336546 -2.25e-17 -2.25e-17 0.0336546 0.0336546 -2.25e-17 -2.25e-17
203100 0.0336713 0.0336713 -2.25e-17 -2.25e-17 0.0336713 0.0336713 -2.25e-17 -2.25e-17
203200 0.033688 0.033688 -2.25e-17 -2.25e-17 0.033688 0.033688 -2.25e-17 -2.25e-17
203300 0.0337046 0.0337046 -2.25e-17 -2.25e-17 0.0337046 0.0337046 -2.25e-17 -2.25e-17
203400 0.0337213 0.0337213 -2.25e-17 -2.25e-17 0.0337213 0.0337213 -2.25e-17 -2.25e-17
203500 0.033738 0.033738 -2.25e-17 -2.25e-17 0.033738 0.033738 -2.25e-17 -2.25e-17
203600 0.0337546 0.0337546 -2.25e-17 -2.25e-17 0.0337546 0.0337546 -2.25e-17 -2.25e-17
203700 0.0337713 0.0337713 -2.25e-17 -2.25e-17 0.0337713 0.0337713 -2.25e-17 -2.25e-17
203800 0.033788 0.033788 -2.25e-17 -2.25e-17 0.033788 0.033788 -2.25e-17 -2.25e-17
203900 0.0338046 0.0338046 -2.25e-17 -2.25e-17 0.0338046 0.0338046 -2.25e-17 -2.25e-17
204000 0.0338213 0.0338213 -2.25e-17 -2.25e-17 0.0338213 0.0338213 -2.25e-17 -2.25e-17
204100 0.033838 0.033838 -2.25e-17 -2.25e-17 0.033838 0.033838 -2.25e-17 -2.25e-17
204200 0.0338546 0.0338546 -2.25e-17 -2.25e-17 0.0338546 0.0338546 -2.25e-17 -2.25e-17
204300 0.0338713 0.0338713 -2.25e-17 -2.25e-17 0.0338713 0.0338713 -2.25e-17 -2.25e-17
204400 0.033888 0.033888 -2.25e-17 -2.25e-17 0.033888 0.033888 -2.25e-17 -2.25e-17
204500 0.0339046 0.0339046 -2.25e-17 -2.25e-17 0.0339046 0.0339046 -2.25e-17 -2.25e-17
204600 0.0339213 0.0339213 -2.25e-17 -2.25e-17 0.0339213 0.0339213 -2.25e-17 -2.25e-17
204700 0.033938 0.033938 -2.25e-17 -2.25e-17 0.033938 0.033938 -2.25e-17 -2.25e-17
204800 0.0339546 0.0339546 -2.25e-17 -2.25e-17 0.0339546 0.0339546 -2.25e-17 -2.25e-17
204900 0.0339713 0.0339713 -2.25e-17 -2.25e-17 0.0339713 0.0339713 -2.25e-17 -2.25e-17
205000 0.033988 0.033988 -2.25e-17 -2.25e-17 0.033988 0.033988 -2.25e-17 -2.25e-17
205100 0.0340047 0.0340047 -2.25e-17 -2.25e-17 0.0340047 0.0340047 -2.25e-17 -2.25e-17
205200 0.0340213 0.0340213 -2.25e-17 -2.25e-17 0.0340213 0.0340213 -2.25e-17 -2.25e-17
205300 0.034038 0.034038 -2.25e-17 -2.25e-17 0.034038 0.034038 -2.25e-17 -2.25e-17
205400 0.0340547 0.0340547 -2.25e-17 -2.25e-17 0.0340547 0.0340547 -2.25e-17 -2.25e-17
205500 0.0340713 0.0340713 -2.25e-17 -2.25e-17 0.0340713 0.0340713 -2.25e-17 -2.25e-17
205600 0.034088 0.034088 -2.25e-17 -2.25e-17 0.034088 0.034088 -2.25e-17 -2.25e-17
205700 0.0341047 0.0341047 -2.25e-17 -2.25e-17 0.0341047 0.0341047 -2.25e-17 -2.25e-17
205800 0.0341213 0.0341213 -2.25e-17 -2.25e-17 0.0341213 0.0341213 -2.25e-17 -2.25e-17
205900 0.034138 0.034138 -2.25e-17 -2.25e-17 0.034138 0.034138 -2.25e-17 -2.25e-17
206000 0.0341547 0.0341547 -2.25e-17 -2.25e-17 0.0341547 0.0341547 -2.25e-17 -2.25e-17
206100 0.0341713 0.0341713 -2.25e-17 -2.25e-17 0.0341713 0.0341713 -2.25e-17 -2.25e-17
206200 0.034188 0.034188 -2.25e-17 -2.25e-17 0.034188 0.034188 -2.25e-17 -2.25e-17
206300 0.0342047 0.0342047 -2.25e-17 -2.25e-17 0.0342047 0.0342047 -2.25e-17 -2.25e-17
206400 0.0342213 0.0342213 -2.25e-17 -2.25e-17 0.0342213 0.0342213 -2.25e-17 -2.25e-17
206500 0.034238 0.034238 -2.25e-17 -2.25e-17 0.034238 0.034238 -2.25e-17 -2.25e-17
206600 0.0342547 0.0342547 -2.25e-17 -2.25e-17 0.0342547 0.0342547 -2.25e-17 -2.25e-17
206700 0.0342713 0.0342713 -2.25e-17 -2.25e-17 0.0342713 0.0342713 -2.25e-17 -2.25e-17
206800 0.034288 0.034288 -2.25e-17 -2.25e-17 0.034288 0.034288 -2.25e-17 -2.25e-17
206900 0.0343047 0.0343047 -2.25e-17 -2.25e-17 0.0343047 0.0343047 -2.25e-17 -2.25e-17
207000 0.0343213 0.0343213 -2.25e-17 -2.25e-17 0.0343213 0.0343213 -2.25e-17 -2.25e-17
207100 0.034338 0.034338 -2.25e-17 -2.25e-17 0.034338 0.034338 -2.25e-17 -2.25e-17
207200 0.0343547 0.0343547 -2.25e-17 -2.25e-17 0.0343547 0.0343547 -2.25e-17 -2.25e-17
207300 0.0343713 0.0343713 -2.25e-17 -2.25e-17 0.0343713 0.0343713 -2.25e-17 -2.25e-17
207400 0.034388 0.034388 -2.25e-17 -2.25e-17 0.034388 0.034388 -2.25e-17 -2.25e-17
207500 0.0344047 0.0344047 -2.25e-17 -2.25e-17 0.0344047 0.0344047 -2.25e-17 -2.25e-17
207600 0.0344213 0.0344213 -2.25e-17 -2.25e-17 0.0344213 0.0344213 -2.25e-17 -2.25e-17
207700 0.034438 0.034438 -2.25e-17 -2.25e-17 0.034438 0.034438 -2.25e-17 -2.25e-17
207800 0.0344547 0.0344547 -2.25e-17 -2.25e-17 0.0344547 0.0344547 -2.25e-17 -2.25e-17
207900 0.0344713 0.0344713 -2.25e-17 -2.25e-17 0.0344713 0.0344713 -2.25e-17 -2.25e-17
208000 0.034488 0.034488 -2.25e-17 -2.25e-17 0.034488 0.034488 -2.25e-17 -2.25e-17
208100 0.0345047 0.0345047 -2.25e-17 -2.25e-17 0.0345047 0.0345047 -2.25e-17 -2.25e-17
208200 0.0345213 0.0345213 -2.25e-17 -2.25e-17 0.0345213 0.0345213 -2.25e-17 -2.25e-17
208300 0.034538 0.034538 -2.25e-17 -2.25e-17 0.034538 0.034538 -2.25e-17 -2.25e-17
208400 0.0345547 0.0345547 -2.25e-17 -2.25e-17 0.0345547 0.0345547 -2.25e-17 -2.25e-17
208500 0.0345713 0.0345713 -2.25e-17 -2.25e-17 0.0345713 0.0345713 -2.25e-17 -2.25e-17
208600 0.034588 0.034588 -2.25e-17 -2.25e-17 0.034588 0.034588 -2.25e-17 -2.25e-17
208700 0.0346047 0.0346047 -2.25e-17 -2.25e-17 0.0346047 0.0346047 -2.25e-17 -2.25e-17
208800 0.0346213 0.0346213 -2.25e-17 -2.25e-17 0.0346213 0.0346213 -2.25e-17 -2.25e-17
208900 0.034638 0.034638 -2.25e-17 -2.25e-17 0.034638 0.034638 -2.25e-17 -2.25e-17
209000 0.0346547 0.0346547 -2.25e-17 -2.25e-17 0.0346547 0.0346547 -2.25e-17 -2.25e-17
209100 0.0346713 0.0346713 -2.25e-17 -2.25e-17 0.0346713 0.0346713 -2.25e-17 -2.25e-17
209200 0.034688 0.034688 -2.25e-17 -2.25e-17 0.034688 0.034688 -2.25e-17 -2.25e-17
209300 0.0347047 0.0347047 -2.25e-17 -2.25e-17 0.0347047 0.0347047 -2.25e-17 -2.25e-17
209400 0.0347213 0.0347213 -2.25e-17 -2.25e-17 0.0347213 0.0347213 -2.25e-17 -2.25e-17
209500 0.034738 0.034738 -2.25e-17 -2.25e-17 0.034738 0.034738 -2.25e-17 -2.25e-17
209600 0.0347547 0.0347547 -2.25e-17 -2.25e-17 0.0347547 0.0347547 -2.25e-17 -2.25e-17
209700 0.0347713 0.0347713 -2.25e-17 -2.25e-17 0.0347713 0.0347713 -2.25e-17 -2.25e-17
209800 0.034788 0.034788 -2.25e-17 -2.25e-17 0.034788 0.034788 -2.25e-17 -2.25e-17
209900 0.0348047 0.0348047 -2.25e-17 -2.25e-17 0.0348047 0.0348047 -2.25e-17 -2.25e-17
210000 0.0348213 0.0348213 -2.25e-17 -2.25e-17 0.0348213 0.0348213 -2.25e-17 -2.25e-17
210100 0.034838 0.034838 -2.25e-17 -2.25e-17 0.034838 0.034838 -2.25e-17 -2.25e-17
210200 0.0348547 0.0348547 -2.25e-17 -2.25e-17 0.0348547 0.0348547 -2.25e-17 -2.25e-17
210300 0.0348713 0.0348713 -2.25e-17 -2.25e-17 0.0348713 0.0348713 -2.25e-17 -2.25e-17
210400 0.034888 0.034888 -2.25e-17 -2.25e-17 0.034888 0.034888 -2.25e-17 -2.25e-17
210500 0.0349047 0.0349047 -2.25e-17 -2.25e-17 0.0349047 0.0349047 -2.25e-17 -2.25e-17
210600 0.0349213 0.0349213 -2.25e-17 -2.25e-17 0.0349213 0.0349213 -2.25e-17 -2.25e-17
210700 0.034938 0.034938 -2.25e-17 -2.25e-17 0.034938 0.034938 -2.25e-17 -2.25e-17
210800 0.0349547 0.0349547 -2.25e-17 -2.25e-17 0.0349547 0.0349547 -2.25e-17 -2.25e-17
210900 0.0349713 0.0349713 -2.25e-17 -2.25e-17 0.0349713 0.0349713 -2.25e-17 -2.25e-17
211000 0.034988 0.034988 -2.25e-17 -2.25e-17 0.034988 0.034988 -2.25e-17 -2.25e-17
211100 0.0350047 0.0350047 -2.25e-17 -2.25e-17 0.0350047 0.0350047 -2.25e-17 -2.25e-17
211200 0.0350213 0.0350213 -2.25e-17 -2.25e-17 0.0350213 0.0350213 -2.25e-17 -2.25e-17
211300 0.035038 0.035038 -2.25e-17 -2.25e-17 0.035038 0.035038 -2.25e-17 -2.25e-17
211400 0.0350547 0.0350547 -2.25e-17 -2.25e-17 0.0350547 0.0350547 -2.25e-17 -2.25e-17
211500 0.0350713 0.0350713 -2.25e-17 -2.25e-17 0.0350713 0.0350713 -2.25e-17 -2.25e-17
211600 0.035088 0.035088 -2.25e-17 -2.25e-17 0.035088 0.035088 -2.25e-17 -2.25e-17
211700 0.0351047 0.0351047 -2.25e-17 -2.25e-17 0.0351047 0.0351047 -2.25e-17 -2.25e-17
211800 0.0351213 0.0351213 -2.25e-17 -2.25e-17 0.0351213 0.0351213 -2.25e-17 -2.25e-17
211900 0.035138 0.035138 -2.25e-17 -2.25e-17 0.035138 0.035138 -2.25e-17 -2.25e-17
212000 0.0351547 0.0351547 -2.25e-17 -2.25e-17 0.0351547 0.0351547 -2.25e-17 -2.25e-17
212100 0.0351713 0.0351713 -2.25e-17 -2.25e-17 0.0351713 0.0351713 -2.25e-17 -2.25e-17
212200 0.035188 0.035188 -2.25e-17 -2.25e-17 0.035188 0.035188 -2.25e-17 -2.25e-17
212300 0.0352047 0.0352047 -2.25e-17 -2.25e-17 0.0352047 0.0352047 -2.25e-17 -2.25e-17
212400 0.0352213 0.0352213 -2.25e-17 -2.25e-17 0.0352213 0.0352213 -2.25e-17 -2.25e-17
212500 0.035238 0.035238 -2.25e-17 -2.25e-17 0.035238 0.035238 -2.25e-17 -2.25e-17
212600 0.0352547 0.0352547 -2.25e-17 -2.25e-17 0.0352547 0.0352547 -2.25e-17 -2.25e-17
212700 0.0352713 0.0352713 -2.25e-17 -2.25e-17 0.0352713 0.0352713 -2.25e-17 -2.25e-17
212800 0.035288 0.035288 -2.25e-17 -2.25e-17 0.035288 0.035288 -2.25e-17 -2.25e-17
212900 0.0353047 0.0353047 -2.25e-17 -2.25e-17 0.0353047 0.0353047 -2.25e-17 -2.25e-17
213000 0.0353213 0.0353213 -2.25e-17 -2.25e-17 0.0353213 0.0353213 -2.25e-17 -2.25e-17
213100 0.035338 0.035338 -2.25e-17 -2.25e-17 0.035338 0.035338 -2.25e-17 -2.25e-17
213200 0.0353547 0.0353547 -2.25e-17 -2.25e-17 0.0353547 0.0353547 -2.25e-17 -2.25e-17
213300 0.0353713 0.0353713 -2.25e-17 -2.25e-17 0.0353713 0.0353713 -2.25e-17 -2.25e-17
213400 0.035388 0.035388 -2.25e-17 -2.25e-17 0.035388 0.035388 -2.25e-17 -2.25e-17
213500 0.0354047 0.0354047 -2.25e-17 -2.25e-17 0.0354047 0.0354047 -2.25e-17 -2.25e-17
213600 0.0354213 0.0354213 -2.25e-17 -2.25e-17 0.0354213 0.0354213 -2.25e-17 -2.25e-17
213700 0.035438 0.035438 -2.25e-17 -2.25e-17 0.035438 0.035438 -2.25e-17 -2.25e-17
213800 0.0354547 0.0354547 -2.25e-17 -2.25e-17 0.0354547 0.0354547 -2.25e-17 -2.25e-17
213900 0.0354713 0.0354713 -2.25e-17 -2.25e-17 0.0354713 0.0354713 -2.25e-17 -2.25e-17
214000 0.035488 0.035488 -2.25e-17 -2.25e-17 0.035488 0.035488 -2.25e-17 -2.25e-17
214100 0.0355047 0.0355047 -2.25e-17 -2.25e-17 0.0355047 0.0355047 -2.25e-17 -2.25e-17
214200 0.0355213 0.0355213 -2.25e-17 -2.25e-17 0.0355213 0.0355213 -2.25e-17 -2.25e-17
214300 0.035538 0.035538 -2.25e-17 -2.25e-17 0.035538 0.035538 -2.25e-17 -2.25e-17
214400 0.0355547 0.0355547 -2.25e-17 -2.25e-17 0.0355547 0.0355547 -2.25e-17 -2.25e-17
214500 0.0355714 0.0355714 -2.25e-17 -2.25e-17 0.0355714 0.0355714 -2.25e-17 -2.25e-17
214600 0.035588 0.035588 -2.25e-17 -2.25e-17 0.035588 0.035588 -2.25e-17 -2.25e-17
214700 0.0356047 0.0356047 -2.25e-17 -2.25e-17 0.0356047 0.0356047 -2.25e-17 -2.25e-17
214800 0.0356214 0.0356214 -2.25e-17 -2.25e-17 0.0356214 0.0356214 -2.25e-17 -2.25e-17
214900 0.035638 0.035638 -2.25e-17 -2.25e-17 0.035638 0.035638 -2.25e-17 -2.25e-17
215000 0.0356547 0.0356547 -2.25e-17 -2.25e-17 0.0356547 0.0356547 -2.25e-17 -2.25e-17
215100 0.0356714 0.0356714 -2.25e-17 -2.25e-17 0.0356714 0.0356714 -2.25e-17 -2.25e-17
215200 0.035688 0.035688 -2.25e-17 -2.25e-17 0.035688 0.035688 -2.25e-17 -2.25e-17
215300 0.0357047 0.0357047 -2.25e-17 -2.25e-17 0.0357047 0.0357047 -2.25e-17 -2.25e-17
215400 0.0357214 0.0357214 -2.25e-17 -2.25e-17 0.0357214 0.0357214 -2.25e-17 -2.25e-17
215500 0.035738 0.035738 -2.25e-17 -2.25e-17 0.035738 0.035738 -2.25e-17 -2.25e-17
215600 0.0357547 0.0357547 -2.25e-17 -2.25e-17 0.0357547 0.0357547 -2.25e-17 -2.25e-17
215700 0.0357714 0.0357714 -2.25e-17 -2.25e-17 0.0357714 0.0357714 -2.25e-17 -2.25e-17
215800 0.035788 0.035788 -2.25e-17 -2.25e-17 0.035788 0.035788 -2.25e-17 -2.25e-17
215900 0.0358047 0.0358047 -2.25e-17 -2.25e-17 0.0358047 0.0358047 -2.25e-17 -2.25e-17
216000 0.0358214 0.0358214 -2.25e-17 -2.25e-17 0.0358214 0.0358214 -2.25e-17 -2.25e-17
216100 0.035838 0.035838 -2.25e-17 -2.25e-17 0.035838 0.035838 -2.25e-17 -2.25e-17
216200 0.0358547 0.0358547 -2.25e-17 -2.25e-17 0.0358547 0.0358547 -2.25e-17 -2.25e-17
216300 0.0358714 0.0358714 -2.25e-17 -2.25e-17 0.0358714 0.0358714 -2.25e-17 -2.25e-17
216400 0.035888 0.035888 -2.25e-17 -2.25e-17 0.035888 0.035888 -2.25e-17 -2.25e-17
216500 0.0359047 0.0359047 -2.25e-17 -2.25e-17 0.0359047 0.0359047 -2.25e-17 -2.25e-17
216600 0.0359214 0.0359214 -2.25e-17 -2.25e-17 0.0359214 0.0359214 -2.25e-17 -2.25e-17
216700 0.035938 0.035938 -2.25e-17 -2.25e-17 0.035938 0.035938 -2.25e-17 -2.25e-17
216800 0.0359547 0.0359547 -2.25e-17 -2.25e-17 0.0359547 0.0359547 -2.25e-17 -2.25e-17
216900 0.0359714 0.0359714 -2.25e-17 -2.25e-17 0.0359714 0.0359714 -2.25e-17 -2.25e-17
217000 0.035988 0.035988 -2.25e-17 -2.25e-17 0.035988 0.035988 -2.25e-17 -2.25e-17
217100 0.0360047 0.0360047 -2.25e-17 -2.25e-17 0.0360047 0.0360047 -2.25e-17 -2.25e-17
217200 0.0360214 0.0360214 -2.25e-17 -2.25e-17 0.0360214 0.0360214 -2.25e-17 -2.25e-17
217300 0.036038 0.036038 -2.25e-17 -2.25e-17 0.036038 0.036038 -2.25e-17 -2.25e-17
217400 0.0360547 0.0360547 -2.25e-17 -2.25e-17 0.0360547 0.0360547 -2.25e-17 -2.25e-17
217500 0.0360714 0.0360714 -2.25e-17 -2.25e-17 0.0360714 0.0360714 -2.25e-17 -2.25e-17
217600 0.036088 0.036088 -2.25e-17 -2.25e-17 0.036088 0.036088 -2.25e-17 -2.25e-17
217700 0.0361047 0.0361047 -2.25e-17 -2.25e-17 0.0361047 0.0361047 -2.25e-17 -2.25e-17
217800 0.0361214 0.0361214 -2.25e-17 -2.25e-17 0.0361214 0.0361214 -2.25e-17 -2.25e-17
217900 0.036138 0.036138 -2.25e-17 -2.25e-17 0.036138 0.036138 -2.25e-17 -2.25e-17
218000 0.0361547 0.0361547 -2.25e-17 -2.25e-17 0.0361547 0.0361547 -2.25e-17 -2.25e-17
218100 0.0361714 0.0361714 -2.25e-17 -2.25e-17 0.0361714 0.0361714 -2.25e-17 -2.25e-17
218200 0.036188 0.036188 -2.25e-17 -2.25e-17 0.036188 0.036188 -2.25e-17 -2.25e-17
218300 0.0362047 0.0362047 -2.25e-17 -2.25e-17 0.0362047 0.0362047 -2.25e-17 -2.25e-17
218400 0.0362214 0.0362214 -2.25e-17 -2.25e-17 0.0362214 0.0362214 -2.25e-17 -2.25e-17
218500 0.036238 0.036238 -2.25e-17 -2.25e-17 0.036238 0.036238 -2.25e-17 -2.25e-17
218600 0.0362547 0.0362547 -2.25e-17 -2.25e-17 0.0362547 0.0362547 -2.25e-17 -2.25e-17
218700 0.0362714 0.0362714 -2.25e-17 -2.25e-17 0.0362714 0.0362714 -2.25e-17 -2.25e-17
218800 0.036288 0.036288 -2.25e-17 -2.25e-17 0.036288 0.036288 -2.25e-17 -2.25e-17
218900 0.0363047 0.0363047 -2.25e-17 -2.25e-17 0.0363047 0.0363047 -2.25e-17 -2.25e-17
219000 0.0363214 0.0363214 -2.25e-17 -2.25e-17 0.0363214 0.0363214 -2.25e-17 -2.25e-17
219100 0.036338 0.036338 -2.25e-17 -2.25e-17 0.036338 0.036338 -2.25e-17 -2.25e-17
219200 0.0363547 0.0363547 -2.25e-17 -2.25e-17 0.0363547 0.0363547 -2.25e-17 -2.25e-17
219300 0.0363714 0.0363714 -2.25e-17 -2.25e-17 0.0363714 0.0363714 -2.25e-17 -2.25e-17
219400 0.036388 0.036388 -2.25e-17 -2.25e-17 0.036388 0.036388 -2.25e-17 -2.25e-17
219500 0.0364047 0.0364047 -2.25e-17 -2.25e-17 0.0364047 0.0364047 -2.25e-17 -2.25e-17
219600 0.0364214 0.0364214 -2.25e-17 -2.25e-17 0.0364214 0.0364214 -2.25e-17 -2.25e-17
219700 0.036438 0.036438 -2.25e-17 -2.25e-17 0.036438 0.036438 -2.25e-17 -2.25e-17
219800 0.0364547 0.0364547 -2.25e-17 -2.25e-17 0.0364547 0.0364547 -2.25e-17 -2.25e-17
219900 0.0364714 0.0364714 -2.25e-17 -2.25e-17 0.0364714 0.0364714 -2.25e-17 -2.25e-17
220000 0.036488 0.036488 -2.25e-17 -2.25e-17 0.036488 0.036488 -2.25e-17 -2.25e-17
220100 0.0365047 0.0365047 -2.25e-17 -2.25e-17 0.0365047 0.0365047 -2.25e-17 -2.25e-17
220200 0.0365214 0.0365214 -2.25e-17 -2.25e-17 0.0365214 0.0365214 -2.25e-17 -2.25e-17
220300 0.036538 0.036538 -2.25e-17 -2.25e-17 0.036538 0.036538 -2.25e-17 -2.25e-17
220400 0.0365547 0.0365547 -2.25e-17 -2.25e-17 0.0365547 0.0365547 -2.25e-17 -2.25e-17
220500 0.0365714 0.0365714 -2.25e-17 -2.25e-17 0.0365714 0.0365714 -2.25e-17 -2.25e-17
220600 0.036588 0.036588 -2.25e-17 -2.25e-17 0.036588 0.036588 -2.25e-17 -2.25e-17
220700 0.0366047 0.0366047 -2.25e-17 -2.25e-17 0.0366047 0.0366047 -2.25e-17 -2.25e-17
220800 0.0366214 0.0366214 -2.25e-17 -2.25e-17 0.0366214 0.0366214 -2.25e-17 -2.25e-17
220900 0.036638 0.036638 -2.25e-17 -2.25e-17 0.036638 0.036638 -2.25e-17 -2.25e-17
221000 0.0366547 0.0366547 -2.25e-17 -2.25e-17 0.0366547 0.0366547 -2.25e-17 -2.25e-17
221100 0.0366714 0.0366714 -2.25e-17 -2.25e-17 0.0366714 0.0366714 -2.25e-17 -2.25e-17
221200 0.036688 0.036688 -2.25e-17 -2.25e-17 0.036688 0.036688 -2.25e-17 -2.25e-17
221300 0.0367047 0.0367047 -2.25e-17 -2.25e-17 0.0367047 0.0367047 -2.25e-17 -2.25e-17
221400 0.0367214 0.0367214 -2.25e-17 -2.25e-17 0.0367214 0.0367214 -2.25e-17 -2.25e-17
221500 0.036738 0.036738 -2.25e-17 -2.25e-17 0.036738 0.036738 -2.25e-17 -2.25e-17
221600 0.0367547 0.0367547 -2.25e-17 -2.25e-17 0.0367547 0.0367547 -2.25e-17 -2.25e-17
221700 0.0367714 0.0367714 -2.25e-17 -2.25e-17 0.0367714 0.0367714 -2.25e-17 -2.25e-17
221800 0.036788 0.036788 -2.25e-17 -2.25e-17 0.036788 0.036788 -2.25e-17 -2.25e-17
221900 0.0368047 0.0368047 -2.25e-17 -2.25e-17 0.0368047 0.0368047 -2.25e-17 -2.25e-17
222000 0.0368214 0.0368214 -2.25e-17 -2.25e-17 0.0368214 0.0368214 -2.25e-17 -2.25e-17
222100 0.036838 0.036838 -2.25e-17 -2.25e-17 0.036838 0.036838 -2.25e-17 -2.25e-17
222200 0.0368547 0.0368547 -2.25e-17 -2.25e-17 0.0368547 0.0368547 -2.25e-17 -2.25e-17
222300 0.0368714 0.0368714 -2.25e-17 -2.25e-17 0.0368714 0.0368714 -2.25e-17 -2.25e-17
222400 0.036888 0.036888 -2.25e-17 -2.25e-17 0.036888 0.036888 -2.25e-17 -2.25e-17
222500 0.0369047 0.0369047 -2.25e-17 -2.25e-17 0.0369047 0.0369047 -2.25e-17 -2.25e-17
222600 0.0369214 0.0369214 -2.25e-17 -2.25e-17 0.0369214 0.0369214 -2.25e-17 -2.25e-17
222700 0.036938 0.036938 -2.25e-17 -2.25e-17 0.036938 0.036938 -2.25e-17 -2.25e-17
222800 0.0369547 0.0369547 -2.25e-17 -2.25e-17 0.0369547 0.0369547 -2.25e-17 -2.25e-17
222900 0.0369714 0.0369714 -2.25e-17 -2.25e-17 0.0369714 0.0369714 -2.25e-17 -2.25e-17
223000 0.036988 0.036988 -2.25e-17 -2.25e-17 0.036988 0.036988 -2.25e-17 -2.25e-17
223100 0.0370047 0.0370047 -2.25e-17 -2.25e-17 0.0370047 0.0370047 -2.25e-17 -2.25e-17
223200 0.0370214 0.0370214 -2.25e-17 -2.25e-17 0.0370214 0.0370214 -2.25e-17 -2.25e-17
223300 0.037038 0.037038 -2.25e-17 -2.25e-17 0.037038 0.037038 -2.25e-17 -2.25e-17
223400 0.0370547 0.0370547 -2.25e-17 -2.25e-17 0.0370547 0.0370547 -2.25e-17 -2.25e-17
223500 0.0370714 0.0370714 -2.25e-17 -2.25e-17 0.0370714 0.0370714 -2.25e-17 -2.25e-17
223600 0.037088 0.037088 -2.25e-17 -2.25e-17 0.037088 0.037088 -2.25e-17 -2.25e-17
223700 0.0371047 0.0371047 -2.25e-17 -2.25e-17 0.0371047 0.0371047 -2.25e-17 -2.25e-17
223800 0.0371214 0.0371214 -2.25e-17 -2.25e-17 0.0371214 0.0371214 -2.25e-17 -2.25e-17
223900 0.0371381 0.0371381 -2.25e-17 -2.25e-17 0.0371381 0.0371381 -2.25e-17 -2.25e-17
224000 0.0371547 0.0371547 -2.25e-17 -2.25e-17 0.0371547 0.0371547 -2.25e-17 -2.25e-17
224100 0.0371714 0.0371714 -2.25e-17 -2.25e-17 0.0371714 0.0371714 -2.25e-17 -2.25e-17
224200 0.0371881 0.0371881 -2.25e-17 -2.25e-17 0.0371881 0.0371881 -2.25e-17 -2.25e-17
224300 0.0372047 0.0372047 -2.25e-17 -2.25e-17 0.0372047 0.0372047 -2.25e-17 -2.25e-17
224400 0.0372214 0.0372214 -2.25e-17 -2.25e-17 0.0372214 0.0372214 -2.25e-17 -2.25e-17
224500 0.0372381 0.0372381 -2.25e-17 -2.25e-17 0.0372381 0.0372381 -2.25e-17 -2.25e-17
224600 0.0372547 0.0372547 -2.25e-17 -2.25e-17 0.0372547 0.0372547 -2.25e-17 -2.25e-17
224700 0.0372714 0.0372714 -2.25e-17 -2.25e-17 0.0372714 0.0372714 -2.25e-17 -2.25e-17
224800 0.0372881 0.0372881 -2.25e-17 -2.25e-17 0.0372881 0.0372881 -2.25e-17 -2.25e-17
224900 0.0373047 0.0373047 -2.25e-17 -2.25e-17 0.0373047 0.0373047 -2.25e-17 -2.25e-17
225000 0.0373214 0.0373214 -2.25e-17 -2.25e-17 0.0373214 0.0373214 -2.25e-17 -2.25e-17
225100 0.0373381 0.0373381 -2.25e-17 -2.25e-17 0.0373381 0.0373381 -2.25e-17 -2.25e-17
225200 0.0373547 0.0373547 -2.25e-17 -2.25e-17 0.0373547 0.0373547 -2.25e-17 -2.25e-17
225300 0.0373714 0.0373714 -2.25e-17 -2.25e-17 0.0373714 0.0373714 -2.25e-17 -2.25e-17
225400 0.0373881 0.0373881 -2.25e-17 -2.25e-17 0.0373881 0.0373881 -2.25e-17 -2.25e-17
225500 0.0374047 0.0374047 -2.25e-17 -2.25e-17 0.0374047 0.0374047 -2.25e-17 -2.25e-17
225600 0.0374214 0.0374214 -2.25e-17 -2.25e-17 0.0374214 0.0374214 -2.25e-17 -2.25e-17
225700 0.0374381 0.0374381 -2.25e-17 -2.25e-17 0.0374381 0.0374381 -2.25e-17 -2.25e-17
225800 0.0374547 0.0374547 -2.25e-17 -2.25e-17 0.0374547 0.0374547 -2.25e-17 -2.25e-17
225900 0.0374714 0.0374714 -2.25e-17 -2.25e-17 0.0374714 0.0374714 -2.25e-17 -2.25e-17
226000 0.0374881 0.0374881 -2.25e-17 -2.25e-17 0.0374881 0.0374881 -2.25e-17 -2.25e-17
226100 0.0375047 0.0375047 -2.25e-17 -2.25e-17 0.0375047 0.0375047 -2.25e-17 -2.25e-17
226200 0.0375214 0.0375214 -2.25e-17 -2.25e-17 0.0375214 0.0375214 -2.25e-17 -2.25e-17
226300 0.0375381 0.0375381 -2.25e-17 -2.25e-17 0.0375381 0.0375381 -2.25e-17 -2.25e-17
226400 0.0375547 0.0375547 -2.25e-17 -2.25e-17 0.0375547 0.0375547 -2.25e-17 -2.25e-17
226500 0.0375714 0.0375714 -2.25e-17 -2.25e-17 0.0375714 0.0375714 -2.25e-17 -2.25e-17
226600 0.0375881 0.0375881 -2.25e-17 -2.25e-17 0.0375881 0.0375881 -2.25e-17 -2.25e-17
226700 0.0376047 0.0376047 -2.25e-17 -2.25e-17 0.0376047 0.0376047 -2.25e-17 -2.25e-17
226800 0.0376214 0.0376214 -2.25e-17 -2.25e-17 0.0376214 0.0376214 -2.25e-17 -2.25e-17
226900 0.0376381 0.0376381 -2.25e-17 -2.25e-17 0.0376381 0.0376381 -2.25e-17 -2.25e-17
227000 0.0376547 0.0376547 -2.25e-17 -2.25e-17 0.0376547 0.0376547 -2.25e-17 -2.25e-17
227100 0.0376714 0.0376714 -2.25e-17 -2.25e-17 0.0376714 0.0376714 -2.25e-17 -2.25e-17
227200 0.0376881 0.0376881 -2.25e-17 -2.25e-17 0.0376881 0.0376881 -2.25e-17 -2.25e-17
227300 0.0377047 0.0377047 -2.25e-17 -2.25e-17 0.0377047 0.0377047 -2.25e-17 -2.25e-17
227400 0.0377214 0.0377214 -2.25e-17 -2.25e-17 0.0377214 0.0377214 -2.25e-17 -2.25e-17
227500 0.0377381 0.0377381 -2.25e-17 -2.25e-17 0.0377381 0.0377381 -2.25e-17 -2.25e-17
227600 0.0377547 0.0377547 -2.25e-17 -2.25e-17 0.0377547 0.0377547 -2.25e-17 -2.25e-17
227700 0.0377714 0.0377714 -2.25e-17 -2.25e-17 0.0377714 0.0377714 -2.25e-17 -2.25e-17
227800 0.0377881 0.0377881 -2.25e-17 -2.25e-17 0.0377881 0.0377881 -2.25e-17 -2.25e-17
227900 0.0378047 0.0378047 -2.25e-17 -2.25e-17 0.0378047 0.0378047 -2.25e-17 -2.25e-17
228000 0.0378214 0.0378214 -2.25e-17 -2.25e-17 0.0378214 0.0378214 -2.25e-17 -2.25e-17
228100 0.0378381 0.0378381 -2.25e-17 -2.25e-17 0.0378381 0.0378381 -2.25e-17 -2.25e-17
228200 0.0378547 0.0378547 -2.25e-17 -2.25e-17 0.0378547 0.0378547 -2.25e-17 -2.25e-17
228300 0.0378714 0.0378714 -2.25e-17 -2.25e-17 0.0378714 0.0378714 -2.25e-17 -2.25e-17
228400 0.0378881 0.0378881 -2.25e-17 -2.25e-17 0.0378881 0.0378881 -2.25e-17 -2.25e-17
228500 0.0379047 0.0379047 -2.25e-17 -2.25e-17 0.0379047 0.0379047 -2.25e-17 -2.25e-17
228600 0.0379214 0.0379214 -2.25e-17 -2.25e-17 0.0379214 0.0379214 -2.25e-17 -2.25e-17
228700 0.0379381 0.0379381 -2.25e-17 -2.25e-17 0.0379381 0.0379381 -2.25e-17 -2.25e-17
228800 0.0379547 0.0379547 -2.25e-17 -2.25e-17 0.0379547 0.0379547 -2.25e-17 -2.25e-17
228900 0.0379714 0.0379714 -2.25e-17 -2.25e-17 0.0379714 0.0379714 -2.25e-17 -2.25e-17
229000 0.0379881 0.0379881 -2.25e-17 -2.25e-17 0.0379881 0.0379881 -2.25e-17 -2.25e-17
229100 0.0380047 0.0380047 -2.25e-17 -2.25e-17 0.0380047 0.0380047 -2.25e-17 -2.25e-17
229200 0.0380214 0.0380214 -2.25e-17 -2.25e-17 0.0380214 0.0380214 -2.25e-17 -2.25e-17
229300 0.0380381 0.0380381 -2.25e-17 -2.25e-17 0.0380381 0.0380381 -2.25e-17 -2.25e-17
229400 0.0380547 0.0380547 -2.25e-17 -2.25e-17 0.0380547 0.0380547 -2.25e-17 -2.25e-17
229500 0.0380714 0.0380714 -2.25e-17 -2.25e-17 0.0380714 0.0380714 -2.25e-17 -2.25e-17
229600 0.0380881 0.0380881 -2.25e-17 -2.25e-17 0.0380881 0.0380881 -2.25e-17 -2.25e-17
229700 0.0381047 0.0381047 -2.25e-17 -2.25e-17 0.0381047 0.0381047 -2.25e-17 -2.25e-17
229800 0.0381214 0.0381214 -2.25e-17 -2.25e-17 0.0381214 0.0381214 -2.25e-17 -2.25e-17
229900 0.0381381 0.0381381 -2.25e-17 -2.25e-17 0.0381381 0.0381381 -2.25e-17 -2.25e-17
230000 0.0381547 0.0381547 -2.25e-17 -2.25e-17 0.0381547 0.0381547 -2.25e-17 -2.25e-17
230100 0.0381714 0.0381714 -2.25e-17 -2.25e-17 0.0381714 0.0381714 -2.25e-17 -2.25e-17
230200 0.0381881 0.0381881 -2.25e-17 -2.25e-17 0.0381881 0.0381881 -2.25e-17 -2.25e-17
230300 0.0382047 0.0382047 -2.25e-17 -2.25e-17 0.0382047 0.0382047 -2.25e-17 -2.25e-17
230400 0.0382214 0.0382214 -2.25e-17 -2.25e-17 0.0382214 0.0382214 -2.25e-17 -2.25e-17
230500 0.0382381 0.0382381 -2.25e-17 -2.25e-17 0.0382381 0.0382381 -2.25e-17 -2.25e-17
230600 0.0382547 0.0382547 -2.25e-17 -2.25e-17 0.0382547 0.0382547 -2.25e-17 -2.25e-17
230700 0.0382714 0.0382714 -2.25e-17 -2.25e-17 0.0382714 0.0382714 -2.25e-17 -2.25e-17
230800 0.0382881 0.0382881 -2.25e-17 -2.25e-17 0.0382881 0.0382881 -2.25e-17 -2.25e-17
230900 0.0383047 0.0383047 -2.25e-17 -2.25e-17 0.0383047 0.0383047 -2.25e-17 -2.25e-17
231000 0.0383214 0.0383214 -2.25e-17 -2.25e-17 0.0383214 0.0383214 -2.25e-17 -2.25e-17
231100 0.0383381 0.0383381 -2.25e-17 -2.25e-17 0.0383381 0.0383381 -2.25e-17 -2.25e-17
231200 0.0383547 0.0383547 -2.25e-17 -2.25e-17 0.0383547 0.0383547 -2.25e-17 -2.25e-17
231300 0.0383714 0.0383714 -2.25e-17 -2.25e-17 0.0383714 0.0383714 -2.25e-17 -2.25e-17
231400 0.0383881 0.0383881 -2.25e-17 -2.25e-17 0.0383881 0.0383881 -2.25e-17 -2.25e-17
231500 0.0384047 0.0384047 -2.25e-17 -2.25e-17 0.0384047 0.0384047 -2.25e-17 -2.25e-17
231600 0.0384214 0.0384214 -2.25e-17 -2.25e-17 0.0384214 0.0384214 -2.25e-17 -2.25e-17
231700 0.0384381 0.0384381 -2.25e-17 -2.25e-17 0.0384381 0.0384381 -2.25e-17 -2.25e-17
231800 0.0384547 0.0384547 -2.25e-17 -2.25e-17 0.0384547 0.0384547 -2.25e-17 -2.25e-17
231900 0.0384714 0.0384714 -2.25e-17 -2.25e-17 0.0384714 0.0384714 -2.25e-17 -2.25e-17
232000 0.0384881 0.0384881 -2.25e-17 -2.25e-17 0.0384881 0.0384881 -2.25e-17 -2.25e-17
232100 0.0385047 0.0385047 -2.25e-17 -2.25e-17 0.0385047 0.0385047 -2.25e-17 -2.25e-17
232200 0.0385214 0.0385214 -2.25e-17 -2.25e-17 0.0385214 0.0385214 -2.25e-17 -2.25e-17
232300 0.0385381 0.0385381 -2.25e-17 -2.25e-17 0.0385381 0.0385381 -2.25e-17 -2.25e-17
232400 0.0385547 0.0385547 -2.25e-17 -2.25e-17 0.0385547 0.0385547 -2.25e-17 -2.25e-17
232500 0.0385714 0.0385714 -2.25e-17 -2.25e-17 0.0385714 0.0385714 -2.25e-17 -2.25e-17
232600 0.0385881 0.0385881 -2.25e-17 -2.25e-17 0.0385881 0.0385881 -2.25e-17 -2.25e-17
232700 0.0386047 0.0386047 -2.25e-17 -2.25e-17 0.0386047 0.0386047 -2.25e-17 -2.25e-17
232800 0.0386214 0.0386214 -2.25e-17 -2.25e-17 0.0386214 0.0386214 -2.25e-17 -2.25e-17
232900 0.0386381 0.0386381 -2.25e-17 -2.25e-17 0.0386381 0.0386381 -2.25e-17 -2.25e-17
233000 0.0386547 0.0386547 -2.25e-17 -2.25e-17 0.0386547 0.0386547 -2.25e-17 -2.25e-17
233100 0.0386714 0.0386714 -2.25e-17 -2.25e-17 0.0386714 0.0386714 -2.25e-17 -2.25e-17
233200 0.0386881 0.0386881 -2.25e-17 -2.25e-17 0.0386881 0.0386881 -2.25e-17 -2.25e-17
233300 0.0387047 0.0387047 -2.25e-17 -2.25e-17 0.0387047 0.0387047 -2.25e-17 -2.25e-17
233400 0.0387214 0.0387214 -2.25e-17 -2.25e-17 0.0387214 0.0387214 -2.25e-17 -2.25e-17
233500 0.0387381 0.0387381 -2.25e-17 -2.25e-17 0.0387381 0.0387381 -2.25e-17 -2.25e-17
233600 0.0387547 0.0387547 -2.25e-17 -2.25e-17 0.0387547 0.0387547 -2.25e-17 -2.25e-17
233700 0.0387714 0.0387714 -2.25e-17 -2.25e-17 0.0387714 0.0387714 -2.25e-17 -2.25e-17
233800 0.0387881 0.0387881 -2.25e-17 -2.25e-17 0.0387881 0.0387881 -2.25e-17 -2.25e-17
233900 0.0388048 0.0388048 -2.25e-17 -2.25e-17 0.0388048 0.0388048 -2.25e-17 -2.25e-17
234000 0.0388214 0.0388214 -2.25e-17 -2.25e-17 0.0388214 0.0388214 -2.25e-17 -2.25e-17
234100 0.0388381 0.0388381 -2.25e-17 -2.25e-17 0.0388381 0.0388381 -2.25e-17 -2.25e-17
234200 0.0388548 0.0388548 -2.25e-17 -2.25e-17 0.0388548 0.0388548 -2.25e-17 -2.25e-17
234300 0.0388714 0.0388714 -2.25e-17 -2.25e-17 0.0388714 0.0388714 -2.25e-17 -2.25e-17
234400 0.0388881 0.0388881 -2.25e-17 -2.25e-17 0.0388881 0.0388881 -2.25e-17 -2.25e-17
234500 0.0389048 0.0389048 -2.25e-17 -2.25e-17 0.0389048 0.0389048 -2.25e-17 -2.25e-17
234600 0.0389214 0.0389214 -2.25e-17 -2.25e-17 0.0389214 0.0389214 -2.25e-17 -2.25e-17
234700 0.0389381 0.0389381 -2.25e-17 -2.25e-17 0.0389381 0.0389381 -2.25e-17 -2.25e-17
234800 0.0389548 0.0389548 -2.25e-17 -2.25e-17 0.0389548 0.0389548 -2.25e-17 -2.25e-17
234900 0.0389714 0.0389714 -2.25e-17 -2.25e-17 0.0389714 0.0389714 -2.25e-17 -2.25e-17
235000 0.0389881 0.0389881 -2.25e-17 -2.25e-17 0.0389881 0.0389881 -2.25e-17 -2.25e-17
235100 0.0390048 0.0390048 -2.25e-17 -2.25e-17 0.0390048 0.0390048 -2.25e-17 -2.25e-17
235200 0.0390214 0.0390214 -2.25e-17 -2.25e-17 0.0390214 0.0390214 -2.25e-17 -2.25e-17
235300 0.0390381 0.0390381 -2.25e-17 -2.25e-17 0.0390381 0.0390381 -2.25e-17 -2.25e-17
235400 0.0390548 0.0390548 -2.25e-17 -2.25e-17 0.0390548 0.0390548 -2.25e-17 -2.25e-17
235500 0.0390714 0.0390714 -2.25e-17 -2.25e-17 0.0390714 0.0390714 -2.25e-17 -2.25e-17
235600 0.0390881 0.0390881 -2.25e-17 -2.25e-17 0.0390881 0.0390881 -2.25e-17 -2.25e-17
235700 0.0391048 0.0391048 -2.25e-17 -2.25e-17 0.0391048 0.0391048 -2.25e-17 -2.25e-17
235800 0.0391214 0.0391214 -2.25e-17 -2.25e-17 0.0391214 0.0391214 -2.25e-17 -2.25e-17
235900 0.0391381 0.0391381 -2.25e-17 -2.25e-17 0.0391381 0.0391381 -2.25e-17 -2.25e-17
236000 0.0391548 0.0391548 -2.25e-17 -2.25e-17 0.0391548 0.0391548 -2.25e-17 -2.25e-17
236100 0.0391714 0.0391714 -2.25e-17 -2.25e-17 0.0391714 0.0391714 -2.25e-17 -2.25e-17
236200 0.0391881 0.0391881 -2.25e-17 -2.25e-17 0.0391881 0.0391881 -2.25e-17 -2.25e-17
236300 0.0392048 0.0392048 -2.25e-17 -2.25e-17 0.0392048 0.0392048 -2.25e-17 -2.25e-17
236400 0.0392214 0.0392214 -2.25e-17 -2.25e-17 0.0392214 0.0392214 -2.25e-17 -2.25e-17
236500 0.0392381 0.0392381 -2.25e-17 -2.25e-17 0.0392381 0.0392381 -2.25e-17 -2.25e-17
236600 0.0392548 0.0392548 -2.25e-17 -2.25e-17 0.0392548 0.0392548 -2.25e-17 -2.25e-17
236700 0.0392714 0.0392714 -2.25e-17 -2.25e-17 0.0392714 0.0392714 -2.25e-17 -2.25e-17
236800 0.0392881 0.0392881 -2.25e-17 -2.25e-17 0.0392881 0.0392881 -2.25e-17 -2.25e-17
236900 0.0393048 0.0393048 -2.25e-17 -2.25e-17 0.0393048 0.0393048 -2.25e-17 -2.25e-17
237000 0.0393214 0.0393214 -2.25e-17 -2.25e-17 0.0393214 0.0393214 -2.25e-17 -2.25e-17
237100 0.0393381 0.0393381 -2.25e-17 -2.25e-17 0.0393381 0.0393381 -2.25e-17 -2.25e-17
237200 0.0393548 0.0393548 -2.25e-17 -2.25e-17 0.0393548 0.0393548 -2.25e-17 -2.25e-17
237300 0.0393714 0.0393714 -2.25e-17 -2.25e-17 0.0393714 0.0393714 -2.25e-17 -2.25e-17
237400 0.0393881 0.0393881 -2.25e-17 -2.25e-17 0.0393881 0.0393881 -2.25e-17 -2.25e-17
237500 0.0394048 0.0394048 -2.25e-17 -2.25e-17 0.0394048 0.0394048 -2.25e-17 -2.25e-17
237600 0.0394214 0.0394214 -2.25e-17 -2.25e-17 0.0394214 0.0394214 -2.25e-17 -2.25e-17
237700 0.0394381 0.0394381 -2.25e-17 -2.25e-17 0.0394381 0.0394381 -2.25e-17 -2.25e-17
237800 0.0394548 0.0394548 -2.25e-17 -2.25e-17 0.0394548 0.0394548 -2.25e-17 -2.25e-17
237900 0.0394714 0.0394714 -2.25e-17 -2.25e-17 0.0394714 0.0394714 -2.25e-17 -2.25e-17
238000 0.0394881 0.0394881 -2.25e-17 -2.25e-17 0.0394881 0.0394881 -2.25e-17 -2.25e-17
238100 0.0395048 0.0395048 -2.25e-17 -2.25e-17 0.0395048 0.0395048 -2.25e-17 -2.25e-17
238200 0.0395214 0.0395214 -2.25e-17 -2.25e-17 0.0395214 0.0395214 -2.25e-17 -2.25e-17
238300 0.0395381 0.0395381 -2.25e-17 -2.25e-17 0.0395381 0.0395381 -2.25e-17 -2.25e-17
238400 0.0395548 0.0395548 -2.25e-17 -2.25e-17 0.0395548 0.0395548 -2.25e-17 -2.25e-17
238500 0.0395714 0.0395714 -2.25e-17 -2.25e-17 0.0395714 0.0395714 -2.25e-17 -2.25e-17
238600 0.0395881 0.0395881 -2.25e-17 -2.25e-17 0.0395881 0.0395881 -2.25e-17 -2.25e-17
238700 0.0396048 0.0396048 -2.25e-17 -2.25e-17 0.0396048 0.0396048 -2.25e-17 -2.25e-17
238800 0.0396214 0.0396214 -2.25e-17 -2.25e-17 0.0396214 0.0396214 -2.25e-17 -2.25e-17
238900 0.0396381 0.0396381 -2.25e-17 -2.25e-17 0.0396381 0.0396381 -2.25e-17 -2.25e-17
239000 0.0396548 0.0396548 -2.25e-17 -2.25e-17 0.0396548 0.0396548 -2.25e-17 -2.25e-17
239100 0.0396714 0.0396714 -2.25e-17 -2.25e-17 0.0396714 0.0396714 -2.25e-17 -2.25e-17
239200 0.0396881 0.0396881 -2.25e-17 -2.25e-17 0.0396881 0.0396881 -2.25e-17 -2.25e-17
239300 0.0397048 0.0397048 -2.25e-17 -2.25e-17 0.0397048 0.0397048 -2.25e-17 -2.25e-17
239400 0.0397214 0.0397214 -2.25e-17 -2.25e-17 0.0397214 0.0397214 -2.25e-17 -2.25e-17
239500 0.0397381 0.0397381 -2.25e-17 -2.25e-17 0.0397381 0.0397381 -2.25e-17 -2.25e-17
239600 0.0397548 0.0397548 -2.25e-17 -2.25e-17 0.0397548 0.0397548 -2.25e-17 -2.25e-17
239700 0.0397714 0.0397714 -2.25e-17 -2.25e-17 0.0397714 0.0397714 -2.25e-17 -2.25e-17
239800 0.0397881 0.0397881 -2.25e-17 -2.25e-17 0.0397881 0.0397881 -2.25e-17 -2.25e-17
239900 0.0398048 0.0398048 -2.25e-17 -2.25e-17 0.0398048 0.0398048 -2.25e-17 -2.25e-17
240000 0.0398214 0.0398214 -2.25e-17 -2.25e-17 0.0398214 0.0398214 -2.25e-17 -2.25e-17
240100 0.0398381 0.0398381 -2.25e-17 -2.25e-17 0.0398381 0.0398381 -2.25e-17 -2.25e-17
240200 0.0398548 0.0398548 -2.25e-17 -2.25e-17 0.0398548 0.0398548 -2.25e-17 -2.25e-17
240300 0.0398714 0.0398714 -2.25e-17 -2.25e-17 0.0398714 0.0398714 -2.25e-17 -2.25e-17
240400 0.0398881 0.0398881 -2.25e-17 -2.25e-17 0.0398881 0.0398881 -2.25e-17 -2.25e-17
240500 0.0399048 0.0399048 -2.25e-17 -2.25e-17 0.0399048 0.0399048 -2.25e-17 -2.25e-17
240600 0.0399214 0.0399214 -2.25e-17 -2.25e-17 0.0399214 0.0399214 -2.25e-17 -2.25e-17
240700 0.0399381 0.0399381 -2.25e-17 -2.25e-17 0.0399381 0.0399381 -2.25e-17 -2.25e-17
240800 0.0399548 0.0399548 -2.25e-17 -2.25e-17 0.0399548 0.0399548 -2.25e-17 -2.25e-17
240900 0.0399714 0.0399714 -2.25e-17 -2.25e-17 0.0399714 0.0399714 -2.25e-17 -2.25e-17
241000 0.0399881 0.0399881 -2.25e-17 -2.25e-17 0.0399881 0.0399881 -2.25e-17 -2.25e-17
241100 0.0400048 0.0400048 -2.25e-17 -2.25e-17 0.0400048 0.0400048 -2.25e-17 -2.25e-17
241200 0.0400214 0.0400214 -2.25e-17 -2.25e-17 0.0400214 0.0400214 -2.25e-17 -2.25e-17
241300 0.0400381 0.0400381 -2.25e-17 -2.25e-17 0.0400381 0.0400381 -2.25e-17 -2.25e-17
241400 0.0400548 0.0400548 -2.25e-17 -2.25e-17 0.0400548 0.0400548 -2.25e-17 -2.25e-17
241500 0.0400714 0.0400714 -2.25e-17 -2.25e-17 0.0400714 0.0400714 -2.25e-17 -2.25e-17
241600 0.0400881 0.0400881 -2.25e-17 -2.25e-17 0.0400881 0.0400881 -2.25e-17 -2.25e-17
241700 0.0401048 0.0401048 -2.25e-17 -2.25e-17 0.0401048 0.0401048 -2.25e-17 -2.25e-17
241800 0.0401214 0.0401214 -2.25e-17 -2.25e-17 0.0401214 0.0401214 -2.25e-17 -2.25e-17
241900 0.0401381 0.0401381 -2.25e-17 -2.25e-17 0.0401381 0.0401381 -2.25e-17 -2.25e-17
242000 0.0401548 0.0401548 -2.25e-17 -2.25e-17 0.0401548 0.0401548 -2.25e-17 -2.25e-17
242100 0.0401714 0.0401714 -2.25e-17 -2.25e-17 0.0401714 0.0401714 -2.25e-17 -2.25e-17
242200 0.0401881 0.0401881 -2.25e-17 -2.25e-17 0.0401881 0.0401881 -2.25e-17 -2.25e-17
242300 0.0402048 0.0402048 -2.25e-17 -2.25e-17 0.0402048 0.0402048 -2.25e-17 -2.25e-17
242400 0.0402214 0.0402214 -2.25e-17 -2.25e-17 0.0402214 0.0402214 -2.25e-17 -2.25e-17
242500 0.0402381 0.0402381 -2.25e-17 -2.25e-17 0.0402381 0.0402381 -2.25e-17 -2.25e-17
242600 0.0402548 0.0402548 -2.25e-17 -2.25e-17 0.0402548 0.0402548 -2.25e-17 -2.25e-17
242700 0.0402714 0.0402714 -2.25e-17 -2.25e-17 0.0402714 0.0402714 -2.25e-17 -2.25e-17
242800 0.0402881 0.0402881 -2.25e-17 -2.25e-17 0.0402881 0.0402881 -2.25e-17 -2.25e-17
242900 0.0403048 0.0403048 -2.25e-17 -2.25e-17 0.0403048 0.0403048 -2.25e-17 -2.25e-17
243000 0.0403214 0.0403214 -2.25e-17 -2.25e-17 0.0403214 0.0403214 -2.25e-17 -2.25e-17
243100 0.0403381 0.0403381 -2.25e-17 -2.25e-17 0.0403381 0.0403381 -2.25e-17 -2.25e-17
243200 0.0403548 0.0403548 -2.25e-17 -2.25e-17 0.0403548 0.0403548 -2.25e-17 -2.25e-17
243300 0.0403714 0.0403714 -2.25e-17 -2.25e-17 0.0403714 0.0403714 -2.25e-17 -2.25e-17
243400 0.0403881 0.0403881 -2.25e-17 -2.25e-17 0.0403881 0.0403881 -2.25e-17 -2.25e-17
243500 0.0404048 0.0404048 -2.25e-17 -2.25e-17 0.0404048 0.0404048 -2.25e-17 -2.25e-17
243600 0.0404214 0.0404214 -2.25e-17 -2.25e-17 0.0404214 0.0404214 -2.25e-17 -2.25e-17
243700 0.0404381 0.0404381 -2.25e-17 -2.25e-17 0.0404381 0.0404381 -2.25e-17 -2.25e-17
243800 0.0404548 0.0404548 -2.25e-17 -2.25e-17 0.0404548 0.0404548 -2.25e-17 -2.25e-17
243900 0.0404714 0.0404714 -2.25e-17 -2.25e-17 0.0404714 0.0404714 -2.25e-17 -2.25e-17
244000 0.0404881 0.0404881 -2.25e-17 -2.25e-17 0.0404881 0.0404881 -2.25e-17 -2.25e-17
244100 0.0405048 0.0405048 -2.25e-17 -2.25e-17 0.0405048 0.0405048 -2.25e-17 -2.25e-17
244200 0.0405215 0.0405215 -2.25e-17 -2.25e-17 0.0405215 0.0405215 -2.25e-17 -2.25e-17
244300 0.0405381 0.0405381 -2.25e-17 -2.25e-17 0.0405381 0.0405381 -2.25e-17 -2.25e-17
244400 0.0405548 0.0405548 -2.25e-17 -2.25e-17 0.0405548 0.0405548 -2.25e-17 -2.25e-17
244500 0.0405715 0.0405715 -2.25e-17 -2.25e-17 0.0405715 0.0405715 -2.25e-17 -2.25e-17
244600 0.0405881 0.0405881 -2.25e-17 -2.25e-17 0.0405881 0.0405881 -2.25e-17 -2.25e-17
244700 0.0406048 0.0406048 -2.25e-17 -2.25e-17 0.0406048 0.0406048 -2.25e-17 -2.25e-17
244800 0.0406215 0.0406215 -2.25e-17 -2.25e-17 0.0406215 0.0406215 -2.25e-17 -2.25e-17
244900 0.0406381 0.0406381 -2.25e-17 -2.25e-17 0.0406381 0.0406381 -2.25e-17 -2.25e-17
245000 0.0406548 0.0406548 -2.25e-17 -2.25e-17 0.0406548 0.0406548 -2.25e-17 -2.25e-17
245100 0.0406715 0.0406715 -2.25e-17 -2.25e-17 0.0406715 0.0406715 -2.25e-17 -2.25e-17
245200 0.0406881 0.0406881 -2.25e-17 -2.25e-17 0.0406881 0.0406881 -2.25e-17 -2.25e-17
245300 0.0407048 0.0407048 -2.25e-17 -2.25e-17 0.0407048 0.0407048 -2.25e-17 -2.25e-17
245400 0.0407215 0.0407215 -2.25e-17 -2.25e-17 0.0407215 0.0407215 -2.25e-17 -2.25e-17
245500 0.0407381 0.0407381 -2.25e-17 -2.25e-17 0.0407381 0.0407381 -2.25e-17 -2.25e-17
245600 0.0407548 0.0407548 -2.25e-17 -2.25e-17 0.0407548 0.0407548 -2.25e-17 -2.25e-17
245700 0.0407715 0.0407715 -2.25e-17 -2.25e-17 0.0407715 0.0407715 -2.25e-17 -2.25e-17
245800 0.0407881 0.0407881 -2.25e-17 -2.25e-17 0.0407881 0.0407881 -2.25e-17 -2.25e-17
245900 0.0408048 0.0408048 -2.25e-17 -2.25e-17 0.0408048 0.0408048 -2.25e-17 -2.25e-17
246000 0.0408215 0.0408215 -2.25e-17 -2.25e-17 0.0408215 0.0408215 -2.25e-17 -2.25e-17
246100 0.0408381 0.0408381 -2.25e-17 -2.25e-17 0.0408381 0.0408381 -2.25e-17 -2.25e-17
246200 0.0408548 0.0408548 -2.25e-17 -2.25e-17 0.0408548 0.0408548 -2.25e-17 -2.25e-17
246300 0.0408715 0.0408715 -2.25e-17 -2.25e-17 0.0408715 0.0408715 -2.25e-17 -2.25e-17
246400 0.0408881 0.0408881 -2.25e-17 -2.25e-17 0.0408881 0.0408881 -2.25e-17 -2.25e-17
246500 0.0409048 0.0409048 -2.25e-17 -2.25e-17 0.0409048 0.0409048 -2.25e-17 -2.25e-17
246600 0.0409215 0.0409215 -2.25e-17 -2.25e-17 0.0409215 0.0409215 -2.25e-17 -2.25e-17
246700 0.0409381 0.0409381 -2.25e-17 -2.25e-17 0.0409381 0.0409381 -2.25e-17 -2.25e-17
246800 0.0409548 0.0409548 -2.25e-17 -2.25e-17 0.0409548 0.0409548 -2.25e-17 -2.25e-17
246900 0.0409715 0.0409715 -2.25e-17 -2.25e-17 0.0409715 0.0409715 -2.25e-17 -2.25e-17
247000 0.0409881 0.0409881 -2.25e-17 -2.25e-17 0.0409881 0.0409881 -2.25e-17 -2.25e-17
247100 0.0410048 0.0410048 -2.25e-17 -2.25e-17 0.0410048 0.0410048 -2.25e-17 -2.25e-17
247200 0.0410215 0.0410215 -2.25e-17 -2.25e-17 0.0410215 0.0410215 -2.25e-17 -2.25e-17
247300 0.0410381 0.0410381 -2.25e-17 -2.25e-17 0.0410381 0.0410381 -2.25e-17 -2.25e-17
247400 0.0410548 0.0410548 -2.25e-17 -2.25e-17 0.0410548 0.0410548 -2.25e-17 -2.25e-17
247500 0.0410715 0.0410715 -2.25e-17 -2.25e-17 0.0410715 0.0410715 -2.25e-17 -2.25e-17
247600 0.0410881 0.0410881 -2.25e-17 -2.25e-17 0.0410881 0.0410881 -2.25e-17 -2.25e-17
247700 0.0411048 0.0411048 -2.25e-17 -2.25e-17 0.0411048 0.0411048 -2.25e-17 -2.25e-17
247800 0.0411215 0.0411215 -2.25e-17 -2.25e-17 0.0411215 0.0411215 -2.25e-17 -2.25e-17
247900 0.0411381 0.0411381 -2.25e-17 -2.25e-17 0.0411381 0.0411381 -2.25e-17 -2.25e-17
248000 0.0411548 0.0411548 -2.25e-17 -2.25e-17 0.0411548 0.0411548 -2.25e-17 -2.25e-17
248100 0.0411715 0.0411715 -2.25e-17 -2.25e-17 0.0411715 0.0411715 -2.25e-17 -2.25e-17
248200 0.0411881 0.0411881 -2.25e-17 -2.25e-17 0.0411881 0.0411881 -2.25e-17 -2.25e-17
248300 0.0412048 0.0412048 -2.25e-17 -2.25e-17 0.0412048 0.0412048 -2.25e-17 -2.25e-17
248400 0.0412215 0.0412215 -2.25e-17 -2.25e-17 0.0412215 0.0412215 -2.25e-17 -2.25e-17
248500 0.0412381 0.0412381 -2.25e-17 -2.25e-17 0.0412381 0.0412381 -2.25e-17 -2.25e-17
248600 0.0412548 0.0412548 -2.25e-17 -2.25e-17 0.0412548 0.0412548 -2.25e-17 -2.25e-17
248700 0.0412715 0.0412715 -2.25e-17 -2.25e-17 0.0412715 0.0412715 -2.25e-17 -2.25e-17
248800 0.0412881 0.0412881 -2.25e-17 -2.25e-17 0.0412881 0.0412881 -2.25e-17 -2.25e-17
248900 0.0413048 0.0413048 -2.25e-17 -2.25e-17 0.0413048 0.0413048 -2.25e-17 -2.25e-17
249000 0.0413215 0.0413215 -2.25e-17 -2.25e-17 0.0413215 0.0413215 -2.25e-17 -2.25e-17
249100 0.0413381 0.0413381 -2.25e-17 -2.25e-17 0.0413381 0.0413381 -2.25e-17 -2.25e-17
249200 0.0413548 0.0413548 -2.25e-17 -2.25e-17 0.0413548 0.0413548 -2.25e-17 -2.25e-17
249300 0.0413715 0.0413715 -2.25e-17 -2.25e-17 0.0413715 0.0413715 -2.25e-17 -2.25e-17
249400 0.0413881 0.0413881 -2.25e-17 -2.25e-17 0.0413881 0.0413881 -2.25e-17 -2.25e-17
249500 0.0414048 0.0414048 -2.25e-17 -2.25e-17 0.0414048 0.0414048 -2.25e-17 -2.25e-17
249600 0.0414215 0.0414215 -2.25e-17 -2.25e-17 0.0414215 0.0414215 -2.25e-17 -2.25e-17
249700 0.0414381 0.0414381 -2.25e-17 -2.25e-17 0.0414381 0.0414381 -2.25e-17 -2.25e-17
249800 0.0414548 0.0414548 -2.25e-17 -2.25e-17 0.0414548 0.0414548 -2.25e-17 -2.25e-17
249900 0.0414715 0.0414715 -2.25e-17 -2.25e-17 0.0414715 0.0414715 -2.25e-17 -2.25e-17
250000 0.0414881 0.0414881 -2.25e-17 -2.25e-17 0.0414881 0.0414881 -2.25e-17 -2.25e-17
250100 0.0415048 0.0415048 -2.25e-17 -2.25e-17 0.0415048 0.0415048 -2.25e-17 -2.25e-17
250200 0.0415215 0.0415215 -2.25e-17 -2.25e-17 0.0415215 0.0415215 -2.25e-17 -2.25e-17
250300 0.0415381 0.0415381 -2.25e-17 -2.25e-17 0.0415381 0.0415381 -2.25e-17 -2.25e-17
250400 0.0415548 0.0415548 -2.25e-17 -2.25e-17 0.0415548 0.0415548 -2.25e-17 -2.25e-17
250500 0.0415715 0.0415715 -2.25e-17 -2.25e-17 0.0415715 0.0415715 -2.25e-17 -2.25e-17
250600 0.0415881 0.0415881 -2.25e-17 -2.25e-17 0.0415881 0.0415881 -2.25e-17 -2.25e-17
250700 0.0416048 0.0416048 -2.25e-17 -2.25e-17 0.0416048 0.0416048 -2.25e-17 -2.25e-17
250800 0.0416215 0.0416215 -2.25e-17 -2.25e-17 0.0416215 0.0416215 -2.25e-17 -2.25e-17
250900 0.0416381 0.0416381 -2.25e-17 -2.25e-17 0.0416381 0.0416381 -2.25e-17 -2.25e-17
251000 0.0416548 0.0416548 -2.25e-17 -2.25e-17 0.0416548 0.0416548 -2.25e-17 -2.25e-17
251100 0.0416715 0.0416715 -2.25e-17 -2.25e-17 0.0416715 0.0416715 -2.25e-17 -2.25e-17
251200 0.0416881 0.0416881 -2.25e-17 -2.25e-17 0.0416881 0.0416881 -2.25e-17 -2.25e-17
251300 0.0417048 0.0417048 -2.25e-17 -2.25e-17 0.0417048 0.0417048 -2.25e-17 -2.25e-17
251400 0.0417215 0.0417215 -2.25e-17 -2.25e-17 0.0417215 0.0417215 -2.25e-17 -2.25e-17
251500 0.0417381 0.0417381 -2.25e-17 -2.25e-17 0.0417381 0.0417381 -2.25e-17 -2.25e-17
251600 0.0417548 0.0417548 -2.25e-17 -2.25e-17 0.0417548 0.0417548 -2.25e-17 -2.25e-17
251700 0.0417715 0.0417715 -2.25e-17 -2.25e-17 0.0417715 0.0417715 -2.25e-17 -2.25e-17
251800 0.0417881 0.0417881 -2.25e-17 -2.25e-17 0.0417881 0.0417881 -2.25e-17 -2.25e-17
251900 0.0418048 0.0418048 -2.25e-17 -2.25e-17 0.0418048 0.0418048 -2.25e-17 -2.25e-17
252000 0.0418215 0.0418215 -2.25e-17 -2.25e-17 0.0418215 0.0418215 -2.25e-17 -2.25e-17
252100 0.0418381 0.0418381 -2.25e-17 -2.25e-17 0.0418381 0.0418381 -2.25e-17 -2.25e-17
252200 0.0418548 0.0418548 -2.25e-17 -2.25e-17 0.0418548 0.0418548 -2.25e-17 -2.25e-17
252300 0.0418715 0.0418715 -2.25e-17 -2.25e-17 0.0418715 0.0418715 -2.25e-17 -2.25e-17
252400 0.0418881 0.0418881 -2.25e-17 -2.25e-17 0.0418881 0.0418881 -2.25e-17 -2.25e-17
252500 0.0419048 0.0419048 -2.25e-17 -2.25e-17 0.0419048 0.0419048 -2.25e-17 -2.25e-17
252600 0.0419215 0.0419215 -2.25e-17 -2.25e-17 0.0419215 0.0419215 -2.25e-17 -2.25e-17
252700 0.0419381 0.0419381 -2.25e-17 -2.25e-17 0.0419381 0.0419381 -2.25e-17 -2.25e-17
252800 0.0419548 0.0419548 -2.25e-17 -2.25e-17 0.0419548 0.0419548 -2.25e-17 -2.25e-17
252900 0.0419715 0.0419715 -2.25e-17 -2.25e-17 0.0419715 0.0419715 -2.25e-17 -2.25e-17
253000 0.0419881 0.0419881 -2.25e-17 -2.25e-17 0.0419881 0.0419881 -2.25e-17 -2.25e-17
253100 0.0420048 0.0420048 -2.25e-17 -2.25e-17 0.0420048 0.0420048 -2.25e-17 -2.25e-17
253200 0.0420215 0.0420215 -2.25e-17 -2.25e-17 0.0420215 0.0420215 -2.25e-17 -2.25e-17
253300 0.0420381 0.0420381 -2.25e-17 -2.25e-17 0.0420381 0.0420381 -2.25e-17 -2.25e-17
253400 0.0420548 0.0420548 -2.25e-17 -2.25e-17 0.0420548 0.0420548 -2.25e-17 -2.25e-17
253500 0.0420715 0.0420715 -2.25e-17 -2.25e-17 0.0420715 0.0420715 -2.25e-17 -2.25e-17
253600 0.0420881 0.0420881 -2.25e-17 -2.25e-17 0.0420881 0.0420881 -2.25e-17 -2.25e-17
253700 0.0421048 0.0421048 -2.25e-17 -2.25e-17 0.0421048 0.0421048 -2.25e-17 -2.25e-17
253800 0.0421215 0.0421215 -2.25e-17 -2.25e-17 0.0421215 0.0421215 -2.25e-17 -2.25e-17
253900 0.0421381 0.0421381 -2.25e-17 -2.25e-17 0.0421381 0.0421381 -2.25e-17 -2.25e-17
254000 0.0421548 0.0421548 -2.25e-17 -2.25e-17 0.0421548 0.0421548 -2.25e-17 -2.25e-17
254100 0.0421715 0.0421715 -2.25e-17 -2.25e-17 0.0421715 0.0421715 -2.25e-17 -2.25e-17
254200 0.0421881 0.0421881 -2.25e-17 -2.25e-17 0.0421881 0.0421881 -2.25e-17 -2.25e-17
254300 0.0422048 0.0422048 -2.25e-17 -2.25e-17 0.0422048 0.0422048 -2.25e-17 -2.25e-17
254400 0.0422215 0.0422215 -2.25e-17 -2.25e-17 0.0422215 0.0422215 -2.25e-17 -2.25e-17
254500 0.0422381 0.0422381 -2.25e-17 -2.25e-17 0.0422381 0.0422381 -2.25e-17 -2.25e-17
254600 0.0422548 0.0422548 -2.25e-17 -2.25e-17 0.0422548 0.0422548 -2.25e-17 -2.25e-17
254700 0.0422715 0.0422715 -2.25e-17 -2.25e-17 0.0422715 0.0422715 -2.25e-17 -2.25e-17
254800 0.0422881 0.0422881 -2.25e-17 -2.25e-17 0.0422881 0.0422881 -2.25e-17 -2.25e-17
254900 0.0423048 0.0423048 -2.25e-17 -2.25e-17 0.0423048 0.0423048 -2.25e-17 -2.25e-17
255000 0.0423215 0.0423215 -2.25e-17 -2.25e-17 0.0423215 0.0423215 -2.25e-17 -2.25e-17
255100 0.0423382 0.0423382 -2.25e-17 -2.25e-17 0.0423382 0.0423382 -2.25e-17 -2.25e-17
255200 0.0423548 0.0423548 -2.25e-17 -2.25e-17 0.0423548 0.0423548 -2.25e-17 -2.25e-17
255300 0.0423715 0.0423715 -2.25e-17 -2.25e-17 0.0423715 0.0423715 -2.25e-17 -2.25e-17
255400 0.0423882 0.0423882 -2.25e-17 -2.25e-17 0.0423882 0.0423882 -2.25e-17 -2.25e-17
255500 0.0424048 0.0424048 -2.25e-17 -2.25e-17 0.0424048 0.0424048 -2.25e-17 -2.25e-17
255600 0.0424215 0.0424215 -2.25e-17 -2.25e-17 0.0424215 0.0424215 -2.25e-17 -2.25e-17
255700 0.0424382 0.0424382 -2.25e-17 -2.25e-17 0.0424382 0.0424382 -2.25e-17 -2.25e-17
255800 0.0424548 0.0424548 -2.25e-17 -2.25e-17 0.0424548 0.0424548 -2.25e-17 -2.25e-17
255900 0.0424715 0.0424715 -2.25e-17 -2.25e-17 0.0424715 0.0424715 -2.25e-17 -2.25e-17
256000 0.0424882 0.0424882 -2.25e-17 -2.25e-17 0.0424882 0.0424882 -2.25e-17 -2.25e-17
256100 0.0425048 0.0425048 -2.25e-17 -2.25e-17 0.0425048 0.0425048 -2.25e-17 -2.25e-17
256200 0.0425215 0.0425215 -2.25e-17 -2.25e-17 0.0425215 0.0425215 -2.25e-17 -2.25e-17
256300 0.0425382 0.0425382 -2.25e-17 -2.25e-17 0.0425382 0.0425382 -2.25e-17 -2.25e-17
256400 0.0425548 0.0425548 -2.25e-17 -2.25e-17 0.0425548 0.0425548 -2.25e-17 -2.25e-17
256500 0.0425715 0.0425715 -2.25e-17 -2.25e-17 0.0425715 0.0425715 -2.25e-17 -2.25e-17
256600 0.0425882 0.0425882 -2.25e-17 -2.25e-17 0.0425882 0.0425882 -2.25e-17 -2.25e-17
256700 0.0426048 0.0426048 -2.25e-17 -2.25e-17 0.0426048 0.0426048 -2.25e-17 -2.25e-17
256800 0.0426215 0.0426215 -2.25e-17 -2.25e-17 0.0426215 0.0426215 -2.25e-17 -2.25e-17
256900 0.0426382 0.0426382 -2.25e-17 -2.25e-17 0.0426382 0.0426382 -2.25e-17 -2.25e-17
257000 0.0426548 0.0426548 -2.25e-17 -2.25e-17 0.0426548 0.0426548 -2.25e-17 -2.25e-17
257100 0.0426715 0.0426715 -2.25e-17 -2.25e-17 0.0426715 0.0426715 -2.25e-17 -2.25e-17
257200 0.0426882 0.0426882 -2.25e-17 -2.25e-17 0.0426882 0.0426882 -2.25e-17 -2.25e-17
257300 0.0427048 0.0427048 -2.25e-17 -2.25e-17 0.0427048 0.0427048 -2.25e-17 -2.25e-17
257400 0.0427215 0.0427215 -2.25e-17 -2.25e-17 0.0427215 0.0427215 -2.25e-17 -2.25e-17
257500 0.0427382 0.0427382 -2.25e-17 -2.25e-17 0.0427382 0.0427382 -2.25e-17 -2.25e-17
257600 0.0427548 0.0427548 -2.25e-17 -2.25e-17 0.0427548 0.0427548 -2.25e-17 -2.25e-17
257700 0.0427715 0.0427715 -2.25e-17 -2.25e-17 0.0427715 0.0427715 -2.25e-17 -2.25e-17
257800 0.0427882 0.0427882 -2.25e-17 -2.25e-17 0.0427882 0.0427882 -2.25e-17 -2.25e-17
257900 0.0428048 0.0428048 -2.25e-17 -2.25e-17 0.0428048 0.0428048 -2.25e-17 -2.25e-17
258000 0.0428215 0.0428215 -2.25e-17 -2.25e-17 0.0428215 0.0428215 -2.25e-17 -2.25e-17
258100 0.0428382 0.0428382 -2.25e-17 -2.25e-17 0.0428382 0.0428382 -2.25e-17 -2.25e-17
258200 0.0428548 0.0428548 -2.25e-17 -2.25e-17 0.0428548 0.0428548 -2.25e-17 -2.25e-17
258300 0.0428715 0.0428715 -2.25e-17 -2.25e-17 0.0428715 0.0428715 -2.25e-17 -2.25e-17
258400 0.0428882 0.0428882 -2.25e-17 -2.25e-17 0.0428882 0.0428882 -2.25e-17 -2.25e-17
258500 0.0429048 0.0429048 -2.25e-17 -2.25e-17 0.0429048 0.0429048 -2.25e-17 -2.25e-17
258600 0.0429215 0.0429215 -2.25e-17 -2.25e-17 0.0429215 0.0429215 -2.25e-17 -2.25e-17
258700 0.0429382 0.0429382 -2.25e-17 -2.25e-17 0.0429382 0.0429382 -2.25e-17 -2.25e-17
258800 0.0429548 0.0429548 -2.25e-17 -2.25e-17 0.0429548 0.0429548 -2.25e-17 -2.25e-17
258900 0.0429715 0.0429715 -2.25e-17 -2.25e-17 0.0429715 0.0429715 -2.25e-17 -2.25e-17
259000 0.0429882 0.0429882 -2.25e-17 -2.25e-17 0.0429882 0.0429882 -2.25e-17 -2.25e-17
259100 0.0430048 0.0430048 -2.25e-17 -2.25e-17 0.0430048 0.0430048 -2.25e-17 -2.25e-17
259200 0.0430215 0.0430215 -2.25e-17 -2.25e-17 0.0430215 0.0430215 -2.25e-17 -2.25e-17
259300 0.0430382 0.0430382 -2.25e-17 -2.25e-17 0.0430382 0.0430382 -2.25e-17 -2.25e-17
259400 0.0430548 0.0430548 -2.25e-17 -2.25e-17 0.0430548 0.0430548 -2.25e-17 -2.25e-17
259500 0.0430715 0.0430715 -2.25e-17 -2.25e-17 0.0430715 0.0430715 -2.25e-17 -2.25e-17
259600 0.0430882 0.0430882 -2.25e-17 -2.25e-17 0.0430882 0.0430882 -2.25e-17 -2.25e-17
259700 0.0431048 0.0431048 -2.25e-17 -2.25e-17 0.0431048 0.0431048 -2.25e-17 -2.25e-17
259800 0.0431215 0.0431215 -2.25e-17 -2.25e-17 0.0431215 0.0431215 -2.25e-17 -2.25e-17
259900 0.0431382 0.0431382 -2.25e-17 -2.25e-17 0.0431382 0.0431382 -2.25e-17 -2.25e-17
260000 0.0431548 0.0431548 -2.25e-17 -2.25e-17 0.0431548 0.0431548 -2.25e-17 -2.25e-17
260100 0.0431715 0.0431715 -2.25e-17 -2.25e-17 0.0431715 0.0431715 -2.25e-17 -2.25e-17
260200 0.0431882 0.0431882 -2.25e-17 -2.25e-17 0.0431882 0.0431882 -2.25e-17 -2.25e-17
260300 0.0432048 0.0432048 -2.25e-17 -2.25e-17 0.0432048 0.0432048 -2.25e-17 -2.25e-17
260400 0.0432215 0.0432215 -2.25e-17 -2.25e-17 0.0432215 0.0432215 -2.25e-17 -2.25e-17
260500 0.0432382 0.0432382 -2.25e-17 -2.25e-17 0.0432382 0.0432382 -2.25e-17 -2.25e-17
260600 0.0432548 0.0432548 -2.25e-17 -2.25e-17 0.0432548 0.0432548 -2.25e-17 -2.25e-17
260700 0.0432715 0.0432715 -2.25e-17 -2.25e-17 0.0432715 0.0432715 -2.25e-17 -2.25e-17
260800 0.0432882 0.0432882 -2.25e-17 -2.25e-17 0.0432882 0.0432882 -2.25e-17 -2.25e-17
260900 0.0433048 0.0433048 -2.25e-17 -2.25e-17 0.0433048 0.0433048 -2.25e-17 -2.25e-17
261000 0.0433215 0.0433215 -2.25e-17 -2.25e-17 0.0433215 0.0433215 -2.25e-17 -2.25e-17
261100 0.0433382 0.0433382 -2.25e-17 -2.25e-17 0.0433382 0.0433382 -2.25e-17 -2.25e-17
261200 0.0433548 0.0433548 -2.25e-17 -2.25e-17 0.0433548 0.0433548 -2.25e-17 -2.25e-17
261300 0.0433715 0.0433715 -2.25e-17 -2.25e-17 0.0433715 0.0433715 -2.25e-17 -2.25e-17
261400 0.0433882 0.0433882 -2.25e-17 -2.25e-17 0.0433882 0.0433882 -2.25e-17 -2.25e-17
261500 0.0434048 0.0434048 -2.25e-17 -2.25e-17 0.0434048 0.0434048 -2.25e-17 -2.25e-17
261600 0.0434215 0.0434215 -2.25e-17 -2.25e-17 0.0434215 0.0434215 -2.25e-17 -2.25e-17
261700 0.0434382 0.0434382 -2.25e-17 -2.25e-17 0.0434382 0.0434382 -2.25e-17 -2.25e-17
261800 0.0434548 0.0434548 -2.25e-17 -2.25e-17 0.0434548 0.0434548 -2.25e-17 -2.25e-17
261900 0.0434715 0.0434715 -2.25e-17 -2.25e-17 0.0434715 0.0434715 -2.25e-17 -2.25e-17
262000 0.0434882 0.0434882 -2.25e-17 -2.25e-17 0.0434882 0.0434882 -2.25e-17 -2.25e-17
262100 0.0435048 0.0435048 -2.25e-17 -2.25e-17 0.0435048 0.0435048 -2.25e-17 -2.25e-17
262200 0.0435215 0.0435215 -2.25e-17 -2.25e-17 0.0435215 0.0435215 -2.25e-17 -2.25e-17
262300 0.0435382 0.0435382 -2.25e-17 -2.25e-17 0.0435382 0.0435382 -2.25e-17 -2.25e-17
262400 0.0435548 0.0435548 -2.25e-17 -2.25e-17 0.0435548 0.0435548 -2.25e-17 -2.25e-17
262500 0.0435715 0.0435715 -2.25e-17 -2.25e-17 0.0435715 0.0435715 -2.25e-17 -2.25e-17
262600 0.0435882 0.0435882 -2.25e-17 -2.25e-17 0.0435882 0.0435882 -2.25e-17 -2.25e-17
262700 0.0436048 0.0436048 -2.25e-17 -2.25e-17 0.0436048 0.0436048 -2.25e-17 -2.25e-17
262800 0.0436215 0.0436215 -2.25e-17 -2.25e-17 0.0436215 0.0436215 -2.25e-17 -2.25e-17
262900 0.0436382 0.0436382 -2.25e-17 -2.25e-17 0.0436382 0.0436382 -2.25e-17 -2.25e-17
263000 0.0436548 0.0436548 -2.25e-17 -2.25e-17 0.0436548 0.0436548 -2.25e-17 -2.25e-17
263100 0.0436715 0.0436715 -2.25e-17 -2.25e-17 0.0436715 0.0436715 -2.25e-17 -2.25e-17
263200 0.0436882 0.0436882 -2.25e-17 -2.25e-17 0.0436882 0.0436882 -2.25e-17 -2.25e-17
263300 0.0437048 0.0437048 -2.25e-17 -2.25e-17 0.0437048 0.0437048 -2.25e-17 -2.25e-17
263400 0.0437215 0.0437215 -2.25e-17 -2.25e-17 0.0437215 0.0437215 -2.25e-17 -2.25e-17
263500 0.0437382 0.0437382 -2.25e-17 -2.25e-17 0.0437382 0.0437382 -2.25e-17 -2.25e-17
263600 0.0437548 0.0437548 -2.25e-17 -2.25e-17 0.0437548 0.0437548 -2.25e-17 -2.25e-17
263700 0.0437715 0.0437715 -2.25e-17 -2.25e-17 0.0437715 0.0437715 -2.25e-17 -2.25e-17
263800 0.0437882 0.0437882 -2.25e-17 -2.25e-17 0.0437882 0.0437882 -2.25e-17 -2.25e-17
263900 0.0438048 0.0438048 -2.25e-17 -2.25e-17 0.0438048 0.0438048 -2.25e-17 -2.25e-17
264000 0.0438215 0.0438215 -2.25e-17 -2.25e-17 0.0438215 0.0438215 -2.25e-17 -2.25e-17
264100 0.0438382 0.0438382 -2.25e-17 -2.25e-17 0.0438382 0.0438382 -2.25e-17 -2.25e-17
264200 0.0438548 0.0438548 -2.25e-17 -2.25e-17 0.0438548 0.0438548 -2.25e-17 -2.25e-17
264300 0.0438715 0.0438715 -2.25e-17 -2.25e-17 0.0438715 0.0438715 -2.25e-17 -2.25e-17
264400 0.0438882 0.0438882 -2.25e-17 -2.25e-17 0.0438882 0.0438882 -2.25e-17 -2.25e-17
264500 0.0439048 0.0439048 -2.25e-17 -2.25e-17 0.0439048 0.0439048 -2.25e-17 -2.25e-17
264600 0.0439215 0.0439215 -2.25e-17 -2.25e-17 0.0439215 0.0439215 -2.25e-17 -2.25e-17
264700 0.0439382 0.0439382 -2.25e-17 -2.25e-17 0.0439382 0.0439382 -2.25e-17 -2.25e-17
264800 0.0439548 0.0439548 -2.25e-17 -2.25e-17 0.0439548 0.0439548 -2.25e-17 -2.25e-17
264900 0.0439715 0.0439715 -2.25e-17 -2.25e-17 0.0439715 0.0439715 -2.25e-17 -2.25e-17
265000 0.0439882 0.0439882 -2.25e-17 -2.25e-17 0.0439882 0.0439882 -2.25e-17 -2.25e-17
265100 0.0440048 0.0440048 -2.25e-17 -2.25e-17 0.0440048 0.0440048 -2.25e-17 -2.25e-17
265200 0.0440215 0.0440215 -2.25e-17 -2.25e-17 0.0440215 0.0440215 -2.25e-17 -2.25e-17
265300 0.0440382 0.0440382 -2.25e-17 -2.25e-17 0.0440382 0.0440382 -2.25e-17 -2.25e-17
265400 0.0440548 0.0440548 -2.25e-17 -2.25e-17 0.0440548 0.0440548 -2.25e-17 -2.25e-17
265500 0.0440715 0.0440715 -2.25e-17 -2.25e-17 0.0440715 0.0440715 -2.25e-17 -2.25e-17
265600 0.0440882 0.0440882 -2.25e-17 -2.25e-17 0.0440882 0.0440882 -2.25e-17 -2.25e-17
265700 0.0441048 0.0441048 -2.25e-17 -2.25e-17 0.0441048 0.0441048 -2.25e-17 -2.25e-17
265800 0.0441215 0.0441215 -2.25e-17 -2.25e-17 0.0441215 0.0441215 -2.25e-17 -2.25e-17
265900 0.0441382 0.0441382 -2.25e-17 -2.25e-17 0.0441382 0.0441382 -2.25e-17 -2.25e-17
266000 0.0441548 0.0441548 -2.25e-17 -2.25e-17 0.0441548 0.0441548 -2.25e-17 -2.25e-17
266100 0.0441715 0.0441715 -2.25e-17 -2.25e-17 0.0441715 0.0441715 -2.25e-17 -2.25e-17
266200 0.0441882 0.0441882 -2.25e-17 -2.25e-17 0.0441882 0.0441882 -2.25e-17 -2.25e-17
266300 0.0442049 0.0442049 -2.25e-17 -2.25e-17 0.0442049 0.0442049 -2.25e-17 -2.25e-17
266400 0.0442215 0.0442215 -2.25e-17 -2.25e-17 0.0442215 0.0442215 -2.25e-17 -2.25e-17
266500 0.0442382 0.0442382 -2.25e-17 -2.25e-17 0.0442382 0.0442382 -2.25e-17 -2.25e-17
266600 0.0442549 0.0442549 -2.25e-17 -2.25e-17 0.0442549 0.0442549 -2.25e-17 -2.25e-17
266700 0.0442715 0.0442715 -2.25e-17 -2.25e-17 0.0442715 0.0442715 -2.25e-17 -2.25e-17
266800 0.0442882 0.0442882 -2.25e-17 -2.25e-17 0.0442882 0.0442882 -2.25e-17 -2.25e-17
266900 0.0443049 0.0443049 -2.25e-17 -2.25e-17 0.0443049 0.0443049 -2.25e-17 -2.25e-17
267000 0.0443215 0.0443215 -2.25e-17 -2.25e-17 0.0443215 0.0443215 -2.25e-17 -2.25e-17
267100 0.0443382 0.0443382 -2.25e-17 -2.25e-17 0.0443382 0.0443382 -2.25e-17 -2.25e-17
267200 0.0443549 0.0443549 -2.25e-17 -2.25e-17 0.0443549 0.0443549 -2.25e-17 -2.25e-17
267300 0.0443715 0.0443715 -2.25e-17 -2.25e-17 0.0443715 0.0443715 -2.25e-17 -2.25e-17
267400 0.0443882 0.0443882 -2.25e-17 -2.25e-17 0.0443882 0.0443882 -2.25e-17 -2.25e-17
267500 0.0444049 0.0444049 -2.25e-17 -2.25e-17 0.0444049 0.0444049 -2.25e-17 -2.25e-17
267600 0.0444215 0.0444215 -2.25e-17 -2.25e-17 0.0444215 0.0444215 -2.25e-17 -2.25e-17
267700 0.0444382 0.0444382 -2.25e-17 -2.25e-17 0.0444382 0.0444382 -2.25e-17 -2.25e-17
267800 0.0444549 0.0444549 -2.25e-17 -2.25e-17 0.0444549 0.0444549 -2.25e-17 -2.25e-17
267900 0.0444715 0.0444715 -2.25e-17 -2.25e-17 0.0444715 0.0444715 -2.25e-17 -2.25e-17
268000 0.0444882 0.0444882 -2.25e-17 -2.25e-17 0.0444882 0.0444882 -2.25e-17 -2.25e-17
268100 0.0445049 0.0445049 -2.25e-17 -2.25e-17 0.0445049 0.0445049 -2.25e-17 -2.25e-17
268200 0.0445215 0.0445215 -2.25e-17 -2.25e-17 0.0445215 0.0445215 -2.25e-17 -2.25e-17
268300 0.0445382 0.0445382 -2.25e-17 -2.25e-17 0.0445382 0.0445382 -2.25e-17 -2.25e-17
268400 0.0445549 0.0445549 -2.25e-17 -2.25e-17 0.0445549 0.0445549 -2.25e-17 -2.25e-17
268500 0.0445715 0.0445715 -2.25e-17 -2.25e-17 0.0445715 0.0445715 -2.25e-17 -2.25e-17
268600 0.0445882 0.0445882 -2.25e-17 -2.25e-17 0.0445882 0.0445882 -2.25e-17 -2.25e-17
268700 0.0446049 0.0446049 -2.25e-17 -2.25e-17 0.0446049 0.0446049 -2.25e-17 -2.25e-17
268800 0.0446215 0.0446215 -2.25e-17 -2.25e-17 0.0446215 0.0446215 -2.25e-17 -2.25e-17
268900 0.0446382 0.0446382 -2.25e-17 -2.25e-17 0.0446382 0.0446382 -2.25e-17 -2.25e-17
269000 0.0446549 0.0446549 -2.25e-17 -2.25e-17 0.0446549 0.0446549 -2.25e-17 -2.25e-17
269100 0.0446715 0.0446715 -2.25e-17 -2.25e-17 0.0446715 0.0446715 -2.25e-17 -2.25e-17
269200 0.0446882 0.0446882 -2.25e-17 -2.25e-17 0.0446882 0.0446882 -2.25e-17 -2.25e-17
269300 0.0447049 0.0447049 -2.25e-17 -2.25e-17 0.0447049 0.0447049 -2.25e-17 -2.25e-17
269400 0.0447215 0.0447215 -2.25e-17 -2.25e-17 0.0447215 0.0447215 -2.25e-17 -2.25e-17
269500 0.0447382 0.0447382 -2.25e-17 -2.25e-17 0.0447382 0.0447382 -2.25e-17 -2.25e-17
269600 0.0447549 0.0447549 -2.25e-17 -2.25e-17 0.0447549 0.0447549 -2.25e-17 -2.25e-17
269700 0.0447715 0.0447715 -2.25e-17 -2.25e-17 0.0447715 0.0447715 -2.25e-17 -2.25e-17
269800 0.0447882 0.0447882 -2.25e-17 -2.25e-17 0.0447882 0.0447882 -2.25e-17 -2.25e-17
269900 0.0448049 0.0448049 -2.25e-17 -2.25e-17 0.0448049 0.0448049 -2.25e-17 -2.25e-17
270000 0.0448215 0.0448215 -2.25e-17 -2.25e-17 0.0448215 0.0448215 -2.25e-17 -2.25e-17
270100 0.0448382 0.0448382 -2.25e-17 -2.25e-17 0.0448382 0.0448382 -2.25e-17 -2.25e-17
270200 0.0448549 0.0448549 -2.25e-17 -2.25e-17 0.0448549 0.0448549 -2.25e-17 -2.25e-17
270300 0.0448715 0.0448715 -2.25e-17 -2.25e-17 0.0448715 0.0448715 -2.25e-17 -2.25e-17
270400 0.0448882 0.0448882 -2.25e-17 -2.25e-17 0.0448882 0.0448882 -2.25e-17 -2.25e-17
270500 0.0449049 0.0449049 -2.25e-17 -2.25e-17 0.0449049 0.0449049 -2.25e-17 -2.25e-17
270600 0.0449215 0.0449215 -2.25e-17 -2.25e-17 0.0449215 0.0449215 -2.25e-17 -2.25e-17
270700 0.0449382 0.0449382 -2.25e-17 -2.25e-17 0.0449382 0.0449382 -2.25e-17 -2.25e-17
270800 0.0449549 0.0449549 -2.25e-17 -2.25e-17 0.0449549 0.0449549 -2.25e-17 -2.25e-17
270900 0.0449715 0.0449715 -2.25e-17 -2.25e-17 0.0449715 0.0449715 -2.25e-17 -2.25e-17
271000 0.0449882 0.0449882 -2.25e-17 -2.25e-17 0.0449882 0.0449882 -2.25e-17 -2.25e-17
271100 0.0450049 0.0450049 -2.25e-17 -2.25e-17 0.0450049 0.0450049 -2.25e-17 -2.25e-17
271200 0.0450215 0.0450215 -2.25e-17 -2.25e-17 0.0450215 0.0450215 -2.25e-17 -2.25e-17
271300 0.0450382 0.0450382 -2.25e-17 -2.25e-17 0.0450382 0.0450382 -2.25e-17 -2.25e-17
271400 0.0450549 0.0450549 -2.25e-17 -2.25e-17 0.0450549 0.0450549 -2.25e-17 -2.25e-17
271500 0.0450715 0.0450715 -2.25e-17 -2.25e-17 0.0450715 0.0450715 -2.25e-17 -2.25e-17
271600 0.0450882 0.0450882 -2.25e-17 -2.25e-17 0.0450882 0.0450882 -2.25e-17 -2.25e-17
271700 0.0451049 0.0451049 -2.25e-17 -2.25e-17 0.0451049 0.0451049 -2.25e-17 -2.25e-17
271800 0.0451215 0.0451215 -2.25e-17 -2.25e-17 0.0451215 0.0451215 -2.25e-17 -2.25e-17
271900 0.0451382 0.0451382 -2.25e-17 -2.25e-17 0.0451382 0.0451382 -2.25e-17 -2.25e-17
272000 0.0451549 0.0451549 -2.25e-17 -2.25e-17 0.0451549 0.0451549 -2.25e-17 -2.25e-17
272100 0.0451715 0.0451715 -2.25e-17 -2.25e-17 0.0451715 0.0451715 -2.25e-17 -2.25e-17
272200 0.0451882 0.0451882 -2.25e-17 -2.25e-17 0.0451882 0.0451882 -2.25e-17 -2.25e-17
272300 0.0452049 0.0452049 -2.25e-17 -2.25e-17 0.0452049 0.0452049 -2.25e-17 -2.25e-17
272400 0.0452215 0.0452215 -2.25e-17 -2.25e-17 0.0452215 0.0452215 -2.25e-17 -2.25e-17
272500 0.0452382 0.0452382 -2.25e-17 -2.25e-17 0.0452382 0.0452382 -2.25e-17 -2.25e-17
272600 0.0452549 0.0452549 -2.25e-17 -2.25e-17 0.0452549 0.0452549 -2.25e-17 -2.25e-17
272700 0.0452715 0.0452715 -2.25e-17 -2.25e-17 0.0452715 0.0452715 -2.25e-17 -2.25e-17
272800 0.0452882 0.0452882 -2.25e-17 -2.25e-17 0.0452882 0.0452882 -2.25e-17 -2.25e-17
272900 0.0453049 0.0453049 -2.25e-17 -2.25e-17 0.0453049 0.0453049 -2.25e-17 -2.25e-17
273000 0.0453215 0.0453215 -2.25e-17 -2.25e-17 0.0453215 0.0453215 -2.25e-17 -2.25e-17
273100 0.0453382 0.0453382 -2.25e-17 -2.25e-17 0.0453382 0.0453382 -2.25e-17 -2.25e-17
273200 0.0453549 0.0453549 -2.25e-17 -2.25e-17 0.0453549 0.0453549 -2.25e-17 -2.25e-17
273300 0.0453715 0.0453715 -2.25e-17 -2.25e-17 0.0453715 0.0453715 -2.25e-17 -2.25e-17
273400 0.0453882 0.0453882 -2.25e-17 -2.25e-17 0.0453882 0.0453882 -2.25e-17 -2.25e-17
273500 0.0454049 0.0454049 -2.25e-17 -2.25e-17 0.0454049 0.0454049 -2.25e-17 -2.25e-17
273600 0.0454215 0.0454215 -2.25e-17 -2.25e-17 0.0454215 0.0454215 -2.25e-17 -2.25e-17
273700 0.0454382 0.0454382 -2.25e-17 -2.25e-17 0.0454382 0.0454382 -2.25e-17 -2.25e-17
273800 0.0454549 0.0454549 -2.25e-17 -2.25e-17 0.0454549 0.0454549 -2.25e-17 -2.25e-17
273900 0.0454715 0.0454715 -2.25e-17 -2.25e-17 0.0454715 0.0454715 -2.25e-17 -2.25e-17
274000 0.0454882 0.0454882 -2.25e-17 -2.25e-17 0.0454882 0.0454882 -2.25e-17 -2.25e-17
274100 0.0455049 0.0455049 -2.25e-17 -2.25e-17 0.0455049 0.0455049 -2.25e-17 -2.25e-17
274200 0.0455215 0.0455215 -2.25e-17 -2.25e-17 0.0455215 0.0455215 -2.25e-17 -2.25e-17
274300 0.0455382 0.0455382 -2.25e-17 -2.25e-17 0.0455382 0.0455382 -2.25e-17 -2.25e-17
274400 0.0455549 0.0455549 -2.25e-17 -2.25e-17 0.0455549 0.0455549 -2.25e-17 -2.25e-17
274500 0.0455715 0.0455715 -2.25e-17 -2.25e-17 0.0455715 0.0455715 -2.25e-17 -2.25e-17
274600 0.0455882 0.0455882 -2.25e-17 -2.25e-17 0.0455882 0.0455882 -2.25e-17 -2.25e-17
274700 0.0456049 0.0456049 -2.25e-17 -2.25e-17 0.0456049 0.0456049 -2.25e-17 -2.25e-17
274800 0.0456215 0.0456215 -2.25e-17 -2.25e-17 0.0456215 0.0456215 -2.25e-17 -2.25e-17
274900 0.0456382 0.0456382 -2.25e-17 -2.25e-17 0.0456382 0.0456382 -2.25e-17 -2.25e-17
275000 0.0456549 0.0456549 -2.25e-17 -2.25e-17 0.0456549 0.0456549 -2.25e-17 -2.25e-17
275100 0.0456715 0.0456715 -2.25e-17 -2.25e-17 0.0456715 0.0456715 -2.25e-17 -2.25e-17
275200 0.0456882 0.0456882 -2.25e-17 -2.25e-17 0.0456882 0.0456882 -2.25e-17 -2.25e-17
275300 0.0457049 0.0457049 -2.25e-17 -2.25e-17 0.0457049 0.0457049 -2.25e-17 -2.25e-17
275400 0.0457215 0.0457215 -2.25e-17 -2.25e-17 0.0457215 0.0457215 -2.25e-17 -2.25e-17
275500 0.0457382 0.0457382 -2.25e-17 -2.25e-17 0.0457382 0.0457382 -2.25e-17 -2.25e-17
275600 0.0457549 0.0457549 -2.25e-17 -2.25e-17 0.0457549 0.0457549 -2.25e-17 -2.25e-17
275700 0.0457715 0.0457715 -2.25e-17 -2.25e-17 0.0457715 0.0457715 -2.25e-17 -2.25e-17
275800 0.0457882 0.0457882 -2.25e-17 -2.25e-17 0.0457882 0.0457882 -2.25e-17 -2.25e-17
275900 0.0458049 0.0458049 -2.25e-17 -2.25e-17 0.0458049 0.0458049 -2.25e-17 -2.25e-17
276000 0.0458215 0.0458215 -2.25e-17 -2.25e-17 0.0458215 0.0458215 -2.25e-17 -2.25e-17
276100 0.0458382 0.0458382 -2.25e-17 -2.25e-17 0.0458382 0.0458382 -2.25e-17 -2.25e-17
276200 0.0458549 0.0458549 -2.25e-17 -2.25e-17 0.0458549 0.0458549 -2.25e-17 -2.25e-17
276300 0.0458715 0.0458715 -2.25e-17 -2.25e-17 0.0458715 0.0458715 -2.25e-17 -2.25e-17
276400 0.0458882 0.0458882 -2.25e-17 -2.25e-17 0.0458882 0.0458882 -2.25e-17 -2.25e-17
276500 0.0459049 0.0459049 -2.25e-17 -2.25e-17 0.0459049 0.0459049 -2.25e-17 -2.25e-17
276600 0.0459215 0.0459215 -2.25e-17 -2.25e-17 0.0459215 0.0459215 -2.25e-17 -2.25e-17
276700 0.0459382 0.0459382 -2.25e-17 -2.25e-17 0.0459382 0.0459382 -2.25e-17 -2.25e-17
276800 0.0459549 0.0459549 -2.25e-17 -2.25e-17 0.0459549 0.0459549 -2.25e-17 -2.25e-17
276900 0.0459715 0.0459715 -2.25e-17 -2.25e-17 0.0459715 0.0459715 -2.25e-17 -2.25e-17
277000 0.0459882 0.0459882 -2.25e-17 -2.25e-17 0.0459882 0.0459882 -2.25e-17 -2.25e-17
277100 0.0460049 0.0460049 -2.25e-17 -2.25e-17 0.0460049 0.0460049 -2.25e-17 -2.25e-17
277200 0.0460215 0.0460215 -2.25e-17 -2.25e-17 0.0460215 0.0460215 -2.25e-17 -2.25e-17
277300 0.0460382 0.0460382 -2.25e-17 -2.25e-17 0.0460382 0.0460382 -2.25e-17 -2.25e-17
277400 0.0460549 0.0460549 -2.25e-17 -2.25e-17 0.0460549 0.0460549 -2.25e-17 -2.25e-17
277500 0.0460715 0.0460715 -2.25e-17 -2.25e-17 0.0460715 0.0460715 -2.25e-17 -2.25e-17
277600 0.0460882 0.0460882 -2.25e-17 -2.25e-17 0.0460882 0.0460882 -2.25e-17 -2.25e-17
277700 0.0461049 0.0461049 -2.25e-17 -2.25e-17 0.0461049 0.0461049 -2.25e-17 -2.25e-17
277800 0.0461216 0.0461216 -2.25e-17 -2.25e-17 0.0461216 0.0461216 -2.25e-17 -2.25e-17
277900 0.0461382 0.0461382 -2.25e-17 -2.25e-17 0.0461382 0.0461382 -2.25e-17 -2.25e-17
278000 0.0461549 0.0461549 -2.25e-17 -2.25e-17 0.0461549 0.0461549 -2.25e-17 -2.25e-17
278100 0.0461716 0.0461716 -2.25e-17 -2.25e-17 0.0461716 0.0461716 -2.25e-17 -2.25e-17
278200 0.0461882 0.0461882 -2.25e-17 -2.25e-17 0.0461882 0.0461882 -2.25e-17 -2.25e-17
278300 0.0462049 0.0462049 -2.25e-17 -2.25e-17 0.0462049 0.0462049 -2.25e-17 -2.25e-17
278400 0.0462216 0.0462216 -2.25e-17 -2.25e-17 0.0462216 0.0462216 -2.25e-17 -2.25e-17
278500 0.0462382 0.0462382 -2.25e-17 -2.25e-17 0.0462382 0.0462382 -2.25e-17 -2.25e-17
278600 0.0462549 0.0462549 -2.25e-17 -2.25e-17 0.0462549 0.0462549 -2.25e-17 -2.25e-17
278700 0.0462716 0.0462716 -2.25e-17 -2.25e-17 0.0462716 0.0462716 -2.25e-17 -2.25e-17
278800 0.0462882 0.0462882 -2.25e-17 -2.25e-17 0.0462882 0.0462882 -2.25e-17 -2.25e-17
278900 0.0463049 0.0463049 -2.25e-17 -2.25e-17 0.0463049 0.0463049 -2.25e-17 -2.25e-17
279000 0.0463216 0.0463216 -2.25e-17 -2.25e-17 0.0463216 0.0463216 -2.25e-17 -2.25e-17
279100 0.0463382 0.0463382 -2.25e-17 -2.25e-17 0.0463382 0.0463382 -2.25e-17 -2.25e-17
279200 0.0463549 0.0463549 -2.25e-17 -2.25e-17 0.0463549 0.0463549 -2.25e-17 -2.25e-17
279300 0.0463716 0.0463716 -2.25e-17 -2.25e-17 0.0463716 0.0463716 -2.25e-17 -2.25e-17
279400 0.0463882 0.0463882 -2.25e-17 -2.25e-17 0.0463882 0.0463882 -2.25e-17 -2.25e-17
279500 0.0464049 0.0464049 -2.25e-17 -2.25e-17 0.0464049 0.0464049 -2.25e-17 -2.25e-17
279600 0.0464216 0.0464216 -2.25e-17 -2.25e-17 0.0464216 0.0464216 -2.25e-17 -2.25e-17
279700 0.0464382 0.0464382 -2.25e-17 -2.25e-17 0.0464382 0.0464382 -2.25e-17 -2.25e-17
279800 0.0464549 0.0464549 -2.25e-17 -2.25e-17 0.0464549 0.0464549 -2.25e-17 -2.25e-17
279900 0.0464716 0.0464716 -2.25e-17 -2.25e-17 0.0464716 0.0464716 -2.25e-17 -2.25e-17
280000 0.0464882 0.0464882 -2.25e-17 -2.25e-17 0.0464882 0.0464882 -2.25e-17 -2.25e-17
280100 0.0465049 0.0465049 -2.25e-17 -2.25e-17 0.0465049 0.0465049 -2.25e-17 -2.25e-17
280200 0.0465216 0.0465216 -2.25e-17 -2.25e-17 0.0465216 0.0465216 -2.25e-17 -2.25e-17
280300 0.0465382 0.0465382 -2.25e-17 -2.25e-17 0.0465382 0.0465382 -2.25e-17 -2.25e-17
280400 0.0465549 0.0465549 -2.25e-17 -2.25e-17 0.0465549 0.0465549 -2.25e-17 -2.25e-17
280500 0.0465716 0.0465716 -2.25e-17 -2.25e-17 0.0465716 0.0465716 -2.25e-17 -2.25e-17
280600 0.0465882 0.0465882 -2.25e-17 -2.25e-17 0.0465882 0.0465882 -2.25e-17 -2.25e-17
280700 0.0466049 0.0466049 -2.25e-17 -2.25e-17 0.0466049 0.0466049 -2.25e-17 -2.25e-17
280800 0.0466216 0.0466216 -2.25e-17 -2.25e-17 0.0466216 0.0466216 -2.25e-17 -2.25e-17
280900 0.0466382 0.0466382 -2.25e-17 -2.25e-17 0.0466382 0.0466382 -2.25e-17 -2.25e-17
281000 0.0466549 0.0466549 -2.25e-17 -2.25e-17 0.0466549 0.0466549 -2.25e-17 -2.25e-17
281100 0.0466716 0.0466716 -2.25e-17 -2.25e-17 0.0466716 0.0466716 -2.25e-17 -2.25e-17
281200 0.0466882 0.0466882 -2.25e-17 -2.25e-17 0.0466882 0.0466882 -2.25e-17 -2.25e-17
281300 0.0467049 0.0467049 -2.25e-17 -2.25e-17 0.0467049 0.0467049 -2.25e-17 -2.25e-17
281400 0.0467216 0.0467216 -2.25e-17 -2.25e-17 0.0467216 0.0467216 -2.25e-17 -2.25e-17
281500 0.0467382 0.0467382 -2.25e-17 -2.25e-17 0.0467382 0.0467382 -2.25e-17 -2.25e-17
281600 0.0467549 0.0467549 -2.25e-17 -2.25e-17 0.0467549 0.0467549 -2.25e-17 -2.25e-17
281700 0.0467716 0.0467716 -2.25e-17 -2.25e-17 0.0467716 0.0467716 -2.25e-17 -2.25e-17
281800 0.0467882 0.0467882 -2.25e-17 -2.25e-17 0.0467882 0.0467882 -2.25e-17 -2.25e-17
281900 0.0468049 0.0468049 -2.25e-17 -2.25e-17 0.0468049 0.0468049 -2.25e-17 -2.25e-17
282000 0.0468216 0.0468216 -2.25e-17 -2.25e-17 0.0468216 0.0468216 -2.25e-17 -2.25e-17
282100 0.0468382 0.0468382 -2.25e-17 -2.25e-17 0.0468382 0.0468382 -2.25e-17 -2.25e-17
282200 0.0468549 0.0468549 -2.25e-17 -2.25e-17 0.0468549 0.0468549 -2.25e-17 -2.25e-17
282300 0.0468716 0.0468716 -2.25e-17 -2.25e-17 0.0468716 0.0468716 -2.25e-17 -2.25e-17
282400 0.0468882 0.0468882 -2.25e-17 -2.25e-17 0.0468882 0.0468882 -2.25e-17 -2.25e-17
282500 0.0469049 0.0469049 -2.25e-17 -2.25e-17 0.0469049 0.0469049 -2.25e-17 -2.25e-17
282600 0.0469216 0.0469216 -2.25e-17 -2.25e-17 0.0469216 0.0469216 -2.25e-17 -2.25e-17
282700 0.0469382 0.0469382 -2.25e-17 -2.25e-17 0.0469382 0.0469382 -2.25e-17 -2.25e-17
282800 0.0469549 0.0469549 -2.25e-17 -2.25e-17 0.0469549 0.0469549 -2.25e-17 -2.25e-17
282900 0.0469716 0.0469716 -2.25e-17 -2.25e-17 0.0469716 0.0469716 -2.25e-17 -2.25e-17
283000 0.0469882 0.0469882 -2.25e-17 -2.25e-17 0.0469882 0.0469882 -2.25e-17 -2.25e-17
283100 0.0470049 0.0470049 -2.25e-17 -2.25e-17 0.0470049 0.0470049 -2.25e-17 -2.25e-17
283200 0.0470216 0.0470216 -2.25e-17 -2.25e-17 0.0470216 0.0470216 -2.25e-17 -2.25e-17
283300 0.0470382 0.0470382 -2.25e-17 -2.25e-17 0.0470382 0.0470382 -2.25e-17 -2.25e-17
283400 0.0470549 0.0470549 -2.25e-17 -2.25e-17 0.0470549 0.0470549 -2.25e-17 -2.25e-17
283500 0.0470716 0.0470716 -2.25e-17 -2.25e-17 0.0470716 0.0470716 -2.25e-17 -2.25e-17
283600 0.0470882 0.0470882 -2.25e-17 -2.25e-17 0.0470882 0.0470882 -2.25e-17 -2.25e-17
283700 0.0471049 0.0471049 -2.25e-17 -2.25e-17 0.0471049 0.0471049 -2.25e-17 -2.25e-17
283800 0.0471216 0.0471216 -2.25e-17 -2.25e-17 0.0471216 0.0471216 -2.25e-17 -2.25e-17
283900 0.0471382 0.0471382 -2.25e-17 -2.25e-17 0.0471382 0.0471382 -2.25e-17 -2.25e-17
284000 0.0471549 0.0471549 -2.25e-17 -2.25e-17 0.0471549 0.0471549 -2.25e-17 -2.25e-17
284100 0.0471716 0.0471716 -2.25e-17 -2.25e-17 0.0471716 0.0471716 -2.25e-17 -2.25e-17
284200 0.0471882 0.0471882 -2.25e-17 -2.25e-17 0.0471882 0.0471882 -2.25e-17 -2.25e-17
284300 0.0472049 0.0472049 -2.25e-17 -2.25e-17 0.0472049 0.0472049 -2.25e-17 -2.25e-17
284400 0.0472216 0.0472216 -2.25e-17 -2.25e-17 0.0472216 0.0472216 -2.25e-17 -2.25e-17
284500 0.0472382 0.0472382 -2.25e-17 -2.25e-17 0.0472382 0.0472382 -2.25e-17 -2.25e-17
284600 0.0472549 0.0472549 -2.25e-17 -2.25e-17 0.0472549 0.0472549 -2.25e-17 -2.25e-17
284700 0.0472716 0.0472716 -2.25e-17 -2.25e-17 0.0472716 0.0472716 -2.25e-17 -2.25e-17
284800 0.0472882 0.0472882 -2.25e-17 -2.25e-17 0.0472882 0.0472882 -2.25e-17 -2.25e-17
284900 0.0473049 0.0473049 -2.25e-17 -2.25e-17 0.0473049 0.0473049 -2.25e-17 -2.25e-17
285000 0.0473216 0.0473216 -2.25e-17 -2.25e-17 0.0473216 0.0473216 -2.25e-17 -2.25e-17
285100 0.0473382 0.0473382 -2.25e-17 -2.25e-17 0.0473382 0.0473382 -2.25e-17 -2.25e-17
285200 0.0473549 0.0473549 -2.25e-17 -2.25e-17 0.0473549 0.0473549 -2.25e-17 -2.25e-17
285300 0.0473716 0.0473716 -2.25e-17 -2.25e-17 0.0473716 0.0473716 -2.25e-17 -2.25e-17
285400 0.0473882 0.0473882 -2.25e-17 -2.25e-17 0.0473882 0.0473882 -2.25e-17 -2.25e-17
285500 0.0474049 0.0474049 -2.25e-17 -2.25e-17 0.0474049 0.0474049 -2.25e-17 -2.25e-17
285600 0.0474216 0.0474216 -2.25e-17 -2.25e-17 0.0474216 0.0474216 -2.25e-17 -2.25e-17
285700 0.0474382 0.0474382 -2.25e-17 -2.25e-17 0.0474382 0.0474382 -2.25e-17 -2.25e-17
285800 0.0474549 0.0474549 -2.25e-17 -2.25e-17 0.0474549 0.0474549 -2.25e-17 -2.25e-17
285900 0.0474716 0.0474716 -2.25e-17 -2.25e-17 0.0474716 0.0474716 -2.25e-17 -2.25e-17
286000 0.0474882 0.0474882 -2.25e-17 -2.25e-17 0.0474882 0.0474882 -2.25e-17 -2.25e-17
286100 0.0475049 0.0475049 -2.25e-17 -2.25e-17 0.0475049 0.0475049 -2.25e-17 -2.25e-17
286200 0.0475216 0.0475216 -2.25e-17 -2.25e-17 0.0475216 0.0475216 -2.25e-17 -2.25e-17
286300 0.0475382 0.0475382 -2.25e-17 -2.25e-17 0.0475382 0.0475382 -2.25e-17 -2.25e-17
286400 0.0475549 0.0475549 -2.25e-17 -2.25e-17 0.0475549 0.0475549 -2.25e-17 -2.25e-17
286500 0.0475716 0.0475716 -2.25e-17 -2.25e-17 0.0475716 0.0475716 -2.25e-17 -2.25e-17
286600 0.0475882 0.0475882 -2.25e-17 -2.25e-17 0.0475882 0.0475882 -2.25e-17 -2.25e-17
286700 0.0476049 0.0476049 -2.25e-17 -2.25e-17 0.0476049 0.0476049 -2.25e-17 -2.25e-17
286800 0.0476216 0.0476216 -2.25e-17 -2.25e-17 0.0476216 0.0476216 -2.25e-17 -2.25e-17
286900 0.0476382 0.0476382 -2.25e-17 -2.25e-17 0.0476382 0.0476382 -2.25e-17 -2.25e-17
287000 0.0476549 0.0476549 -2.25e-17 -2.25e-17 0.0476549 0.0476549 -2.25e-17 -2.25e-17
287100 0.0476716 0.0476716 -2.25e-17 -2.25e-17 0.0476716 0.0476716 -2.25e-17 -2.25e-17
287200 0.0476882 0.0476882 -2.25e-17 -2.25e-17 0.0476882 0.0476882 -2.25e-17 -2.25e-17
287300 0.0477049 0.0477049 -2.25e-17 -2.25e-17 0.0477049 0.0477049 -2.25e-17 -2.25e-17
287400 0.0477216 0.0477216 -2.25e-17 -2.25e-17 0.0477216 0.0477216 -2.25e-17 -2.25e-17
287500 0.0477382 0.0477382 -2.25e-17 -2.25e-17 0.0477382 0.0477382 -2.25e-17 -2.25e-17
287600 0.0477549 0.0477549 -2.25e-17 -2.25e-17 0.0477549 0.0477549 -2.25e-17 -2.25e-17
287700 0.0477716 0.0477716 -2.25e-17 -2.25e-17 0.0477716 0.0477716 -2.25e-17 -2.25e-17
287800 0.0477882 0.0477882 -2.25e-17 -2.25e-17 0.0477882 0.0477882 -2.25e-17 -2.25e-17
287900 0.0478049 0.0478049 -2.25e-17 -2.25e-17 0.0478049 0.0478049 -2.25e-17 -2.25e-17
288000 0.0478216 0.0478216 -2.25e-17 -2.25e-17 0.0478216 0.0478216 -2.25e-17 -2.25e-17
288100 0.0478382 0.0478382 -2.25e-17 -2.25e-17 0.0478382 0.0478382 -2.25e-17 -2.25e-17
288200 0.0478549 0.0478549 -2.25e-17 -2.25e-17 0.0478549 0.0478549 -2.25e-17 -2.25e-17
288300 0.0478716 0.0478716 -2.25e-17 -2.25e-17 0.0478716 0.0478716 -2.25e-17 -2.25e-17
288400 0.0478882 0.0478882 -2.25e-17 -2.25e-17 0.0478882 0.0478882 -2.25e-17 -2.25e-17
288500 0.0479049 0.0479049 -2.25e-17 -2.25e-17 0.0479049 0.0479049 -2.25e-17 -2.25e-17
288600 0.0479216 0.0479216 -2.25e-17 -2.25e-17 0.0479216 0.0479216 -2.25e-17 -2.25e-17
288700 0.0479382 0.0479382 -2.25e-17 -2.25e-17 0.0479382 0.0479382 -2.25e-17 -2.25e-17
288800 0.0479549 0.0479549 -2.25e-17 -2.25e-17 0.0479549 0.0479549 -2.25e-17 -2.25e-17
288900 0.0479716 0.0479716 -2.25e-17 -2.25e-17 0.0479716 0.0479716 -2.25e-17 -2.25e-17
289000 0.0479882 0.0479882 -2.25e-17 -2.25e-17 0.0479882 0.0479882 -2.25e-17 -2.25e-17
289100 0.0480049 0.0480049 -2.25e-17 -2.25e-17 0.0480049 0.0480049 -2.25e-17 -2.25e-17
289200 0.0480216 0.0480216 -2.25e-17 -2.25e-17 0.0480216 0.0480216 -2.25e-17 -2.25e-17
289300 0.0480382 0.0480382 -2.25e-17 -2.25e-17 0.0480382 0.0480382 -2.25e-17 -2.25e-17
289400 0.0480549 0.0480549 -2.25e-17 -2.25e-17 0.0480549 0.0480549 -2.25e-17 -2.25e-17
289500 0.0480716 0.0480716 -2.25e-17 -2.25e-17 0.0480716 0.0480716 -2.25e-17 -2.25e-17
289600 0.0480882 0.0480882 -2.25e-17 -2.25e-17 0.0480882 0.0480882 -2.25e-17 -2.25e-17
289700 0.0481049 0.0481049 -2.25e-17 -2.25e-17 0.0481049 0.0481049 -2.25e-17 -2.25e-17
289800 0.0481216 0.0481216 -2.25e-17 -2.25e-17 0.0481216 0.0481216 -2.25e-17 -2.25e-17
289900 0.0481383 0.0481383 -2.25e-17 -2.25e-17 0.0481383 0.0481383 -2.25e-17 -2.25e-17
290000 0.0481549 0.0481549 -2.25e-17 -2.25e-17 0.0481549 0.0481549 -2.25e-17 -2.25e-17
290100 0.0481716 0.0481716 -2.25e-17 -2.25e-17 0.0481716 0.0481716 -2.25e-17 -2.25e-17
290200 0.0481883 0.0481883 -2.25e-17 -2.25e-17 0.0481883 0.0481883 -2.25e-17 -2.25e-17
290300 0.0482049 0.0482049 -2.25e-17 -2.25e-17 0.0482049 0.0482049 -2.25e-17 -2.25e-17
290400 0.0482216 0.0482216 -2.25e-17 -2.25e-17 0.0482216 0.0482216 -2.25e-17 -2.25e-17
290500 0.0482383 0.0482383 -2.25e-17 -2.25e-17 0.0482383 0.0482383 -2.25e-17 -2.25e-17
290600 0.0482549 0.0482549 -2.25e-17 -2.25e-17 0.0482549 0.0482549 -2.25e-17 -2.25e-17
290700 0.0482716 0.0482716 -2.25e-17 -2.25e-17 0.0482716 0.0482716 -2.25e-17 -2.25e-17
290800 0.0482883 0.0482883 -2.25e-17 -2.25e-17 0.0482883 0.0482883 -2.25e-17 -2.25e-17
290900 0.0483049 0.0483049 -2.25e-17 -2.25e-17 0.0483049 0.0483049 -2.25e-17 -2.25e-17
291000 0.0483216 0.0483216 -2.25e-17 -2.25e-17 0.0483216 0.0483216 -2.25e-17 -2.25e-17
291100 0.0483383 0.0483383 -2.25e-17 -2.25e-17 0.0483383 0.0483383 -2.25e-17 -2.25e-17
291200 0.0483549 0.0483549 -2.25e-17 -2.25e-17 0.0483549 0.0483549 -2.25e-17 -2.25e-17
291300 0.0483716 0.0483716 -2.25e-17 -2.25e-17 0.0483716 0.0483716 -2.25e-17 -2.25e-17
291400 0.0483883 0.0483883 -2.25e-17 -2.25e-17 0.0483883 0.0483883 -2.25e-17 -2.25e-17
291500 0.0484049 0.0484049 -2.25e-17 -2.25e-17 0.0484049 0.0484049 -2.25e-17 -2.25e-17
291600 0.0484216 0.0484216 -2.25e-17 -2.25e-17 0.0484216 0.0484216 -2.25e-17 -2.25e-17
291700 0.0484383 0.0484383 -2.25e-17 -2.25e-17 0.0484383 0.0484383 -2.25e-17 -2.25e-17
291800 0.0484549 0.0484549 -2.25e-17 -2.25e-17 0.0484549 0.0484549 -2.25e-17 -2.25e-17
291900 0.0484716 0.0484716 -2.25e-17 -2.25e-17 0.0484716 0.0484716 -2.25e-17 -2.25e-17
292000 0.0484883 0.0484883 -2.25e-17 -2.25e-17 0.0484883 0.0484883 -2.25e-17 -2.25e-17
292100 0.0485049 0.0485049 -2.25e-17 -2.25e-17 0.0485049 0.0485049 -2.25e-17 -2.25e-17
292200 0.0485216 0.0485216 -2.25e-17 -2.25e-17 0.0485216 0.0485216 -2.25e-17 -2.25e-17
292300 0.0485383 0.0485383 -2.25e-17 -2.25e-17 0.0485383 0.0485383 -2.25e-17 -2.25e-17
292400 0.0485549 0.0485549 -2.25e-17 -2.25e-17 0.0485549 0.0485549 -2.25e-17 -2.25e-17
292500 0.0485716 0.0485716 -2.25e-17 -2.25e-17 0.0485716 0.0485716 -2.25e-17 -2.25e-17
292600 0.0485883 0.0485883 -2.25e-17 -2.25e-17 0.0485883 0.0485883 -2.25e-17 -2.25e-17
292700 0.0486049 0.0486049 -2.25e-17 -2.25e-17 0.0486049 0.0486049 -2.25e-17 -2.25e-17
292800 0.0486216 0.0486216 -2.25e-17 -2.25e-17 0.0486216 0.0486216 -2.25e-17 -2.25e-17
292900 0.0486383 0.0486383 -2.25e-17 -2.25e-17 0.0486383 0.0486383 -2.25e-17 -2.25e-17
293000 0.0486549 0.0486549 -2.25e-17 -2.25e-17 0.0486549 0.0486549 -2.25e-17 -2.25e-17
293100 0.0486716 0.0486716 -2.25e-17 -2.25e-17 0.0486716 0.0486716 -2.25e-17 -2.25e-17
293200 0.0486883 0.0486883 -2.25e-17 -2.25e-17 0.0486883 0.0486883 -2.25e-17 -2.25e-17
293300 0.0487049 0.0487049 -2.25e-17 -2.25e-17 0.0487049 0.0487049 -2.25e-17 -2.25e-17
293400 0.0487216 0.0487216 -2.25e-17 -2.25e-17 0.0487216 0.0487216 -2.25e-17 -2.25e-17
293500 0.0487383 0.0487383 -2.25e-17 -2.25e-17 0.0487383 0.0487383 -2.25e-17 -2.25e-17
293600 0.0487549 0.0487549 -2.25e-17 -2.25e-17 0.0487549 0.0487549 -2.25e-17 -2.25e-17
293700 0.0487716 0.0487716 -2.25e-17 -2.25e-17 0.0487716 0.0487716 -2.25e-17 -2.25e-17
293800 0.0487883 0.0487883 -2.25e-17 -2.25e-17 0.0487883 0.0487883 -2.25e-17 -2.25e-17
293900 0.0488049 0.0488049 -2.25e-17 -2.25e-17 0.0488049 0.0488049 -2.25e-17 -2.25e-17
294000 0.0488216 0.0488216 -2.25e-17 -2.25e-17 0.0488216 0.0488216 -2.25e-17 -2.25e-17
294100 0.0488383 0.0488383 -2.25e-17 -2.25e-17 0.0488383 0.0488383 -2.25e-17 -2.25e-17
294200 0.0488549 0.0488549 -2.25e-17 -2.25e-17 0.0488549 0.0488549 -2.25e-17 -2.25e-17
294300 0.0488716 0.0488716 -2.25e-17 -2.25e-17 0.0488716 0.0488716 -2.25e-17 -2.25e-17
294400 0.0488883 0.0488883 -2.25e-17 -2.25e-17 0.0488883 0.0488883 -2.25e-17 -2.25e-17
294500 0.0489049 0.0489049 -2.25e-17 -2.25e-17 0.0489049 0.0489049 -2.25e-17 -2.25e-17
294600 0.0489216 0.0489216 -2.25e-17 -2.25e-17 0.0489216 0.0489216 -2.25e-17 -2.25e-17
294700 0.0489383 0.0489383 -2.25e-17 -2.25e-17 0.0489383 0.0489383 -2.25e-17 -2.25e-17
294800 0.0489549 0.0489549 -2.25e-17 -2.25e-17 0.0489549 0.0489549 -2.25e-17 -2.25e-17
294900 0.0489716 0.0489716 -2.25e-17 -2.25e-17 0.0489716 0.0489716 -2.25e-17 -2.25e-17
295000 0.0489883 0.0489883 -2.25e-17 -2.25e-17 0.0489883 0.0489883 -2.25e-17 -2.25e-17
295100 0.0490049 0.0490049 -2.25e-17 -2.25e-17 0.0490049 0.0490049 -2.25e-17 -2.25e-17
295200 0.0490216 0.0490216 -2.25e-17 -2.25e-17 0.0490216 0.0490216 -2.25e-17 -2.25e-17
295300 0.0490383 0.0490383 -2.25e-17 -2.25e-17 0.0490383 0.0490383 -2.25e-17 -2.25e-17
295400 0.0490549 0.0490549 -2.25e-17 -2.25e-17 0.0490549 0.0490549 -2.25e-17 -2.25e-17
295500 0.0490716 0.0490716 -2.25e-17 -2.25e-17 0.0490716 0.0490716 -2.25e-17 -2.25e-17
295600 0.0490883 0.0490883 -2.25e-17 -2.25e-17 0.0490883 0.0490883 -2.25e-17 -2.25e-17
295700 0.0491049 0.0491049 -2.25e-17 -2.25e-17 0.0491049 0.0491049 -2.25e-17 -2.25e-17
295800 0.0491216 0.0491216 -2.25e-17 -2.25e-17 0.0491216 0.0491216 -2.25e-17 -2.25e-17
295900 0.0491383 0.0491383 -2.25e-17 -2.25e-17 0.0491383 0.0491383 -2.25e-17 -2.25e-17
296000 0.0491549 0.0491549 -2.25e-17 -2.25e-17 0.0491549 0.0491549 -2.25e-17 -2.25e-17
296100 0.0491716 0.0491716 -2.25e-17 -2.25e-17 0.0491716 0.0491716 -2.25e-17 -2.25e-17
296200 0.0491883 0.0491883 -2.25e-17 -2.25e-17 0.0491883 0.0491883 -2.25e-17 -2.25e-17
296300 0.0492049 0.0492049 -2.25e-17 -2.25e-17 0.0492049 0.0492049 -2.25e-17 -2.25e-17
296400 0.0492216 0.0492216 -2.25e-17 -2.25e-17 0.0492216 0.0492216 -2.25e-17 -2.25e-17
296500 0.0492383 0.0492383 -2.25e-17 -2.25e-17 0.0492383 0.0492383 -2.25e-17 -2.25e-17
296600 0.0492549 0.0492549 -2.25e-17 -2.25e-17 0.0492549 0.0492549 -2.25e-17 -2.25e-17
296700 0.0492716 0.0492716 -2.25e-17 -2.25e-17 0.0492716 0.0492716 -2.25e-17 -2.25e-17
296800 0.0492883 0.0492883 -2.25e-17 -2.25e-17 0.0492883 0.0492883 -2.25e-17 -2.25e-17
296900 0.0493049 0.0493049 -2.25e-17 -2.25e-17 0.0493049 0.0493049 -2.25e-17 -2.25e-17
297000 0.0493216 0.0493216 -2.25e-17 -2.25e-17 0.0493216 0.0493216 -2.25e-17 -2.25e-17
297100 0.0493383 0.0493383 -2.25e-17 -2.25e-17 0.0493383 0.0493383 -2.25e-17 -2.25e-17
297200 0.0493549 0.0493549 -2.25e-17 -2.25e-17 0.0493549 0.0493549 -2.25e-17 -2.25e-17
297300 0.0493716 0.0493716 -2.25e-17 -2.25e-17 0.0493716 0.0493716 -2.25e-17 -2.25e-17
297400 0.0493883 0.0493883 -2.25e-17 -2.25e-17 0.0493883 0.0493883 -2.25e-17 -2.25e-17
297500 0.0494049 0.0494049 -2.25e-17 -2.25e-17 0.0494049 0.0494049 -2.25e-17 -2.25e-17
297600 0.0494216 0.0494216 -2.25e-17 -2.25e-17 0.0494216 0.0494216 -2.25e-17 -2.25e-17
297700 0.0494383 0.0494383 -2.25e-17 -2.25e-17 0.0494383 0.0494383 -2.25e-17 -2.25e-17
297800 0.0494549 0.0494549 -2.25e-17 -2.25e-17 0.0494549 0.0494549 -2.25e-17 -2.25e-17
297900 0.0494716 0.0494716 -2.25e-17 -2.25e-17 0.0494716 0.0494716 -2.25e-17 -2.25e-17
298000 0.0494883 0.0494883 -2.25e-17 -2.25e-17 0.0494883 0.0494883 -2.25e-17 -2.25e-17
298100 0.0495049 0.0495049 -2.25e-17 -2.25e-17 0.0495049 0.0495049 -2.25e-17 -2.25e-17
298200 0.0495216 0.0495216 -2.25e-17 -2.25e-17 0.0495216 0.0495216 -2.25e-17 -2.25e-17
298300 0.0495383 0.0495383 -2.25e-17 -2.25e-17 0.0495383 0.0495383 -2.25e-17 -2.25e-17
298400 0.0495549 0.0495549 -2.25e-17 -2.25e-17 0.0495549 0.0495549 -2.25e-17 -2.25e-17
298500 0.0495716 0.0495716 -2.25e-17 -2.25e-17 0.0495716 0.0495716 -2.25e-17 -2.25e-17
298600 0.0495883 0.0495883 -2.25e-17 -2.25e-17 0.0495883 0.0495883 -2.25e-17 -2.25e-17
298700 0.0496049 0.0496049 -2.25e-17 -2.25e-17 0.0496049 0.0496049 -2.25e-17 -2.25e-17
298800 0.0496216 0.0496216 -2.25e-17 -2.25e-17 0.0496216 0.0496216 -2.25e-17 -2.25e-17
298900 0.0496383 0.0496383 -2.25e-17 -2.25e-17 0.0496383 0.0496383 -2.25e-17 -2.25e-17
299000 0.0496549 0.0496549 -2.25e-17 -2.25e-17 0.0496549 0.0496549 -2.25e-17 -2.25e-17
299100 0.0496716 0.0496716 -2.25e-17 -2.25e-17 0.0496716 0.0496716 -2.25e-17 -2.25e-17
299200 0.0496883 0.0496883 -2.25e-17 -2.25e-17 0.0496883 0.0496883 -2.25e-17 -2.25e-17
299300 0.0497049 0.0497049 -2.25e-17 -2.25e-17 0.0497049 0.0497049 -2.25e-17 -2.25e-17
299400 0.0497216 0.0497216 -2.25e-17 -2.25e-17 0.0497216 0.0497216 -2.25e-17 -2.25e-17
299500 0.0497383 0.0497383 -2.25e-17 -2.25e-17 0.0497383 0.0497383 -2.25e-17 -2.25e-17
299600 0.0497549 0.0497549 -2.25e-17 -2.25e-17 0.0497549 0.0497549 -2.25e-17 -2.25e-17
299700 0.0497716 0.0497716 -2.25e-17 -2.25e-17 0.0497716 0.0497716 -2.25e-17 -2.25e-17
299800 0.0497883 0.0497883 -2.25e-17 -2.25e-17 0.0497883 0.0497883 -2.25e-17 -2.25e-17
299900 0.0498049 0.0498049 -2.25e-17 -2.25e-17 0.0498049 0.0498049 -2.25e-17 -2.25e-17
300000 0.0498216 0.0498216 -2.25e-17 -2.25e-17 0.0498216 0.0498216 -2.25e-17 -2.25e-17
300100 0.0498383 0.0498383 -2.25e-17 -2.25e-17 0.0498383 0.0498383 -2.25e-17 -2.25e-17
300200 0.0498549 0.0498549 -2.25e-17 -2.25e-17 0.0498549 0.0498549 -2.25e-17 -2.25e-17
300300 0.0498716 0.0498716 -2.25e-17 -2.25e-17 0.0498716 0.0498716 -2.25e-17 -2.25e-17
300400 0.0498883 0.0498883 -2.25e-17 -2.25e-17 0.0498883 0.0498883 -2.25e-17 -2.25e-17
300500 0.0499049 0.0499049 -2.25e-17 -2.25e-17 0.0499049 0.0499049 -2.25e-17 -2.25e-17
300600 0.0499216 0.0499216 -2.25e-17 -2.25e-17 0.0499216 0.0499216 -2.25e-17 -2.25e-17
