1 -1.55438e-07 -1.55438e-07 -1.11941e-06 2.70871e-23 5.29396e-23 2.11758e-22
2 -3.12794e-07 -3.12794e-07 -2.25275e-06 -1.17212e-23 0 1.05879e-22
3 -4.68265e-07 -4.68265e-07 -3.37228e-06 4.15593e-23 1.05879e-22 5.29396e-22
4 -6.25588e-07 -6.25588e-07 -4.50551e-06 3.02402e-24 0 4.23516e-22
5 -7.81092e-07 -7.81092e-07 -5.62514e-06 -1.02784e-22 2.11758e-22 1.05879e-21
6 -9.38383e-07 -9.38383e-07 -6.75826e-06 1.1041e-22 2.11758e-22 2.11758e-22
7 -1.09392e-06 -1.09392e-06 -7.87801e-06 -4.86003e-23 4.23516e-22 8.47033e-22
8 -1.25118e-06 -1.25118e-06 -9.01102e-06 6.03495e-24 4.23516e-22 0
9 -1.40674e-06 -1.40674e-06 -1.01309e-05 1.64405e-22 4.23516e-22 -8.47033e-22
10 -1.56397e-06 -1.56397e-06 -1.12638e-05 7.53578e-24 -4.23516e-22 -4.23516e-22
11 -1.71957e-06 -1.71957e-06 -1.23837e-05 6.83626e-24 -8.47033e-22 4.23516e-22
12 -1.87677e-06 -1.87677e-06 -1.35165e-05 2.20792e-22 -1.69407e-21 4.23516e-22
13 -2.03239e-06 -2.03239e-06 -1.46366e-05 2.72787e-22 -8.47033e-22 1.27055e-21
14 -2.18957e-06 -2.18957e-06 -1.57693e-05 -9.53504e-23 -1.69407e-21 1.69407e-21
15 -2.34522e-06 -2.34522e-06 -1.68895e-05 6.22844e-23 -8.47033e-22 8.47033e-22
16 -2.50236e-06 -2.50236e-06 -1.8022e-05 1.2021e-23 -1.69407e-21 0
17 -2.65804e-06 -2.65804e-06 -1.91423e-05 -2.54095e-22 -8.47033e-22 1.69407e-21
18 -2.81516e-06 -2.81516e-06 -2.02748e-05 -9.23685e-23 -1.69407e-21 0
19 -2.97086e-06 -2.97086e-06 -2.13952e-05 6.48038e-23 -1.69407e-21 1.69407e-21
20 -3.12796e-06 -3.12796e-06 -2.25276e-05 2.26756e-22 -2.5411e-21 1.69407e-21
21 -3.28369e-06 -3.28369e-06 -2.36481e-05 6.60673e-23 -8.47033e-22 0
22 -3.44076e-06 -3.44076e-06 -2.47803e-05 -7.24671e-22 0 8.47033e-22
23 -3.59651e-06 -3.59651e-06 -2.59009e-05 -2.50304e-22 0 1.69407e-21
24 -3.75356e-06 -3.75356e-06 -2.70331e-05 -1.93794e-22 -1.69407e-21 1.69407e-21
25 -3.90933e-06 -3.90933e-06 -2.81538e-05 -3.54915e-22 0 2.5411e-21
26 -4.06636e-06 -4.06636e-06 -2.92858e-05 -8.64346e-23 -8.47033e-22 1.69407e-21
27 -4.22215e-06 -4.22215e-06 -3.04066e-05 -2.47765e-22 -1.69407e-21 3.38813e-21
28 -4.37916e-06 -4.37916e-06 -3.15386e-05 -1.03787e-21 -3.38813e-21 1.69407e-21
29 -4.53497e-06 -4.53497e-06 -3.26595e-05 7.11447e-23 -3.38813e-21 3.38813e-21
30 -4.69196e-06 -4.69196e-06 -3.37914e-05 9.7531e-22 -1.69407e-21 0
31 -4.84779e-06 -4.84779e-06 -3.49124e-05 3.90057e-22 -3.38813e-21 -1.69407e-21
32 -5.00476e-06 -5.00476e-06 -3.60441e-05 2.3563e-22 -3.38813e-21 3.38813e-21
33 -5.16061e-06 -5.16061e-06 -3.71652e-05 2.85455e-22 -3.38813e-21 0
34 -5.31756e-06 -5.31756e-06 -3.82969e-05 -8.05361e-23 -1.69407e-21 3.38813e-21
35 -5.47343e-06 -5.47343e-06 -3.94181e-05 -3.0904e-23 -1.69407e-21 3.38813e-21
36 -5.63036e-06 -5.63036e-06 -4.05497e-05 -6.08462e-22 -1.69407e-21 0
37 -5.78625e-06 -5.78625e-06 -4.16709e-05 -7.70777e-22 -1.69407e-21 1.69407e-21
38 -5.94316e-06 -5.94316e-06 -4.28024e-05 -5.01115e-22 0 1.69407e-21
39 -6.09907e-06 -6.09907e-06 -4.39238e-05 -6.63616e-22 -1.69407e-21 3.38813e-21
40 -6.25596e-06 -6.25596e-06 -4.50552e-05 -1.45256e-21 -1.69407e-21 1.69407e-21
41 -6.41189e-06 -6.41189e-06 -4.61766e-05 -5.56452e-22 0 1.69407e-21
42 -6.56876e-06 -6.56876e-06 -4.7308e-05 -7.46685e-23 -1.69407e-21 0
43 -6.72471e-06 -6.72471e-06 -4.84295e-05 -2.57707e-23 -1.69407e-21 -1.69407e-21
44 -6.88157e-06 -6.88157e-06 -4.95607e-05 2.44431e-22 0 -1.69407e-21
45 -7.03753e-06 -7.03753e-06 -5.06823e-05 -3.4212e-22 1.69407e-21 0
46 -7.19437e-06 -7.19437e-06 -5.18135e-05 -2.83503e-22 1.69407e-21 0
47 -7.35035e-06 -7.35035e-06 -5.29352e-05 -2.34952e-22 0 1.69407e-21
48 -7.50717e-06 -7.50717e-06 -5.40663e-05 -3.87923e-22 1.69407e-21 3.38813e-21
49 -7.66316e-06 -7.66316e-06 -5.5188e-05 -1.61009e-21 3.38813e-21 0
50 -7.81997e-06 -7.81997e-06 -5.6319e-05 -7.04102e-22 -3.38813e-21 1.69407e-21
51 -7.97598e-06 -7.97598e-06 -5.74409e-05 -1.50292e-21 -1.69407e-21 0
52 -8.13278e-06 -8.13278e-06 -5.85718e-05 -1.7325e-22 0 0
53 -8.2888e-06 -8.2888e-06 -5.96938e-05 -9.7223e-22 -1.69407e-21 -3.38813e-21
54 -8.44558e-06 -8.44558e-06 -6.08246e-05 -6.59159e-23 -1.69407e-21 -5.0822e-21
55 -8.60162e-06 -8.60162e-06 -6.19466e-05 -8.65056e-22 -3.38813e-21 3.38813e-21
56 -8.75839e-06 -8.75839e-06 -6.30773e-05 -1.65265e-21 -6.77626e-21 6.77626e-21
57 -8.91443e-06 -8.91443e-06 -6.41995e-05 -7.5788e-22 0 3.38813e-21
58 -9.07119e-06 -9.07119e-06 -6.53301e-05 -1.54532e-21 -6.77626e-21 3.38813e-21
59 -9.22725e-06 -9.22725e-06 -6.64523e-05 -1.49774e-21 -3.38813e-21 6.77626e-21
60 -9.38399e-06 -9.38399e-06 -6.75829e-05 2.56079e-22 3.38813e-21 6.77626e-21
61 -9.54007e-06 -9.54007e-06 -6.87052e-05 1.15054e-21 0 6.77626e-21
62 -9.6968e-06 -9.6968e-06 -6.98356e-05 -6.01084e-23 -3.38813e-21 0
63 -9.85288e-06 -9.85288e-06 -7.0958e-05 3.3753e-21 3.38813e-21 3.38813e-21
64 -1.00096e-05 -1.00096e-05 -7.20884e-05 2.58832e-21 0 -3.38813e-21
65 -1.01657e-05 -1.01657e-05 -7.32109e-05 -3.29167e-22 3.38813e-21 6.77626e-21
66 -1.03224e-05 -1.03224e-05 -7.43412e-05 1.54546e-22 3.38813e-21 -3.38813e-21
67 -1.04785e-05 -1.04785e-05 -7.54637e-05 -2.33957e-21 3.38813e-21 1.01644e-20
68 -1.06352e-05 -1.06352e-05 -7.6594e-05 -3.54978e-21 0 -3.38813e-21
69 -1.07913e-05 -1.07913e-05 -7.77166e-05 -3.50293e-21 0 -6.77626e-21
70 -1.0948e-05 -1.0948e-05 -7.88467e-05 -1.74839e-21 -3.38813e-21 1.01644e-20
71 -1.11041e-05 -1.11041e-05 -7.99694e-05 -2.54872e-21 6.77626e-21 -6.77626e-21
72 -1.12608e-05 -1.12608e-05 -8.10995e-05 -3.70513e-22 0 -6.77626e-21
73 -1.1417e-05 -1.1417e-05 -8.22222e-05 5.23082e-22 3.38813e-21 3.38813e-21
74 -1.15736e-05 -1.15736e-05 -8.33523e-05 5.83843e-22 0 -3.38813e-21
75 -1.17298e-05 -1.17298e-05 -8.44751e-05 1.4773e-21 0 -6.77626e-21
76 -1.18864e-05 -1.18864e-05 -8.56051e-05 6.91165e-22 0 0
77 -1.20426e-05 -1.20426e-05 -8.67279e-05 2.85504e-21 -3.38813e-21 -3.38813e-21
78 -1.21992e-05 -1.21992e-05 -8.78578e-05 2.49255e-21 0 3.38813e-21
79 -1.23554e-05 -1.23554e-05 -8.89808e-05 4.23277e-21 -3.38813e-21 6.77626e-21
80 -1.25121e-05 -1.25121e-05 -9.01106e-05 2.59987e-21 -6.77626e-21 0
81 -1.26682e-05 -1.26682e-05 -9.12336e-05 -3.18721e-22 -6.77626e-21 6.77626e-21
82 -1.28249e-05 -1.28249e-05 -9.23634e-05 1.01312e-21 -6.77626e-21 1.01644e-20
83 -1.2981e-05 -1.2981e-05 -9.34865e-05 1.48253e-21 -6.77626e-21 0
84 -1.31377e-05 -1.31377e-05 -9.46162e-05 2.39099e-21 0 3.38813e-21
85 -1.32938e-05 -1.32938e-05 -9.57393e-05 1.58972e-21 -6.77626e-21 -3.38813e-21
86 -1.34505e-05 -1.34505e-05 -9.68689e-05 2.49831e-21 -6.77626e-21 -1.01644e-20
87 -1.36067e-05 -1.36067e-05 -9.79922e-05 3.8145e-21 -1.01644e-20 3.38813e-21
88 -1.37633e-05 -1.37633e-05 -9.91217e-05 3.45266e-21 3.38813e-21 -3.38813e-21
89 -1.39195e-05 -1.39195e-05 -0.000100245 9.57073e-22 0 -1.01644e-20
90 -1.40761e-05 -1.40761e-05 -0.000101374 3.13646e-21 -6.77626e-21 3.38813e-21
91 -1.42323e-05 -1.42323e-05 -0.000102498 4.02888e-21 -3.38813e-21 0
92 -1.43889e-05 -1.43889e-05 -0.000103627 3.24377e-21 0 -3.38813e-21
93 -1.45451e-05 -1.45451e-05 -0.000104751 3.71256e-21 -3.38813e-21 -3.38813e-21
94 -1.47017e-05 -1.47017e-05 -0.00010588 1.23351e-21 -6.77626e-21 1.35525e-20
95 -1.48579e-05 -1.48579e-05 -0.000107004 4.24327e-21 0 1.35525e-20
96 -1.50145e-05 -1.50145e-05 -0.000108133 7.69357e-21 -3.38813e-21 1.35525e-20
97 -1.51707e-05 -1.51707e-05 -0.000109256 9.85618e-21 6.77626e-21 1.35525e-20
98 -1.53273e-05 -1.53273e-05 -0.000110386 -3.21055e-21 -3.38813e-21 1.35525e-20
99 -1.54835e-05 -1.54835e-05 -0.000111509 6.46008e-22 -3.38813e-21 6.77626e-21
100 -1.56401e-05 -1.56401e-05 -0.000112638 -5.62139e-22 0 -3.38813e-21
101 -1.57964e-05 -1.57964e-05 -0.000113762 1.60024e-21 3.38813e-21 0
102 -1.59529e-05 -1.59529e-05 -0.000114891 -8.07812e-21 -1.01644e-20 3.38813e-21
103 -1.61092e-05 -1.61092e-05 -0.000116015 -5.06883e-21 0 0
104 -1.62657e-05 -1.62657e-05 -0.000117144 3.04062e-21 0 0
105 -1.6422e-05 -1.6422e-05 -0.000118268 1.20565e-22 -6.77626e-21 0
106 -1.65786e-05 -1.65786e-05 -0.000119397 1.45386e-21 0 0
107 -1.67348e-05 -1.67348e-05 -0.000120521 1.92183e-21 3.38813e-21 3.38813e-21
108 -1.68914e-05 -1.68914e-05 -0.00012165 1.56117e-21 0 0
109 -1.70476e-05 -1.70476e-05 -0.000122773 -1.35911e-21 0 6.77626e-21
110 -1.72042e-05 -1.72042e-05 -0.000123902 -2.5587e-23 -6.77626e-21 6.77626e-21
111 -1.73604e-05 -1.73604e-05 -0.000125026 1.28919e-21 -1.35525e-20 0
112 -1.7517e-05 -1.7517e-05 -0.000126155 9.28754e-22 -6.77626e-21 6.77626e-21
113 -1.76732e-05 -1.76732e-05 -0.000127279 2.24342e-21 -6.77626e-21 -6.77626e-21
114 -1.78298e-05 -1.78298e-05 -0.000128408 1.89029e-22 0 -6.77626e-21
115 -1.7986e-05 -1.7986e-05 -0.000129532 -2.73157e-21 0 6.77626e-21
116 -1.81426e-05 -1.81426e-05 -0.000130661 -6.47993e-21 6.77626e-21 6.77626e-21
117 -1.82988e-05 -1.82988e-05 -0.000131785 -9.40064e-21 6.77626e-21 6.77626e-21
118 -1.84554e-05 -1.84554e-05 -0.000132913 -5.52559e-21 1.35525e-20 1.35525e-20
119 -1.86117e-05 -1.86117e-05 -0.000134038 -7.59937e-21 1.35525e-20 0
120 -1.87682e-05 -1.87682e-05 -0.000135166 -6.26531e-21 1.35525e-20 -6.77626e-21
121 -1.89245e-05 -1.89245e-05 -0.00013629 -5.7981e-21 6.77626e-21 1.35525e-20
122 -1.9081e-05 -1.9081e-05 -0.000137419 1.46529e-21 6.77626e-21 6.77626e-21
123 -1.92373e-05 -1.92373e-05 -0.000138543 -2.30277e-21 2.03288e-20 6.77626e-21
124 -1.93938e-05 -1.93938e-05 -0.000139672 -6.0507e-21 0 -6.77626e-21
125 -1.95501e-05 -1.95501e-05 -0.000140796 -3.88963e-21 0 -1.35525e-20
126 -1.97066e-05 -1.97066e-05 -0.000141925 2.52693e-21 6.77626e-21 -1.35525e-20
127 -1.98629e-05 -1.98629e-05 -0.000143049 4.6879e-21 6.77626e-21 0
128 -2.00195e-05 -2.00195e-05 -0.000144177 5.17533e-21 6.77626e-21 1.35525e-20
129 -2.01757e-05 -2.01757e-05 -0.000145302 8.18324e-21 6.77626e-21 1.35525e-20
130 -2.03323e-05 -2.03323e-05 -0.00014643 5.28264e-21 -6.77626e-21 0
131 -2.04885e-05 -2.04885e-05 -0.000147555 9.13747e-21 6.77626e-21 0
132 -2.06451e-05 -2.06451e-05 -0.000148683 9.62511e-21 0 0
133 -2.08013e-05 -2.08013e-05 -0.000149807 5.85655e-21 -6.77626e-21 6.77626e-21
134 -2.09579e-05 -2.09579e-05 -0.000150936 8.03834e-21 0 6.77626e-21
135 -2.11142e-05 -2.11142e-05 -0.00015206 9.35188e-21 -6.77626e-21 6.77626e-21
136 -2.12707e-05 -2.12707e-05 -0.000153189 1.06867e-20 -6.77626e-21 -6.77626e-21
137 -2.1427e-05 -2.1427e-05 -0.000154313 7.76502e-21 0 0
138 -2.15835e-05 -2.15835e-05 -0.000155441 4.01778e-21 0 -6.77626e-21
139 -2.17398e-05 -2.17398e-05 -0.000156566 2.79003e-21 0 6.77626e-21
140 -2.18963e-05 -2.18963e-05 -0.000157694 5.81915e-21 -6.77626e-21 -6.77626e-21
141 -2.20526e-05 -2.20526e-05 -0.000158819 -4.90894e-22 0 6.77626e-21
142 -2.22091e-05 -2.22091e-05 -0.000159947 -2.54388e-21 -6.77626e-21 6.77626e-21
143 -2.23654e-05 -2.23654e-05 -0.000161072 -1.23072e-21 0 0
144 -2.25219e-05 -2.25219e-05 -0.0001622 -5.82471e-21 0 6.77626e-21
145 -2.26782e-05 -2.26782e-05 -0.000163324 -4.51164e-21 -1.35525e-20 1.35525e-20
146 -2.28347e-05 -2.28347e-05 -0.000164452 -4.02334e-21 -6.77626e-21 2.03288e-20
147 -2.2991e-05 -2.2991e-05 -0.000165577 -4.40444e-21 -1.35525e-20 0
148 -2.31475e-05 -2.31475e-05 -0.000166705 -1.06923e-20 -1.35525e-20 0
149 -2.33038e-05 -2.33038e-05 -0.00016783 -5.99129e-21 -6.77626e-21 6.77626e-21
150 -2.34604e-05 -2.34604e-05 -0.000168958 -1.26765e-21 0 6.77626e-21
151 -2.36166e-05 -2.36166e-05 -0.000170083 -4.19002e-21 -6.77626e-21 6.77626e-21
152 -2.37732e-05 -2.37732e-05 -0.000171211 -2.85441e-21 -6.77626e-21 1.35525e-20
153 -2.39295e-05 -2.39295e-05 -0.000172336 2.69345e-21 6.77626e-21 1.35525e-20
154 -2.4086e-05 -2.4086e-05 -0.000173464 6.57025e-21 -1.35525e-20 -6.77626e-21
155 -2.42423e-05 -2.42423e-05 -0.000174589 3.6477e-21 -6.77626e-21 0
156 -2.43988e-05 -2.43988e-05 -0.000175716 4.98348e-21 0 6.77626e-21
157 -2.45551e-05 -2.45551e-05 -0.000176841 1.30723e-20 6.77626e-21 6.77626e-21
158 -2.47116e-05 -2.47116e-05 -0.000177969 9.32594e-21 6.77626e-21 6.77626e-21
159 -2.48679e-05 -2.48679e-05 -0.000179094 1.06384e-20 6.77626e-21 6.77626e-21
160 -2.50244e-05 -2.50244e-05 -0.000180222 7.73917e-21 0 0
161 -2.51807e-05 -2.51807e-05 -0.000181347 9.05152e-21 0 -6.77626e-21
162 -2.53372e-05 -2.53372e-05 -0.000182475 5.30537e-21 -6.77626e-21 6.77626e-21
163 -2.54935e-05 -2.54935e-05 -0.0001836 6.61764e-21 -6.77626e-21 0
164 -2.565e-05 -2.565e-05 -0.000184728 5.41267e-21 1.35525e-20 6.77626e-21
165 -2.58063e-05 -2.58063e-05 -0.000185853 5.87782e-21 6.77626e-21 -1.35525e-20
166 -2.59628e-05 -2.59628e-05 -0.00018698 -7.18553e-21 6.77626e-21 6.77626e-21
167 -2.61191e-05 -2.61191e-05 -0.000188106 2.5969e-21 6.77626e-21 6.77626e-21
168 -2.62757e-05 -2.62757e-05 -0.000189233 5.45058e-22 6.77626e-21 1.35525e-20
169 -2.64319e-05 -2.64319e-05 -0.000190358 -5.76622e-21 6.77626e-21 1.35525e-20
170 -2.65885e-05 -2.65885e-05 -0.000191486 -9.51204e-21 1.35525e-20 2.71051e-20
171 -2.67447e-05 -2.67447e-05 -0.000192611 -1.15882e-20 0 0
172 -2.69013e-05 -2.69013e-05 -0.000193739 -6.86365e-21 6.77626e-21 -6.77626e-21
173 -2.70576e-05 -2.70576e-05 -0.000194864 -7.24586e-21 2.03288e-20 0
174 -2.72141e-05 -2.72141e-05 -0.000195992 -8.27125e-22 -6.77626e-21 6.77626e-21
175 -2.73704e-05 -2.73704e-05 -0.000197117 1.33168e-21 0 6.77626e-21
176 -2.75269e-05 -2.75269e-05 -0.000198244 -1.08842e-20 2.03288e-20 0
177 -2.76832e-05 -2.76832e-05 -0.00019937 -1.55018e-20 1.35525e-20 0
178 -2.78397e-05 -2.78397e-05 -0.000200497 -9.9299e-21 2.03288e-20 -1.35525e-20
179 -2.7996e-05 -2.7996e-05 -0.000201623 -8.61828e-21 1.35525e-20 -6.77626e-21
180 -2.81525e-05 -2.81525e-05 -0.00020275 -1.15167e-20 3.38813e-20 6.77626e-21
181 -2.83088e-05 -2.83088e-05 -0.000203875 -1.02051e-20 2.71051e-20 0
182 -2.84653e-05 -2.84653e-05 -0.000205003 -2.09202e-21 3.38813e-20 0
183 -2.86216e-05 -2.86216e-05 -0.000206128 -5.86275e-21 1.35525e-20 -6.77626e-21
184 -2.87781e-05 -2.87781e-05 -0.000207256 -4.52583e-21 2.03288e-20 -1.35525e-20
185 -2.89344e-05 -2.89344e-05 -0.000208381 -5.75554e-21 2.03288e-20 -1.35525e-20
186 -2.90909e-05 -2.90909e-05 -0.000209508 -4.41854e-21 1.35525e-20 0
187 -2.92472e-05 -2.92472e-05 -0.000210634 -7.34239e-21 2.71051e-20 -6.77626e-21
188 -2.94038e-05 -2.94038e-05 -0.000211761 -1.10875e-20 2.03288e-20 -6.77626e-21
189 -2.956e-05 -2.956e-05 -0.000212887 -1.06233e-20 0 -1.35525e-20
190 -2.97166e-05 -2.97166e-05 -0.000214014 -1.60624e-20 3.38813e-20 6.77626e-21
191 -2.98729e-05 -2.98729e-05 -0.000215139 -9.66905e-21 6.77626e-21 -1.35525e-20
192 -3.00294e-05 -3.00294e-05 -0.000216267 -9.17886e-21 -1.35525e-20 0
193 -3.01857e-05 -3.01857e-05 -0.000217392 -7.86777e-21 0 6.77626e-21
194 -3.03422e-05 -3.03422e-05 -0.000218519 -6.53047e-21 -6.77626e-21 -6.77626e-21
195 -3.04985e-05 -3.04985e-05 -0.000219645 -8.60758e-21 -6.77626e-21 6.77626e-21
196 -3.0655e-05 -3.0655e-05 -0.000220772 -1.15054e-20 6.77626e-21 0
197 -3.08113e-05 -3.08113e-05 -0.000221898 -7.65333e-21 0 0
198 -3.09678e-05 -3.09678e-05 -0.000223025 -2.08073e-21 0 -1.35525e-20
199 -3.11241e-05 -3.11241e-05 -0.000224151 -5.00501e-21 2.03288e-20 -1.35525e-20
200 -3.12806e-05 -3.12806e-05 -0.000225278 -9.59674e-21 2.71051e-20 -1.35525e-20
201 -3.14369e-05 -3.14369e-05 -0.000226404 -1.0827e-20 6.77626e-21 -1.35525e-20
202 -3.15934e-05 -3.15934e-05 -0.000227531 -6.94835e-21 4.06576e-20 -6.77626e-21
203 -3.17497e-05 -3.17497e-05 -0.000228656 -1.32609e-20 6.77626e-21 -1.35525e-20
204 -3.19062e-05 -3.19062e-05 -0.000229783 2.4763e-21 1.35525e-20 -2.03288e-20
205 -3.20625e-05 -3.20625e-05 -0.000230909 1.14103e-20 2.71051e-20 -1.35525e-20
206 -3.22191e-05 -3.22191e-05 -0.000232036 8.51281e-21 2.03288e-20 6.77626e-21
207 -3.23753e-05 -3.23753e-05 -0.000233162 5.58827e-21 2.03288e-20 -6.77626e-21
208 -3.25319e-05 -3.25319e-05 -0.000234289 -7.47353e-21 -1.35525e-20 -2.03288e-20
209 -3.26881e-05 -3.26881e-05 -0.000235415 -3.62188e-21 -1.35525e-20 -6.77626e-21
210 -3.28447e-05 -3.28447e-05 -0.000236542 2.57056e-22 -2.71051e-20 0
211 -3.3001e-05 -3.3001e-05 -0.000237668 4.10864e-21 -2.03288e-20 -6.77626e-21
212 -3.31575e-05 -3.31575e-05 -0.000238795 2.90544e-21 -1.35525e-20 -6.77626e-21
213 -3.33138e-05 -3.33138e-05 -0.000239921 1.18392e-20 -2.71051e-20 -1.35525e-20
214 -3.34703e-05 -3.34703e-05 -0.000241047 4.71627e-22 -6.77626e-21 -1.35525e-20
215 -3.36266e-05 -3.36266e-05 -0.000242173 -7.59109e-22 -1.35525e-20 -1.35525e-20
216 -3.37831e-05 -3.37831e-05 -0.0002433 3.12001e-21 -1.35525e-20 -1.35525e-20
217 -3.39394e-05 -3.39394e-05 -0.000244426 -1.49892e-21 -1.35525e-20 0
218 -3.40959e-05 -3.40959e-05 -0.000245553 -7.78413e-21 0 2.71051e-20
219 -3.42522e-05 -3.42522e-05 -0.000246679 -2.23873e-21 0 1.35525e-20
220 -3.44087e-05 -3.44087e-05 -0.000247806 -6.82982e-21 1.35525e-20 2.71051e-20
221 -3.4565e-05 -3.4565e-05 -0.000248932 -9.7548e-21 0 0
222 -3.47215e-05 -3.47215e-05 -0.000250059 -4.18144e-21 1.35525e-20 1.35525e-20
223 -3.48778e-05 -3.48778e-05 -0.000251185 -7.10648e-21 1.35525e-20 0
224 -3.50343e-05 -3.50343e-05 -0.000252311 -1.00034e-20 0 1.35525e-20
225 -3.51906e-05 -3.51906e-05 -0.000253437 -6.15222e-21 0 2.71051e-20
226 -3.53472e-05 -3.53472e-05 -0.000254564 -7.355e-21 0 1.35525e-20
227 -3.55034e-05 -3.55034e-05 -0.00025569 -3.50389e-21 2.71051e-20 4.06576e-20
228 -3.566e-05 -3.566e-05 -0.000256817 -8.09475e-21 1.35525e-20 0
229 -3.58162e-05 -3.58162e-05 -0.000257943 -4.2437e-21 2.71051e-20 0
230 -3.59728e-05 -3.59728e-05 -0.00025907 1.32989e-21 1.35525e-20 2.71051e-20
231 -3.61291e-05 -3.61291e-05 -0.000260196 -1.59538e-21 1.35525e-20 -1.35525e-20
232 -3.62856e-05 -3.62856e-05 -0.000261323 7.3664e-21 -1.35525e-20 0
233 -3.64419e-05 -3.64419e-05 -0.000262449 1.12173e-20 0 -1.35525e-20
234 -3.65984e-05 -3.65984e-05 -0.000263575 6.62665e-21 -2.71051e-20 -2.71051e-20
235 -3.67547e-05 -3.67547e-05 -0.000264702 1.21716e-20 -1.35525e-20 -2.71051e-20
236 -3.69112e-05 -3.69112e-05 -0.000265828 7.58096e-21 -1.35525e-20 1.35525e-20
237 -3.70675e-05 -3.70675e-05 -0.000266954 1.2674e-21 -4.06576e-20 2.71051e-20
238 -3.7224e-05 -3.7224e-05 -0.000268081 6.84121e-21 0 0
239 -3.73803e-05 -3.73803e-05 -0.000269207 1.57742e-20 2.71051e-20 1.35525e-20
240 -3.75368e-05 -3.75368e-05 -0.000270334 7.79552e-21 2.71051e-20 -1.35525e-20
241 -3.76931e-05 -3.76931e-05 -0.00027146 1.16463e-20 2.71051e-20 0
242 -3.78496e-05 -3.78496e-05 -0.000272587 1.04439e-20 1.35525e-20 1.35525e-20
243 -3.80059e-05 -3.80059e-05 -0.000273713 7.51832e-21 0 0
244 -3.81625e-05 -3.81625e-05 -0.000274839 1.30923e-20 0 -1.35525e-20
245 -3.83187e-05 -3.83187e-05 -0.000275966 1.01667e-20 0 -1.35525e-20
246 -3.84753e-05 -3.84753e-05 -0.000277092 7.27032e-21 2.71051e-20 0
247 -3.86315e-05 -3.86315e-05 -0.000278218 1.2815e-20 1.35525e-20 -1.35525e-20
248 -3.87881e-05 -3.87881e-05 -0.000279345 9.9187e-21 1.35525e-20 -2.71051e-20
249 -3.89443e-05 -3.89443e-05 -0.000280471 2.16716e-22 0 -1.35525e-20
250 -3.91009e-05 -3.91009e-05 -0.000281598 1.25671e-20 0 0
251 -3.92572e-05 -3.92572e-05 -0.000282724 1.13354e-20 0 0
252 -3.94137e-05 -3.94137e-05 -0.000283851 1.52154e-20 1.35525e-20 -1.35525e-20
253 -3.957e-05 -3.957e-05 -0.000284977 1.22896e-20 0 0
254 -3.97265e-05 -3.97265e-05 -0.000286103 1.44757e-20 -1.35525e-20 1.35525e-20
255 -3.98828e-05 -3.98828e-05 -0.00028723 1.15498e-20 -1.35525e-20 1.35525e-20
256 -4.00393e-05 -4.00393e-05 -0.000288356 1.87747e-21 -4.06576e-20 1.35525e-20
257 -4.01956e-05 -4.01956e-05 -0.000289483 -4.43655e-21 1.35525e-20 -2.71051e-20
258 -4.03521e-05 -4.03521e-05 -0.000290609 6.21991e-21 0 0
259 -4.05084e-05 -4.05084e-05 -0.000291735 3.29398e-21 -1.35525e-20 1.35525e-20
260 -4.06649e-05 -4.06649e-05 -0.000292862 5.48015e-21 -1.35525e-20 1.35525e-20
261 -4.08212e-05 -4.08212e-05 -0.000293988 1.10245e-20 0 2.71051e-20
262 -4.09777e-05 -4.09777e-05 -0.000295115 8.12853e-21 1.35525e-20 1.35525e-20
263 -4.1134e-05 -4.1134e-05 -0.000296241 6.89657e-21 -1.35525e-20 1.35525e-20
264 -4.12906e-05 -4.12906e-05 -0.000297368 1.07769e-20 -1.35525e-20 0
265 -4.14468e-05 -4.14468e-05 -0.000298494 1.2933e-20 0 2.71051e-20
266 -4.16034e-05 -4.16034e-05 -0.00029962 1.00371e-20 -1.35525e-20 1.35525e-20
267 -4.17596e-05 -4.17596e-05 -0.000300747 7.11104e-21 -1.35525e-20 0
268 -4.19162e-05 -4.19162e-05 -0.000301873 2.52111e-21 0 4.06576e-20
269 -4.20725e-05 -4.20725e-05 -0.000302999 4.67718e-21 0 0
270 -4.2229e-05 -4.2229e-05 -0.000304126 -1.60678e-21 1.35525e-20 -4.06576e-20
271 -4.23853e-05 -4.23853e-05 -0.000305252 3.93738e-21 0 1.35525e-20
272 -4.25418e-05 -4.25418e-05 -0.000306379 2.73566e-21 1.35525e-20 -4.06576e-20
273 -4.26981e-05 -4.26981e-05 -0.000307505 1.50352e-21 -1.35525e-20 -1.35525e-20
274 -4.28546e-05 -4.28546e-05 -0.000308632 8.77216e-21 0 0
275 -4.30109e-05 -4.30109e-05 -0.000309758 -9.3034e-22 0 1.35525e-20
276 -4.31674e-05 -4.31674e-05 -0.000310884 -5.52013e-21 0 -1.35525e-20
277 -4.33237e-05 -4.33237e-05 -0.000312011 -1.01405e-20 1.35525e-20 1.35525e-20
278 -4.34802e-05 -4.34802e-05 -0.000313137 -1.1777e-21 0 -1.35525e-20
279 -4.36365e-05 -4.36365e-05 -0.000314264 -7.49213e-21 1.35525e-20 1.35525e-20
280 -4.3793e-05 -4.3793e-05 -0.00031539 4.8588e-21 2.71051e-20 5.42101e-20
281 -4.39493e-05 -4.39493e-05 -0.000316516 2.38406e-22 2.71051e-20 -1.35525e-20
282 -4.41059e-05 -4.41059e-05 -0.000317643 4.11904e-21 2.71051e-20 -1.35525e-20
283 -4.42621e-05 -4.42621e-05 -0.000318769 9.66301e-21 2.71051e-20 2.71051e-20
284 -4.44187e-05 -4.44187e-05 -0.000319896 1.01555e-20 2.71051e-20 2.71051e-20
285 -4.45749e-05 -4.45749e-05 -0.000321022 3.84102e-21 0 -1.35525e-20
286 -4.47315e-05 -4.47315e-05 -0.000322148 1.4498e-20 1.35525e-20 0
287 -4.48877e-05 -4.48877e-05 -0.000323275 8.18342e-21 2.71051e-20 1.35525e-20
288 -4.50443e-05 -4.50443e-05 -0.000324401 5.28788e-21 0 0
289 -4.52006e-05 -4.52006e-05 -0.000325528 9.13769e-21 0 0
290 -4.53571e-05 -4.53571e-05 -0.000326654 -5.34087e-22 0 1.35525e-20
291 -4.55134e-05 -4.55134e-05 -0.00032778 3.3157e-21 0 0
292 -4.56699e-05 -4.56699e-05 -0.000328907 5.50241e-21 1.35525e-20 1.35525e-20
293 -4.58262e-05 -4.58262e-05 -0.000330033 4.26998e-21 1.35525e-20 -2.71051e-20
294 -4.59827e-05 -4.59827e-05 -0.00033116 8.15078e-21 2.71051e-20 -1.35525e-20
295 -4.6139e-05 -4.6139e-05 -0.000332286 1.36946e-20 1.35525e-20 -2.71051e-20
296 -4.62955e-05 -4.62955e-05 -0.000333412 7.41101e-21 -1.35525e-20 -1.35525e-20
297 -4.64518e-05 -4.64518e-05 -0.000334539 1.29548e-20 -2.71051e-20 1.35525e-20
298 -4.66083e-05 -4.66083e-05 -0.000335665 1.00594e-20 -1.35525e-20 -1.35525e-20
299 -4.67646e-05 -4.67646e-05 -0.000336792 7.1328e-21 -2.71051e-20 1.35525e-20
300 -4.69211e-05 -4.69211e-05 -0.000337918 5.93147e-21 0 1.35525e-20
301 -4.70774e-05 -4.70774e-05 -0.000339045 3.00488e-21 0 0
302 -4.7234e-05 -4.7234e-05 -0.000340171 -4.97269e-21 -1.35525e-20 2.71051e-20
303 -4.73902e-05 -4.73902e-05 -0.000341297 -1.29815e-20 0 1.35525e-20
304 -4.75468e-05 -4.75468e-05 -0.000342424 -1.41828e-20 0 4.06576e-20
305 -4.7703e-05 -4.7703e-05 -0.00034355 -1.37213e-20 1.35525e-20 0
306 -4.78596e-05 -4.78596e-05 -0.000344676 -2.00048e-20 1.35525e-20 2.71051e-20
307 -4.80159e-05 -4.80159e-05 -0.000345803 -1.95433e-20 0 0
308 -4.81724e-05 -4.81724e-05 -0.000346929 1.27833e-21 -1.35525e-20 -5.42101e-20
309 -4.83287e-05 -4.83287e-05 -0.000348056 -8.4246e-21 -1.35525e-20 0
310 -4.84852e-05 -4.84852e-05 -0.000349182 -7.93177e-21 1.35525e-20 0
311 -4.86415e-05 -4.86415e-05 -0.000350309 4.38814e-21 1.35525e-20 -2.71051e-20
312 -4.8798e-05 -4.8798e-05 -0.000351435 3.18692e-21 0 0
313 -4.89543e-05 -4.89543e-05 -0.000352561 8.73055e-21 0 -1.35525e-20
314 -4.91108e-05 -4.91108e-05 -0.000353688 1.43056e-20 1.35525e-20 -1.35525e-20
315 -4.92671e-05 -4.92671e-05 -0.000354814 9.68483e-21 1.35525e-20 0
316 -4.94236e-05 -4.94236e-05 -0.00035594 5.09551e-21 0 1.35525e-20
317 -4.95799e-05 -4.95799e-05 -0.000357067 3.86284e-21 1.35525e-20 0
318 -4.97364e-05 -4.97364e-05 -0.000358193 -2.42053e-21 1.35525e-20 -2.71051e-20
319 -4.98927e-05 -4.98927e-05 -0.00035932 1.32875e-20 0 -1.35525e-20
320 -5.00492e-05 -5.00492e-05 -0.000360446 1.03922e-20 1.35525e-20 -4.06576e-20
321 -5.02055e-05 -5.02055e-05 -0.000361573 1.42417e-20 0 -1.35525e-20
322 -5.03621e-05 -5.03621e-05 -0.000362699 1.64287e-20 -1.35525e-20 0
323 -5.05183e-05 -5.05183e-05 -0.000363825 5.03162e-21 -4.06576e-20 -1.35525e-20
324 -5.06749e-05 -5.06749e-05 -0.000364952 1.23008e-20 0 -1.35525e-20
325 -5.08311e-05 -5.08311e-05 -0.000366078 1.44562e-20 -1.35525e-20 -2.71051e-20
326 -5.09877e-05 -5.09877e-05 -0.000367205 1.1561e-20 2.71051e-20 -1.35525e-20
327 -5.1144e-05 -5.1144e-05 -0.000368331 8.63425e-21 1.35525e-20 2.71051e-20
328 -5.13005e-05 -5.13005e-05 -0.000369457 7.43313e-21 1.35525e-20 1.35525e-20
329 -5.14568e-05 -5.14568e-05 -0.000370584 6.2004e-21 1.35525e-20 0
330 -5.16133e-05 -5.16133e-05 -0.00037171 1.61116e-21 2.71051e-20 2.71051e-20
331 -5.17696e-05 -5.17696e-05 -0.000372837 -1.31565e-21 1.35525e-20 1.35525e-20
332 -5.19261e-05 -5.19261e-05 -0.000373963 -1.09871e-20 -1.35525e-20 -4.06576e-20
333 -5.20824e-05 -5.20824e-05 -0.00037509 -3.74949e-21 1.35525e-20 2.71051e-20
334 -5.22389e-05 -5.22389e-05 -0.000376216 -8.33873e-21 0 -1.35525e-20
335 -5.23952e-05 -5.23952e-05 -0.000377342 -1.12655e-20 0 0
336 -5.25517e-05 -5.25517e-05 -0.000378469 -5.69037e-21 -1.35525e-20 2.71051e-20
337 -5.2708e-05 -5.2708e-05 -0.000379595 -1.03113e-20 -2.71051e-20 -2.71051e-20
338 -5.28645e-05 -5.28645e-05 -0.000380721 -1.32064e-20 -2.71051e-20 1.35525e-20
339 -5.30208e-05 -5.30208e-05 -0.000381848 -2.58071e-21 -1.35525e-20 1.35525e-20
340 -5.31774e-05 -5.31774e-05 -0.000382974 -7.16992e-21 -1.35525e-20 2.71051e-20
341 -5.33336e-05 -5.33336e-05 -0.000384101 -1.00968e-20 -4.06576e-20 0
342 -5.34902e-05 -5.34902e-05 -0.000385227 5.60627e-22 -2.71051e-20 -1.35525e-20
343 -5.36464e-05 -5.36464e-05 -0.000386354 1.02193e-21 -2.71051e-20 0
344 -5.3803e-05 -5.3803e-05 -0.00038748 4.90305e-21 -2.71051e-20 -1.35525e-20
345 -5.39593e-05 -5.39593e-05 -0.000388606 1.97622e-21 0 1.35525e-20
346 -5.41158e-05 -5.41158e-05 -0.000389733 -9.1893e-22 -2.71051e-20 0
347 -5.42721e-05 -5.42721e-05 -0.000390859 4.62457e-21 -1.35525e-20 0
348 -5.44286e-05 -5.44286e-05 -0.000391985 5.11755e-21 -4.06576e-20 1.35525e-20
349 -5.45849e-05 -5.45849e-05 -0.000393112 1.57433e-20 0 -2.71051e-20
350 -5.47414e-05 -5.47414e-05 -0.000394238 1.96244e-20 0 0
351 -5.48977e-05 -5.48977e-05 -0.000395365 1.45095e-21 2.71051e-20 1.35525e-20
352 -5.50542e-05 -5.50542e-05 -0.000396491 1.94393e-21 0 0
353 -5.52105e-05 -5.52105e-05 -0.000397618 -7.75916e-21 1.35525e-20 -2.71051e-20
354 -5.5367e-05 -5.5367e-05 -0.000398744 -7.26618e-21 1.35525e-20 -2.71051e-20
355 -5.55233e-05 -5.55233e-05 -0.00039987 3.35952e-21 1.35525e-20 -2.71051e-20
356 -5.56798e-05 -5.56798e-05 -0.000400997 5.54657e-21 1.35525e-20 -5.42101e-20
357 -5.58361e-05 -5.58361e-05 -0.000402123 4.31381e-21 1.35525e-20 -2.71051e-20
358 -5.59926e-05 -5.59926e-05 -0.000403249 8.19492e-21 4.06576e-20 -4.06576e-20
359 -5.61489e-05 -5.61489e-05 -0.000404376 5.2681e-21 4.06576e-20 -5.42101e-20
360 -5.63055e-05 -5.63055e-05 -0.000405502 2.37294e-21 -2.71051e-20 2.71051e-20
361 -5.64617e-05 -5.64617e-05 -0.000406629 7.91645e-21 0 -2.71051e-20
362 -5.66183e-05 -5.66183e-05 -0.000407755 5.02129e-21 1.35525e-20 0
363 -5.67746e-05 -5.67746e-05 -0.000408882 2.09448e-21 -1.35525e-20 -1.35525e-20
364 -5.69311e-05 -5.69311e-05 -0.000410008 7.66964e-21 0 -2.71051e-20
365 -5.70874e-05 -5.70874e-05 -0.000411135 -7.11562e-21 1.35525e-20 -1.35525e-20
366 -5.72439e-05 -5.72439e-05 -0.000412261 -1.00108e-20 -1.35525e-20 -2.71051e-20
367 -5.74002e-05 -5.74002e-05 -0.000413387 -6.16133e-21 0 -1.35525e-20
368 -5.75567e-05 -5.75567e-05 -0.000414513 4.496e-21 -1.35525e-20 -4.06576e-20
369 -5.7713e-05 -5.7713e-05 -0.00041564 8.34549e-21 -1.35525e-20 -2.71051e-20
370 -5.78695e-05 -5.78695e-05 -0.000416766 5.45028e-21 -1.35525e-20 -4.06576e-20
371 -5.80258e-05 -5.80258e-05 -0.000417893 2.52351e-21 -1.35525e-20 -2.71051e-20
372 -5.81823e-05 -5.81823e-05 -0.000419019 8.09863e-21 0 -6.77626e-20
373 -5.83386e-05 -5.83386e-05 -0.000420146 5.17187e-21 2.71051e-20 -8.13152e-20
374 -5.84951e-05 -5.84951e-05 -0.000421272 2.26054e-20 1.35525e-20 5.42101e-20
375 -5.86514e-05 -5.86514e-05 -0.000422399 3.15372e-20 -2.71051e-20 6.77626e-20
376 -5.88079e-05 -5.88079e-05 -0.000423525 2.01716e-20 0 8.13152e-20
377 -5.89642e-05 -5.89642e-05 -0.000424651 2.2327e-20 1.35525e-20 4.06576e-20
378 -5.91207e-05 -5.91207e-05 -0.000425778 2.49115e-21 2.71051e-20 1.35525e-20
379 -5.9277e-05 -5.9277e-05 -0.000426904 -1.06e-20 -1.35525e-20 5.42101e-20
380 -5.94336e-05 -5.94336e-05 -0.00042803 -3.04359e-20 1.35525e-20 1.35525e-20
381 -5.95899e-05 -5.95899e-05 -0.000429157 -1.30338e-20 6.77626e-20 0
382 -5.97464e-05 -5.97464e-05 -0.000430283 -2.60935e-20 6.77626e-20 -2.71051e-20
383 -5.99027e-05 -5.99027e-05 -0.00043141 -1.88558e-20 1.0842e-19 -1.35525e-20
384 -6.00592e-05 -6.00592e-05 -0.000432536 -2.68333e-20 4.06576e-20 0
385 -6.02155e-05 -6.02155e-05 -0.000433663 -3.99243e-20 2.71051e-20 0
386 -6.0372e-05 -6.0372e-05 -0.000434789 -4.45137e-20 9.48677e-20 2.71051e-20
387 -6.05283e-05 -6.05283e-05 -0.000435915 -5.25226e-20 2.71051e-20 -1.35525e-20
388 -6.06848e-05 -6.06848e-05 -0.000437042 -5.20298e-20 4.06576e-20 1.35525e-20
389 -6.08411e-05 -6.08411e-05 -0.000438168 -4.64861e-20 2.71051e-20 2.71051e-20
390 -6.09976e-05 -6.09976e-05 -0.000439294 -5.27696e-20 -1.35525e-20 4.06576e-20
391 -6.11539e-05 -6.11539e-05 -0.000440421 -4.87421e-21 0 5.42101e-20
392 -6.13104e-05 -6.13104e-05 -0.000441547 -1.62399e-20 2.71051e-20 8.13152e-20
393 -6.14667e-05 -6.14667e-05 -0.000442674 -3.91991e-21 -1.35525e-20 1.35525e-20
394 -6.16232e-05 -6.16232e-05 -0.0004438 -1.73308e-21 0 0
395 -6.17795e-05 -6.17795e-05 -0.000444927 7.19878e-21 1.35525e-20 4.06576e-20
396 -6.1936e-05 -6.1936e-05 -0.000446053 2.29381e-20 -1.35525e-20 2.71051e-20
397 -6.20923e-05 -6.20923e-05 -0.000447179 1.15412e-20 -4.06576e-20 -1.35525e-20
398 -6.22488e-05 -6.22488e-05 -0.000448306 -1.33771e-20 -2.71051e-20 2.71051e-20
399 -6.24052e-05 -6.24052e-05 -0.000449432 -2.13858e-20 -2.71051e-20 -1.35525e-20
400 -6.25617e-05 -6.25617e-05 -0.000450558 -1.9199e-20 -2.71051e-20 0
401 -6.2718e-05 -6.2718e-05 -0.000451685 6.67354e-21 -2.71051e-20 0
402 -6.28745e-05 -6.28745e-05 -0.000452811 -1.30411e-21 -1.35525e-20 -1.35525e-20
403 -6.30308e-05 -6.30308e-05 -0.000453938 8.5157e-22 -4.06576e-20 0
404 -6.31873e-05 -6.31873e-05 -0.000455064 5.04721e-20 2.71051e-20 4.06576e-20
405 -6.33436e-05 -6.33436e-05 -0.000456191 3.56872e-20 5.42101e-20 -1.35525e-20
406 -6.35001e-05 -6.35001e-05 -0.000457317 1.4157e-20 4.06576e-20 2.71051e-20
407 -6.36564e-05 -6.36564e-05 -0.000458444 1.97008e-20 5.42101e-20 1.35525e-20
408 -6.38129e-05 -6.38129e-05 -0.00045957 -1.82941e-21 5.42101e-20 1.35525e-20
409 -6.39692e-05 -6.39692e-05 -0.000460696 3.71446e-21 2.71051e-20 0
410 -6.41257e-05 -6.41257e-05 -0.000461822 9.28926e-21 6.77626e-20 2.71051e-20
411 -6.4282e-05 -6.4282e-05 -0.000462949 -2.1075e-21 5.42101e-20 -1.35525e-20
412 -6.44385e-05 -6.44385e-05 -0.000464075 -1.00853e-20 4.06576e-20 2.71051e-20
413 -6.45948e-05 -6.45948e-05 -0.000465202 9.01119e-21 4.06576e-20 4.06576e-20
414 -6.47513e-05 -6.47513e-05 -0.000466328 -1.25191e-20 1.35525e-20 1.35525e-20
415 -6.49076e-05 -6.49076e-05 -0.000467455 9.96549e-21 4.06576e-20 5.42101e-20
416 -6.50641e-05 -6.50641e-05 -0.000468581 4.26453e-20 2.71051e-20 4.06576e-20
417 -6.52204e-05 -6.52204e-05 -0.000469708 3.12486e-20 0 2.71051e-20
418 -6.53769e-05 -6.53769e-05 -0.000470834 4.35995e-20 -1.35525e-20 2.71051e-20
419 -6.55333e-05 -6.55333e-05 -0.00047196 4.91435e-20 -2.71051e-20 1.35525e-20
420 -6.56898e-05 -6.56898e-05 -0.000473087 3.77775e-20 -1.35525e-20 2.71051e-20
421 -6.58461e-05 -6.58461e-05 -0.000474213 4.33216e-20 -2.71051e-20 0
422 -6.60026e-05 -6.60026e-05 -0.000475339 6.58369e-20 -2.71051e-20 2.71051e-20
423 -6.61589e-05 -6.61589e-05 -0.000476466 5.10521e-20 -1.35525e-20 -1.35525e-20
424 -6.63154e-05 -6.63154e-05 -0.000477592 5.66268e-20 -5.42101e-20 1.35525e-20
425 -6.64717e-05 -6.64717e-05 -0.000478719 3.50658e-20 -2.71051e-20 1.35525e-20
426 -6.66282e-05 -6.66282e-05 -0.000479845 4.06404e-20 -2.71051e-20 0
427 -6.67845e-05 -6.67845e-05 -0.000480972 3.2632e-20 -2.71051e-20 -1.35525e-20
428 -6.6941e-05 -6.6941e-05 -0.000482098 3.48184e-20 -6.77626e-20 1.35525e-20
429 -6.70973e-05 -6.70973e-05 -0.000483224 3.01981e-20 -5.42101e-20 5.42101e-20
430 -6.72538e-05 -6.72538e-05 -0.000484351 2.22201e-20 -6.77626e-20 4.06576e-20
431 -6.74101e-05 -6.74101e-05 -0.000485477 2.43762e-20 -5.42101e-20 2.71051e-20
432 -6.75666e-05 -6.75666e-05 -0.000486603 2.8456e-21 -6.77626e-20 4.06576e-20
433 -6.77229e-05 -6.77229e-05 -0.00048773 5.00168e-21 -5.42101e-20 1.35525e-20
434 -6.78794e-05 -6.78794e-05 -0.000488856 1.73524e-20 -2.71051e-20 2.71051e-20
435 -6.80357e-05 -6.80357e-05 -0.000489983 2.28966e-20 0 0
436 -6.81922e-05 -6.81922e-05 -0.000491109 4.75414e-21 0 8.13152e-20
437 -6.83486e-05 -6.83486e-05 -0.000492236 -5.40761e-20 2.71051e-20 2.71051e-20
438 -6.8505e-05 -6.8505e-05 -0.000493362 -2.13966e-20 -2.71051e-20 5.42101e-20
439 -6.86614e-05 -6.86614e-05 -0.000494489 -7.34506e-20 0 2.71051e-20
440 -6.88179e-05 -6.88179e-05 -0.000495615 3.71559e-20 0 1.0842e-19
441 -6.89742e-05 -6.89742e-05 -0.000496741 2.57595e-20 2.71051e-20 -5.42101e-20
442 -6.91307e-05 -6.91307e-05 -0.000497867 -5.93558e-21 0 -2.71051e-20
443 -6.9287e-05 -6.9287e-05 -0.000498994 1.31613e-20 0 -2.71051e-20
444 -6.94435e-05 -6.94435e-05 -0.00050012 1.87356e-20 0 -2.71051e-20
445 -6.95998e-05 -6.95998e-05 -0.000501247 7.33936e-21 0 2.71051e-20
446 -6.97563e-05 -6.97563e-05 -0.000502373 9.52549e-21 0 -2.71051e-20
447 -6.99126e-05 -6.99126e-05 -0.0005035 1.5174e-21 -2.71051e-20 -5.42101e-20
448 -7.00691e-05 -7.00691e-05 -0.000504626 -1.32372e-20 2.71051e-20 0
449 -7.02254e-05 -7.02254e-05 -0.000505753 -4.30456e-21 5.42101e-20 -2.71051e-20
450 -7.03819e-05 -7.03819e-05 -0.000506879 -2.1185e-21 0 0
451 -7.05382e-05 -7.05382e-05 -0.000508005 3.78814e-23 0 -5.42101e-20
452 -7.06947e-05 -7.06947e-05 -0.000509132 2.59408e-20 -8.13152e-20 -1.0842e-19
453 -7.0851e-05 -7.0851e-05 -0.000510258 6.19786e-20 -2.71051e-20 5.42101e-20
454 -7.10075e-05 -7.10075e-05 -0.000511384 5.0612e-20 -5.42101e-20 5.42101e-20
455 -7.11639e-05 -7.11639e-05 -0.000512511 5.61566e-20 -2.71051e-20 5.42101e-20
456 -7.13203e-05 -7.13203e-05 -0.000513637 5.83425e-20 -2.71051e-20 -5.42101e-20
457 -7.14767e-05 -7.14767e-05 -0.000514764 6.38872e-20 -5.42101e-20 -2.71051e-20
458 -7.16331e-05 -7.16331e-05 -0.00051589 4.23562e-20 -2.71051e-20 -2.71051e-20
459 -7.17895e-05 -7.17895e-05 -0.000517017 4.45127e-20 -2.71051e-20 0
460 -7.19459e-05 -7.19459e-05 -0.000518143 4.33104e-20 0 2.71051e-20
461 -7.21023e-05 -7.21023e-05 -0.000519269 2.17501e-20 2.71051e-20 2.71051e-20
462 -7.22588e-05 -7.22588e-05 -0.000520396 2.7324e-20 2.71051e-20 0
463 -7.24151e-05 -7.24151e-05 -0.000521522 9.15185e-21 8.13152e-20 -2.71051e-20
464 -7.25716e-05 -7.25716e-05 -0.000522648 -2.21489e-21 0 2.71051e-20
465 -7.27279e-05 -7.27279e-05 -0.000523775 -2.37752e-20 2.71051e-20 5.42101e-20
466 -7.28844e-05 -7.28844e-05 -0.000524901 -8.03688e-21 2.71051e-20 0
467 -7.30407e-05 -7.30407e-05 -0.000526028 -2.6209e-20 2.71051e-20 -5.42101e-20
468 -7.31972e-05 -7.31972e-05 -0.000527154 -3.06352e-22 0 -5.42101e-20
469 -7.33535e-05 -7.33535e-05 -0.000528281 -1.53776e-21 0 2.71051e-20
470 -7.351e-05 -7.351e-05 -0.000529407 -1.96809e-20 2.71051e-20 0
471 -7.36663e-05 -7.36663e-05 -0.000530533 -1.07478e-20 5.42101e-20 0
472 -7.38228e-05 -7.38228e-05 -0.00053166 -1.87266e-20 5.42101e-20 2.71051e-20
473 -7.39792e-05 -7.39792e-05 -0.000532786 -2.67342e-20 5.42101e-20 2.71051e-20
474 -7.41356e-05 -7.41356e-05 -0.000533912 -2.11605e-20 5.42101e-20 0
475 -7.4292e-05 -7.4292e-05 -0.000535039 -1.90036e-20 5.42101e-20 2.71051e-20
476 -7.44484e-05 -7.44484e-05 -0.000536165 -2.69825e-20 2.71051e-20 0
477 -7.46048e-05 -7.46048e-05 -0.000537292 -1.46612e-20 0 2.71051e-20
478 -7.47612e-05 -7.47612e-05 -0.000538418 -1.24757e-20 5.42101e-20 2.71051e-20
479 -7.49176e-05 -7.49176e-05 -0.000539545 -6.93062e-21 0 5.42101e-20
480 -7.5074e-05 -7.5074e-05 -0.000540671 -1.49095e-20 2.71051e-20 0
481 -7.52304e-05 -7.52304e-05 -0.000541798 -2.58818e-21 0 5.42101e-20
482 -7.53869e-05 -7.53869e-05 -0.000542924 2.98538e-21 5.42101e-20 2.71051e-20
483 -7.55432e-05 -7.55432e-05 -0.00054405 8.53052e-21 2.71051e-20 5.42101e-20
484 -7.56997e-05 -7.56997e-05 -0.000545177 -2.99417e-20 5.42101e-20 5.42101e-20
485 -7.5856e-05 -7.5856e-05 -0.000546303 -6.79564e-22 5.42101e-20 -2.71051e-20
486 -7.60125e-05 -7.60125e-05 -0.000547429 2.18346e-20 2.71051e-20 -5.42101e-20
487 -7.61688e-05 -7.61688e-05 -0.000548556 2.73798e-20 0 2.71051e-20
488 -7.63253e-05 -7.63253e-05 -0.000549682 2.95651e-20 -2.71051e-20 -2.71051e-20
489 -7.64816e-05 -7.64816e-05 -0.000550809 2.83341e-20 0 -2.71051e-20
490 -7.66381e-05 -7.66381e-05 -0.000551935 4.40719e-20 -2.71051e-20 0
491 -7.67945e-05 -7.67945e-05 -0.000553062 4.96172e-20 -2.71051e-20 -2.71051e-20
492 -7.69509e-05 -7.69509e-05 -0.000554188 3.48618e-20 2.71051e-20 -2.71051e-20
493 -7.71073e-05 -7.71073e-05 -0.000555314 3.36309e-20 0 -2.71051e-20
494 -7.72637e-05 -7.72637e-05 -0.000556441 1.20991e-20 2.71051e-20 0
495 -7.74201e-05 -7.74201e-05 -0.000557567 7.03849e-22 0 0
496 -7.75765e-05 -7.75765e-05 -0.000558693 6.2771e-21 -2.71051e-20 -5.42101e-20
497 -7.77329e-05 -7.77329e-05 -0.00055982 -8.50624e-21 -2.71051e-20 8.13152e-20
498 -7.78893e-05 -7.78893e-05 -0.000560946 -1.30974e-20 -8.13152e-20 -2.71051e-20
499 -7.80457e-05 -7.80457e-05 -0.000562073 -7.75664e-22 0 0
500 -7.82021e-05 -7.82021e-05 -0.000563199 -1.21432e-20 5.42101e-20 5.42101e-20
501 -7.82031e-05 -7.82031e-05 -0.000563206 -5.38063e-21 0 0
502 -7.82022e-05 -7.82022e-05 -0.000563199 -5.36706e-21 -2.71051e-20 -2.71051e-20
503 -7.82031e-05 -7.82031e-05 -0.000563206 -5.38046e-21 -5.42101e-20 -2.71051e-20
504 -7.82022e-05 -7.82022e-05 -0.000563199 -2.23079e-20 -5.42101e-20 -5.42101e-20
505 -7.8203e-05 -7.8203e-05 -0.000563206 -2.2321e-20 -5.42101e-20 -5.42101e-20
506 -7.82022e-05 -7.82022e-05 -0.000563199 4.79702e-21 -5.42101e-20 -5.42101e-20
507 -7.8203e-05 -7.8203e-05 -0.000563206 4.78424e-21 -2.71051e-20 -5.42101e-20
508 -7.82022e-05 -7.82022e-05 -0.000563199 4.79687e-21 -5.42101e-20 0
509 -7.8203e-05 -7.8203e-05 -0.000563206 1.83369e-20 -5.42101e-20 -5.42101e-20
510 -7.82022e-05 -7.82022e-05 -0.000563199 4.79672e-21 -8.13152e-20 -2.71051e-20
511 -7.8203e-05 -7.8203e-05 -0.000563206 8.17267e-21 -2.71051e-20 -2.71051e-20
512 -7.82022e-05 -7.82022e-05 -0.000563199 4.79657e-21 -2.71051e-20 -5.42101e-20
513 -7.8203e-05 -7.8203e-05 -0.000563206 4.78469e-21 -2.71051e-20 -2.71051e-20
514 -7.82023e-05 -7.82023e-05 -0.000563199 2.17371e-20 2.71051e-20 0
515 -7.8203e-05 -7.8203e-05 -0.000563206 3.18899e-20 2.71051e-20 -5.42101e-20
516 -7.82023e-05 -7.82023e-05 -0.000563199 1.49607e-20 -2.71051e-20 -2.71051e-20
517 -7.8203e-05 -7.8203e-05 -0.000563206 2.85019e-20 2.71051e-20 -1.0842e-19
518 -7.82023e-05 -7.82023e-05 -0.000563199 1.83487e-20 2.71051e-20 -5.42101e-20
519 -7.82029e-05 -7.82029e-05 -0.000563206 1.83376e-20 0 -8.13152e-20
520 -7.82023e-05 -7.82023e-05 -0.0005632 -8.75652e-21 -5.42101e-20 -5.42101e-20
521 -7.82029e-05 -7.82029e-05 -0.000563206 4.78524e-21 -8.13152e-20 -5.42101e-20
522 -7.82023e-05 -7.82023e-05 -0.0005632 8.18401e-21 -2.71051e-20 -5.42101e-20
523 -7.82029e-05 -7.82029e-05 -0.000563206 1.39725e-21 -2.71051e-20 -1.0842e-19
524 -7.82023e-05 -7.82023e-05 -0.0005632 1.83483e-20 -8.13152e-20 -1.0842e-19
525 -7.82029e-05 -7.82029e-05 -0.000563206 1.8338e-20 0 0
526 -7.82023e-05 -7.82023e-05 -0.0005632 2.17363e-20 0 -2.71051e-20
527 -7.82029e-05 -7.82029e-05 -0.000563206 8.17377e-21 -2.71051e-20 -2.71051e-20
528 -7.82023e-05 -7.82023e-05 -0.0005632 8.18362e-21 -2.71051e-20 -2.71051e-20
529 -7.82029e-05 -7.82029e-05 -0.000563205 8.1739e-21 0 -5.42101e-20
530 -7.82023e-05 -7.82023e-05 -0.0005632 -1.98091e-21 0 -2.71051e-20
531 -7.82029e-05 -7.82029e-05 -0.000563205 8.17402e-21 -2.71051e-20 -5.42101e-20
532 -7.82024e-05 -7.82024e-05 -0.0005632 8.18337e-21 -5.42101e-20 -5.42101e-20
533 -7.82029e-05 -7.82029e-05 -0.000563205 1.39788e-21 -2.71051e-20 -2.71051e-20
534 -7.82024e-05 -7.82024e-05 -0.0005632 -3.58625e-20 2.71051e-20 -5.42101e-20
535 -7.82029e-05 -7.82029e-05 -0.000563205 -1.21545e-20 2.71051e-20 -2.71051e-20
536 -7.82024e-05 -7.82024e-05 -0.0005632 -5.3694e-21 2.71051e-20 -5.42101e-20
537 -7.82029e-05 -7.82029e-05 -0.000563205 -1.99001e-21 -2.71051e-20 -5.42101e-20
538 -7.82024e-05 -7.82024e-05 -0.0005632 3.86762e-20 2.71051e-20 -2.71051e-20
539 -7.82028e-05 -7.82028e-05 -0.000563205 1.49508e-20 -2.71051e-20 -8.13152e-20
540 -7.82024e-05 -7.82024e-05 -0.0005632 2.17354e-20 5.42101e-20 -2.71051e-20
541 -7.82028e-05 -7.82028e-05 -0.000563205 1.8339e-20 0 -5.42101e-20
542 -7.82024e-05 -7.82024e-05 -0.0005632 1.40651e-21 -2.71051e-20 2.71051e-20
543 -7.82028e-05 -7.82028e-05 -0.000563205 8.17473e-21 -2.71051e-20 0
544 -7.82024e-05 -7.82024e-05 -0.0005632 -8.758e-21 -1.0842e-19 -8.13152e-20
545 -7.82028e-05 -7.82028e-05 -0.000563205 -3.58709e-20 2.71051e-20 -2.71051e-20
546 -7.82024e-05 -7.82024e-05 -0.0005632 -8.75811e-21 0 -5.42101e-20
547 -7.82028e-05 -7.82028e-05 -0.000563205 -1.89301e-20 -2.71051e-20 -1.0842e-19
548 -7.82024e-05 -7.82024e-05 -0.0005632 -1.21464e-20 0 -1.0842e-19
549 -7.82028e-05 -7.82028e-05 -0.000563205 1.49513e-20 -2.71051e-20 -2.71051e-20
550 -7.82024e-05 -7.82024e-05 -0.0005632 -1.98207e-21 0 -2.71051e-20
551 -7.83409e-05 -7.83409e-05 -0.000563343 1.39885e-21 -2.71051e-20 -5.42101e-20
552 -7.83424e-05 -7.83424e-05 -0.00056334 -1.55345e-20 0 -2.71051e-20
553 -7.8341e-05 -7.8341e-05 -0.000563343 -2.23182e-20 -5.42101e-20 -2.71051e-20
554 -7.83424e-05 -7.83424e-05 -0.00056334 -1.21462e-20 -8.13152e-20 -5.42101e-20
555 -7.8341e-05 -7.8341e-05 -0.000563343 4.78671e-21 -2.71051e-20 -8.13152e-20
556 -7.83423e-05 -7.83423e-05 -0.00056334 1.83471e-20 2.71051e-20 0
557 -7.8341e-05 -7.8341e-05 -0.000563343 2.51154e-20 0 -2.71051e-20
558 -7.83423e-05 -7.83423e-05 -0.00056334 2.85116e-20 -2.71051e-20 -2.71051e-20
559 -7.8341e-05 -7.8341e-05 -0.000563343 2.51152e-20 2.71051e-20 0
560 -7.83423e-05 -7.83423e-05 -0.00056334 1.40666e-21 -5.42101e-20 0
561 -7.8341e-05 -7.8341e-05 -0.000563343 1.3982e-21 -2.71051e-20 0
562 -7.83423e-05 -7.83423e-05 -0.00056334 1.40677e-21 -2.71051e-20 0
563 -7.8341e-05 -7.8341e-05 -0.000563343 1.39809e-21 0 0
564 -7.83423e-05 -7.83423e-05 -0.00056334 1.15713e-20 -5.42101e-20 5.42101e-20
565 -7.8341e-05 -7.8341e-05 -0.000563343 2.17268e-20 -2.71051e-20 -2.71051e-20
566 -7.83423e-05 -7.83423e-05 -0.00056334 -5.28031e-20 -2.71051e-20 5.42101e-20
567 -7.8341e-05 -7.8341e-05 -0.000563343 -5.37839e-21 -5.42101e-20 -2.71051e-20
568 -7.83423e-05 -7.83423e-05 -0.00056334 2.17359e-20 -2.71051e-20 -5.42101e-20
569 -7.8341e-05 -7.8341e-05 -0.000563343 -8.76662e-21 -1.0842e-19 -8.13152e-20
570 -7.83423e-05 -7.83423e-05 -0.00056334 3.19004e-20 -2.71051e-20 -2.71051e-20
571 -7.83411e-05 -7.83411e-05 -0.000563343 2.85027e-20 -8.13152e-20 -5.42101e-20
572 -7.83423e-05 -7.83423e-05 -0.00056334 1.15717e-20 0 0
573 -7.83411e-05 -7.83411e-05 -0.000563343 1.83382e-20 -5.42101e-20 -8.13152e-20
574 -7.83422e-05 -7.83422e-05 -0.00056334 3.52887e-20 -5.42101e-20 2.71051e-20
575 -7.83411e-05 -7.83411e-05 -0.000563343 3.8667e-20 -5.42101e-20 -2.71051e-20
576 -7.83422e-05 -7.83422e-05 -0.000563341 1.15719e-20 -5.42101e-20 5.42101e-20
577 -7.83411e-05 -7.83411e-05 -0.000563343 -8.76698e-21 -5.42101e-20 0
578 -7.83422e-05 -7.83422e-05 -0.000563341 -2.23094e-20 0 -2.71051e-20
579 -7.83411e-05 -7.83411e-05 -0.000563343 1.39734e-21 -2.71051e-20 -2.71051e-20
580 -7.83422e-05 -7.83422e-05 -0.000563341 1.40762e-21 -5.42101e-20 0
581 -7.83411e-05 -7.83411e-05 -0.000563343 -1.55434e-20 -5.42101e-20 0
582 -7.83422e-05 -7.83422e-05 -0.000563341 -1.5533e-20 -2.71051e-20 -2.71051e-20
583 -7.83411e-05 -7.83411e-05 -0.000563343 -2.9096e-20 -2.71051e-20 -8.13152e-20
584 -7.83422e-05 -7.83422e-05 -0.000563341 -1.21448e-20 -2.71051e-20 -2.71051e-20
585 -7.83411e-05 -7.83411e-05 -0.000563343 1.83378e-20 0 0
586 -7.83422e-05 -7.83422e-05 -0.000563341 1.49604e-20 -5.42101e-20 -5.42101e-20
587 -7.83411e-05 -7.83411e-05 -0.000563343 2.85021e-20 -2.71051e-20 -5.42101e-20
588 -7.83422e-05 -7.83422e-05 -0.000563341 2.85129e-20 -5.42101e-20 -8.13152e-20
589 -7.83412e-05 -7.83412e-05 -0.000563343 1.49495e-20 -2.71051e-20 -8.13152e-20
590 -7.83422e-05 -7.83422e-05 -0.000563341 4.88418e-20 -2.71051e-20 -8.13152e-20
591 -7.83412e-05 -7.83412e-05 -0.000563343 3.52783e-20 -2.71051e-20 -2.71051e-20
592 -7.83421e-05 -7.83421e-05 -0.000563341 2.51249e-20 2.71051e-20 0
593 -7.83412e-05 -7.83412e-05 -0.000563343 2.51138e-20 -8.13152e-20 2.71051e-20
594 -7.83421e-05 -7.83421e-05 -0.000563341 1.15724e-20 -5.42101e-20 -2.71051e-20
595 -7.83412e-05 -7.83412e-05 -0.000563343 1.15612e-20 -2.71051e-20 -2.71051e-20
596 -7.83421e-05 -7.83421e-05 -0.000563341 1.15725e-20 -2.71051e-20 -2.71051e-20
597 -7.83412e-05 -7.83412e-05 -0.000563343 2.17256e-20 -8.13152e-20 -2.71051e-20
598 -7.83421e-05 -7.83421e-05 -0.000563341 3.86776e-20 -2.71051e-20 0
599 -7.83412e-05 -7.83412e-05 -0.000563343 3.52781e-20 -5.42101e-20 -5.42101e-20
600 -7.83421e-05 -7.83421e-05 -0.000563341 1.83488e-20 -2.71051e-20 -2.71051e-20
700 -6.17327e-05 -6.17327e-05 -0.000596674 5.97714e-12 -1.22704e-12 3.31823e-12
800 -4.51175e-05 -4.51175e-05 -0.000630007 1.31514e-12 -1.60852e-12 2.87734e-12
900 -2.85002e-05 -2.85002e-05 -0.000663341 9.91635e-13 -3.0785e-12 -8.3e-13
1000 -1.18806e-05 -1.18806e-05 -0.000696674 4.00737e-12 -3.7366e-12 5.6649e-12
1100 4.74389e-06 4.74388e-06 -0.000730007 6.16767e-13 -4.50819e-13 4.94041e-13
1200 2.13692e-05 2.13692e-05 -0.000763341 -2.92975e-12 1.69332e-12 -6.44939e-12
1300 3.79965e-05 3.79965e-05 -0.000796674 -2.5391e-12 -5.29028e-12 4.40807e-12
1400 5.46282e-05 5.46282e-05 -0.000830007 2.91415e-12 2.27623e-13 -5.03716e-12
1500 7.12606e-05 7.12606e-05 -0.000863341 1.92025e-12 3.0155e-12 -2.63965e-12
1600 8.78936e-05 8.78936e-05 -0.000896674 4.35906e-13 -2.67705e-13 -2.9339e-14
1700 0.00010453 0.00010453 -0.000930007 -2.17294e-12 -2.15343e-13 -1.9211e-12
1800 0.000121169 0.000121169 -0.000963341 2.71299e-13 -2.37598e-13 -1.05957e-13
1900 0.000137808 0.000137808 -0.000996674 3.35082e-13 3.67251e-12 -3.02751e-12
2000 0.000154447 0.000154447 -0.00103001 -1.84254e-12 -8.50007e-13 -2.7433e-12
2100 0.000171089 0.000171089 -0.00106334 3.65077e-12 -4.76355e-13 2.67622e-13
2200 0.000187733 0.000187733 -0.00109667 -2.59876e-12 -2.00866e-12 -8.57335e-13
2300 0.000204378 0.000204378 -0.00113001 5.30671e-12 -3.4949e-13 -6.73275e-14
2400 0.000221023 0.000221023 -0.00116334 6.91065e-12 -6.11893e-13 -2.77859e-12
2500 0.000237668 0.000237668 -0.00119667 5.62922e-12 -1.30007e-12 1.67624e-12
2600 0.000254314 0.000254314 -0.00123001 7.9421e-12 -4.57671e-13 3.25896e-12
2700 0.000270964 0.000270964 -0.00126334 -3.38642e-13 2.88083e-12 -3.94219e-12
2800 0.000287614 0.000287614 -0.00129667 7.71014e-12 -2.18322e-12 5.6954e-12
2900 0.000304263 0.000304263 -0.00133001 4.96929e-12 -1.22934e-12 -1.0598e-12
3000 0.000320913 0.000320913 -0.00136334 1.688e-12 -2.11459e-13 -4.69229e-14
3100 0.000337563 0.000337563 -0.00139667 1.64734e-12 -2.0519e-13 -4.42519e-14
3200 0.000354214 0.000354214 -0.00143001 6.90264e-12 -1.86884e-14 9.28098e-13
3300 0.000370867 0.000370867 -0.00146334 -2.97698e-12 8.16483e-13 -2.16158e-12
3400 0.000387521 0.000387521 -0.00149667 1.55649e-12 -1.29737e-13 -9.3292e-14
3500 0.000404175 0.000404175 -0.00153001 1.54067e-12 -1.44953e-13 -1.14841e-13
3600 0.000420829 0.000420829 -0.00156334 4.19868e-12 1.73189e-13 1.65973e-12
3700 0.000437484 0.000437484 -0.00159667 3.13464e-12 -1.14661e-12 3.97155e-12
3800 0.000454138 0.000454138 -0.00163001 1.47557e-12 -1.31272e-13 7.19958e-14
3900 0.000470792 0.000470792 -0.00166334 6.8542e-13 -2.31457e-12 1.90544e-12
4000 0.000487447 0.000487447 -0.00169667 5.51056e-12 4.6012e-13 -5.20374e-13
4100 0.000504103 0.000504103 -0.00173001 1.68913e-12 -2.13416e-13 1.79409e-13
4200 0.000520761 0.000520761 -0.00176334 3.27994e-12 1.332e-13 1.97412e-12
4300 0.000537419 0.000537419 -0.00179667 1.8088e-12 -2.84829e-13 7.00763e-13
4400 0.000554076 0.000554076 -0.00183001 3.9721e-12 -1.7431e-12 1.69065e-12
4500 0.000570734 0.000570734 -0.00186334 7.16316e-12 -1.29202e-12 2.5155e-12
4600 0.000587392 0.000587392 -0.00189667 6.19942e-12 -2.84917e-12 4.39291e-12
4700 0.00060405 0.00060405 -0.00193001 2.01212e-12 -3.79308e-13 5.29901e-13
4800 0.000620708 0.000620708 -0.00196334 2.74783e-12 7.06644e-13 2.29619e-12
4900 0.000637366 0.000637366 -0.00199667 2.08208e-12 -3.52938e-13 5.76135e-13
5000 0.000654024 0.000654024 -0.00203001 3.8219e-12 9.2185e-14 7.83939e-13
5100 0.000670682 0.000670682 -0.00206334 1.97171e-12 -8.85051e-13 2.46831e-12
5200 0.00068734 0.00068734 -0.00209667 1.96701e-12 -3.59702e-13 5.80102e-13
5300 0.000704001 0.000704001 -0.00213001 1.95055e-12 -2.73344e-13 5.3218e-13
5400 0.000720662 0.000720662 -0.00216334 1.89327e-12 -2.81454e-13 4.75167e-13
5500 0.000737323 0.000737323 -0.00219667 1.94072e-12 -3.13453e-13 5.43825e-13
5600 0.000753983 0.000753983 -0.00223001 5.05025e-12 -7.19243e-14 1.08239e-12
5700 0.000770644 0.000770644 -0.00226334 2.0845e-12 6.00021e-13 2.50576e-13
5800 0.000787305 0.000787305 -0.00229667 1.95624e-12 -2.64298e-13 5.12105e-13
5900 0.000803966 0.000803966 -0.00233001 9.23139e-13 8.96304e-13 -1.42115e-12
6000 0.000820626 0.000820626 -0.00236334 1.7531e-12 -1.47631e-13 3.06821e-13
6100 0.000837287 0.000837287 -0.00239667 1.79526e-12 -1.54044e-13 3.65678e-13
6200 0.000853948 0.000853948 -0.00243001 1.77913e-12 -1.29557e-13 2.73742e-13
6300 0.000870609 0.000870609 -0.00246334 3.462e-12 -1.10884e-13 1.00792e-13
6400 0.000887269 0.000887269 -0.00249667 3.40625e-12 1.79531e-13 -4.53617e-13
6500 0.00090393 0.00090393 -0.00253001 5.21142e-12 -2.18128e-13 1.74979e-12
6600 0.000920591 0.000920591 -0.00256334 3.49866e-12 -6.25599e-13 2.50899e-12
6700 0.000937252 0.000937252 -0.00259667 1.90842e-12 -1.7564e-13 3.38247e-13
6800 0.000953913 0.000953912 -0.00263001 -7.20248e-13 1.8224e-13 2.21763e-13
6900 0.000970575 0.000970575 -0.00266334 1.67979e-12 -1.99884e-13 4.02386e-13
7000 0.000987238 0.000987238 -0.00269667 1.67109e-12 -1.93445e-13 3.71724e-13
7100 0.0010039 0.0010039 -0.00273001 1.67601e-12 -1.50782e-13 3.61516e-13
7200 0.00102056 0.00102056 -0.00276334 1.63633e-12 -1.46475e-13 3.48856e-13
7300 0.00103723 0.00103723 -0.00279667 1.60788e-12 -1.44637e-13 3.4068e-13
7400 0.00105389 0.00105389 -0.00283001 1.56971e-12 -1.4044e-13 3.28678e-13
7500 0.00107055 0.00107055 -0.00286334 1.54273e-12 -1.3871e-13 3.21137e-13
7600 0.00108722 0.00108722 -0.00289667 1.50925e-12 -1.32776e-13 2.81244e-13
7700 0.00110388 0.00110388 -0.00293001 1.48259e-12 -1.42262e-13 2.76436e-13
7800 0.00112054 0.00112054 -0.00296334 1.40964e-12 -1.02586e-13 1.99379e-13
7900 0.00113721 0.00113721 -0.00299667 1.54054e-12 -1.14175e-13 2.46425e-13
8000 0.00115387 0.00115387 -0.00303001 1.33506e-12 -1.0529e-13 2.2248e-13
8100 0.00117053 0.00117053 -0.00306334 4.4445e-12 1.95857e-12 2.60678e-12
8200 0.00118719 0.00118719 -0.00309667 1.52223e-12 -7.85036e-14 3.259e-13
8300 0.00120386 0.00120386 -0.00313001 8.92651e-13 7.16151e-13 2.76241e-12
8400 0.00122052 0.00122052 -0.00316334 4.82743e-12 -1.43127e-13 7.8111e-13
8500 0.00123718 0.00123718 -0.00319667 3.27355e-12 -1.46594e-12 3.63852e-12
8600 0.00125385 0.00125385 -0.00323001 2.45248e-12 -5.37492e-13 1.41244e-12
8700 0.00127051 0.00127051 -0.00326334 1.6507e-12 -1.70003e-12 1.84498e-12
8800 0.00128717 0.00128717 -0.00329667 1.64842e-12 -2.08804e-13 6.15216e-13
8900 0.00130384 0.00130384 -0.00333001 4.139e-12 -1.26082e-12 2.93798e-12
9000 0.0013205 0.0013205 -0.00336334 2.8689e-12 -2.14241e-12 4.19713e-12
9100 0.00133716 0.00133716 -0.00339667 3.56221e-12 -3.00189e-12 5.75567e-12
9200 0.00135382 0.00135382 -0.00343001 1.70893e-12 -4.29059e-13 9.31685e-13
9300 0.00137049 0.00137049 -0.00346334 1.67781e-12 -4.1947e-13 9.02075e-13
9400 0.00138715 0.00138715 -0.00349667 1.63954e-12 -4.09418e-13 8.76788e-13
9500 0.00140382 0.00140382 -0.00353001 3.50274e-12 -1.3118e-12 4.22546e-12
9600 0.00142048 0.00142048 -0.00356334 1.74636e-12 -4.84237e-13 1.04463e-12
9700 0.00143715 0.00143715 -0.00359667 1.62775e-12 -4.57356e-13 9.44302e-13
9800 0.00145381 0.00145381 -0.00363001 4.90787e-12 -4.4811e-12 7.42284e-12
9900 0.00147048 0.00147048 -0.00366334 4.55165e-12 -3.58627e-12 4.12876e-12
10000 0.00148714 0.00148714 -0.00369667 1.86181e-12 -7.45402e-13 1.25871e-12
10100 0.0015038 0.0015038 -0.00373001 2.79224e-12 -9.80723e-13 1.95253e-12
10200 0.00152047 0.00152047 -0.00376334 1.87216e-12 -1.87874e-12 3.579e-12
10300 0.00153713 0.00153713 -0.00379667 1.78477e-12 -7.68633e-13 1.27069e-12
10400 0.0015538 0.0015538 -0.00383001 4.42651e-12 -1.75593e-12 3.00877e-12
10500 0.00157046 0.00157046 -0.00386334 1.76263e-12 -7.60505e-13 1.23353e-12
10600 0.00158713 0.00158713 -0.00389667 1.70472e-12 -6.92406e-13 1.13723e-12
10700 0.00160379 0.00160379 -0.00393001 1.641e-12 -6.98066e-13 1.13111e-12
10800 0.00162046 0.00162046 -0.00396334 1.81439e-12 -6.95167e-13 1.13617e-12
10900 0.00163712 0.00163712 -0.00399667 1.82939e-12 -1.86539e-12 1.22293e-12
11000 0.00165379 0.00165379 -0.00403001 4.90783e-12 -1.13415e-12 1.54862e-12
11100 0.00167045 0.00167045 -0.00406334 1.79007e-12 -7.04203e-13 1.03995e-12
11200 0.00168712 0.00168712 -0.00409667 1.79515e-12 -6.6193e-13 1.01088e-12
11300 0.00170378 0.00170378 -0.00413001 1.69859e-12 -6.72539e-13 9.92365e-13
11400 0.00172045 0.00172045 -0.00416334 9.70104e-13 8.38665e-13 1.41705e-12
11500 0.00173711 0.00173711 -0.00419667 1.65507e-12 -5.82775e-13 9.70751e-13
11600 0.00175378 0.00175378 -0.00423001 1.69007e-12 -5.68093e-13 9.65535e-13
11700 0.00177044 0.00177044 -0.00426334 1.50996e-12 -5.31614e-13 8.5839e-13
11800 0.00178711 0.00178711 -0.00429667 2.99096e-12 5.3469e-13 2.09253e-13
11900 0.00180377 0.00180377 -0.00433001 1.52432e-12 -4.67225e-13 7.98457e-13
12000 0.00182044 0.00182044 -0.00436334 1.41968e-12 -4.89612e-13 7.39014e-13
12100 0.0018371 0.0018371 -0.00439667 1.51718e-12 -4.40154e-13 7.53826e-13
12200 0.00185377 0.00185377 -0.00443001 1.45684e-12 -4.40081e-13 7.34098e-13
12300 0.00187043 0.00187043 -0.00446334 1.35647e-12 -3.92309e-13 6.57187e-13
12400 0.0018871 0.0018871 -0.00449667 1.43106e-12 -3.71819e-13 6.46586e-13
12500 0.00190376 0.00190376 -0.00453001 1.38516e-12 -3.62908e-13 5.90427e-13
12600 0.00192043 0.00192043 -0.00456334 1.32606e-12 -3.83753e-13 6.15139e-13
12700 0.00193709 0.00193709 -0.00459667 1.31923e-12 -3.94876e-13 6.51478e-13
12800 0.00195376 0.00195376 -0.00463001 1.33465e-12 -4.0277e-13 7.15855e-13
12900 0.00197042 0.00197042 -0.00466334 1.2654e-12 -4.22801e-13 6.49326e-13
13000 0.00198709 0.00198709 -0.00469667 1.23945e-12 -3.70755e-13 6.04208e-13
13100 0.00200375 0.00200375 -0.00473001 1.22066e-12 -3.62872e-13 5.88029e-13
13200 0.00202042 0.00202042 -0.00476334 1.19127e-12 -3.54075e-13 5.72114e-13
13300 0.00203708 0.00203708 -0.00479667 1.17351e-12 -3.46575e-13 5.5686e-13
13400 0.00205375 0.00205375 -0.00483001 1.17007e-12 -3.74434e-13 5.82338e-13
13500 0.00207041 0.00207041 -0.00486334 1.12951e-12 -3.32511e-13 5.29085e-13
13600 0.00208708 0.00208708 -0.00489667 1.10204e-12 -3.24388e-13 5.1484e-13
13700 0.00210374 0.00210374 -0.00493001 1.08616e-12 -3.17563e-13 5.01224e-13
13800 0.00212041 0.00212041 -0.00496334 1.0596e-12 -3.09781e-13 4.87765e-13
13900 0.00213707 0.00213707 -0.00499667 1.0446e-12 -3.03287e-13 4.74903e-13
14000 0.00215374 0.00215374 -0.00503001 1.01889e-12 -2.95825e-13 4.62169e-13
14100 0.0021704 0.0021704 -0.00506334 6.56682e-12 -1.22081e-12 3.00882e-12
14200 0.00218707 0.00218707 -0.00509667 1.3569e-12 -2.76295e-13 5.44225e-13
14300 0.00220374 0.00220374 -0.00513001 6.19669e-13 1.40697e-12 -6.41997e-13
14400 0.0022204 0.0022204 -0.00516334 2.08588e-12 -3.72035e-13 1.00016e-12
14500 0.00223707 0.00223707 -0.00519667 8.72639e-13 1.12078e-12 2.02039e-13
14600 0.00225373 0.00225373 -0.00523001 1.10524e-12 -1.86281e-13 4.43342e-13
14700 0.0022704 0.0022704 -0.00526334 4.57e-12 -1.25872e-12 4.63587e-12
14800 0.00228707 0.00228707 -0.00529667 1.3447e-12 -2.57991e-13 5.96568e-13
14900 0.00230373 0.00230373 -0.00533001 1.19963e-12 -2.42703e-13 5.65811e-13
15000 0.0023204 0.0023204 -0.00536334 1.22379e-12 -2.18159e-13 5.26626e-13
15100 0.00233707 0.00233707 -0.00539667 6.75392e-14 3.79912e-13 8.01788e-13
15200 0.00235373 0.00235373 -0.00543001 1.03954e-12 -1.64379e-13 4.58424e-13
15300 0.0023704 0.0023704 -0.00546334 8.64909e-13 -2.60962e-13 2.72084e-12
15400 0.00238707 0.00238707 -0.00549667 2.58114e-12 4.97944e-14 2.6514e-12
15500 0.00240373 0.00240373 -0.00553001 2.93949e-12 4.72654e-13 2.15078e-12
15600 0.0024204 0.0024204 -0.00556334 4.10797e-12 -4.62074e-13 3.19957e-12
15700 0.00243707 0.00243707 -0.00559667 2.89645e-12 4.87611e-14 1.84173e-12
15800 0.00245373 0.00245373 -0.00563001 2.90097e-12 7.02659e-13 2.3342e-12
15900 0.0024704 0.0024704 -0.00566334 2.25023e-12 3.44667e-13 2.59735e-12
16000 0.00248706 0.00248706 -0.00569667 1.38727e-12 -1.32594e-13 8.35405e-13
16100 0.00250373 0.00250373 -0.00573001 1.36268e-12 -1.29116e-13 7.86608e-13
16200 0.0025204 0.0025204 -0.00576334 3.20362e-12 1.94422e-13 2.10661e-12
16300 0.00253706 0.00253706 -0.00579667 1.47346e-12 -1.62562e-13 8.41051e-13
16400 0.00255373 0.00255373 -0.00583001 1.50297e-12 -1.11258e-13 7.56391e-13
16500 0.0025704 0.0025704 -0.00586334 1.45692e-12 -9.68908e-14 7.3743e-13
16600 0.00258706 0.00258706 -0.00589667 1.32435e-12 -6.853e-14 6.52368e-13
16700 0.00260373 0.00260373 -0.00593001 1.36273e-12 -1.23255e-13 6.92486e-13
16800 0.0026204 0.0026204 -0.00596334 1.36199e-12 2.73167e-12 -1.46984e-12
16900 0.00263706 0.00263706 -0.00599667 1.34266e-12 2.59669e-14 5.29827e-13
17000 0.00265373 0.00265373 -0.00603001 1.22541e-12 -5.72719e-15 5.35458e-13
17100 0.0026704 0.0026704 -0.00606334 1.28836e-12 -2.07113e-14 5.60823e-13
17200 0.00268706 0.00268706 -0.00609667 1.27954e-12 -8.59881e-15 5.52757e-13
17300 0.00270373 0.00270373 -0.00613001 4.16406e-12 4.37083e-13 9.4215e-13
17400 0.00272039 0.00272039 -0.00616334 2.18403e-12 8.97237e-13 2.79483e-13
17500 0.00273706 0.00273706 -0.00619667 1.32057e-12 1.56197e-14 4.50612e-13
17600 0.00275373 0.00275373 -0.00623001 2.41995e-12 1.47834e-12 -1.99134e-13
17700 0.00277039 0.00277039 -0.00626334 1.32447e-12 9.69888e-14 3.74555e-13
17800 0.00278706 0.00278706 -0.00629667 1.28854e-12 9.16227e-14 3.83287e-13
17900 0.00280373 0.00280373 -0.00633001 1.2908e-12 4.28453e-14 4.20856e-13
18000 0.00282039 0.00282039 -0.00636334 1.26129e-12 6.65624e-14 3.47185e-13
18100 0.00283706 0.00283706 -0.00639667 1.29565e-12 1.09743e-14 4.33335e-13
18200 0.00285373 0.00285373 -0.00643001 1.16447e-12 7.52684e-14 3.3327e-13
18300 0.00287039 0.00287039 -0.00646334 1.19176e-12 4.16312e-14 3.31532e-13
18400 0.00288706 0.00288706 -0.00649667 1.12271e-12 5.70848e-14 2.92444e-13
18500 0.00290373 0.00290373 -0.00653001 2.78207e-12 -2.3149e-13 1.32289e-12
18600 0.00292039 0.00292039 -0.00656334 1.11248e-12 4.29038e-14 3.3879e-13
18700 0.00293706 0.00293706 -0.00659667 1.1859e-12 2.98052e-14 3.22531e-13
18800 0.00295373 0.00295373 -0.00663001 1.12841e-12 2.34394e-14 3.34744e-13
18900 0.00297039 0.00297039 -0.00666334 1.06729e-12 3.62616e-14 2.93883e-13
19000 0.00298706 0.00298706 -0.00669667 1.08328e-12 1.98799e-14 3.14397e-13
19100 0.00300373 0.00300373 -0.00673001 1.06671e-12 1.81704e-14 3.03169e-13
19200 0.00302039 0.00302039 -0.00676334 1.04191e-12 1.60546e-14 2.96364e-13
19300 0.00303706 0.00303706 -0.00679667 1.02616e-12 1.45355e-14 2.85688e-13
19400 0.00305373 0.00305372 -0.00683001 1.05482e-12 2.57802e-15 2.76174e-13
19500 0.00307039 0.00307039 -0.00686334 1.05214e-12 1.00094e-14 2.58472e-13
19600 0.00308706 0.00308706 -0.00689667 4.46444e-13 7.20665e-14 1.41821e-12
19700 0.00310372 0.00310372 -0.00693001 1.16917e-12 1.31322e-13 1.67278e-12
19800 0.00312039 0.00312039 -0.00696334 1.34887e-12 -7.27932e-13 4.89735e-13
19900 0.00313706 0.00313706 -0.00699667 8.14293e-13 3.9118e-15 3.11642e-13
20000 0.00315372 0.00315372 -0.00703001 9.15255e-13 -2.18373e-14 3.11429e-13
20100 0.00317039 0.00317039 -0.00706334 8.79708e-13 -2.41714e-14 3.40093e-13
20200 0.00318706 0.00318706 -0.00709667 8.22976e-13 -2.60141e-14 3.09054e-13
20300 0.00320372 0.00320372 -0.00713001 1.53866e-13 -9.48643e-13 3.31572e-12
20400 0.00322039 0.00322039 -0.00716334 1.61577e-12 5.58964e-13 3.38602e-13
20500 0.00323706 0.00323706 -0.00719667 8.34066e-13 -1.58742e-14 3.45446e-13
20600 0.00325372 0.00325372 -0.00723001 2.33172e-12 -5.5176e-13 3.19996e-12
20700 0.00327039 0.00327039 -0.00726334 8.77865e-13 -8.84705e-14 4.8008e-13
20800 0.00328706 0.00328706 -0.00729667 8.12635e-13 -1.08879e-13 4.95961e-13
20900 0.00330372 0.00330372 -0.00733001 7.7964e-13 -7.2846e-14 4.07942e-13
21000 0.00332039 0.00332039 -0.00736334 1.86006e-12 5.44517e-13 5.50451e-13
21100 0.00333706 0.00333706 -0.00739667 -1.8869e-12 -2.20657e-13 1.36751e-12
21200 0.00335372 0.00335372 -0.00743001 6.75651e-13 -8.94482e-14 4.49767e-13
21300 0.00337039 0.00337039 -0.00746334 1.59205e-13 6.38021e-13 -1.99265e-13
21400 0.00338706 0.00338706 -0.00749667 2.9505e-12 6.80877e-14 2.19521e-12
21500 0.00340372 0.00340372 -0.00753001 7.73978e-13 -9.12996e-14 5.06337e-13
21600 0.00342039 0.00342039 -0.00756334 6.85471e-13 -3.28116e-14 4.21733e-13
21700 0.00343706 0.00343706 -0.00759667 8.01625e-13 -3.65858e-14 4.21122e-13
21800 0.00345372 0.00345372 -0.00763001 4.85838e-12 -1.03998e-12 2.23844e-12
21900 0.00347039 0.00347039 -0.00766334 5.99252e-12 -1.02886e-12 2.2924e-12
22000 0.00348706 0.00348706 -0.00769667 2.59019e-12 2.6894e-13 1.064e-12
22100 0.00350372 0.00350372 -0.00773001 1.13233e-12 -1.0887e-13 5.31644e-13
22200 0.00352039 0.00352039 -0.00776334 1.11528e-12 -1.01229e-13 4.99324e-13
22300 0.00353706 0.00353706 -0.00779667 1.5547e-12 3.43055e-13 1.74468e-12
22400 0.00355372 0.00355372 -0.00783001 4.09051e-12 -1.14801e-12 2.95561e-12
22500 0.00357039 0.00357039 -0.00786334 1.1679e-12 -1.29517e-13 5.50165e-13
22600 0.00358706 0.00358706 -0.00789667 1.14113e-12 -1.44306e-13 5.78595e-13
22700 0.00360372 0.00360372 -0.00793001 1.05278e-12 -1.37461e-13 5.38042e-13
22800 0.00362039 0.00362039 -0.00796334 1.02286e-12 -1.22855e-13 4.90615e-13
22900 0.00363706 0.00363706 -0.00799667 1.09669e-12 -1.43782e-13 5.23229e-13
23000 0.00365372 0.00365372 -0.00803001 1.1898e-12 -4.59556e-13 2.87341e-12
23100 0.00367039 0.00367039 -0.00806334 1.02147e-12 -1.68454e-13 6.12287e-13
23200 0.00368706 0.00368706 -0.00809667 9.99667e-13 -1.74887e-13 6.01739e-13
23300 0.00370372 0.00370372 -0.00813001 1.01556e-12 -2.00408e-13 5.58625e-13
23400 0.00372039 0.00372039 -0.00816334 9.53909e-13 -1.78517e-13 5.50442e-13
23500 0.00373706 0.00373706 -0.00819667 3.8773e-15 -6.97604e-13 3.30896e-12
23600 0.00375372 0.00375372 -0.00823001 9.66026e-13 -2.17658e-13 7.01669e-13
23700 0.00377039 0.00377039 -0.00826334 2.12161e-12 -1.86834e-12 3.61598e-12
23800 0.00378706 0.00378706 -0.00829667 8.56494e-13 -2.3553e-13 6.73792e-13
23900 0.00380372 0.00380372 -0.00833001 9.45421e-13 -1.92664e-13 6.29166e-13
24000 0.00382039 0.00382039 -0.00836334 8.24889e-13 -2.41439e-13 6.56882e-13
24100 0.00383706 0.00383706 -0.00839667 -1.90427e-12 -4.25755e-13 2.14874e-12
24200 0.00385372 0.00385372 -0.00843001 7.47302e-13 -2.78271e-13 6.93761e-13
24300 0.00387039 0.00387039 -0.00846334 6.3663e-13 -2.6866e-13 6.75412e-13
24400 0.00388706 0.00388706 -0.00849667 6.44976e-13 -2.78479e-13 6.76339e-13
24500 0.00390372 0.00390372 -0.00853001 6.29248e-13 -2.41663e-13 6.22856e-13
24600 0.00392039 0.00392039 -0.00856334 6.59185e-13 -2.3923e-13 6.11437e-13
24700 0.00393706 0.00393706 -0.00859667 6.97974e-13 -2.29946e-13 5.91978e-13
24800 0.00395372 0.00395372 -0.00863001 2.00671e-12 -2.03429e-12 3.42047e-12
24900 0.00397039 0.00397039 -0.00866334 5.5268e-13 -2.9345e-13 6.30628e-13
25000 0.00398706 0.00398706 -0.00869667 4.58516e-13 -8.24651e-13 2.84984e-12
25100 0.00400372 0.00400372 -0.00873001 1.93514e-12 -6.50157e-13 1.80862e-12
25200 0.00402039 0.00402039 -0.00876334 6.33763e-13 -3.23794e-13 7.31264e-13
25300 0.00403706 0.00403706 -0.00879667 7.20931e-13 -3.41711e-13 7.49074e-13
25400 0.00405372 0.00405372 -0.00883001 5.31012e-13 -3.04339e-13 6.47886e-13
25500 0.00407039 0.00407039 -0.00886334 6.09898e-13 -2.86057e-13 6.47802e-13
25600 0.00408706 0.00408706 -0.00889667 4.95446e-13 -2.73007e-13 6.01682e-13
25700 0.00410372 0.00410372 -0.00893001 5.67619e-13 -2.77207e-13 6.09083e-13
25800 0.00412039 0.00412039 -0.00896334 5.74026e-13 -2.71395e-13 5.94603e-13
25900 0.00413706 0.00413706 -0.00899667 5.71154e-13 -2.45293e-13 5.29697e-13
26000 0.00415372 0.00415372 -0.00903001 4.94694e-13 -3.3022e-13 5.82361e-13
26100 0.00417039 0.00417039 -0.00906334 5.3244e-13 -3.13671e-13 5.4878e-13
26200 0.00418706 0.00418706 -0.00909667 5.07375e-13 -2.78324e-13 5.43756e-13
26300 0.00420372 0.00420372 -0.00913001 1.11577e-13 -6.90826e-13 1.20808e-12
26400 0.00422039 0.00422039 -0.00916334 5.1296e-13 -2.83064e-13 5.43991e-13
26500 0.00423706 0.00423706 -0.00919667 4.41753e-13 -2.60833e-13 5.14844e-13
26600 0.00425373 0.00425373 -0.00923001 4.86635e-13 -2.58188e-13 5.10259e-13
26700 0.00427039 0.00427039 -0.00926334 4.54728e-13 -2.8665e-13 5.36132e-13
26800 0.00428706 0.00428706 -0.00929667 4.53084e-13 -2.6326e-13 4.9411e-13
26900 0.00430373 0.00430373 -0.00933001 5.01792e-13 -2.41431e-13 4.71359e-13
27000 0.0043204 0.0043204 -0.00936334 4.44807e-13 -2.34248e-13 4.54495e-13
27100 0.00433706 0.00433706 -0.00939667 3.67082e-13 -2.08629e-13 3.6989e-13
27200 0.00435373 0.00435373 -0.00943001 4.79427e-13 -2.41843e-13 4.61373e-13
27300 0.0043704 0.0043704 -0.00946334 3.8395e-13 -2.14145e-13 3.8715e-13
27400 0.00438707 0.00438707 -0.00949667 4.45313e-13 -2.39403e-13 4.46612e-13
27500 0.00440373 0.00440373 -0.00953001 3.72848e-13 -1.98879e-13 3.64953e-13
27600 0.0044204 0.0044204 -0.00956334 4.14603e-13 -2.10857e-13 3.62518e-13
27700 0.00443707 0.00443707 -0.00959667 4.4752e-13 -1.91376e-13 3.55481e-13
27800 0.00445374 0.00445374 -0.00963001 4.00479e-13 -2.06959e-13 3.86248e-13
27900 0.0044704 0.0044704 -0.00966334 3.53133e-13 -1.86211e-13 3.31562e-13
28000 0.00448707 0.00448707 -0.00969667 3.0033e-13 -2.04301e-13 3.3744e-13
28100 0.00450374 0.00450374 -0.00973001 3.07537e-13 -2.12819e-13 3.56884e-13
28200 0.0045204 0.0045204 -0.00976334 3.25963e-13 -1.73804e-13 3.21812e-13
28300 0.00453707 0.00453707 -0.00979667 4.10788e-13 -1.95892e-13 3.38813e-13
28400 0.00455374 0.00455374 -0.00983001 2.85731e-13 -1.77552e-13 3.08906e-13
28500 0.00457041 0.00457041 -0.00986334 5.85785e-13 -3.1204e-13 1.65109e-12
28600 0.00458707 0.00458707 -0.00989667 3.99704e-13 -1.75382e-13 3.6848e-13
28700 0.00460374 0.00460374 -0.00993001 2.42434e-13 -1.8712e-13 3.25029e-13
28800 0.00462041 0.00462041 -0.00996334 2.58133e-13 -1.81721e-13 3.0489e-13
28900 0.00463708 0.00463708 -0.00999667 3.16143e-13 -2.08253e-13 3.56176e-13
29000 0.00465374 0.00465374 -0.01003 2.59282e-13 -1.70018e-13 3.00916e-13
29100 0.00467041 0.00467041 -0.0100633 3.67789e-13 -1.73172e-13 3.33328e-13
29200 0.00468708 0.00468708 -0.0100967 2.07363e-13 -1.78459e-13 3.0382e-13
29300 0.00470375 0.00470375 -0.01013 2.85738e-13 -1.66301e-13 2.97518e-13
29400 0.00472041 0.00472041 -0.0101633 2.27785e-13 -1.46668e-13 2.85411e-13
29500 0.00473708 0.00473708 -0.0101967 1.80893e-13 -1.46479e-13 2.59825e-13
29600 0.00475375 0.00475375 -0.01023 1.77236e-13 -1.55531e-13 2.58597e-13
29700 0.00477042 0.00477042 -0.0102633 2.90225e-13 -1.53316e-13 2.8182e-13
29800 0.00478708 0.00478708 -0.0102967 1.47129e-13 -1.79241e-13 2.6736e-13
29900 0.00480375 0.00480375 -0.01033 2.77518e-13 -1.38008e-13 2.57654e-13
30000 0.00482042 0.00482042 -0.0103633 2.20471e-13 -1.517e-13 2.40055e-13
30100 0.00483709 0.00483709 -0.0103967 1.93853e-13 -1.40419e-13 2.26795e-13
30200 0.00485375 0.00485375 -0.01043 1.81742e-13 -1.13504e-13 1.70103e-13
30300 0.00487042 0.00487042 -0.0104633 1.60564e-13 -1.21549e-13 1.65744e-13
30400 0.00488709 0.00488709 -0.0104967 1.65549e-13 -1.30706e-13 1.85821e-13
30500 0.00490376 0.00490376 -0.01053 2.16657e-13 -1.28061e-13 2.13276e-13
30600 0.00492042 0.00492042 -0.0105633 1.7361e-13 -1.49455e-13 2.16695e-13
30700 0.00493709 0.00493709 -0.0105967 1.74607e-13 -1.08882e-13 1.8377e-13
30800 0.00495376 0.00495376 -0.01063 1.84026e-13 -1.26874e-13 1.85394e-13
30900 0.00497043 0.00497043 -0.0106633 1.85757e-13 -1.64136e-13 1.65835e-13
31000 0.00498709 0.00498709 -0.0106967 1.18271e-13 -9.34253e-14 1.38638e-13
31100 0.00500376 0.00500376 -0.01073 1.28307e-13 -9.1691e-14 1.0367e-13
31200 0.00502043 0.00502043 -0.0107633 1.76615e-13 -1.36538e-13 2.13513e-13
31300 0.0050371 0.0050371 -0.0107967 1.58018e-13 -1.08224e-13 1.6482e-13
31400 0.00505376 0.00505376 -0.01083 9.52899e-14 -1.08435e-13 1.41193e-13
31500 0.00507043 0.00507043 -0.0108633 9.6783e-14 -1.27798e-13 1.34349e-13
31600 0.0050871 0.0050871 -0.0108967 1.7295e-13 -1.10646e-13 1.63339e-13
31700 0.00510377 0.00510377 -0.01093 9.73772e-14 -1.06378e-13 1.39427e-13
31800 0.00512043 0.00512043 -0.0109633 1.78506e-13 -1.22126e-13 1.70612e-13
31900 0.0051371 0.0051371 -0.0109967 2.00745e-13 -1.2357e-13 1.90449e-13
32000 0.00515377 0.00515377 -0.01103 9.17877e-14 -8.6397e-14 1.09644e-13
32100 0.00517044 0.00517044 -0.0110633 1.28632e-13 -1.06434e-13 1.39387e-13
32200 0.0051871 0.0051871 -0.0110967 1.25212e-13 -8.08503e-14 9.69559e-14
32300 0.00520377 0.00520377 -0.01113 1.40497e-13 -7.07446e-14 1.1367e-13
32400 0.00522044 0.00522044 -0.0111633 9.43102e-14 -4.34592e-14 7.45519e-14
32500 0.00523711 0.00523711 -0.0111967 8.71208e-14 -1.06205e-13 1.27028e-13
32600 0.00525377 0.00525377 -0.01123 2.5194e-12 -1.47455e-12 1.77577e-12
32700 0.00527044 0.00527044 -0.0112633 3.65185e-13 -1.81543e-13 2.38454e-13
32800 0.00528711 0.00528711 -0.0112967 1.99231e-13 -1.40174e-13 1.75973e-13
32900 0.00530378 0.00530378 -0.01133 1.94424e-13 -1.50577e-13 1.74323e-13
33000 0.00532044 0.00532044 -0.0113633 2.05991e-13 -1.47646e-13 1.7037e-13
33100 0.00533711 0.00533711 -0.0113967 1.88905e-13 -1.34487e-13 1.29893e-13
33200 0.00535378 0.00535378 -0.01143 2.1356e-13 -1.25296e-13 1.44165e-13
33300 0.00537044 0.00537044 -0.0114633 2.25786e-13 -1.57568e-13 1.85156e-13
33400 0.00538711 0.00538711 -0.0114967 1.05998e-13 -1.08837e-13 1.05444e-13
33500 0.00540378 0.00540378 -0.01153 2.49223e-13 -1.29184e-13 1.39103e-13
33600 0.00542045 0.00542045 -0.0115633 1.786e-13 -1.43026e-13 1.50711e-13
33700 0.00543711 0.00543711 -0.0115967 1.72504e-13 -1.15601e-13 1.33003e-13
33800 0.00545378 0.00545378 -0.01163 1.5954e-13 -1.15026e-13 1.01452e-13
33900 0.00547045 0.00547045 -0.0116633 1.20424e-13 -1.01875e-13 1.01237e-13
34000 0.00548712 0.00548712 -0.0116967 1.72482e-13 -1.07566e-13 1.33846e-13
34100 0.00550378 0.00550378 -0.01173 1.14186e-13 -1.16165e-13 8.2902e-14
34200 0.00552045 0.00552045 -0.0117633 9.24072e-14 -1.03102e-13 1.16763e-13
34300 0.00553712 0.00553712 -0.0117967 1.79144e-13 -1.06468e-13 1.50539e-13
34400 0.00555379 0.00555379 -0.01183 6.18962e-14 -1.05947e-13 1.04592e-13
34500 0.00557045 0.00557045 -0.0118633 1.01591e-13 -1.05996e-13 9.84104e-14
34600 0.00558712 0.00558712 -0.0118967 7.3783e-14 -9.03635e-14 6.85411e-14
34700 0.00560379 0.00560379 -0.01193 1.42514e-13 -1.061e-13 1.27853e-13
34800 0.00562046 0.00562046 -0.0119633 4.16777e-12 7.99526e-13 1.30594e-13
34900 0.00563712 0.00563712 -0.0119967 3.35008e-13 -8.20455e-14 1.07373e-13
35000 0.00565379 0.00565379 -0.01203 3.19609e-13 -7.65685e-14 1.20938e-13
35100 0.00567046 0.00567046 -0.0120633 3.72955e-13 -8.34706e-14 1.27161e-13
35200 0.00568713 0.00568713 -0.0120967 3.45889e-13 -6.47503e-14 8.31874e-14
35300 0.00570379 0.00570379 -0.01213 2.55428e-13 -5.2864e-14 7.90431e-14
35400 0.00572046 0.00572046 -0.0121633 1.82097e-13 -3.9242e-14 4.26564e-14
35500 0.00573713 0.00573713 -0.0121967 2.18422e-13 -4.6066e-14 4.80549e-14
35600 0.0057538 0.0057538 -0.01223 1.44723e-13 -3.12706e-14 3.36385e-14
35700 0.00577046 0.00577046 -0.0122633 1.93309e-13 -3.17827e-14 4.2718e-14
35800 0.00578713 0.00578713 -0.0122967 -2.50644e-12 1.77283e-13 -1.7623e-13
35900 0.0058038 0.0058038 -0.01233 1.09737e-13 -3.43575e-14 3.8448e-14
36000 0.00582047 0.00582047 -0.0123633 8.78546e-14 -6.51154e-14 8.19158e-14
36100 0.00583713 0.00583713 -0.0123967 2.26687e-14 -2.06133e-14 -7.90904e-15
36200 0.0058538 0.0058538 -0.01243 3.06246e-14 -6.23798e-14 6.79201e-14
36300 0.00587047 0.00587047 -0.0124633 6.8942e-14 -5.89069e-14 5.07151e-14
36400 0.00588713 0.00588713 -0.0124967 5.85211e-14 -3.61581e-14 3.78816e-14
36500 0.0059038 0.0059038 -0.01253 7.01682e-14 -5.9321e-14 9.69437e-14
36600 0.00592047 0.00592047 -0.0125633 1.62857e-13 -2.51956e-14 8.48943e-14
36700 0.00593714 0.00593714 -0.0125967 7.24451e-14 -5.92282e-14 3.93873e-14
36800 0.0059538 0.0059538 -0.01263 -3.25129e-14 -5.23076e-14 1.32745e-14
36900 0.00597047 0.00597047 -0.0126633 8.37147e-14 -6.06143e-14 7.54037e-14
37000 0.00598714 0.00598714 -0.0126967 2.35625e-14 -1.78169e-14 1.26865e-14
37100 0.00600381 0.00600381 -0.01273 3.57648e-14 -3.55974e-14 3.82355e-14
37200 0.00602047 0.00602047 -0.0127633 8.55711e-14 -3.36901e-14 7.28883e-14
37300 0.00603714 0.00603714 -0.0127967 3.74138e-14 -5.6598e-14 2.45572e-14
37400 0.00605381 0.00605381 -0.01283 4.94882e-14 -5.39868e-14 5.80252e-14
37500 0.00607048 0.00607048 -0.0128633 -4.6944e-15 -3.46997e-14 1.16096e-15
37600 0.00608714 0.00608714 -0.0128967 5.24296e-15 -2.13874e-14 1.69053e-14
37700 0.00610381 0.00610381 -0.01293 6.11687e-14 -3.3298e-14 2.52467e-14
37800 0.00612048 0.00612048 -0.0129633 8.17558e-14 -7.0768e-14 7.49101e-14
37900 0.00613715 0.00613715 -0.0129967 -2.38209e-12 1.1413e-12 -1.24595e-12
38000 0.00615381 0.00615381 -0.01303 -7.08984e-14 1.18911e-14 -2.5709e-14
38100 0.00617048 0.00617048 -0.0130633 -1.2907e-13 2.7478e-15 -2.87882e-14
38200 0.00618715 0.00618715 -0.0130967 3.67497e-14 -7.09198e-15 3.86718e-14
38300 0.00620382 0.00620382 -0.01313 -4.33516e-14 2.6455e-14 -5.16484e-14
38400 0.00622048 0.00622048 -0.0131633 7.18385e-13 1.32741e-13 1.14272e-12
38500 0.00623715 0.00623715 -0.0131967 -5.77505e-14 1.85672e-14 -1.81153e-14
38600 0.00625382 0.00625382 -0.01323 -2.52086e-14 -3.46962e-14 1.80468e-14
38700 0.00627049 0.00627049 -0.0132633 6.57453e-14 -3.18751e-14 6.45096e-14
38800 0.00628715 0.00628715 -0.0132967 -6.49706e-14 -7.45931e-16 3.52986e-14
38900 0.00630382 0.00630382 -0.01333 2.95811e-15 -5.14909e-15 1.82896e-14
39000 0.00632049 0.00632049 -0.0133633 3.31358e-14 6.07197e-15 2.33047e-14
39100 0.00633715 0.00633715 -0.0133967 -5.09432e-14 5.42535e-15 -5.70854e-15
39200 0.00635382 0.00635382 -0.01343 -6.95017e-14 2.23454e-14 -2.32978e-14
39300 0.00637049 0.00637049 -0.0134633 -7.22101e-14 -3.66677e-15 -9.06393e-17
39400 0.00638716 0.00638716 -0.0134967 -4.85688e-14 2.771e-14 -5.32339e-14
39500 0.00640382 0.00640382 -0.01353 -5.725e-14 1.22411e-14 -1.28174e-14
39600 0.00642049 0.00642049 -0.0135633 -7.39116e-14 5.28961e-15 -3.8337e-14
39700 0.00643716 0.00643716 -0.0135967 -3.75661e-14 2.94751e-14 -1.79635e-14
39800 0.00645383 0.00645383 -0.01363 -2.20876e-14 1.49676e-14 -3.00875e-14
39900 0.00647049 0.00647049 -0.0136633 -5.29093e-15 -2.76211e-15 1.3912e-14
40000 0.00648716 0.00648716 -0.0136967 -3.92601e-14 -2.01315e-15 5.26012e-15
40100 0.00650383 0.00650383 -0.01373 1.55667e-15 -6.4857e-15 9.87621e-15
40200 0.0065205 0.0065205 -0.0137633 -1.05236e-13 -5.05325e-15 -2.42449e-14
40300 0.00653716 0.00653716 -0.0137967 1.68084e-14 -4.12691e-15 4.25051e-15
40400 0.00655383 0.00655383 -0.01383 1.15213e-12 -9.07129e-13 2.74413e-12
40500 0.0065705 0.0065705 -0.0138633 4.71929e-14 -5.19923e-14 1.11595e-13
40600 0.00658717 0.00658717 -0.0138967 7.58074e-14 -7.73773e-14 1.30625e-13
40700 0.00660383 0.00660383 -0.01393 -1.45669e-14 -4.16082e-14 4.96127e-14
40800 0.0066205 0.0066205 -0.0139633 3.08106e-15 -3.90638e-14 7.86519e-14
40900 0.00663717 0.00663717 -0.0139967 7.61303e-15 -5.08608e-14 9.96655e-14
41000 0.00665384 0.00665384 -0.01403 3.12324e-14 -3.77359e-14 9.66627e-14
41100 0.0066705 0.0066705 -0.0140633 -2.31579e-12 2.48956e-13 -1.25617e-13
41200 0.00668717 0.00668717 -0.0140967 7.41864e-13 -9.86809e-13 6.61547e-13
41300 0.00670384 0.00670384 -0.01413 1.13376e-12 -5.79409e-13 9.05635e-13
41400 0.0067205 0.0067205 -0.0141633 1.39231e-15 -8.88447e-14 1.3641e-13
41500 0.00673717 0.00673717 -0.0141967 7.39256e-14 -9.80791e-14 1.71872e-13
41600 0.00675384 0.00675384 -0.01423 -1.4666e-14 -8.46033e-14 9.30319e-14
41700 0.00677051 0.00677051 -0.0142633 4.2973e-14 -9.52966e-14 1.27478e-13
41800 0.00678717 0.00678717 -0.0142967 3.6801e-12 1.55782e-12 1.93639e-13
41900 0.00680384 0.00680384 -0.01433 2.69535e-13 -6.57807e-15 1.18257e-13
42000 0.00682051 0.00682051 -0.0143633 2.02077e-13 -2.82109e-15 9.95944e-14
42100 0.00683718 0.00683718 -0.0143967 3.00864e-13 -1.23512e-15 1.63229e-13
42200 0.00685384 0.00685384 -0.01443 1.38798e-13 -1.20997e-14 6.71967e-14
42300 0.00687051 0.00687051 -0.0144633 1.34169e-13 -1.4736e-14 7.5735e-14
42400 0.00688718 0.00688718 -0.0144967 -5.40784e-13 5.78226e-13 4.96991e-13
42500 0.00690385 0.00690385 -0.01453 1.32356e-13 -7.20691e-15 7.79364e-14
42600 0.00692051 0.00692051 -0.0145633 1.33155e-13 -2.03409e-14 1.02933e-13
42700 0.00693718 0.00693718 -0.0145967 1.09373e-12 -1.12111e-12 1.16776e-12
42800 0.00695385 0.00695385 -0.01463 1.52163e-12 -1.07311e-12 1.01343e-12
42900 0.00697052 0.00697052 -0.0146633 2.28342e-13 -7.96472e-14 1.65882e-13
43000 0.00698718 0.00698718 -0.0146967 2.03956e-12 6.10887e-13 1.64886e-12
43100 0.00700385 0.00700385 -0.01473 2.99682e-13 -5.89867e-14 2.0555e-13
43200 0.00702052 0.00702052 -0.0147633 2.83055e-13 -5.8435e-14 2.00214e-13
43300 0.00703718 0.00703718 -0.0147967 3.84769e-13 -3.81813e-14 1.9889e-13
43400 0.00705385 0.00705385 -0.01483 2.77018e-13 -5.6205e-14 1.90025e-13
43500 0.00707052 0.00707052 -0.0148633 2.83366e-13 -5.51885e-14 1.85105e-13
43600 0.00708719 0.00708719 -0.0148967 3.44735e-13 -7.34265e-14 2.05848e-13
43700 0.00710385 0.00710385 -0.01493 2.76953e-13 -5.43823e-14 1.76593e-13
43800 0.00712052 0.00712052 -0.0149633 2.60747e-13 -5.38354e-14 1.72024e-13
43900 0.00713719 0.00713719 -0.0149967 2.67403e-13 -5.2818e-14 1.67592e-13
44000 0.00715386 0.00715386 -0.01503 2.51371e-13 -5.22781e-14 1.63262e-13
44100 0.00717052 0.00717052 -0.0150633 2.58194e-13 -5.12702e-14 1.59063e-13
44200 0.00718719 0.00718719 -0.0150967 2.42329e-13 -5.07394e-14 1.54961e-13
44300 0.00720386 0.00720386 -0.01513 2.49313e-13 -4.97402e-14 1.50981e-13
44400 0.00722053 0.00722053 -0.0151633 2.33611e-13 -4.92206e-14 1.47093e-13
44500 0.00723719 0.00723719 -0.0151967 2.40749e-13 -4.82327e-14 1.43323e-13
44600 0.00725386 0.00725386 -0.01523 2.25202e-13 -4.77231e-14 1.39637e-13
44700 0.00727053 0.00727053 -0.0152633 2.3249e-13 -4.67473e-14 1.36065e-13
44800 0.0072872 0.0072872 -0.0152967 2.17094e-13 -4.62512e-14 1.3257e-13
44900 0.00730386 0.00730386 -0.01533 2.24524e-13 -4.52884e-14 1.29185e-13
45000 0.00732053 0.00732053 -0.0153633 2.09274e-13 -4.48044e-14 1.25872e-13
45100 0.0073372 0.0073372 -0.0153967 1.72651e-13 -6.67582e-14 9.55291e-14
45200 0.00735386 0.00735386 -0.01543 1.99819e-13 -4.40594e-14 1.18689e-13
45300 0.00737053 0.00737053 -0.0154633 2.07566e-13 -4.30962e-14 1.1568e-13
45400 0.0073872 0.0073872 -0.0154967 1.92612e-13 -4.26261e-14 1.12719e-13
45500 0.00740387 0.00740387 -0.01553 2.00487e-13 -4.16789e-14 1.09867e-13
45600 0.00742053 0.00742053 -0.0155633 1.85663e-13 -4.12248e-14 1.0706e-13
45700 0.0074372 0.0074372 -0.0155967 1.9366e-13 -4.02937e-14 1.04355e-13
45800 0.00745387 0.00745387 -0.01563 1.78961e-13 -3.98561e-14 1.01691e-13
45900 0.00747054 0.00747054 -0.0156633 1.87076e-13 -3.89419e-14 9.91273e-14
46000 0.0074872 0.0074872 -0.0156967 1.72497e-13 -3.85213e-14 9.66015e-14
46100 0.00750387 0.00750387 -0.01573 1.80726e-13 -3.76218e-14 9.41712e-14
46200 0.00752054 0.00752054 -0.0157633 1.66262e-13 -3.72185e-14 9.17755e-14
46300 0.00753721 0.00753721 -0.0157967 1.74601e-13 -3.63373e-14 8.94701e-14
46400 0.00755387 0.00755387 -0.01583 1.60386e-13 -7.8171e-14 1.04238e-13
46500 0.00757054 0.00757054 -0.0158633 1.68699e-13 -3.65862e-14 8.57543e-14
46600 0.00758721 0.00758721 -0.0158967 1.54455e-13 -3.61672e-14 8.3579e-14
46700 0.00760388 0.00760388 -0.01593 1.63002e-13 -3.52929e-14 8.14973e-14
46800 0.00762054 0.00762054 -0.0159633 1.48861e-13 -3.48922e-14 7.9433e-14
46900 0.00763721 0.00763721 -0.0159967 1.57505e-13 -3.40379e-14 7.74571e-14
47000 0.00765388 0.00765388 -0.01603 1.43466e-13 -3.36554e-14 7.54969e-14
47100 0.00767054 0.00767054 -0.0160633 1.52205e-13 -3.28192e-14 7.36251e-14
47200 0.00768721 0.00768721 -0.0160967 2.23808e-13 2.54545e-14 4.58193e-14
47300 0.00770388 0.00770388 -0.01613 1.5079e-13 -2.95701e-14 6.88824e-14
47400 0.00772055 0.00772055 -0.0161633 1.36854e-13 -2.92891e-14 6.71442e-14
47500 0.00773721 0.00773721 -0.0161967 1.45728e-13 -2.85249e-14 6.54754e-14
47600 0.00775388 0.00775388 -0.01623 1.31886e-13 -2.82595e-14 6.38239e-14
47700 0.00777055 0.00777055 -0.0162633 1.40847e-13 -2.75101e-14 6.22401e-14
47800 0.00778722 0.00778722 -0.0162967 1.27093e-13 -2.72594e-14 6.06737e-14
47900 0.00780388 0.00780388 -0.01633 1.36138e-13 -2.65248e-14 5.91714e-14
48000 0.00782055 0.00782055 -0.0163633 1.22469e-13 -2.62897e-14 5.76848e-14
48100 0.00783722 0.00783722 -0.0163967 1.31595e-13 -2.5569e-14 5.62606e-14
48200 0.00785389 0.00785389 -0.01643 1.1801e-13 -2.53486e-14 5.48468e-14
48300 0.00787055 0.00787055 -0.0164633 1.27213e-13 -2.46435e-14 5.34954e-14
48400 0.00788722 0.00788722 -0.0164967 1.30209e-13 -2.11055e-14 6.8355e-14
48500 0.00790389 0.00790389 -0.01653 4.41166e-12 -9.86666e-13 1.87519e-12
48600 0.00792055 0.00792055 -0.0165633 3.60548e-13 -8.5848e-14 1.36393e-13
48700 0.00793722 0.00793722 -0.0165967 1.19489e-12 -7.45214e-13 1.10962e-12
48800 0.00795389 0.00795389 -0.01663 3.52867e-13 -9.55425e-14 1.52524e-13
48900 0.00797056 0.00797056 -0.0166633 3.09387e-13 -9.55546e-14 1.25762e-13
49000 0.00798722 0.00798722 -0.0166967 3.1441e-13 -5.3485e-14 1.20872e-13
49100 0.00800389 0.00800389 -0.01673 3.47262e-13 -1.19795e-13 1.95866e-13
49200 0.00802056 0.00802056 -0.0167633 2.02116e-12 -3.8365e-13 2.27705e-12
49300 0.00803723 0.00803723 -0.0167967 4.82091e-13 -1.40253e-13 2.47304e-13
49400 0.00805389 0.00805389 -0.01683 2.27065e-12 -8.90982e-13 2.73704e-12
49500 0.00807056 0.00807056 -0.0168633 4.83013e-13 -1.28364e-13 2.72737e-13
49600 0.00808723 0.00808723 -0.0168967 4.55928e-13 -1.43223e-13 3.05592e-13
49700 0.0081039 0.0081039 -0.01693 4.3776e-13 -1.4228e-13 3.01623e-13
49800 0.00812056 0.00812056 -0.0169633 1.70433e-12 5.80883e-13 5.0792e-13
49900 0.00813723 0.00813723 -0.0169967 5.40054e-13 -1.03795e-13 2.53948e-13
50000 0.0081539 0.0081539 -0.01703 4.67581e-13 -9.52849e-14 2.54331e-13
50100 0.00817057 0.00817056 -0.0170633 4.65791e-13 -8.10029e-14 2.15293e-13
50200 0.00818723 0.00818723 -0.0170967 4.0668e-13 -9.3015e-14 2.60339e-13
50300 0.0082039 0.0082039 -0.01713 4.90688e-13 -1.23446e-13 3.09771e-13
50400 0.00822057 0.00822057 -0.0171633 4.32931e-13 -8.08693e-14 2.3445e-13
50500 0.00823723 0.00823723 -0.0171967 1.95087e-12 -7.55094e-13 2.347e-12
50600 0.0082539 0.0082539 -0.01723 4.77165e-13 -1.33375e-13 3.07547e-13
50700 0.00827057 0.00827057 -0.0172633 5.07874e-13 -1.46178e-13 3.30633e-13
50800 0.00828724 0.00828724 -0.0172967 4.13504e-13 -1.28419e-13 2.74065e-13
50900 0.0083039 0.0083039 -0.01733 4.55263e-13 -1.41724e-13 3.00667e-13
51000 0.00832057 0.00832057 -0.0173633 3.86469e-13 -1.18226e-13 2.50846e-13
51100 0.00833724 0.00833724 -0.0173967 4.00267e-13 -1.34836e-13 2.87843e-13
51200 0.00835391 0.00835391 -0.01743 3.41052e-13 -9.90145e-14 2.27743e-13
51300 0.00837057 0.00837057 -0.0174633 5.16161e-13 -1.44754e-13 3.00558e-13
51400 0.00838724 0.00838724 -0.0174967 4.31342e-13 -1.12885e-13 2.53476e-13
51500 0.00840391 0.00840391 -0.01753 4.06806e-13 -1.24128e-13 2.41087e-13
51600 0.00842058 0.00842057 -0.0175633 5.19927e-13 -1.31826e-13 2.92454e-13
51700 0.00843724 0.00843724 -0.0175967 4.16097e-13 -1.30915e-13 2.53098e-13
51800 0.00845391 0.00845391 -0.01763 3.9747e-13 -1.13221e-13 2.35176e-13
51900 0.00847058 0.00847058 -0.0176633 3.701e-13 -8.35686e-14 2.17416e-13
52000 0.00848724 0.00848724 -0.0176967 3.52728e-13 -9.69294e-14 1.75802e-13
52100 0.00850391 0.00850391 -0.01773 4.34202e-13 -1.33311e-13 2.48806e-13
52200 0.00852058 0.00852058 -0.0177633 3.44081e-13 -1.08452e-13 1.99061e-13
52300 0.00853725 0.00853725 -0.0177967 3.98623e-13 -1.07107e-13 1.97304e-13
52400 0.00855391 0.00855391 -0.01783 2.77326e-13 -1.02714e-13 2.13416e-13
52500 0.00857058 0.00857058 -0.0178633 1.99884e-12 -5.94591e-13 2.48558e-12
52600 0.00858725 0.00858725 -0.0178967 4.15111e-13 -9.89868e-14 2.58751e-13
52700 0.00860392 0.00860392 -0.01793 3.11089e-13 -1.09151e-13 2.37048e-13
52800 0.00862058 0.00862058 -0.0179633 3.82524e-12 -6.47735e-13 2.69083e-12
52900 0.00863725 0.00863725 -0.0179967 6.13227e-13 -1.70556e-13 3.86654e-13
53000 0.00865392 0.00865392 -0.01803 5.1786e-13 -1.34513e-13 3.37097e-13
53100 0.00867058 0.00867058 -0.0180633 3.14887e-12 -1.30157e-12 2.55671e-12
53200 0.00868725 0.00868725 -0.0180967 6.50735e-13 -1.85474e-13 4.13431e-13
53300 0.00870392 0.00870392 -0.01813 6.56991e-13 -1.79188e-13 3.84904e-13
53400 0.00872059 0.00872059 -0.0181633 3.00382e-12 -3.27612e-13 1.9299e-12
53500 0.00873725 0.00873725 -0.0181967 6.81859e-13 -2.04893e-13 4.34581e-13
53600 0.00875392 0.00875392 -0.01823 6.53613e-13 -1.57345e-13 3.76392e-13
53700 0.00877059 0.00877059 -0.0182633 7.04896e-13 -1.69614e-13 3.89912e-13
53800 0.00878726 0.00878726 -0.0182967 6.58227e-13 -1.58152e-13 3.50747e-13
53900 0.00880392 0.00880392 -0.01833 6.66799e-13 -1.61636e-13 3.47649e-13
54000 0.00882059 0.00882059 -0.0183633 6.53227e-13 -1.76596e-13 3.91865e-13
54100 0.00883726 0.00883726 -0.0183967 3.96302e-12 -7.22649e-13 2.94296e-12
54200 0.00885393 0.00885393 -0.01843 7.83745e-13 -1.94904e-13 4.74032e-13
54300 0.00887059 0.00887059 -0.0184633 7.22253e-13 -1.91486e-13 4.18662e-13
54400 0.00888726 0.00888726 -0.0184967 4.641e-12 -1.22492e-12 3.66411e-12
54500 0.00890393 0.00890393 -0.01853 9.32654e-13 -2.49673e-13 5.5485e-13
54600 0.00892059 0.00892059 -0.0185633 8.63128e-13 -2.1607e-13 4.8775e-13
54700 0.00893726 0.00893726 -0.0185967 8.01564e-13 -2.37374e-13 4.87971e-13
54800 0.00895393 0.00895393 -0.01863 7.78022e-13 -1.84433e-13 4.4448e-13
54900 0.0089706 0.0089706 -0.0186633 8.13691e-13 -2.05298e-13 4.52825e-13
55000 0.00898726 0.00898726 -0.0186967 7.85703e-13 -1.99435e-13 4.60666e-13
55100 0.00900393 0.00900393 -0.01873 9.21247e-13 1.09397e-12 6.80752e-13
55200 0.0090206 0.0090206 -0.0187633 8.04994e-13 -1.60183e-13 4.56116e-13
55300 0.00903727 0.00903727 -0.0187967 2.79288e-12 8.463e-13 2.04256e-12
55400 0.00905393 0.00905393 -0.01883 8.08306e-13 -1.00415e-13 4.36663e-13
55500 0.0090706 0.0090706 -0.0188633 8.18991e-13 -9.84048e-14 4.30078e-13
55600 0.00908727 0.00908727 -0.0188967 2.20825e-12 -4.00239e-13 1.98572e-12
55700 0.00910394 0.00910394 -0.01893 8.15421e-13 -1.19105e-13 4.53965e-13
55800 0.0091206 0.0091206 -0.0189633 8.37609e-13 -1.30977e-13 4.68786e-13
55900 0.00913727 0.00913727 -0.0189967 7.92264e-13 -1.31329e-13 4.60023e-13
56000 0.00915394 0.00915394 -0.01903 2.6096e-12 -4.51645e-13 2.28517e-12
56100 0.0091706 0.0091706 -0.0190633 8.79263e-13 -1.14814e-13 4.57219e-13
56200 0.00918727 0.00918727 -0.0190967 8.48313e-13 -1.43262e-13 5.02414e-13
56300 0.00920394 0.00920394 -0.01913 8.3204e-13 -1.38985e-13 4.61469e-13
56400 0.00922061 0.00922061 -0.0191633 6.67058e-13 -1.02588e-12 2.22971e-12
56500 0.00923727 0.00923727 -0.0191967 7.87398e-13 -1.8304e-13 5.2834e-13
56600 0.00925394 0.00925394 -0.01923 7.55278e-13 -1.64075e-13 4.953e-13
56700 0.00927061 0.00927061 -0.0192633 1.0005e-12 -6.63333e-13 1.56697e-12
56800 0.00928728 0.00928728 -0.0192967 -7.71729e-13 8.58746e-13 7.67926e-13
56900 0.00930394 0.00930394 -0.01933 6.95421e-13 -1.54636e-13 5.03242e-13
57000 0.00932061 0.00932061 -0.0193633 6.71632e-13 -1.48275e-13 5.01921e-13
57100 0.00933728 0.00933728 -0.0193967 6.10601e-13 -1.22831e-13 4.47163e-13
57200 0.00935394 0.00935394 -0.01943 5.63444e-13 -1.4013e-13 4.61464e-13
57300 0.00937061 0.00937061 -0.0194633 6.34481e-13 -1.42832e-13 4.4615e-13
57400 0.00938728 0.00938728 -0.0194967 5.32256e-13 -1.44414e-13 4.27516e-13
57500 0.00940395 0.00940395 -0.01953 5.93774e-13 -1.26263e-13 4.24149e-13
57600 0.00942061 0.00942061 -0.0195633 5.47137e-13 -1.15521e-13 3.81552e-13
57700 0.00943728 0.00943728 -0.0195967 5.2947e-13 -1.32056e-13 4.04631e-13
57800 0.00945395 0.00945395 -0.01963 5.38219e-13 -1.1906e-13 3.57341e-13
57900 0.00947062 0.00947062 -0.0196633 5.8569e-13 -1.40676e-13 4.12989e-13
58000 0.00948728 0.00948728 -0.0196967 5.95628e-13 -1.57916e-13 4.1776e-13
58100 0.00950395 0.00950395 -0.01973 5.49988e-13 -1.49934e-13 3.8042e-13
58200 0.00952062 0.00952062 -0.0197633 5.53842e-13 -1.15247e-13 3.59436e-13
58300 0.00953729 0.00953729 -0.0197967 5.30873e-13 -1.37375e-13 3.63218e-13
58400 0.00955395 0.00955395 -0.01983 5.09946e-13 -9.4473e-14 3.02272e-13
58500 0.00957062 0.00957062 -0.0198633 5.58493e-13 -1.32483e-13 3.59381e-13
58600 0.00958729 0.00958729 -0.0198967 -9.9504e-15 -8.05249e-13 1.85115e-12
58700 0.00960395 0.00960395 -0.01993 4.59807e-13 -1.19526e-13 3.3281e-13
58800 0.00962062 0.00962062 -0.0199633 4.30478e-13 -1.37512e-13 3.61274e-13
58900 0.00963729 0.00963729 -0.0199967 3.98153e-13 -1.40632e-13 3.30064e-13
59000 0.00965396 0.00965396 -0.02003 3.6599e-13 -1.42985e-13 3.31716e-13
59100 0.00967062 0.00967062 -0.0200633 4.25373e-13 -1.54523e-13 3.44018e-13
59200 0.00968729 0.00968729 -0.0200967 3.7242e-13 -1.49632e-13 3.13605e-13
59300 0.00970396 0.00970396 -0.02013 4.02683e-13 -1.34308e-13 3.14736e-13
59400 0.00972063 0.00972063 -0.0201633 3.59567e-13 -1.3247e-13 2.97096e-13
59500 0.00973729 0.00973729 -0.0201967 1.66101e-12 4.35034e-14 1.27959e-12
59600 0.00975396 0.00975396 -0.02023 1.14456e-12 3.3758e-13 1.25214e-12
59700 0.00977063 0.00977063 -0.0202633 3.86989e-13 -1.13104e-13 3.19628e-13
59800 0.00978729 0.00978729 -0.0202967 2.70099e-12 -2.24945e-13 2.58225e-12
59900 0.00980396 0.00980396 -0.02033 5.70673e-13 -1.28531e-13 4.26525e-13
60000 0.00982063 0.00982063 -0.0203633 5.97121e-13 -1.29209e-13 4.22403e-13
60100 0.0098373 0.0098373 -0.0203967 4.4356e-13 -1.30194e-13 3.85868e-13
60200 0.00985396 0.00985396 -0.02043 4.89365e-13 -1.15331e-13 3.66956e-13
60300 0.00987063 0.00987063 -0.0204633 5.13974e-13 -1.37164e-13 3.78825e-13
60400 0.0098873 0.0098873 -0.0204967 4.42844e-13 -1.3109e-13 3.21299e-13
60500 0.00990397 0.00990397 -0.02053 4.52158e-13 -9.06757e-14 3.20853e-13
60600 0.00992063 0.00992063 -0.0205633 4.59255e-13 -1.15179e-13 3.32781e-13
60700 0.0099373 0.0099373 -0.0205967 4.98903e-13 -1.15769e-13 3.37935e-13
60800 0.00995397 0.00995397 -0.02063 4.61599e-13 -1.16187e-13 3.25464e-13
60900 0.00997063 0.00997063 -0.0206633 4.23071e-13 -1.2061e-13 3.46698e-13
61000 0.0099873 0.0099873 -0.0206967 4.7306e-13 -1.15329e-13 3.23947e-13
61100 0.010004 0.010004 -0.02073 4.85095e-13 -1.42511e-13 3.38648e-13
61200 0.0100206 0.0100206 -0.0207633 3.41149e-13 -1.08433e-13 2.70757e-13
61300 0.0100373 0.0100373 -0.0207967 3.93417e-13 -8.47126e-14 2.78425e-13
61400 0.010054 0.010054 -0.02083 7.83877e-13 2.80591e-13 4.42616e-13
61500 0.0100706 0.0100706 -0.0208633 4.58424e-13 -9.69311e-14 2.95633e-13
61600 0.0100873 0.0100873 -0.0208967 4.10704e-13 -1.10112e-13 2.69508e-13
61700 0.010104 0.010104 -0.02093 4.5024e-13 -1.08834e-13 2.91765e-13
61800 0.0101206 0.0101206 -0.0209633 4.25092e-13 -1.08979e-13 2.95181e-13
61900 0.0101373 0.0101373 -0.0209967 4.52662e-13 -1.02713e-13 2.74968e-13
62000 0.010154 0.010154 -0.02103 4.05754e-13 -9.35901e-14 2.46204e-13
62100 0.0101706 0.0101706 -0.0210633 4.54769e-13 -8.37169e-14 2.87973e-13
62200 0.0101873 0.0101873 -0.0210967 3.75671e-13 -1.10094e-13 2.62578e-13
62300 0.010204 0.010204 -0.02113 3.45035e-13 -7.98649e-14 2.06415e-13
62400 0.0102206 0.0102206 -0.0211633 3.92869e-13 -6.5694e-14 2.11213e-13
62500 0.0102373 0.0102373 -0.0211967 3.95814e-13 -7.33849e-14 2.32014e-13
62600 0.010254 0.010254 -0.02123 3.09088e-13 -3.20646e-14 1.63635e-13
62700 0.0102706 0.0102706 -0.0212633 3.49265e-13 -7.04558e-14 2.01937e-13
62800 0.0102873 0.0102873 -0.0212967 3.06346e-13 -5.5597e-14 1.77858e-13
62900 0.010304 0.010304 -0.02133 1.43712e-12 3.48632e-13 1.62112e-12
63000 0.0103206 0.0103206 -0.0213633 3.6172e-13 -5.05689e-14 2.30059e-13
63100 0.0103373 0.0103373 -0.0213967 3.60944e-13 -6.37069e-14 2.09985e-13
63200 0.010354 0.010354 -0.02143 3.42183e-13 -8.32563e-14 2.22617e-13
63300 0.0103706 0.0103706 -0.0214633 3.66034e-13 -8.1133e-14 2.49127e-13
63400 0.0103873 0.0103873 -0.0214967 3.42741e-13 -6.70332e-14 2.33959e-13
63500 0.010404 0.010404 -0.02153 2.74511e-12 4.52245e-13 1.60695e-12
63600 0.0104207 0.0104207 -0.0215633 4.42643e-13 -5.6591e-14 2.7744e-13
63700 0.0104373 0.0104373 -0.0215967 3.81107e-13 -3.57561e-14 2.08392e-13
63800 0.010454 0.010454 -0.02163 4.35886e-13 -2.05122e-14 2.17578e-13
63900 0.0104707 0.0104707 -0.0216633 4.61753e-13 -4.08033e-14 2.40565e-13
64000 0.0104873 0.0104873 -0.0216967 1.63935e-12 -2.75272e-13 1.5099e-12
64100 0.010504 0.010504 -0.02173 4.98854e-13 -8.40621e-14 2.84299e-13
64200 0.0105207 0.0105207 -0.0217633 4.33319e-13 -4.65227e-14 2.32011e-13
64300 0.0105373 0.0105373 -0.0217967 2.95996e-12 8.46912e-13 4.31726e-13
64400 0.010554 0.010554 -0.02183 5.22136e-13 -3.55983e-14 2.5533e-13
64500 0.0105707 0.0105707 -0.0218633 5.39512e-13 -4.9751e-14 2.11322e-13
64600 0.0105873 0.0105873 -0.0218967 4.99497e-13 -2.0023e-14 2.29603e-13
64700 0.010604 0.010604 -0.02193 4.73032e-13 -3.06101e-14 2.13775e-13
64800 0.0106207 0.0106207 -0.0219633 4.78356e-13 -2.34621e-15 1.78366e-13
64900 0.0106373 0.0106373 -0.0219967 4.86478e-13 -4.69754e-14 2.31629e-13
65000 0.010654 0.010654 -0.02203 4.60373e-13 -2.72204e-14 1.95807e-13
65100 0.0106707 0.0106707 -0.0220633 5.52316e-13 -3.63147e-14 2.18442e-13
65200 0.0106873 0.0106873 -0.0220967 4.6799e-13 -3.87849e-14 1.93692e-13
65300 0.010704 0.010704 -0.02213 4.5343e-13 -6.93282e-14 2.02676e-13
65400 0.0107207 0.0107207 -0.0221633 4.27487e-13 -5.25708e-14 1.90984e-13
65500 0.0107373 0.0107373 -0.0221967 4.21851e-13 -4.18485e-14 1.95387e-13
65600 0.010754 0.010754 -0.02223 1.91784e-13 -1.5854e-12 2.16223e-12
65700 0.0107707 0.0107707 -0.0222633 4.35141e-13 -1.06221e-13 2.7931e-13
65800 0.0107873 0.0107873 -0.0222967 4.36689e-13 -1.01647e-13 2.41107e-13
65900 0.010804 0.010804 -0.02233 3.84173e-13 -1.10689e-13 2.56715e-13
66000 0.0108207 0.0108207 -0.0223633 3.87354e-13 -1.05274e-13 2.37442e-13
66100 0.0108373 0.0108373 -0.0223967 3.87753e-13 -1.19104e-13 2.58408e-13
66200 0.010854 0.010854 -0.02243 3.82255e-13 -1.28018e-13 2.78083e-13
66300 0.0108707 0.0108707 -0.0224633 3.81943e-13 -9.50576e-14 2.22555e-13
66400 0.0108873 0.0108873 -0.0224967 4.03749e-13 -8.14687e-14 2.15912e-13
66500 0.010904 0.010904 -0.02253 3.46575e-13 -1.00985e-13 2.02298e-13
66600 0.0109207 0.0109207 -0.0225633 3.30356e-13 -8.00505e-14 1.81504e-13
66700 0.0109373 0.0109373 -0.0225967 3.87069e-13 -1.20999e-13 2.31157e-13
66800 0.010954 0.010954 -0.02263 3.69519e-13 -1.14016e-13 2.413e-13
66900 0.0109707 0.0109707 -0.0226633 3.84618e-13 -8.9203e-14 2.06304e-13
67000 0.0109873 0.0109873 -0.0226967 3.0624e-13 -9.61436e-14 1.98671e-13
67100 0.011004 0.011004 -0.02273 3.77952e-13 -9.42501e-14 1.98366e-13
67200 0.0110207 0.0110207 -0.0227633 1.88977e-12 -6.59346e-13 2.64564e-12
67300 0.0110373 0.0110373 -0.0227967 4.06798e-13 -1.42463e-13 3.09515e-13
67400 0.011054 0.011054 -0.02283 3.82784e-13 -1.13471e-13 2.74362e-13
67500 0.0110707 0.0110707 -0.0228633 1.47429e-12 -2.67095e-13 2.26315e-12
67600 0.0110873 0.0110873 -0.0228967 4.0112e-13 -1.3156e-13 2.81518e-13
67700 0.011104 0.011104 -0.02293 4.31018e-13 -1.10217e-13 3.20143e-13
67800 0.0111207 0.0111207 -0.0229633 1.2383e-12 -3.97383e-13 2.08949e-12
67900 0.0111373 0.0111373 -0.0229967 3.99695e-13 -1.0346e-13 3.20298e-13
68000 0.011154 0.011154 -0.02303 4.41945e-13 -1.35818e-13 3.5834e-13
68100 0.0111707 0.0111707 -0.0230633 4.50927e-13 -1.15957e-13 3.72478e-13
68200 0.0111873 0.0111873 -0.0230967 3.56807e-13 -1.13614e-13 2.90172e-13
68300 0.011204 0.011204 -0.02313 3.5085e-13 -1.13166e-13 2.86391e-13
68400 0.0112207 0.0112207 -0.0231633 -1.15074e-12 -3.71802e-13 1.33725e-12
68500 0.0112373 0.0112373 -0.0231967 3.16785e-13 -1.47556e-13 3.43886e-13
68600 0.011254 0.011254 -0.02323 2.66072e-13 -1.08415e-13 3.01167e-13
68700 0.0112707 0.0112707 -0.0232633 2.95844e-13 -1.12813e-13 3.02961e-13
68800 0.0112873 0.0112873 -0.0232967 2.63318e-13 -9.78063e-14 2.89978e-13
68900 0.011304 0.011304 -0.02333 3.20435e-13 -1.14041e-13 3.20089e-13
69000 0.0113207 0.0113207 -0.0233633 2.21911e-13 -1.0112e-13 2.59483e-13
69100 0.0113374 0.0113374 -0.0233967 2.10151e-13 -1.19523e-13 2.75396e-13
69200 0.011354 0.011354 -0.02343 2.70616e-13 -1.04025e-13 2.61747e-13
69300 0.0113707 0.0113707 -0.0234633 3.12214e-13 -1.15907e-13 2.77724e-13
69400 0.0113874 0.0113874 -0.0234967 2.22516e-13 -1.03735e-13 2.59702e-13
69500 0.011404 0.011404 -0.02353 3.13152e-12 -4.65149e-13 2.29727e-12
69600 0.0114207 0.0114207 -0.0235633 3.53566e-13 -1.15937e-13 3.08441e-13
69700 0.0114374 0.0114374 -0.0235967 3.38615e-13 -1.13604e-13 3.10755e-13
69800 0.011454 0.011454 -0.02363 2.76889e-13 -7.88874e-14 2.53119e-13
69900 0.0114707 0.0114707 -0.0236633 3.63234e-13 -1.27742e-13 3.11825e-13
70000 0.0114874 0.0114874 -0.0236967 2.58551e-13 -9.32119e-14 2.53225e-13
70100 0.011504 0.011504 -0.02373 3.08609e-13 -1.03119e-13 2.78156e-13
70200 0.0115207 0.0115207 -0.0237633 2.58619e-13 -8.40586e-14 2.32191e-13
70300 0.0115374 0.0115374 -0.0237967 3.12756e-13 -1.11675e-13 2.78564e-13
70400 0.011554 0.011554 -0.02383 3.08237e-13 -9.71393e-14 2.49934e-13
70500 0.0115707 0.0115707 -0.0238633 3.22666e-13 -1.09823e-13 2.67364e-13
70600 0.0115874 0.0115874 -0.0238967 2.5494e-13 -9.54844e-14 2.23819e-13
70700 0.011604 0.011604 -0.02393 2.539e-13 -9.76216e-14 2.22797e-13
70800 0.0116207 0.0116207 -0.0239633 2.53016e-13 -8.8987e-14 2.47687e-13
70900 0.0116374 0.0116374 -0.0239967 1.74237e-13 -8.40621e-14 2.0004e-13
71000 0.011654 0.011654 -0.02403 2.71171e-13 -4.82002e-14 2.08101e-13
71100 0.0116707 0.0116707 -0.0240633 2.83441e-13 -1.08481e-13 2.56871e-13
71200 0.0116874 0.0116874 -0.0240967 2.31108e-13 -7.56886e-14 1.83324e-13
71300 0.011704 0.011704 -0.02413 2.27021e-13 -8.37542e-14 2.10514e-13
71400 0.0117207 0.0117207 -0.0241633 1.51509e-13 -7.2076e-14 1.48798e-13
71500 0.0117374 0.0117374 -0.0241967 2.24731e-13 -7.26034e-14 1.76352e-13
71600 0.011754 0.011754 -0.02423 1.63973e-13 -9.64567e-14 2.01771e-13
71700 0.0117707 0.0117707 -0.0242633 1.22372e-13 -7.41837e-14 1.51375e-13
71800 0.0117874 0.0117874 -0.0242967 1.71406e-13 -4.54654e-14 1.21018e-13
71900 0.011804 0.011804 -0.02433 2.07427e-13 -7.73296e-14 1.27875e-13
72000 0.0118207 0.0118207 -0.0243633 9.12352e-14 -4.17348e-14 9.49778e-14
72100 0.0118374 0.0118374 -0.0243967 2.20559e-13 -7.04888e-14 1.84124e-13
72200 0.011854 0.011854 -0.02443 2.19439e-13 -6.31517e-14 1.42476e-13
72300 0.0118707 0.0118707 -0.0244633 1.87841e-13 -6.43296e-14 1.33123e-13
72400 0.0118874 0.0118874 -0.0244967 1.67635e-13 -8.21062e-14 1.83929e-13
72500 0.011904 0.011904 -0.02453 1.05364e-13 -5.87325e-14 1.3056e-13
72600 0.0119207 0.0119207 -0.0245633 1.47114e-13 -8.71794e-14 1.40775e-13
72700 0.0119374 0.0119374 -0.0245967 1.90498e-13 -5.75954e-14 9.3649e-14
72800 0.011954 0.011954 -0.02463 8.87623e-14 -4.92965e-14 8.42156e-14
72900 0.0119707 0.0119707 -0.0246633 1.64055e-13 -6.07327e-14 1.38525e-13
73000 0.0119874 0.0119874 -0.0246967 1.0171e-13 -2.48386e-14 8.56416e-14
73100 0.012004 0.012004 -0.02473 1.29122e-13 -4.73484e-14 1.16669e-13
73200 0.0120207 0.0120207 -0.0247633 8.2127e-14 -6.72891e-14 1.19136e-13
73300 0.0120374 0.0120374 -0.0247967 1.2973e-13 -6.74747e-14 1.22425e-13
73400 0.012054 0.012054 -0.02483 9.08427e-14 -2.92899e-14 7.29312e-14
73500 0.0120707 0.0120707 -0.0248633 1.13764e-13 -5.22299e-14 1.01044e-13
73600 0.0120874 0.0120874 -0.0248967 1.10589e-13 -3.35071e-14 7.72698e-14
73700 0.012104 0.012104 -0.02493 1.6486e-13 -4.57108e-14 9.44505e-14
73800 0.0121207 0.0121207 -0.0249633 1.04523e-13 -6.72292e-14 1.02108e-13
73900 0.0121374 0.0121374 -0.0249967 7.90617e-14 -5.23453e-14 7.70755e-14
74000 0.012154 0.012154 -0.02503 1.20981e-13 -4.38174e-14 7.58438e-14
74100 0.0121707 0.0121707 -0.0250633 1.35869e-13 -8.06724e-14 1.30408e-13
74200 0.0121874 0.0121874 -0.0250967 7.60385e-14 -3.98509e-14 6.98677e-14
74300 0.012204 0.012204 -0.02513 6.84652e-14 -7.08166e-14 1.03908e-13
74400 0.0122207 0.0122207 -0.0251633 5.64579e-14 -4.69607e-14 8.28521e-14
74500 0.0122374 0.0122374 -0.0251967 7.85179e-14 -7.04541e-14 1.06743e-13
74600 0.012254 0.012254 -0.02523 1.50383e-13 -4.61645e-14 8.48627e-14
74700 0.0122707 0.0122707 -0.0252633 8.88508e-14 -6.01203e-14 9.72278e-14
74800 0.0122874 0.0122874 -0.0252967 2.24471e-15 -2.5294e-14 3.98882e-14
74900 0.0123041 0.0123041 -0.02533 5.02332e-14 -1.70497e-14 3.91232e-14
75000 0.0123207 0.0123207 -0.0253633 5.71639e-14 -3.8405e-14 7.69818e-14
75100 0.0123374 0.0123374 -0.0253967 1.16181e-15 -2.64832e-14 6.43808e-14
75200 0.0123541 0.0123541 -0.02543 3.8127e-14 -2.7936e-14 3.57457e-14
75300 0.0123707 0.0123707 -0.0254633 3.97076e-15 -2.83419e-14 4.42459e-14
75400 0.0123874 0.0123874 -0.0254967 -1.03459e-14 -1.30312e-14 2.20154e-14
75500 0.0124041 0.0124041 -0.02553 5.51724e-14 -3.15624e-14 6.17579e-14
75600 0.0124207 0.0124207 -0.0255633 3.43809e-14 -6.24761e-15 2.74902e-14
75700 0.0124374 0.0124374 -0.0255967 -1.61113e-14 -3.32824e-14 2.24733e-14
75800 0.0124541 0.0124541 -0.02563 -3.02228e-14 -1.06902e-14 1.06547e-14
75900 0.0124707 0.0124707 -0.0256633 6.20836e-14 -3.75498e-14 4.89591e-14
76000 0.0124874 0.0124874 -0.0256967 9.20977e-14 -2.27353e-14 5.45657e-14
76100 0.0125041 0.0125041 -0.02573 1.55145e-14 -2.58274e-14 5.86579e-14
76200 0.0125207 0.0125207 -0.0257633 -1.35066e-14 1.12627e-14 -3.89445e-15
76300 0.0125374 0.0125374 -0.0257967 1.10549e-14 3.82246e-15 1.41571e-14
76400 0.0125541 0.0125541 -0.02583 -1.50834e-14 -9.4048e-15 3.69271e-14
76500 0.0125707 0.0125707 -0.0258633 4.79909e-15 -2.27422e-15 8.56433e-15
76600 0.0125874 0.0125874 -0.0258967 -2.8554e-14 -3.73685e-14 5.58841e-14
76700 0.0126041 0.0126041 -0.02593 2.51656e-14 -8.23994e-17 1.15723e-14
76800 0.0126207 0.0126207 -0.0259633 -1.94354e-14 -3.40353e-15 7.09328e-15
76900 0.0126374 0.0126374 -0.0259967 3.64506e-15 -1.07215e-14 5.8252e-15
77000 0.0126541 0.0126541 -0.02603 -3.97321e-14 -9.6971e-16 4.53457e-15
77100 0.0126707 0.0126707 -0.0260633 7.26673e-15 -7.89299e-15 3.55271e-14
77200 0.0126874 0.0126874 -0.0260967 -6.50547e-16 2.56652e-15 1.03823e-14
77300 0.0127041 0.0127041 -0.02613 6.20545e-14 -5.04059e-14 2.92561e-14
77400 0.0127207 0.0127207 -0.0261633 3.37401e-15 -9.25735e-15 1.66533e-14
77500 0.0127374 0.0127374 -0.0261967 9.08396e-14 -2.21715e-14 5.48468e-14
77600 0.0127541 0.0127541 -0.02623 5.4793e-14 -1.08993e-14 5.30253e-14
77700 0.0127707 0.0127707 -0.0262633 1.18527e-13 9.11337e-15 3.36883e-15
77800 0.0127874 0.0127874 -0.0262967 1.46163e-14 1.53575e-14 1.62405e-14
77900 0.0128041 0.0128041 -0.02633 4.18701e-14 -9.87318e-15 2.78059e-14
78000 0.0128207 0.0128207 -0.0263633 4.45086e-14 -6.14092e-16 1.46966e-14
78100 0.0128374 0.0128374 -0.0263967 2.41066e-14 1.9101e-14 7.95718e-15
78200 0.0128541 0.0128541 -0.02643 2.96156e-14 1.94896e-14 -4.94396e-15
78300 0.0128707 0.0128707 -0.0264633 1.0654e-13 -1.31986e-14 6.02973e-14
78400 0.0128874 0.0128874 -0.0264967 3.51342e-14 1.06382e-14 1.21882e-14
78500 0.0129041 0.0129041 -0.02653 8.08528e-14 -5.35353e-14 5.97283e-14
78600 0.0129207 0.0129207 -0.0265633 -1.915e-13 8.40467e-13 1.32397e-12
78700 0.0129374 0.0129374 -0.0265967 3.07167e-14 2.34708e-15 6.01342e-14
78800 0.0129541 0.0129541 -0.02663 6.3907e-15 2.59862e-15 5.53429e-14
78900 0.0129707 0.0129707 -0.0266633 -2.06831e-14 6.10813e-14 -2.54085e-14
79000 0.0129874 0.0129874 -0.0266967 3.78291e-14 2.98034e-14 4.6586e-14
79100 0.0130041 0.0130041 -0.02673 6.7067e-14 3.817e-14 4.29743e-14
79200 0.0130207 0.0130207 -0.0267633 4.78554e-14 3.18114e-14 3.04739e-14
79300 0.0130374 0.0130374 -0.0267967 1.53666e-14 2.50945e-14 4.74273e-14
79400 0.0130541 0.0130541 -0.02683 6.54173e-14 3.73755e-14 1.68858e-14
79500 0.0130707 0.0130707 -0.0268633 6.54333e-14 7.87218e-15 6.93889e-14
79600 0.0130874 0.0130874 -0.0268967 1.73505e-12 1.68917e-12 -8.0384e-13
79700 0.0131041 0.0131041 -0.02693 1.34485e-13 8.03732e-14 1.65319e-14
79800 0.0131207 0.0131207 -0.0269633 6.26009e-14 3.01096e-14 2.07993e-14
79900 0.0131374 0.0131374 -0.0269967 1.12091e-13 7.46868e-14 1.03008e-14
80000 0.0131541 0.0131541 -0.02703 1.09833e-13 6.62352e-14 1.19141e-14
80100 0.0131707 0.0131707 -0.0270633 1.45633e-13 7.09398e-14 -1.34094e-15
80200 0.0131874 0.0131874 -0.0270967 1.14768e-13 8.44012e-14 -3.27741e-14
80300 0.0132041 0.0132041 -0.02713 1.34637e-13 4.6782e-14 1.19436e-14
80400 0.0132207 0.0132207 -0.0271633 2.06842e-13 5.07077e-14 5.72355e-14
80500 0.0132374 0.0132374 -0.0271967 1.07369e-13 8.05718e-14 -1.2837e-16
80600 0.0132541 0.0132541 -0.02723 1.86615e-13 3.7065e-14 4.4912e-14
80700 0.0132708 0.0132708 -0.0272633 1.35374e-13 6.34189e-14 -9.97293e-15
80800 0.0132874 0.0132874 -0.0272967 9.16485e-14 5.99581e-14 7.08808e-15
80900 0.0133041 0.0133041 -0.02733 1.70976e-13 4.55356e-14 -2.22912e-15
81000 0.0133208 0.0133208 -0.0273633 1.50993e-13 3.87928e-14 3.09735e-14
81100 0.0133374 0.0133374 -0.0273967 9.90418e-14 5.89936e-14 -8.02657e-15
81200 0.0133541 0.0133541 -0.02743 1.04007e-13 5.73586e-14 -3.41567e-15
81300 0.0133708 0.0133708 -0.0274633 1.06066e-13 5.17789e-14 1.06564e-14
81400 0.0133874 0.0133874 -0.0274967 1.54592e-13 3.04826e-14 1.79995e-14
81500 0.0134041 0.0134041 -0.02753 9.07286e-14 5.74115e-14 -3.07272e-14
81600 0.0134208 0.0134208 -0.0275633 2.57204e-12 5.5315e-13 6.56699e-13
81700 0.0134374 0.0134374 -0.0275967 2.76249e-13 7.90227e-14 2.89161e-14
81800 0.0134541 0.0134541 -0.02763 2.03784e-13 7.5065e-14 6.99614e-15
81900 0.0134708 0.0134708 -0.0276633 2.27037e-13 5.08803e-14 2.17274e-14
82000 0.0134874 0.0134874 -0.0276967 2.21595e-13 4.04867e-14 4.80154e-14
82100 0.0135041 0.0135041 -0.02773 2.51954e-13 6.03293e-14 6.68042e-15
82200 0.0135208 0.0135208 -0.0277633 2.89212e-13 5.35084e-14 2.66176e-14
82300 0.0135374 0.0135374 -0.0277967 2.11943e-13 5.46048e-14 -1.10311e-14
82400 0.0135541 0.0135541 -0.02783 2.11792e-13 3.26978e-14 3.05259e-14
82500 0.0135708 0.0135708 -0.0278633 2.21988e-13 4.53942e-14 1.52794e-14
82600 0.0135874 0.0135874 -0.0278967 2.30877e-13 5.39646e-14 7.84442e-15
82700 0.0136041 0.0136041 -0.02793 2.49754e-13 6.97879e-14 3.47777e-14
82800 0.0136208 0.0136208 -0.0279633 2.12924e-13 4.73423e-14 8.88872e-15
82900 0.0136374 0.0136374 -0.0279967 2.23089e-13 3.97789e-14 1.81383e-14
83000 0.0136541 0.0136541 -0.02803 1.96439e-13 5.79866e-14 -1.13225e-14
83100 0.0136708 0.0136708 -0.0280633 2.49991e-13 3.2481e-14 2.4496e-14
83200 0.0136874 0.0136874 -0.0280967 2.06896e-13 7.85916e-14 2.42219e-14
83300 0.0137041 0.0137041 -0.02813 2.35603e-13 -5.89806e-16 4.7606e-14
83400 0.0137208 0.0137208 -0.0281633 2.62144e-13 6.66221e-15 6.62023e-14
83500 0.0137374 0.0137374 -0.0281967 1.75235e-13 3.45609e-14 -2.09104e-14
83600 0.0137541 0.0137541 -0.02823 1.68156e-13 3.3952e-14 1.21465e-14
83700 0.0137708 0.0137708 -0.0282633 1.75278e-13 3.32711e-14 1.36505e-14
83800 0.0137874 0.0137874 -0.0282967 1.62459e-13 3.21245e-14 1.12705e-14
83900 0.0138041 0.0138041 -0.02833 1.69677e-13 3.14948e-14 1.27988e-14
84000 0.0138208 0.0138208 -0.0283633 1.56954e-13 3.03958e-14 1.04465e-14
84100 0.0138374 0.0138374 -0.0283967 1.64263e-13 2.98138e-14 1.20026e-14
84200 0.0138541 0.0138541 -0.02843 1.51633e-13 2.87608e-14 9.67802e-15
84300 0.0138708 0.0138708 -0.0284633 1.59027e-13 2.82231e-14 1.12618e-14
84400 0.0138874 0.0138874 -0.0284967 1.46489e-13 2.72135e-14 8.95985e-15
84500 0.0139041 0.0139041 -0.02853 1.53968e-13 2.67191e-14 1.05697e-14
84600 0.0139208 0.0139208 -0.0285633 1.41517e-13 2.57511e-14 8.29371e-15
84700 0.0139374 0.0139374 -0.0285967 1.49077e-13 2.52966e-14 9.92088e-15
84800 0.0139541 0.0139541 -0.02863 1.3671e-13 2.43677e-14 7.66748e-15
84900 0.0139708 0.0139708 -0.0286633 1.4435e-13 2.39496e-14 9.31893e-15
85000 0.0139874 0.0139874 -0.0286967 1.32063e-13 2.30597e-14 7.08288e-15
85100 0.0140041 0.0140041 -0.02873 1.3978e-13 2.26772e-14 8.75168e-15
85200 0.0140208 0.0140208 -0.0287633 1.27572e-13 2.18211e-14 6.53991e-15
85300 0.0140374 0.0140374 -0.0287967 1.35362e-13 2.14715e-14 8.22779e-15
85400 0.0140541 0.0140541 -0.02883 1.2323e-13 2.06484e-14 6.03337e-15
85500 0.0140708 0.0140708 -0.0288633 1.3109e-13 2.0331e-14 7.73687e-15
85600 0.0140874 0.0140874 -0.0288967 1.65487e-13 3.96332e-14 2.43382e-15
85700 0.0141041 0.0141041 -0.02893 1.28923e-13 1.99337e-14 7.10022e-15
85800 0.0141208 0.0141208 -0.0289633 1.1689e-13 1.91496e-14 4.94049e-15
85900 0.0141374 0.0141374 -0.0289967 1.24866e-13 1.88807e-14 6.67695e-15
86000 0.0141541 0.0141541 -0.02903 1.12904e-13 1.81253e-14 4.53283e-15
86100 0.0141708 0.0141708 -0.0290633 1.11717e-13 2.67703e-14 1.39264e-14
86200 0.0141874 0.0141874 -0.0290967 1.08663e-13 1.74227e-14 4.37324e-15
86300 0.0142041 0.0142041 -0.02913 1.16774e-13 1.71963e-14 6.13051e-15
86400 0.0142208 0.0142208 -0.0291633 1.0495e-13 1.64894e-14 4.00895e-15
86500 0.0142374 0.0142374 -0.0291967 1.13123e-13 1.62882e-14 5.77663e-15
86600 0.0142541 0.0142541 -0.02923 1.0136e-13 1.56056e-14 3.66547e-15
86700 0.0142708 0.0142708 -0.0292633 1.09592e-13 1.54295e-14 5.4453e-15
86800 0.0142875 0.0142875 -0.0292967 9.78909e-14 1.47694e-14 3.34802e-15
86900 0.0143041 0.0143041 -0.02933 6.87939e-14 -5.95184e-15 1.63671e-14
87000 0.0143208 0.0143208 -0.0293633 9.29603e-14 1.32507e-14 3.50241e-15
87100 0.0143375 0.0143375 -0.0293967 1.01338e-13 1.31405e-14 5.29264e-15
87200 0.0143541 0.0143541 -0.02943 8.97702e-14 1.25325e-14 3.21097e-15
87300 0.0143708 0.0143708 -0.0294633 9.81992e-14 1.24432e-14 5.00815e-15
87400 0.0143875 0.0143875 -0.0294967 8.66845e-14 1.18551e-14 2.93515e-15
87500 0.0144041 0.0144041 -0.02953 9.5163e-14 1.17831e-14 4.74447e-15
87600 0.0144208 0.0144208 -0.0295633 8.37026e-14 1.12141e-14 2.68188e-15
87700 0.0144375 0.0144375 -0.0295967 9.22287e-14 1.11586e-14 4.49814e-15
87800 0.0144541 0.0144541 -0.02963 8.08181e-14 1.0607e-14 2.44596e-15
87900 0.0144708 0.0144708 -0.0296633 8.9392e-14 1.05679e-14 4.26915e-15
88000 0.0144875 0.0144875 -0.0296967 7.80317e-14 1.0031e-14 2.22392e-15
88100 0.0145041 0.0145041 -0.02973 8.66485e-14 1.00076e-14 4.05578e-15
88200 0.0145208 0.0145208 -0.0297633 7.53355e-14 9.4872e-15 2.01922e-15
88300 0.0145375 0.0145375 -0.0297967 8.39966e-14 9.47766e-15 3.85803e-15
88400 0.0145541 0.0145541 -0.02983 7.273e-14 8.97026e-15 1.8284e-15
88500 0.0145708 0.0145708 -0.0298633 8.14327e-14 8.97633e-15 3.67414e-15
88600 0.0145875 0.0145875 -0.0298967 7.02107e-14 8.48193e-15 1.64972e-15
88700 0.0146041 0.0146041 -0.02993 7.89529e-14 8.50188e-15 3.50067e-15
88800 0.0146208 0.0146208 -0.0299633 6.77743e-14 8.02049e-15 1.48319e-15
88900 0.0146375 0.0146375 -0.0299967 7.65564e-14 8.05172e-15 3.34108e-15
89000 0.0146541 0.0146541 -0.03003 6.54186e-14 7.58248e-15 1.33053e-15
89100 0.0146708 0.0146708 -0.0300633 7.42383e-14 7.62498e-15 3.19363e-15
89200 0.0146875 0.0146875 -0.0300967 6.31417e-14 7.16788e-15 1.18829e-15
89300 0.0147041 0.0147041 -0.03013 7.19971e-14 7.22165e-15 3.05485e-15
89400 0.0147208 0.0147208 -0.0301633 6.09391e-14 6.7767e-15 1.05471e-15
89500 0.0147375 0.0147375 -0.0301967 6.98295e-14 6.84001e-15 2.92474e-15
89600 0.0147541 0.0147541 -0.03023 5.88106e-14 6.40373e-15 9.31547e-16
89700 0.0147708 0.0147708 -0.0302633 6.77344e-14 6.47832e-15 2.80678e-15
89800 0.0147875 0.0147875 -0.0302967 5.67523e-14 6.05158e-15 8.17055e-16
89900 0.0148041 0.0148041 -0.03033 6.57096e-14 6.13485e-15 2.6975e-15
90000 0.0148208 0.0148208 -0.0303633 5.47622e-14 5.71852e-15 7.09502e-16
90100 0.0148375 0.0148375 -0.0303967 6.37493e-14 5.81132e-15 2.59515e-15
90200 0.0148541 0.0148541 -0.03043 5.28375e-14 5.40106e-15 6.10623e-16
90300 0.0148708 0.0148708 -0.0304633 6.18554e-14 5.50254e-15 2.498e-15
90400 0.0148875 0.0148875 -0.0304967 5.09757e-14 5.10182e-15 5.18682e-16
90500 0.0149041 0.0149041 -0.03053 9.55863e-14 -1.62353e-14 -8.78984e-15
90600 0.0149208 0.0149208 -0.0305633 5.06734e-14 4.14859e-15 1.38778e-16
90700 0.0149375 0.0149375 -0.0305967 5.97152e-14 4.28737e-15 2.04871e-15
90800 0.0149541 0.0149541 -0.03063 4.88849e-14 3.91527e-15 8.32667e-17
90900 0.0149708 0.0149708 -0.0306633 5.79545e-14 4.06099e-15 1.98973e-15
91000 0.0149875 0.0149875 -0.0306967 1.16445e-13 2.47892e-14 -1.03181e-14
91100 0.0150041 0.0150041 -0.03073 5.91675e-14 4.58487e-15 1.51615e-15
91200 0.0150208 0.0150208 -0.0307633 4.83328e-14 4.20323e-15 -4.33681e-16
91300 0.0150375 0.0150375 -0.0307967 5.74245e-14 4.34808e-15 1.48319e-15
91400 0.0150541 0.0150541 -0.03083 4.66202e-14 3.97165e-15 -4.66641e-16
91500 0.0150708 0.0150708 -0.0308633 5.57401e-14 4.1217e-15 1.4537e-15
91600 0.0150875 0.0150875 -0.0308967 4.49662e-14 3.75047e-15 -4.92661e-16
91700 0.0151041 0.0151041 -0.03093 5.41108e-14 3.90833e-15 1.42594e-15
91800 0.0151208 0.0151208 -0.0309633 4.33663e-14 3.54144e-15 -5.18682e-16
91900 0.0151375 0.0151375 -0.0309967 5.25352e-14 3.70537e-15 1.40166e-15
92000 0.0151541 0.0151541 -0.03103 4.18194e-14 3.34541e-15 -5.41234e-16
92100 0.0151708 0.0151708 -0.0310633 5.10121e-14 3.51368e-15 1.38084e-15
92200 0.0151875 0.0151875 -0.0310967 4.03219e-14 3.1572e-15 -5.60316e-16
92300 0.0152041 0.0152041 -0.03113 4.95389e-14 3.3298e-15 1.36002e-15
92400 0.0152208 0.0152208 -0.0311633 3.88756e-14 2.97939e-15 -5.77663e-16
92500 0.0152375 0.0152375 -0.0311967 4.81147e-14 3.15633e-15 1.34441e-15
92600 0.0152541 0.0152541 -0.03123 3.80702e-14 7.98233e-15 1.64105e-15
92700 0.0152708 0.0152708 -0.0312633 4.6762e-14 3.15546e-15 1.38604e-15
92800 0.0152875 0.0152875 -0.0312967 3.61473e-14 2.80852e-15 -5.53377e-16
92900 0.0153041 0.0153041 -0.03133 4.54276e-14 2.99066e-15 1.36523e-15
93000 0.0153208 0.0153208 -0.0313633 3.48384e-14 2.64892e-15 -5.70724e-16
93100 0.0153375 0.0153375 -0.0313967 4.41383e-14 2.83454e-15 1.35135e-15
93200 0.0153542 0.0153542 -0.03143 3.35716e-14 2.49627e-15 -5.88071e-16
93300 0.0153708 0.0153708 -0.0314633 4.28914e-14 2.68535e-15 1.33747e-15
93400 0.0153875 0.0153875 -0.0314967 3.23474e-14 2.35229e-15 -5.9848e-16
93500 0.0154042 0.0154042 -0.03153 4.16849e-14 2.54484e-15 1.32706e-15
93600 0.0154208 0.0154208 -0.0315633 3.11625e-14 2.21524e-15 -6.08888e-16
93700 0.0154375 0.0154375 -0.0315967 7.07721e-15 1.78156e-14 -1.63931e-15
93800 0.0154542 0.0154542 -0.03163 2.86129e-14 2.60729e-15 -7.71952e-16
93900 0.0154708 0.0154708 -0.0316633 3.8016e-14 2.79117e-15 1.15359e-15
94000 0.0154875 0.0154875 -0.0316967 2.75504e-14 2.4581e-15 -7.75421e-16
94100 0.0155042 0.0155042 -0.03173 3.69691e-14 2.64719e-15 1.15012e-15
94200 0.0155208 0.0155208 -0.0317633 2.72247e-14 -2.58665e-14 6.03857e-15
94300 0.0155375 0.0155375 -0.0317967 3.59877e-14 1.54911e-15 1.47972e-15
94400 0.0155542 0.0155542 -0.03183 7.36481e-14 1.77549e-14 -1.61902e-14
94500 0.0155708 0.0155708 -0.0318633 3.70276e-14 2.06953e-15 8.86444e-16
94600 0.0155875 0.0155875 -0.0318967 2.65703e-14 1.75901e-15 -1.03563e-15
94700 0.0156042 0.0156042 -0.03193 3.60133e-14 1.96371e-15 8.96852e-16
94800 0.0156208 0.0156208 -0.0319633 -1.60753e-14 1.39298e-15 -1.92363e-14
94900 0.0156375 0.0156375 -0.0319967 4.06289e-14 -4.90233e-15 -7.76636e-15
95000 0.0156542 0.0156542 -0.03203 -4.51638e-15 1.7885e-14 -4.15813e-15
95100 0.0156708 0.0156708 -0.0320633 4.58745e-15 2.91607e-15 -9.27557e-15
95200 0.0156875 0.0156875 -0.0320967 -3.63774e-15 -1.49256e-14 -1.3654e-14
95300 0.0157042 0.0157042 -0.03213 1.60897e-12 -5.01384e-13 2.80069e-12
95400 0.0157208 0.0157208 -0.0321633 3.80589e-14 -1.3425e-14 6.76004e-14
95500 0.0157375 0.0157375 -0.0321967 1.05048e-12 -5.67928e-13 1.29197e-12
95600 0.0157542 0.0157542 -0.03223 1.97167e-12 -2.3272e-13 1.59093e-12
95700 0.0157708 0.0157708 -0.0322633 2.95693e-13 -4.23238e-14 1.84649e-13
95800 0.0157875 0.0157875 -0.0322967 1.6287e-13 -6.1286e-14 1.73009e-13
95900 0.0158042 0.0158042 -0.03233 2.09717e-13 -6.79994e-14 1.99915e-13
96000 0.0158208 0.0158208 -0.0323633 1.84768e-13 -5.82728e-14 1.66206e-13
96100 0.0158375 0.0158375 -0.0323967 1.73489e-13 -6.899e-14 1.67368e-13
96200 0.0158542 0.0158542 -0.03243 1.07134e-13 -3.99871e-14 9.93459e-14
96300 0.0158708 0.0158708 -0.0324633 2.0603e-13 -5.71158e-14 1.4389e-13
96400 0.0158875 0.0158875 -0.0324967 1.05137e-13 -4.78749e-14 1.20881e-13
96500 0.0159042 0.0159042 -0.03253 1.1671e-13 -7.97001e-14 1.46416e-13
96600 0.0159208 0.0159208 -0.0325633 1.92963e-13 -7.35748e-14 1.5179e-13
96700 0.0159375 0.0159375 -0.0325967 2.43798e-13 -6.00249e-14 1.5452e-13
96800 0.0159542 0.0159542 -0.03263 -1.23285e-13 1.80061e-13 8.56889e-13
96900 0.0159708 0.0159708 -0.0326633 1.01336e-13 -2.8302e-14 1.1229e-13
97000 0.0159875 0.0159875 -0.0326967 1.67555e-13 -4.14929e-14 1.45965e-13
97100 0.0160042 0.0160042 -0.03273 1.25554e-13 -4.53543e-14 1.32934e-13
97200 0.0160208 0.0160208 -0.0327633 8.04417e-14 -2.49245e-14 1.22366e-13
97300 0.0160375 0.0160375 -0.0327967 1.7011e-13 -4.24469e-14 1.4432e-13
97400 0.0160542 0.0160542 -0.03283 1.24495e-13 -4.99965e-14 1.22206e-13
97500 0.0160708 0.0160708 -0.0328633 1.86489e-13 -6.46202e-14 1.9623e-13
97600 0.0160875 0.0160875 -0.0328967 1.62937e-13 -5.4335e-14 1.70112e-13
97700 0.0161042 0.0161042 -0.03293 1.56418e-13 -4.99375e-14 1.50135e-13
97800 0.0161208 0.0161208 -0.0329633 6.40364e-14 -3.14679e-14 9.16819e-14
97900 0.0161375 0.0161375 -0.0329967 1.40807e-13 -3.15858e-14 1.29756e-13
98000 0.0161542 0.0161542 -0.03303 2.02381e-13 -4.72001e-14 1.41815e-13
98100 0.0161708 0.0161708 -0.0330633 2.02327e-13 -4.93095e-14 1.32521e-13
98200 0.0161875 0.0161875 -0.0330967 9.59137e-14 -3.50813e-14 9.75556e-14
98300 0.0162042 0.0162042 -0.03313 8.01338e-14 -3.11608e-14 1.11735e-13
98400 0.0162208 0.0162208 -0.0331633 7.16432e-14 -3.89341e-14 9.85722e-14
98500 0.0162375 0.0162375 -0.0331967 1.16738e-12 -9.82964e-13 1.83838e-12
98600 0.0162542 0.0162542 -0.03323 1.30656e-13 -8.13152e-14 1.54139e-13
98700 0.0162708 0.0162708 -0.0332633 1.66902e-13 -6.47191e-14 1.58628e-13
98800 0.0162875 0.0162875 -0.0332967 1.43806e-13 -8.37577e-14 1.62753e-13
98900 0.0163042 0.0163042 -0.03333 1.31835e-13 -6.69829e-14 1.3717e-13
99000 0.0163208 0.0163208 -0.0333633 2.18293e-13 -9.14269e-14 1.82359e-13
99100 0.0163375 0.0163375 -0.0333967 1.94431e-13 -7.18904e-14 1.57612e-13
99200 0.0163542 0.0163542 -0.03343 1.95016e-13 -6.50001e-14 1.48879e-13
99300 0.0163708 0.0163708 -0.0334633 1.25662e-12 -7.37256e-13 1.5904e-12
99400 0.0163875 0.0163875 -0.0334967 2.67575e-12 -5.02279e-13 1.83972e-12
99500 0.0164042 0.0164042 -0.03353 3.48268e-13 -9.51808e-14 2.40764e-13
99600 0.0164209 0.0164209 -0.0335633 3.58103e-13 -1.0956e-13 2.18764e-13
99700 0.0164375 0.0164375 -0.0335967 3.51177e-13 -1.02567e-13 2.39626e-13
99800 0.0164542 0.0164542 -0.03363 3.13983e-13 -8.66043e-14 2.40486e-13
99900 0.0164709 0.0164709 -0.0336633 2.44828e-13 -7.6248e-14 1.79906e-13
100000 0.0164875 0.0164875 -0.0336967 3.50825e-13 -7.23536e-14 2.2214e-13
100100 0.0165042 0.0165042 -0.03373 3.21753e-13 -8.3605e-14 2.1824e-13
100200 0.0165209 0.0165209 -0.0337633 2.93639e-13 -8.26995e-14 2.14924e-13
100300 0.0165375 0.0165375 -0.0337967 3.17402e-13 -8.51159e-14 1.88643e-13
100400 0.0165542 0.0165542 -0.03383 2.86089e-13 -6.26617e-14 1.71913e-13
100500 0.0165709 0.0165709 -0.0338633 3.18879e-13 -7.60104e-14 1.94416e-13
100600 0.0165875 0.0165875 -0.0338967 2.53137e-12 -8.64274e-14 1.24123e-12
100700 0.0166042 0.0166042 -0.03393 1.81725e-12 2.82795e-14 1.63909e-12
100800 0.0166209 0.0166209 -0.0339633 4.47409e-13 -7.76202e-14 2.54347e-13
100900 0.0166375 0.0166375 -0.0339967 4.51042e-13 -7.15643e-14 2.49261e-13
101000 0.0166542 0.0166542 -0.03403 3.62455e-13 -8.1728e-14 2.30696e-13
101100 0.0166709 0.0166709 -0.0340633 3.78079e-13 -8.10515e-14 2.38596e-13
101200 0.0166875 0.0166875 -0.0340967 3.78561e-13 -8.57977e-14 2.32534e-13
101300 0.0167042 0.0167042 -0.03413 1.72917e-12 3.99319e-13 4.28468e-13
101400 0.0167209 0.0167209 -0.0341633 4.92872e-13 -5.05221e-14 2.30737e-13
101500 0.0167375 0.0167375 -0.0341967 4.11678e-13 -5.11726e-14 2.25779e-13
101600 0.0167542 0.0167542 -0.03423 3.58226e-13 -3.68299e-14 1.65925e-13
101700 0.0167709 0.0167709 -0.0342633 4.01463e-13 -7.67789e-14 2.11079e-13
101800 0.0167875 0.0167875 -0.0342967 3.27888e-13 -8.47118e-14 1.9368e-13
101900 0.0168042 0.0168042 -0.03433 4.29352e-13 -4.93754e-14 1.86047e-13
102000 0.0168209 0.0168209 -0.0343633 3.85384e-13 -5.67359e-14 1.84032e-13
102100 0.0168375 0.0168375 -0.0343967 2.85641e-12 -1.10103e-13 1.55288e-12
102200 0.0168542 0.0168542 -0.03443 4.7946e-13 -6.32706e-14 2.28423e-13
102300 0.0168709 0.0168709 -0.0344633 4.75541e-13 -7.87426e-14 2.47897e-13
102400 0.0168875 0.0168875 -0.0344967 4.36369e-13 -6.07743e-14 2.04179e-13
102500 0.0169042 0.0169042 -0.03453 4.98168e-13 -5.82451e-14 2.26355e-13
102600 0.0169209 0.0169209 -0.0345633 4.58421e-13 -5.47357e-14 1.97732e-13
102700 0.0169375 0.0169375 -0.0345967 4.70217e-13 -7.20986e-14 2.19559e-13
102800 0.0169542 0.0169542 -0.03463 4.42263e-13 -4.62269e-14 2.06812e-13
102900 0.0169709 0.0169709 -0.0346633 4.287e-13 -5.73933e-14 1.79157e-13
103000 0.0169875 0.0169875 -0.0346967 3.60643e-13 -5.92321e-14 1.86665e-13
103100 0.0170042 0.0170042 -0.03473 3.97946e-13 -6.98001e-14 1.67736e-13
103200 0.0170209 0.0170209 -0.0347633 3.9236e-13 -6.67539e-14 1.80309e-13
103300 0.0170375 0.0170375 -0.0347967 4.37467e-13 -6.13554e-14 2.0174e-13
103400 0.0170542 0.0170542 -0.03483 2.77698e-12 -5.85896e-13 2.63557e-12
103500 0.0170709 0.0170709 -0.0348633 5.03936e-13 -8.00852e-14 2.71698e-13
103600 0.0170875 0.0170875 -0.0348967 5.07183e-13 -6.90316e-14 2.46246e-13
103700 0.0171042 0.0171042 -0.03493 4.92543e-13 -9.27453e-14 2.39432e-13
103800 0.0171209 0.0171209 -0.0349633 5.45178e-13 -1.12989e-13 2.74844e-13
103900 0.0171375 0.0171375 -0.0349967 5.1502e-13 -8.84952e-14 2.65758e-13
104000 0.0171542 0.0171542 -0.03503 4.18669e-13 -1.08323e-13 2.26855e-13
104100 0.0171709 0.0171709 -0.0350633 4.75079e-13 -9.52554e-14 2.08668e-13
104200 0.0171875 0.0171875 -0.0350967 4.7896e-13 -9.43707e-14 2.32212e-13
104300 0.0172042 0.0172042 -0.03513 5.05515e-13 -7.46417e-14 2.22681e-13
104400 0.0172209 0.0172209 -0.0351633 2.45606e-12 3.76886e-14 1.51007e-12
104500 0.0172375 0.0172375 -0.0351967 5.29101e-13 -1.01452e-13 2.9775e-13
104600 0.0172542 0.0172542 -0.03523 4.68641e-13 -1.05116e-13 2.51641e-13
104700 0.0172709 0.0172709 -0.0352633 4.71414e-13 -5.29195e-14 2.1187e-13
104800 0.0172875 0.0172875 -0.0352967 5.41869e-13 -1.0034e-13 2.43595e-13
104900 0.0173042 0.0173042 -0.03533 5.60893e-13 -1.16117e-13 2.70313e-13
105000 0.0173209 0.0173209 -0.0353633 5.11484e-13 -9.85635e-14 2.40195e-13
105100 0.0173375 0.0173375 -0.0353967 5.07307e-13 -1.0269e-13 2.51644e-13
105200 0.0173542 0.0173542 -0.03543 5.14568e-13 -9.82495e-14 2.34228e-13
105300 0.0173709 0.0173709 -0.0354633 4.31804e-13 -1.02997e-13 2.03568e-13
105400 0.0173875 0.0173875 -0.0354967 3.94148e-13 -8.39051e-14 2.01008e-13
105500 0.0174042 0.0174042 -0.03553 4.8029e-13 -7.38611e-14 2.02871e-13
105600 0.0174209 0.0174209 -0.0355633 4.65476e-13 -9.63951e-14 2.08942e-13
105700 0.0174375 0.0174375 -0.0355967 5.03864e-13 -1.02638e-13 2.38835e-13
105800 0.0174542 0.0174542 -0.03563 4.46245e-13 -8.45574e-14 1.72943e-13
105900 0.0174709 0.0174709 -0.0356633 4.19801e-13 -6.39558e-14 1.61237e-13
106000 0.0174875 0.0174875 -0.0356967 4.5975e-13 -6.73055e-14 1.93885e-13
106100 0.0175042 0.0175042 -0.03573 4.20757e-13 -8.13152e-14 1.89853e-13
106200 0.0175209 0.0175209 -0.0357633 3.91181e-13 -6.89223e-14 1.55065e-13
106300 0.0175376 0.0175375 -0.0357967 4.10664e-13 -7.04818e-14 1.64693e-13
106400 0.0175542 0.0175542 -0.03583 4.39828e-13 -5.99416e-14 1.54128e-13
106500 0.0175709 0.0175709 -0.0358633 4.12731e-13 -6.55899e-14 1.41892e-13
106600 0.0175876 0.0175876 -0.0358967 4.4429e-13 -6.13815e-14 1.80867e-13
106700 0.0176042 0.0176042 -0.03593 3.57558e-13 -4.98612e-14 1.35328e-13
106800 0.0176209 0.0176209 -0.0359633 3.83872e-13 -7.99378e-14 1.59832e-13
106900 0.0176376 0.0176376 -0.0359967 3.97791e-13 -3.88561e-14 1.46735e-13
107000 0.0176542 0.0176542 -0.03603 3.58193e-13 -7.02841e-14 1.42936e-13
107100 0.0176709 0.0176709 -0.0360633 3.7307e-13 -6.15116e-14 1.49417e-13
107200 0.0176876 0.0176876 -0.0360967 3.72778e-13 -6.43149e-14 1.57414e-13
107300 0.0177042 0.0177042 -0.03613 3.3182e-13 -4.24296e-14 1.03291e-13
107400 0.0177209 0.0177209 -0.0361633 3.81381e-13 -3.85629e-14 1.15739e-13
107500 0.0177376 0.0177376 -0.0361967 4.02869e-13 -6.71858e-14 1.43807e-13
107600 0.0177542 0.0177542 -0.03623 3.18703e-13 -5.92998e-14 1.43959e-13
107700 0.0177709 0.0177709 -0.0362633 3.80647e-13 -8.08503e-14 1.7132e-13
107800 0.0177876 0.0177876 -0.0362967 3.68878e-13 -7.14376e-14 1.55655e-13
107900 0.0178042 0.0178042 -0.03633 4.11298e-13 -5.23019e-14 1.35258e-13
108000 0.0178209 0.0178209 -0.0363633 3.69541e-13 -3.6646e-14 1.0854e-13
108100 0.0178376 0.0178376 -0.0363967 3.5636e-13 -6.916e-14 1.34408e-13
108200 0.0178542 0.0178542 -0.03643 3.37342e-13 -7.33528e-14 1.26338e-13
108300 0.0178709 0.0178709 -0.0364633 3.20776e-13 -7.1932e-14 1.00525e-13
108400 0.0178876 0.0178876 -0.0364967 3.26313e-13 -7.30388e-14 1.26501e-13
108500 0.0179042 0.0179042 -0.03653 3.80551e-13 -5.07285e-14 1.25499e-13
108600 0.0179209 0.0179209 -0.0365633 2.64187e-13 -6.83013e-14 1.21342e-13
108700 0.0179376 0.0179376 -0.0365967 3.15349e-13 -6.29705e-14 1.1193e-13
108800 0.0179542 0.0179542 -0.03663 3.59611e-13 -6.52239e-14 1.43741e-13
108900 0.0179709 0.0179709 -0.0366633 3.5938e-13 -7.3554e-14 1.27559e-13
109000 0.0179876 0.0179876 -0.0366967 2.95246e-13 -6.77045e-14 1.12096e-13
109100 0.0180042 0.0180042 -0.03673 2.78124e-13 -5.40436e-14 8.59226e-14
109200 0.0180209 0.0180209 -0.0367633 3.0618e-13 -6.24119e-14 1.00418e-13
109300 0.0180376 0.0180376 -0.0367967 2.85477e-13 -4.56579e-14 9.28858e-14
109400 0.0180542 0.0180542 -0.03683 2.83235e-13 -5.98809e-14 1.01396e-13
109500 0.0180709 0.0180709 -0.0368633 2.72731e-13 -7.01505e-14 9.84716e-14
109600 0.0180876 0.0180876 -0.0368967 1.68639e-13 -3.44759e-14 5.65364e-14
109700 0.0181042 0.0181042 -0.03693 1.06939e-13 5.6872e-13 8.41636e-14
109800 0.0181209 0.0181209 -0.0369633 2.04592e-13 -5.4597e-14 8.48922e-14
109900 0.0181376 0.0181376 -0.0369967 2.16983e-13 -1.47538e-14 4.03514e-14
110000 0.0181542 0.0181542 -0.03703 2.06886e-13 -1.45092e-14 3.56989e-14
110100 0.0181709 0.0181709 -0.0370633 2.80764e-13 -1.41866e-14 6.02001e-14
110200 0.0181876 0.0181876 -0.0370967 2.19898e-13 -1.23582e-14 3.25278e-14
110300 0.0182042 0.0182042 -0.03713 2.26386e-13 -1.30486e-14 7.71865e-14
110400 0.0182209 0.0182209 -0.0371633 2.09849e-13 -4.44124e-14 7.38142e-14
110500 0.0182376 0.0182376 -0.0371967 1.7235e-13 -2.56392e-15 1.59473e-14
110600 0.0182542 0.0182542 -0.03723 2.00787e-13 1.33053e-15 4.13575e-14
110700 0.0182709 0.0182709 -0.0372633 1.54697e-13 -5.06539e-15 2.66644e-14
110800 0.0182876 0.0182876 -0.0372967 2.18756e-13 -1.3968e-14 1.57149e-14
110900 0.0183042 0.0183042 -0.03733 1.92074e-13 -1.20199e-14 3.85022e-14
111000 0.0183209 0.0183209 -0.0373633 1.89831e-13 -1.19436e-14 2.04853e-14
111100 0.0183376 0.0183376 -0.0373967 1.72142e-13 -3.16292e-14 6.36904e-14
111200 0.0183542 0.0183542 -0.03743 1.86648e-13 -4.05995e-14 6.23303e-14
111300 0.0183709 0.0183709 -0.0374633 1.7634e-13 -1.61e-14 3.60528e-14
111400 0.0183876 0.0183876 -0.0374967 1.59201e-13 -9.72659e-15 5.18856e-15
111500 0.0184042 0.0184042 -0.03753 1.60808e-13 1.21084e-14 1.35291e-14
111600 0.0184209 0.0184209 -0.0375633 1.52944e-13 -3.97252e-15 1.13624e-15
111700 0.0184376 0.0184376 -0.0375967 1.1942e-13 3.38601e-14 -3.24619e-14
111800 0.0184542 0.0184542 -0.03763 1.66701e-13 -8.25381e-15 2.66089e-14
111900 0.0184709 0.0184709 -0.0376633 1.09429e-13 2.47719e-15 8.16881e-15
112000 0.0184876 0.0184876 -0.0376967 1.53861e-13 -4.58834e-14 3.91822e-14
112100 0.0185042 0.0185042 -0.03773 9.78583e-14 -1.69639e-14 2.1266e-14
112200 0.0185209 0.0185209 -0.0377633 8.91205e-14 -1.65423e-14 1.65683e-14
112300 0.0185376 0.0185376 -0.0377967 1.01215e-13 -2.9525e-15 -1.15897e-14
112400 0.0185542 0.0185542 -0.03783 1.17737e-13 -2.34014e-15 5.03937e-15
112500 0.0185709 0.0185709 -0.0378633 1.41803e-13 -2.70114e-14 2.94573e-14
112600 0.0185876 0.0185876 -0.0378967 1.39216e-13 -1.11196e-14 4.09447e-14
112700 0.0186042 0.0186042 -0.03793 1.81359e-13 8.8575e-15 -1.79318e-14
112800 0.0186209 0.0186209 -0.0379633 6.62326e-14 1.86188e-14 -2.25774e-14
112900 0.0186376 0.0186376 -0.0379967 9.74099e-14 -6.95624e-15 3.6247e-14
113000 0.0186542 0.0186542 -0.03803 1.44879e-13 6.8591e-15 -2.55525e-15
113100 0.0186709 0.0186709 -0.0380633 1.29005e-13 -8.97546e-15 2.03986e-14
113200 0.0186876 0.0186876 -0.0380967 1.68161e-13 -1.59994e-14 5.50514e-14
113300 0.0187043 0.0187043 -0.03813 7.52332e-14 1.44728e-14 -3.1827e-14
113400 0.0187209 0.0187209 -0.0381633 1.66747e-13 -2.77556e-14 3.47136e-14
113500 0.0187376 0.0187376 -0.0381967 1.01441e-13 4.00201e-15 -1.00076e-14
113600 0.0187543 0.0187543 -0.03823 9.07668e-14 6.9094e-15 -5.47999e-15
113700 0.0187709 0.0187709 -0.0382633 5.83413e-14 7.32053e-16 -2.73202e-14
113800 0.0187876 0.0187876 -0.0382967 3.68326e-12 1.31262e-12 1.06751e-12
113900 0.0188043 0.0188043 -0.03833 3.24485e-13 5.02428e-14 6.09807e-14
114000 0.0188209 0.0188209 -0.0383633 1.74538e-13 4.9143e-14 1.46463e-14
114100 0.0188376 0.0188376 -0.0383967 2.74408e-13 1.50383e-14 5.12455e-14
114200 0.0188543 0.0188543 -0.03843 1.80951e-13 4.4879e-14 9.19924e-15
114300 0.0188709 0.0188709 -0.0384633 2.04027e-13 3.04652e-14 2.78857e-14
114400 0.0188876 0.0188876 -0.0384967 1.724e-13 3.58689e-14 7.21125e-15
114500 0.0189043 0.0189043 -0.03853 1.89537e-13 2.49557e-14 2.63661e-14
114600 0.0189209 0.0189209 -0.0385633 1.552e-13 5.12541e-14 -3.8301e-14
114700 0.0189376 0.0189376 -0.0385967 2.07574e-13 3.5744e-14 2.90133e-14
114800 0.0189543 0.0189543 -0.03863 1.06382e-13 2.56722e-14 1.26236e-14
114900 0.0189709 0.0189709 -0.0386633 2.11811e-13 3.0885e-14 2.14811e-14
115000 0.0189876 0.0189876 -0.0386967 2.40465e-13 2.93446e-14 5.36151e-14
115100 0.0190043 0.0190043 -0.03873 1.69857e-13 2.02199e-14 2.05235e-14
115200 0.0190209 0.0190209 -0.0387633 9.25362e-14 5.15959e-14 -6.60756e-15
115300 0.0190376 0.0190376 -0.0387967 1.92128e-13 4.15449e-14 1.2091e-15
115400 0.0190543 0.0190543 -0.03883 1.4153e-13 1.89744e-14 2.91833e-14
115500 0.0190709 0.0190709 -0.0388633 2.11698e-13 3.34264e-14 1.72241e-14
115600 0.0190876 0.0190876 -0.0388967 1.24289e-13 2.88033e-14 1.19696e-16
115700 0.0191043 0.0191043 -0.03893 1.23875e-13 5.41199e-14 -4.77517e-14
115800 0.0191209 0.0191209 -0.0389633 1.41536e-13 1.26635e-14 4.01189e-14
115900 0.0191376 0.0191376 -0.0389967 1.09852e-13 3.70259e-14 8.4481e-16
116000 0.0191543 0.0191543 -0.03903 8.96618e-14 3.18599e-14 -2.28463e-15
116100 0.0191709 0.0191709 -0.0390633 1.70828e-13 1.44103e-14 2.61059e-14
116200 0.0191876 0.0191876 -0.0390967 1.18181e-13 4.92158e-14 -6.95104e-15
116300 0.0192043 0.0192043 -0.03913 1.10562e-13 2.37484e-14 1.25507e-14
116400 0.0192209 0.0192209 -0.0391633 1.20171e-13 2.18766e-14 -1.10207e-14
116500 0.0192376 0.0192376 -0.0391967 1.20065e-13 3.22815e-14 2.74416e-14
116600 0.0192543 0.0192543 -0.03923 1.41697e-13 3.77077e-14 4.86937e-15
116700 0.0192709 0.0192709 -0.0392633 8.07513e-13 3.59301e-13 1.84837e-13
116800 0.0192876 0.0192876 -0.0392967 1.6375e-13 1.98071e-14 3.85959e-14
116900 0.0193043 0.0193043 -0.03933 1.1952e-13 4.88012e-14 -3.12649e-14
117000 0.0193209 0.0193209 -0.0393633 1.14432e-13 2.22791e-14 2.04264e-14
117100 0.0193376 0.0193376 -0.0393967 1.32844e-13 4.8659e-14 9.92088e-15
117200 0.0193543 0.0193543 -0.03943 1.90339e-12 1.7295e-13 1.07551e-13
117300 0.0193709 0.0193709 -0.0394633 -1.0898e-12 1.64786e-12 -9.42241e-13
117400 0.0193876 0.0193876 -0.0394967 1.20982e-13 1.13846e-13 -6.2424e-14
117500 0.0194043 0.0194043 -0.03953 1.10911e-13 1.27792e-13 -8.27411e-14
117600 0.0194209 0.0194209 -0.0395633 -4.03925e-13 6.2789e-13 1.03876e-12
117700 0.0194376 0.0194376 -0.0395967 1.1341e-13 1.04852e-13 5.58061e-15
117800 0.0194543 0.0194543 -0.03963 1.66814e-13 1.06658e-13 2.39687e-14
117900 0.0194709 0.0194709 -0.0396633 1.22788e-13 1.26543e-13 -4.5278e-14
118000 0.0194876 0.0194876 -0.0396967 1.18847e-13 9.7684e-14 2.07421e-14
118100 0.0195043 0.0195043 -0.03973 1.39938e-13 1.13097e-13 -1.02158e-14
118200 0.0195209 0.0195209 -0.0397633 1.23184e-13 7.98684e-14 2.32401e-14
118300 0.0195376 0.0195376 -0.0397967 9.53534e-14 1.08262e-13 -2.30562e-14
118400 0.0195543 0.0195543 -0.03983 1.34032e-13 1.09157e-13 -3.10533e-14
118500 0.0195709 0.0195709 -0.0398633 1.66664e-13 7.0088e-14 3.60389e-14
118600 0.0195876 0.0195876 -0.0398967 1.73539e-13 6.18637e-14 3.19102e-14
118700 0.0196043 0.0196043 -0.03993 3.79917e-13 1.42173e-12 2.01032e-13
118800 0.0196209 0.0196209 -0.0399633 9.45355e-14 1.50017e-13 -1.66724e-14
118900 0.0196376 0.0196376 -0.0399967 1.95829e-13 1.09121e-13 3.57891e-14
119000 0.0196543 0.0196543 -0.04003 7.00186e-14 1.62747e-13 -3.16882e-14
119100 0.0196709 0.0196709 -0.0400633 1.036e-13 1.5077e-13 -2.83679e-14
119200 0.0196876 0.0196876 -0.0400967 8.88534e-14 1.41805e-13 -2.65777e-14
119300 0.0197043 0.0197043 -0.04013 1.13702e-13 1.3317e-13 -2.48534e-14
119400 0.0197209 0.0197209 -0.0401633 -2.79471e-13 1.2303e-12 3.44344e-13
119500 0.0197376 0.0197376 -0.0401967 1.33328e-13 1.05022e-13 3.36137e-14
119600 0.0197543 0.0197543 -0.04023 1.66648e-13 1.44388e-12 3.88531e-13
119700 0.0197709 0.0197709 -0.0402633 2.45069e-12 3.65956e-13 2.15431e-12
119800 0.0197876 0.0197876 -0.0402967 1.63616e-13 2.05905e-13 3.49425e-14
119900 0.0198043 0.0198043 -0.04033 1.81469e-13 9.90614e-14 1.09896e-13
120000 0.0198209 0.0198209 -0.0403633 1.3682e-13 1.91701e-13 7.3044e-14
120100 0.0198376 0.0198376 -0.0403967 1.86675e-13 1.75004e-13 5.91211e-14
120200 0.0198543 0.0198543 -0.04043 -6.23235e-13 2.26427e-12 -5.0668e-13
120300 0.0198709 0.0198709 -0.0404633 1.78289e-13 2.3106e-13 5.20296e-14
120400 0.0198876 0.0198876 -0.0404967 1.89389e-13 2.21191e-13 5.06765e-14
120500 0.0199043 0.0199043 -0.04053 1.62726e-13 2.22265e-13 1.15758e-14
120600 0.019921 0.019921 -0.0405633 1.50929e-13 2.12812e-13 3.20004e-14
120700 0.0199376 0.0199376 -0.0405967 1.03286e-13 2.38032e-13 -1.89588e-14
120800 0.0199543 0.0199543 -0.04063 1.34205e-13 1.8471e-13 3.97304e-14
120900 0.019971 0.019971 -0.0406633 1.78701e-13 1.82333e-13 6.89639e-14
121000 0.0199876 0.0199876 -0.0406967 1.14251e-13 1.75342e-13 2.21646e-14
121100 0.0200043 0.0200043 -0.04073 1.64872e-13 1.85081e-13 4.05145e-14
121200 0.020021 0.020021 -0.0407633 1.7708e-13 1.76855e-13 3.97859e-14
121300 0.0200376 0.0200376 -0.0407967 1.40227e-13 1.88016e-13 2.55265e-14
121400 0.0200543 0.0200543 -0.04083 -6.83145e-13 1.29049e-12 -1.04082e-12
121500 0.020071 0.020071 -0.0408633 8.56676e-14 2.28586e-13 -2.40311e-14
121600 0.0200876 0.0200876 -0.0408967 3.08755e-14 1.67269e-13 1.40599e-14
121700 0.0201043 0.0201043 -0.04093 9.39006e-14 2.33171e-13 -6.66637e-14
121800 0.020121 0.020121 -0.0409633 1.26236e-14 2.16986e-13 -6.71529e-14
121900 0.0201376 0.0201376 -0.0409967 7.15903e-14 1.82271e-13 -1.99268e-14
122000 0.0201543 0.0201543 -0.04103 9.41946e-14 1.88197e-13 -2.91104e-14
122100 0.020171 0.020171 -0.0410633 6.20562e-14 1.75155e-13 -1.83135e-14
122200 0.0201876 0.0201876 -0.0410967 3.85106e-15 1.9933e-13 -8.02362e-14
122300 0.0202043 0.0202043 -0.04113 1.0274e-13 1.93874e-13 -2.88814e-14
122400 0.020221 0.020221 -0.0411633 6.37814e-14 1.74494e-13 -2.43989e-14
122500 0.0202376 0.0202376 -0.0411967 2.98927e-14 1.71564e-13 -3.92134e-14
122600 0.0202543 0.0202543 -0.04123 1.18022e-14 1.58417e-13 -2.72265e-14
122700 0.020271 0.020271 -0.0412633 1.40382e-13 1.59036e-13 -9.11944e-15
122800 0.0202876 0.0202876 -0.0412967 9.64714e-14 1.72225e-13 -5.55615e-14
122900 0.0203043 0.0203043 -0.04133 5.57688e-16 1.41651e-13 -5.09679e-14
123000 0.020321 0.020321 -0.0413633 1.10974e-13 1.37406e-13 -1.72275e-14
123100 0.0203376 0.0203376 -0.0413967 1.12655e-13 1.59135e-13 -4.84838e-14
123200 0.0203543 0.0203543 -0.04143 9.37531e-14 1.57435e-13 -2.60018e-14
123300 0.020371 0.020371 -0.0414633 7.66591e-14 1.34325e-13 -2.44475e-14
123400 0.0203876 0.0203876 -0.0414967 7.12676e-14 1.16943e-13 -3.36068e-14
123500 0.0204043 0.0204043 -0.04153 8.74535e-14 1.57192e-13 -5.43263e-14
123600 0.020421 0.020421 -0.0415633 4.71073e-14 1.37213e-13 -4.6638e-14
123700 0.0204376 0.0204376 -0.0415967 1.24642e-13 1.32117e-13 -2.20154e-14
123800 0.0204543 0.0204543 -0.04163 8.52313e-14 1.42476e-13 -5.8056e-14
123900 0.020471 0.020471 -0.0416633 1.01519e-13 1.51715e-13 -4.94309e-14
124000 0.0204876 0.0204876 -0.0416967 7.08097e-14 1.15819e-13 -4.16143e-14
124100 0.0205043 0.0205043 -0.04173 1.3082e-13 1.24257e-13 -3.37768e-14
124200 0.020521 0.020521 -0.0417633 1.4003e-13 1.14636e-13 -1.79561e-14
124300 0.0205376 0.0205376 -0.0417967 7.79316e-14 9.34929e-14 -6.63532e-15
124400 0.0205543 0.0205543 -0.04183 9.46569e-14 1.1279e-13 -5.01144e-14
124500 0.020571 0.020571 -0.0418633 9.41287e-14 1.11838e-13 -3.24411e-14
124600 0.0205876 0.0205876 -0.0418967 8.11764e-14 1.10471e-13 -3.13655e-14
124700 0.0206043 0.0206043 -0.04193 7.36182e-14 8.34818e-14 -2.3816e-14
124800 0.020621 0.020621 -0.0419633 3.80451e-14 1.1046e-13 -6.37043e-14
124900 0.0206376 0.0206376 -0.0419967 6.82761e-14 1.05546e-13 -4.18918e-14
125000 0.0206543 0.0206543 -0.04203 1.59432e-13 4.87822e-14 3.16639e-14
125100 0.020671 0.020671 -0.0420633 8.4514e-14 1.14769e-13 -6.39575e-14
125200 0.0206876 0.0206876 -0.0420967 2.06493e-14 5.7265e-14 -2.07351e-14
125300 0.0207043 0.0207043 -0.04213 8.05909e-14 8.39155e-14 -1.25924e-14
125400 0.020721 0.020721 -0.0421633 8.30785e-14 6.30381e-14 6.40113e-16
125500 0.0207376 0.0207376 -0.0421967 3.09709e-14 9.17148e-14 -4.51774e-14
125600 0.0207543 0.0207543 -0.04223 7.08834e-14 7.99274e-14 -1.54338e-14
125700 0.020771 0.020771 -0.0422633 6.84392e-14 7.12364e-14 -1.94272e-14
125800 0.0207876 0.0207876 -0.0422967 9.13505e-14 1.00597e-13 -6.06962e-14
125900 0.0208043 0.0208043 -0.04233 9.24382e-14 8.85975e-14 -2.05062e-14
126000 0.020821 0.020821 -0.0423633 8.58592e-14 8.87745e-14 -1.79873e-14
126100 0.0208376 0.0208376 -0.0423967 4.75036e-14 8.58636e-14 -5.82503e-14
126200 0.0208543 0.0208543 -0.04243 9.27244e-14 1.11286e-13 -7.3096e-14
126300 0.020871 0.020871 -0.0424633 7.69792e-14 8.70033e-14 -7.56634e-14
126400 0.0208876 0.0208876 -0.0424967 6.54841e-14 6.6485e-14 -2.63487e-14
126500 0.0209043 0.0209043 -0.04253 6.86118e-14 6.17145e-14 1.50401e-15
126600 0.020921 0.020921 -0.0425633 7.9524e-14 8.83113e-14 -5.89199e-14
126700 0.0209376 0.0209376 -0.0425967 1.00106e-13 6.43218e-14 -2.7001e-14
126800 0.0209543 0.0209543 -0.04263 1.64927e-13 6.1097e-14 -5.85122e-15
126900 0.020971 0.020971 -0.0426633 1.1104e-13 3.64812e-14 8.10983e-15
127000 0.0209876 0.0209876 -0.0426967 1.29822e-13 7.89993e-14 -3.7555e-14
127100 0.0210043 0.0210043 -0.04273 1.10727e-14 5.73708e-14 -1.14093e-14
127200 0.021021 0.021021 -0.0427633 9.33784e-14 7.3528e-14 -3.80546e-14
127300 0.0210376 0.0210376 -0.0427967 8.28903e-14 6.97185e-14 -2.50164e-14
127400 0.0210543 0.0210543 -0.04283 7.56148e-14 7.13613e-14 -1.93612e-14
127500 0.021071 0.021071 -0.0428633 9.97969e-14 5.97578e-14 -1.62387e-14
127600 0.0210876 0.0210876 -0.0428967 9.0386e-14 6.15254e-14 -4.16629e-14
127700 0.0211043 0.0211043 -0.04293 9.76788e-14 7.98996e-14 -2.31776e-14
127800 0.021121 0.021121 -0.0429633 6.04776e-14 7.58803e-14 -4.21e-14
127900 0.0211377 0.0211377 -0.0429967 7.38524e-14 7.71015e-14 -5.82989e-14
128000 0.0211543 0.0211543 -0.04303 1.03624e-13 5.03781e-14 -1.32099e-14
128100 0.021171 0.021171 -0.0430633 5.32707e-14 4.99028e-14 -5.46264e-15
128200 0.0211877 0.0211877 -0.0430967 7.51066e-14 6.3588e-14 -1.80359e-14
128300 0.0212043 0.0212043 -0.04313 8.86253e-14 6.7649e-14 -4.12361e-14
128400 0.021221 0.021221 -0.0431633 8.43639e-14 7.72056e-14 -5.18804e-14
128500 0.0212377 0.0212377 -0.0431967 3.21114e-14 8.74162e-14 -5.75946e-14
128600 0.0212543 0.0212543 -0.04323 2.96351e-14 7.48186e-14 -4.94275e-14
128700 0.021271 0.021271 -0.0432633 7.66661e-14 8.85264e-14 -5.24251e-14
128800 0.0212877 0.0212877 -0.0432967 6.69048e-14 4.84387e-14 -3.12719e-14
128900 0.0213043 0.0213043 -0.04333 7.53217e-14 6.08246e-14 -3.45297e-14
129000 0.021321 0.021321 -0.0433633 7.85014e-14 6.04603e-14 -2.2966e-14
129100 0.0213377 0.0213377 -0.0433967 1.0524e-13 7.51708e-14 -4.52815e-14
129200 0.0213543 0.0213543 -0.04343 8.62261e-14 4.89209e-14 -1.80776e-14
129300 0.021371 0.021371 -0.0434633 8.4507e-14 7.24715e-14 -4.19092e-14
129400 0.0213877 0.0213877 -0.0434967 9.17278e-14 4.99652e-14 -1.03719e-14
129500 0.0214043 0.0214043 -0.04353 7.59869e-14 3.74596e-14 -8.56086e-15
129600 0.021421 0.021421 -0.0435633 9.92192e-14 7.60347e-14 -5.39551e-14
129700 0.0214377 0.0214377 -0.0435967 1.32781e-13 6.08697e-14 -3.80997e-14
129800 0.0214543 0.0214543 -0.04363 5.50653e-14 6.69655e-14 -5.28518e-14
129900 0.021471 0.021471 -0.0436633 1.0194e-13 4.49762e-14 1.06339e-15
130000 0.0214877 0.0214877 -0.0436967 3.65957e-14 6.08021e-14 -4.52954e-14
130100 0.0215043 0.0215043 -0.04373 8.81786e-14 3.4384e-14 -2.37432e-14
130200 0.021521 0.021521 -0.0437633 5.3923e-14 4.00843e-14 -2.30146e-14
130300 0.0215377 0.0215377 -0.0437967 6.29965e-14 4.05977e-14 -2.11758e-14
130400 0.0215543 0.0215543 -0.04383 1.97602e-14 6.85736e-15 -9.29985e-15
130500 0.021571 0.021571 -0.0438633 5.98861e-14 3.77805e-14 -1.98539e-14
130600 0.0215877 0.0215877 -0.0438967 4.90736e-14 3.5548e-14 -2.09225e-14
130700 0.0216043 0.0216043 -0.04393 5.82104e-14 3.61603e-14 -1.91114e-14
130800 0.021621 0.021621 -0.0439633 4.74238e-14 3.39642e-14 -2.01939e-14
130900 0.0216377 0.0216377 -0.0439967 5.65849e-14 3.46112e-14 -1.83967e-14
131000 0.0216543 0.0216543 -0.04403 4.58288e-14 3.24515e-14 -1.94896e-14
131100 0.021671 0.021671 -0.0440633 5.5015e-14 3.31367e-14 -1.77029e-14
131200 0.0216877 0.0216877 -0.0440967 4.42814e-14 3.10099e-14 -1.88061e-14
131300 0.0217043 0.0217043 -0.04413 5.3491e-14 3.17264e-14 -1.70332e-14
131400 0.021721 0.021721 -0.0441633 4.27852e-14 2.96343e-14 -1.81504e-14
131500 0.0217377 0.0217377 -0.0441967 5.20157e-14 3.03785e-14 -1.63879e-14
131600 0.0217543 0.0217543 -0.04423 4.13358e-14 2.83159e-14 -1.75086e-14
131700 0.021771 0.021771 -0.0442633 6.24544e-14 4.16282e-14 -7.41247e-15
131800 0.0217877 0.0217877 -0.0442967 4.04199e-14 2.74399e-14 -1.66724e-14
131900 0.0218043 0.0218043 -0.04433 4.96799e-14 2.82309e-14 -1.49446e-14
132000 0.021821 0.021821 -0.0443633 3.9046e-14 2.62203e-14 -1.6093e-14
132100 0.0218377 0.0218377 -0.0443967 4.83259e-14 2.70391e-14 -1.43722e-14
132200 0.0218543 0.0218543 -0.04443 3.7712e-14 2.50563e-14 -1.5531e-14
132300 0.021871 0.021871 -0.0444633 4.7011e-14 2.58994e-14 -1.3824e-14
132400 0.0218877 0.0218877 -0.0444967 3.64222e-14 2.39392e-14 -1.49897e-14
132500 0.0219043 0.0219043 -0.04453 4.57403e-14 2.48117e-14 -1.32932e-14
132600 0.021921 0.021921 -0.0445633 1.00793e-13 4.99496e-14 -8.74474e-15
132700 0.0219377 0.0219377 -0.0445967 4.72113e-14 2.46365e-14 -1.2686e-14
132800 0.0219543 0.0219543 -0.04463 3.66061e-14 2.27006e-14 -1.38865e-14
132900 0.021971 0.021971 -0.0446633 4.5932e-14 2.36009e-14 -1.22072e-14
133000 0.0219877 0.0219877 -0.0446967 2.91026e-14 1.32932e-14 2.32279e-15
133100 0.0220043 0.0220043 -0.04473 4.44367e-14 2.22808e-14 -1.11942e-14
133200 0.022021 0.022021 -0.0447633 3.38809e-14 2.03986e-14 -1.24189e-14
133300 0.0220377 0.0220377 -0.0447967 4.32458e-14 2.13475e-14 -1.0764e-14
133400 0.0220543 0.0220543 -0.04483 3.27091e-14 1.94896e-14 -1.19991e-14
133500 0.022071 0.022071 -0.0448633 4.20922e-14 2.04593e-14 -1.03546e-14
133600 0.0220877 0.0220877 -0.0448967 3.15754e-14 1.86188e-14 -1.15897e-14
133700 0.0221043 0.0221043 -0.04493 4.09733e-14 1.96058e-14 -9.95211e-15
133800 0.022121 0.022121 -0.0449633 3.04773e-14 1.77879e-14 -1.11942e-14
133900 0.0221377 0.0221377 -0.0449967 1.72327e-14 -3.41237e-14 2.20327e-14
134000 0.0221543 0.0221543 -0.04503 2.84798e-14 1.51493e-14 -9.59822e-15
134100 0.022171 0.022171 -0.0450633 3.7928e-14 1.62318e-14 -8.00228e-15
134200 0.0221877 0.0221877 -0.0450967 2.74771e-14 1.44693e-14 -9.27557e-15
134300 0.0222043 0.0222043 -0.04513 3.69392e-14 1.55674e-14 -7.68656e-15
134400 0.022221 0.022221 -0.0451633 2.65065e-14 1.38205e-14 -8.96332e-15
134500 0.0222377 0.0222377 -0.0451967 3.59833e-14 1.49325e-14 -7.38472e-15
134600 0.0222543 0.0222543 -0.04523 2.55672e-14 1.32047e-14 -8.66841e-15
134700 0.022271 0.022271 -0.0452633 3.50544e-14 1.43271e-14 -7.08288e-15
134800 0.0222877 0.0222877 -0.0452967 2.46565e-14 1.26132e-14 -8.37698e-15
134900 0.0223043 0.0223043 -0.04533 3.41593e-14 1.37477e-14 -6.80532e-15
135000 0.022321 0.022321 -0.0453633 2.37726e-14 1.20459e-14 -8.09249e-15
135100 0.0223377 0.0223377 -0.0453967 3.32876e-14 1.3196e-14 -6.53123e-15
135200 0.0223543 0.0223543 -0.04543 2.29191e-14 1.15064e-14 -7.82881e-15
135300 0.022371 0.022371 -0.0454633 3.24428e-14 1.26687e-14 -6.26409e-15
135400 0.0223877 0.0223877 -0.0454967 2.20908e-14 1.09912e-14 -7.5686e-15
135500 0.0224044 0.0224043 -0.04553 3.16266e-14 1.21621e-14 -6.01082e-15
135600 0.022421 0.022421 -0.0455633 5.43463e-14 -1.48197e-14 3.00541e-14
135700 0.0224377 0.0224377 -0.0455967 3.21947e-14 1.07206e-14 -4.44957e-15
135800 0.0224544 0.0224544 -0.04563 2.18427e-14 9.08995e-15 -5.80265e-15
135900 0.022471 0.022471 -0.0456633 3.13846e-14 1.02973e-14 -4.26915e-15
136000 0.0224877 0.0224877 -0.0456967 2.10448e-14 8.67535e-15 -5.61877e-15
136100 0.0225044 0.0225044 -0.04573 3.05979e-14 9.88966e-15 -4.09915e-15
136200 0.022521 0.022521 -0.0457633 2.02737e-14 8.2781e-15 -5.44877e-15
136300 0.0225377 0.0225377 -0.0457967 2.98381e-14 9.50282e-15 -3.92568e-15
136400 0.0225544 0.0225544 -0.04583 -1.45917e-14 -1.93838e-14 2.21177e-15
136500 0.022571 0.022571 -0.0458633 2.76966e-14 8.21565e-15 -3.41567e-15
136600 0.0225877 0.0225877 -0.0458967 2.30022e-15 -1.6034e-14 -1.83412e-14
136700 0.0226044 0.0226044 -0.04593 2.64059e-14 7.21125e-15 -3.63078e-15
136800 0.022621 0.022621 -0.0459633 1.61641e-14 5.67602e-15 -4.98386e-15
136900 0.0226377 0.0226377 -0.0459967 2.57745e-14 6.94583e-15 -3.46771e-15
137000 0.0226544 0.0226544 -0.04603 -2.63583e-14 -3.63425e-15 -4.96998e-15
137100 0.022671 0.022671 -0.0460633 2.78258e-14 1.15533e-14 6.75675e-15
137200 0.0226877 0.0226877 -0.0460967 -4.89802e-15 9.30332e-15 4.95264e-15
137300 0.0227044 0.0227044 -0.04613 2.2339e-13 8.45405e-13 -2.86849e-13
137400 0.022721 0.022721 -0.0461633 5.40097e-14 6.2261e-14 -4.2669e-14
137500 0.0227377 0.0227377 -0.0461967 1.30616e-14 4.0903e-14 -4.34201e-15
137600 0.0227544 0.0227544 -0.04623 -1.48215e-14 4.43846e-14 -4.24955e-14
137700 0.022771 0.022771 -0.0462633 -8.82456e-15 4.77136e-14 -2.31534e-14
137800 0.0227877 0.0227877 -0.0462967 1.27675e-14 2.75786e-14 -1.2693e-14
137900 0.0228044 0.0228044 -0.04633 3.68707e-14 3.60545e-14 -1.30538e-14
138000 0.022821 0.022821 -0.0463633 -2.53426e-14 1.65735e-14 -2.5379e-15
138100 0.0228377 0.0228377 -0.0463967 3.71838e-14 2.09329e-14 -1.97932e-15
138200 0.0228544 0.0228544 -0.04643 -2.04221e-14 3.22953e-14 -1.03893e-14
138300 0.022871 0.022871 -0.0464633 4.33993e-14 1.83239e-14 5.55979e-15
138400 0.0228877 0.0228877 -0.0464967 -4.32432e-14 7.37951e-15 -1.20962e-14
138500 0.0229044 0.0229044 -0.04653 2.15149e-14 3.29771e-14 -2.30527e-14
138600 0.022921 0.022921 -0.0465633 2.41317e-14 4.58106e-14 -2.757e-14
138700 0.0229377 0.0229377 -0.0465967 2.70625e-14 2.93411e-14 -5.0706e-15
138800 0.0229544 0.0229544 -0.04663 -5.36871e-14 5.23141e-14 -7.33493e-14
138900 0.022971 0.022971 -0.0466633 2.14672e-14 1.53055e-14 -6.6492e-15
139000 0.0229877 0.0229877 -0.0466967 4.80654e-13 9.3355e-13 6.24204e-13
139100 0.0230044 0.0230044 -0.04673 3.46155e-14 4.69694e-14 1.10138e-14
139200 0.023021 0.023021 -0.0467633 3.49746e-14 5.493e-14 6.6492e-15
139300 0.0230377 0.0230377 -0.0467967 1.09617e-14 5.4505e-14 -2.09017e-14
139400 0.0230544 0.0230544 -0.04683 3.94181e-14 5.31415e-14 -6.87124e-15
139500 0.023071 0.023071 -0.0468633 2.43032e-15 4.16368e-14 -8.34402e-16
139600 0.0230877 0.0230877 -0.0468967 -2.56828e-15 6.3392e-14 -4.2499e-14
139700 0.0231044 0.0231044 -0.04693 4.90354e-14 5.50237e-14 -1.96284e-14
139800 0.023121 0.023121 -0.0469633 6.14783e-15 2.46036e-14 -1.00787e-15
139900 0.0231377 0.0231377 -0.0469967 4.89383e-14 2.59914e-14 9.48894e-16
140000 0.0231544 0.0231544 -0.04703 1.62214e-14 4.91707e-14 -1.61728e-14
140100 0.023171 0.023171 -0.0470633 4.44089e-14 4.78142e-14 -2.3084e-14
140200 0.0231877 0.0231877 -0.0470967 5.84513e-15 5.30964e-14 -3.97963e-14
140300 0.0232044 0.0232044 -0.04713 4.79434e-14 4.82236e-14 -2.89994e-14
140400 0.023221 0.023221 -0.0471633 4.51808e-14 3.57023e-14 -1.40599e-14
140500 0.0232377 0.0232377 -0.0471967 6.21983e-15 4.66068e-14 -3.5914e-14
140600 0.0232544 0.0232544 -0.04723 6.42099e-14 4.29934e-14 3.12771e-15
140700 0.023271 0.023271 -0.0472633 3.4887e-14 1.31527e-14 2.21056e-14
140800 0.0232877 0.0232877 -0.0472967 2.41196e-14 2.40953e-15 3.12545e-14
140900 0.0233044 0.0233044 -0.04733 5.68009e-14 3.51438e-14 -2.78076e-15
141000 0.023321 0.023321 -0.0473633 6.58206e-14 2.84512e-14 2.1887e-14
141100 0.0233377 0.0233377 -0.0473967 2.85379e-14 4.08788e-14 -1.16521e-14
141200 0.0233544 0.0233544 -0.04743 2.81103e-14 3.12146e-14 -3.43007e-14
141300 0.023371 0.023371 -0.0474633 3.64569e-14 3.25035e-14 -1.7061e-14
141400 0.0233877 0.0233877 -0.0474967 -9.79514e-15 3.43892e-14 -3.82073e-14
141500 0.0234044 0.0234044 -0.04753 1.88061e-14 4.2976e-14 -2.45168e-14
141600 0.023421 0.023421 -0.0475633 -8.16363e-15 4.02959e-14 -5.16826e-14
141700 0.0234377 0.0234377 -0.0475967 -4.048e-15 1.91687e-14 -1.33175e-14
141800 0.0234544 0.0234544 -0.04763 1.61216e-14 3.33917e-14 -4.41643e-14
141900 0.023471 0.023471 -0.0476633 8.78845e-14 -2.34188e-16 2.31776e-14
142000 0.0234877 0.0234877 -0.0476967 -3.11314e-14 2.59862e-14 -5.46733e-14
142100 0.0235044 0.0235044 -0.04773 -1.77963e-13 6.09289e-13 -8.21255e-13
142200 0.023521 0.023521 -0.0477633 -4.16317e-14 5.92547e-14 -8.79245e-14
142300 0.0235377 0.0235377 -0.0477967 -1.35647e-14 2.18558e-14 -2.21576e-14
142400 0.0235544 0.0235544 -0.04783 3.73217e-14 3.28904e-14 -3.66009e-14
142500 0.023571 0.023571 -0.0478633 1.73463e-14 3.99299e-14 -5.93154e-14
142600 0.0235877 0.0235877 -0.0478967 2.29348e-14 2.51032e-14 -2.63591e-14
142700 0.0236044 0.0236044 -0.04793 -1.6597e-14 3.07098e-14 -3.81761e-14
142800 0.023621 0.023621 -0.0479633 -1.15212e-14 4.13558e-14 -6.69968e-14
142900 0.0236377 0.0236377 -0.0479967 2.36512e-14 3.99888e-14 -2.22062e-14
143000 0.0236544 0.0236544 -0.04803 -1.27138e-14 4.1453e-14 -2.9728e-14
143100 0.023671 0.023671 -0.0480633 7.11098e-14 5.75703e-14 -4.11216e-14
143200 0.0236877 0.0236877 -0.0480967 -4.07478e-14 3.93938e-14 -5.68174e-14
143300 0.0237044 0.0237044 -0.04813 2.4653e-14 2.96325e-14 -4.28078e-14
143400 0.0237211 0.0237211 -0.0481633 -2.29391e-14 3.60233e-14 -2.87634e-14
143500 0.0237377 0.0237377 -0.0481967 4.39128e-14 1.89085e-14 -2.40103e-14
143600 0.0237544 0.0237544 -0.04823 6.04288e-15 4.84491e-14 -6.40824e-14
143700 0.0237711 0.0237711 -0.0482633 1.69288e-12 -5.61259e-13 1.32116e-12
143800 0.0237877 0.0237877 -0.0482967 1.10811e-13 4.68028e-15 1.67279e-14
143900 0.0238044 0.0238044 -0.04833 4.56388e-14 1.5184e-14 1.35985e-14
144000 0.0238211 0.0238211 -0.0483633 7.58187e-14 5.10876e-15 1.81886e-14
144100 0.0238377 0.0238377 -0.0483967 4.55269e-14 5.85643e-15 -6.89206e-15
144200 0.0238544 0.0238544 -0.04843 1.02496e-13 1.0339e-14 -1.09582e-14
144300 0.0238711 0.0238711 -0.0484633 8.47204e-14 3.13638e-15 1.93161e-14
144400 0.0238877 0.0238877 -0.0484967 4.32536e-14 1.51008e-14 -2.88259e-14
144500 0.0239044 0.0239044 -0.04853 3.03073e-14 -8.79505e-16 -1.593e-14
144600 0.0239211 0.0239211 -0.0485633 5.42309e-14 -7.59982e-15 1.10155e-15
144700 0.0239377 0.0239377 -0.0485967 9.25882e-14 -1.59768e-14 1.90837e-14
144800 0.0239544 0.0239544 -0.04863 7.90166e-14 -1.42664e-14 1.89345e-14
144900 0.0239711 0.0239711 -0.0486633 3.2415e-14 1.35482e-15 -2.49974e-15
145000 0.0239877 0.0239877 -0.0486967 7.2279e-14 -2.08462e-14 2.90618e-14
145100 0.0240044 0.0240044 -0.04873 9.38563e-14 -1.11473e-14 2.6628e-15
145200 0.0240211 0.0240211 -0.0487633 6.90949e-14 -1.08646e-14 1.87437e-14
145300 0.0240377 0.0240377 -0.0487967 2.54544e-14 -6.53123e-15 -6.60756e-15
145400 0.0240544 0.0240544 -0.04883 5.60341e-14 1.16521e-14 -8.05085e-15
145500 0.0240711 0.0240711 -0.0488633 9.22534e-14 -2.78059e-14 1.30052e-14
145600 0.0240877 0.0240877 -0.0488967 5.75841e-14 -3.12424e-15 9.28944e-15
145700 0.0241044 0.0241044 -0.04893 4.85913e-14 -1.22957e-14 2.08184e-14
145800 0.0241211 0.0241211 -0.0489633 6.09573e-14 -1.19748e-14 4.35242e-15
145900 0.0241377 0.0241377 -0.0489967 5.78252e-14 -1.28335e-14 1.10762e-14
146000 0.0241544 0.0241544 -0.04903 7.31706e-14 -1.31752e-14 -2.61076e-15
146100 0.0241711 0.0241711 -0.0490633 5.42907e-14 5.08621e-15 -1.30625e-15
146200 0.0241877 0.0241877 -0.0490967 7.32209e-14 -2.05235e-14 1.81365e-14
146300 0.0242044 0.0242044 -0.04913 2.24534e-14 -4.24313e-15 -9.93823e-15
146400 0.0242211 0.0242211 -0.0491633 5.21041e-14 -1.21014e-14 4.09915e-15
146500 0.0242377 0.0242377 -0.0491967 5.65546e-14 -3.32546e-15 -5.54938e-15
146600 0.0242544 0.0242544 -0.04923 4.17105e-14 1.90126e-15 -1.07778e-14
146700 0.0242711 0.0242711 -0.0492633 6.81555e-14 -2.42289e-14 1.89102e-14
146800 0.0242877 0.0242877 -0.0492967 6.50278e-14 5.41407e-15 -4.33507e-15
146900 0.0243044 0.0243044 -0.04933 7.75525e-14 -9.40394e-15 -4.33507e-15
147000 0.0243211 0.0243211 -0.0493633 4.97501e-14 -2.10804e-14 1.32446e-14
147100 0.0243377 0.0243377 -0.0493967 4.8626e-14 6.69256e-15 -2.74659e-14
147200 0.0243544 0.0243544 -0.04943 4.07079e-14 3.35496e-15 -2.64042e-14
147300 0.0243711 0.0243711 -0.0494633 7.56582e-14 -1.29185e-14 1.4341e-14
147400 0.0243877 0.0243877 -0.0494967 4.99409e-14 -7.83054e-15 -1.14093e-14
147500 0.0244044 0.0244044 -0.04953 5.67272e-14 -2.45134e-14 2.92648e-15
147600 0.0244211 0.0244211 -0.0495633 1.68884e-14 -1.10727e-14 -2.73098e-14
147700 0.0244377 0.0244377 -0.0495967 6.49073e-14 -1.99701e-14 1.79769e-14
147800 0.0244544 0.0244544 -0.04963 2.77874e-12 -2.62013e-13 8.84957e-13
147900 0.0244711 0.0244711 -0.0496633 1.67941e-13 -2.16563e-14 1.82337e-14
148000 0.0244877 0.0244877 -0.0496967 1.45994e-13 -3.93435e-14 3.44915e-14
148100 0.0245044 0.0245044 -0.04973 6.20471e-13 -8.67386e-13 5.73651e-13
148200 0.0245211 0.0245211 -0.0497633 1.21278e-13 -6.33625e-14 6.10883e-14
148300 0.0245377 0.0245377 -0.0497967 1.84076e-13 -5.77836e-14 4.19022e-14
148400 0.0245544 0.0245544 -0.04983 1.3928e-13 -5.12472e-14 4.28668e-14
148500 0.0245711 0.0245711 -0.0498633 1.30431e-13 -5.16288e-14 1.31267e-14
148600 0.0245877 0.0245877 -0.0498967 8.81787e-13 -4.96905e-13 1.24485e-12
148700 0.0246044 0.0246044 -0.04993 1.90973e-13 -5.63785e-14 6.35308e-14
148800 0.0246211 0.0246211 -0.0499633 1.87341e-13 -4.8633e-14 7.25826e-14
148900 0.0246377 0.0246377 -0.0499967 1.88097e-13 -6.04551e-14 8.50136e-14
149000 0.0246544 0.0246544 -0.05003 1.78379e-13 -6.58605e-14 8.36466e-14
149100 0.0246711 0.0246711 -0.0500633 2.10248e-13 -7.29052e-14 7.685e-14
149200 0.0246877 0.0246877 -0.0500967 1.28407e-13 -6.69569e-14 8.02258e-14
149300 0.0247044 0.0247044 -0.05013 1.56307e-13 -1.01905e-13 1.00425e-13
149400 0.0247211 0.0247211 -0.0501633 1.54149e-13 -7.78353e-14 7.34187e-14
149500 0.0247377 0.0247377 -0.0501967 1.89929e-13 -7.10456e-14 8.53224e-14
149600 0.0247544 0.0247544 -0.05023 1.70006e-13 -6.39228e-14 7.3332e-14
149700 0.0247711 0.0247711 -0.0502633 1.89643e-13 -5.22273e-14 4.19439e-14
149800 0.0247877 0.0247877 -0.0502967 1.57151e-13 -5.78201e-14 3.65524e-14
149900 0.0248044 0.0248044 -0.05033 1.97085e-13 -6.12652e-14 6.69135e-14
150000 0.0248211 0.0248211 -0.0503633 2.01444e-13 -7.03985e-14 7.16979e-14
150100 0.0248377 0.0248377 -0.0503967 2.27066e-13 -6.53349e-14 6.73506e-14
150200 0.0248544 0.0248544 -0.05043 2.30859e-13 -8.52009e-14 8.19293e-14
150300 0.0248711 0.0248711 -0.0504633 1.98915e-13 -7.19546e-14 6.34996e-14
150400 0.0248878 0.0248878 -0.0504967 1.73185e-13 -6.27901e-14 5.2831e-14
150500 0.0249044 0.0249044 -0.05053 1.73085e-13 -7.18297e-14 7.15279e-14
150600 0.0249211 0.0249211 -0.0505633 1.68484e-13 -5.56482e-14 4.31304e-14
150700 0.0249378 0.0249378 -0.0505967 5.8977e-13 -2.08845e-13 -2.30198e-15
150800 0.0249544 0.0249544 -0.05063 1.76511e-13 -8.2408e-14 5.54817e-14
150900 0.0249711 0.0249711 -0.0506633 1.93674e-13 -5.53568e-14 5.64705e-14
151000 0.0249878 0.0249878 -0.0506967 2.05741e-13 -7.36512e-14 7.13925e-14
151100 0.0250044 0.0250044 -0.05073 2.21699e-13 -7.02251e-14 5.05585e-14
151200 0.0250211 0.0250211 -0.0507633 2.23312e-12 -1.38582e-12 1.5095e-12
151300 0.0250378 0.0250378 -0.0507967 2.72751e-13 -1.18761e-13 9.03531e-14
151400 0.0250544 0.0250544 -0.05083 2.44204e-13 -1.29841e-13 9.73128e-14
151500 0.0250711 0.0250711 -0.0508633 2.01202e-13 -8.27723e-14 8.3886e-14
151600 0.0250878 0.0250878 -0.0508967 2.71069e-13 -9.49293e-14 1.02843e-13
151700 0.0251044 0.0251044 -0.05093 2.55598e-13 -1.02659e-13 1.03769e-13
151800 0.0251211 0.0251211 -0.0509633 1.83719e-12 -1.51636e-12 1.82706e-12
151900 0.0251378 0.0251378 -0.0509967 3.26229e-13 -1.57353e-13 1.58753e-13
152000 0.0251544 0.0251544 -0.05103 3.12926e-13 -1.33605e-13 1.61019e-13
152100 0.0251711 0.0251711 -0.0510633 2.98673e-13 -1.57095e-13 1.67288e-13
152200 0.0251878 0.0251878 -0.0510967 3.15001e-13 -1.55846e-13 1.48279e-13
152300 0.0252044 0.0252044 -0.05113 2.97452e-13 -1.3364e-13 1.4142e-13
152400 0.0252211 0.0252211 -0.0511633 3.09423e-13 -1.57017e-13 1.54586e-13
152500 0.0252378 0.0252378 -0.0511967 2.99562e-13 -1.5306e-13 1.37878e-13
152600 0.0252544 0.0252544 -0.05123 2.64918e-13 -1.49398e-13 1.56491e-13
152700 0.0252711 0.0252711 -0.0512633 2.97165e-13 -1.40138e-13 1.35619e-13
152800 0.0252878 0.0252878 -0.0512967 3.22993e-13 -1.55476e-13 1.44001e-13
152900 0.0253044 0.0253044 -0.05133 2.6809e-13 -1.35317e-13 1.12249e-13
153000 0.0253211 0.0253211 -0.0513633 2.6216e-13 -1.26701e-13 1.05712e-13
153100 0.0253378 0.0253378 -0.0513967 3.02145e-13 -1.31693e-13 1.31435e-13
153200 0.0253544 0.0253544 -0.05143 2.72566e-13 -1.40814e-13 1.19097e-13
153300 0.0253711 0.0253711 -0.0514633 2.91036e-13 -1.44447e-13 1.36021e-13
153400 0.0253878 0.0253878 -0.0514967 2.93415e-13 -1.47798e-13 1.52661e-13
153500 0.0254044 0.0254044 -0.05153 2.5159e-13 -1.18638e-13 1.07804e-13
153600 0.0254211 0.0254211 -0.0515633 2.65505e-13 -1.31936e-13 1.15899e-13
153700 0.0254378 0.0254378 -0.0515967 2.32236e-13 -1.16259e-13 1.04585e-13
153800 0.0254544 0.0254544 -0.05163 2.81843e-13 -1.21014e-13 1.25724e-13
153900 0.0254711 0.0254711 -0.0516633 2.43457e-13 -1.34746e-13 1.23823e-13
154000 0.0254878 0.0254878 -0.0516967 2.42839e-13 -1.25951e-13 1.11593e-13
154100 0.0255044 0.0255044 -0.05173 2.77223e-13 -1.18187e-13 1.19583e-13
154200 0.0255211 0.0255211 -0.0517633 2.38517e-13 -1.16927e-13 1.00057e-13
154300 0.0255378 0.0255378 -0.0517967 2.10114e-13 -1.02141e-13 7.19199e-14
154400 0.0255544 0.0255544 -0.05183 2.46133e-13 -7.73548e-14 9.10504e-14
154500 0.0255711 0.0255711 -0.0518633 2.18413e-13 -1.02442e-13 9.83779e-14
154600 0.0255878 0.0255878 -0.0518967 2.28045e-13 -9.1406e-14 5.99919e-14
154700 0.0256044 0.0256044 -0.05193 2.46806e-13 -1.07216e-13 1.03187e-13
154800 0.0256211 0.0256211 -0.0519633 2.31201e-13 -1.23465e-13 1.31813e-13
154900 0.0256378 0.0256378 -0.0519967 2.37881e-13 -9.3826e-14 9.19351e-14
155000 0.0256544 0.0256544 -0.05203 2.26578e-13 -1.04156e-13 9.05925e-14
155100 0.0256711 0.0256711 -0.0520633 2.01243e-13 -1.0254e-13 8.93122e-14
155200 0.0256878 0.0256878 -0.0520967 1.97974e-13 -1.06326e-13 7.72316e-14
155300 0.0257044 0.0257044 -0.05213 2.08743e-13 -1.02727e-13 9.49327e-14
155400 0.0257211 0.0257211 -0.0521633 2.15204e-13 -1.08811e-13 7.98441e-14
155500 0.0257378 0.0257378 -0.0521967 1.90713e-13 -9.57446e-14 7.89837e-14
155600 0.0257544 0.0257544 -0.05223 1.81935e-13 -1.01493e-13 7.24854e-14
155700 0.0257711 0.0257711 -0.0522633 1.96928e-13 -9.42076e-14 7.99482e-14
155800 0.0257878 0.0257878 -0.0522967 2.32793e-12 -1.36392e-12 2.35881e-12
155900 0.0258044 0.0258044 -0.05233 3.00017e-13 -1.50087e-13 1.61747e-13
156000 0.0258211 0.0258211 -0.0523633 2.68733e-13 -1.38492e-13 1.35189e-13
156100 0.0258378 0.0258378 -0.0523967 2.3956e-13 -1.3479e-13 1.47498e-13
156200 0.0258544 0.0258544 -0.05243 2.48544e-13 -1.42558e-13 1.56606e-13
156300 0.0258711 0.0258711 -0.0524633 2.93387e-13 -1.31178e-13 1.48078e-13
156400 0.0258878 0.0258878 -0.0524967 2.39002e-13 -1.22737e-13 1.22317e-13
156500 0.0259044 0.0259044 -0.05253 2.8581e-13 -1.04364e-13 1.24912e-13
156600 0.0259211 0.0259211 -0.0525633 2.60064e-13 -1.3785e-13 1.42006e-13
156700 0.0259378 0.0259378 -0.0525967 2.45744e-13 -1.18043e-13 1.28694e-13
156800 0.0259544 0.0259544 -0.05263 2.5029e-13 -1.17562e-13 1.35709e-13
156900 0.0259711 0.0259711 -0.0526633 2.33049e-13 -1.18574e-13 1.28545e-13
157000 0.0259878 0.0259878 -0.0526967 2.73009e-13 -1.16162e-13 1.33596e-13
157100 0.0260044 0.0260044 -0.05273 2.21019e-13 -1.04751e-13 1.10386e-13
157200 0.0260211 0.0260211 -0.0527633 2.20303e-13 -1.15862e-13 1.08592e-13
157300 0.0260378 0.0260378 -0.0527967 2.88898e-13 -8.6868e-14 1.18633e-13
157400 0.0260545 0.0260545 -0.05283 2.19844e-13 -1.10511e-13 1.13015e-13
157500 0.0260711 0.0260711 -0.0528633 2.24968e-13 -1.17932e-13 9.81281e-14
157600 0.0260878 0.0260878 -0.0528967 2.01404e-13 -1.07289e-13 9.72538e-14
157700 0.0261045 0.0261045 -0.05293 2.27885e-13 -1.07093e-13 1.27664e-13
157800 0.0261211 0.0261211 -0.0529633 2.44432e-13 -9.14876e-14 1.26657e-13
157900 0.0261378 0.0261378 -0.0529967 2.1076e-13 -9.87647e-14 8.66928e-14
158000 0.0261545 0.0261545 -0.05303 1.62899e-13 -7.69627e-14 5.79797e-14
158100 0.0261711 0.0261711 -0.0530633 2.73101e-13 -1.33015e-13 1.54715e-13
158200 0.0261878 0.0261878 -0.0530967 2.21228e-13 -9.46847e-14 1.08259e-13
158300 0.0262045 0.0262045 -0.05313 2.52064e-13 -9.57984e-14 1.15472e-13
158400 0.0262211 0.0262211 -0.0531633 2.01881e-13 -9.26793e-14 8.60059e-14
158500 0.0262378 0.0262378 -0.0531967 1.96715e-13 -9.86208e-14 1.10715e-13
158600 0.0262545 0.0262545 -0.05323 1.27542e-13 -8.38826e-14 6.36349e-14
158700 0.0262711 0.0262711 -0.0532633 1.64632e-13 -8.80025e-14 6.91721e-14
158800 0.0262878 0.0262878 -0.0532967 1.58053e-13 -8.16291e-14 9.49501e-14
158900 0.0263045 0.0263045 -0.05333 1.77482e-13 -9.74811e-14 9.75938e-14
159000 0.0263211 0.0263211 -0.0533633 1.69367e-13 -7.94417e-14 7.23501e-14
159100 0.0263378 0.0263378 -0.0533967 1.98294e-13 -7.32053e-14 7.21281e-14
159200 0.0263545 0.0263545 -0.05343 1.70827e-13 -7.19806e-14 8.57352e-14
159300 0.0263711 0.0263711 -0.0534633 7.16025e-13 -3.47149e-13 6.33776e-13
159400 0.0263878 0.0263878 -0.0534967 1.32519e-13 -7.25357e-14 6.93525e-14
159500 0.0264045 0.0264045 -0.05353 2.3619e-13 -9.11528e-14 9.51721e-14
159600 0.0264211 0.0264211 -0.0535633 1.49744e-13 -8.21912e-14 6.35516e-14
159700 0.0264378 0.0264378 -0.0535967 1.85769e-13 -6.74391e-14 6.46237e-14
159800 0.0264545 0.0264545 -0.05363 1.83364e-13 -9.37826e-14 9.94014e-14
159900 0.0264711 0.0264711 -0.0536633 1.78884e-13 -5.20903e-14 4.28251e-14
160000 0.0264878 0.0264878 -0.0536967 1.62251e-13 -6.74998e-14 6.97029e-14
160100 0.0265045 0.0265045 -0.05373 1.53242e-13 -5.59552e-14 2.14741e-14
160200 0.0265211 0.0265211 -0.0537633 1.49689e-13 -7.32695e-14 6.48179e-14
160300 0.0265378 0.0265378 -0.0537967 1.50455e-13 -6.95208e-14 6.9585e-14
160400 0.0265545 0.0265545 -0.05383 1.35683e-13 -6.29878e-14 4.72001e-14
160500 0.0265711 0.0265711 -0.0538633 1.31796e-13 -6.10987e-14 5.43055e-14
160600 0.0265878 0.0265878 -0.0538967 1.30933e-13 -6.86465e-14 6.76698e-14
160700 0.0266045 0.0266045 -0.05393 1.33823e-13 -6.5033e-14 6.11611e-14
160800 0.0266211 0.0266211 -0.0539633 1.19459e-13 -7.41854e-14 4.82028e-14
160900 0.0266378 0.0266378 -0.0539967 1.27476e-13 -4.86521e-14 2.88641e-14
161000 0.0266545 0.0266545 -0.05403 1.29785e-13 -6.44745e-14 4.81473e-14
161100 0.0266711 0.0266711 -0.0540633 1.49327e-13 -6.1182e-14 7.11185e-14
161200 0.0266878 0.0266878 -0.0540967 1.28664e-13 -3.98171e-14 2.5516e-14
161300 0.0267045 0.0267045 -0.05413 1.44937e-13 -7.4574e-14 7.08825e-14
161400 0.0267211 0.0267211 -0.0541633 1.43525e-13 -7.20448e-14 6.65527e-14
161500 0.0267378 0.0267378 -0.0541967 1.2948e-13 -7.90097e-14 8.35911e-14
161600 0.0267545 0.0267545 -0.05423 1.15074e-13 -5.42916e-14 4.67109e-14
161700 0.0267711 0.0267711 -0.0542633 1.3741e-13 -6.77479e-14 7.03691e-14
161800 0.0267878 0.0267878 -0.0542967 1.1977e-13 -6.27588e-14 6.59143e-14
161900 0.0268045 0.0268045 -0.05433 1.57095e-13 -5.54504e-14 5.92946e-14
162000 0.0268211 0.0268211 -0.0543633 1.0039e-13 -4.53439e-14 1.20997e-14
162100 0.0268378 0.0268378 -0.0543967 1.05715e-13 -6.09842e-14 3.53034e-14
162200 0.0268545 0.0268545 -0.05443 6.58648e-14 -3.56763e-14 9.0726e-16
162300 0.0268711 0.0268711 -0.0544633 7.73036e-14 -4.93078e-14 2.20154e-14
162400 0.0268878 0.0268878 -0.0544967 8.46935e-14 -4.20115e-14 5.23366e-15
162500 0.0269045 0.0269045 -0.05453 1.22377e-13 -4.83138e-14 4.94136e-14
162600 0.0269211 0.0269211 -0.0545633 1.08237e-13 -5.1615e-14 3.7961e-14
162700 0.0269378 0.0269378 -0.0545967 1.0558e-13 -4.28633e-14 2.93914e-14
162800 0.0269545 0.0269545 -0.05463 1.39636e-13 -4.41158e-14 3.13829e-14
162900 0.0269711 0.0269711 -0.0546633 1.16568e-13 -5.25066e-14 3.40023e-14
163000 0.0269878 0.0269878 -0.0546967 1.29421e-13 -5.89754e-14 4.17947e-14
163100 0.0270045 0.0270045 -0.05473 6.88763e-14 -5.7716e-14 5.14363e-14
163200 0.0270211 0.0270211 -0.0547633 1.04589e-13 -5.12906e-14 4.38347e-14
163300 0.0270378 0.0270378 -0.0547967 1.05325e-13 -4.90684e-14 3.62193e-14
163400 0.0270545 0.0270545 -0.05483 5.6212e-14 -2.63695e-14 1.31544e-14
163500 0.0270711 0.0270711 -0.0548633 1.00353e-13 -3.441e-14 9.91394e-15
163600 0.0270878 0.0270878 -0.0548967 1.09056e-13 -6.05523e-14 3.01061e-14
163700 0.0271045 0.0271045 -0.05493 6.34249e-14 -3.75793e-14 4.50837e-14
163800 0.0271211 0.0271211 -0.0549633 1.04388e-13 -4.35572e-14 2.66401e-14
163900 0.0271378 0.0271378 -0.0549967 1.10469e-13 -3.76799e-14 2.71814e-14
164000 0.0271545 0.0271545 -0.05503 6.32636e-14 -5.62553e-14 3.20664e-14
164100 0.0271711 0.0271711 -0.0550633 1.30812e-13 -5.69354e-14 5.84376e-14
164200 0.0271878 0.0271878 -0.0550967 1.15331e-13 -4.03514e-14 3.86444e-14
164300 0.0272045 0.0272045 -0.05513 5.15933e-14 -4.32449e-14 1.49585e-14
164400 0.0272212 0.0272212 -0.0551633 9.60586e-14 -4.02144e-14 1.61867e-14
164500 0.0272378 0.0272378 -0.0551967 1.24715e-13 -4.64056e-14 1.93127e-14
164600 0.0272545 0.0272545 -0.05523 1.02167e-13 -6.49793e-14 4.0903e-14
164700 0.0272712 0.0272712 -0.0552633 9.27314e-14 -4.97206e-14 3.38809e-14
164800 0.0272878 0.0272878 -0.0552967 7.74189e-14 -5.64843e-14 3.84501e-14
164900 0.0273045 0.0273045 -0.05533 7.37526e-14 -3.79106e-14 1.508e-14
165000 0.0273212 0.0273212 -0.0553633 1.35325e-13 -5.1301e-14 4.65374e-14
165100 0.0273378 0.0273378 -0.0553967 5.29593e-14 -3.75342e-14 -3.69323e-15
165200 0.0273545 0.0273545 -0.05543 1.12556e-13 -3.64882e-14 1.24744e-14
165300 0.0273712 0.0273712 -0.0554633 1.03746e-13 -3.57457e-14 1.4105e-14
165400 0.0273878 0.0273878 -0.0554967 9.97249e-14 -3.98952e-14 2.41526e-14
165500 0.0274045 0.0274045 -0.05553 7.8419e-14 -4.6279e-14 1.53332e-14
165600 0.0274212 0.0274212 -0.0555633 8.32624e-14 -5.60038e-14 2.59463e-14
165700 0.0274378 0.0274378 -0.0555967 1.43882e-13 -6.37788e-14 5.60576e-14
165800 0.0274545 0.0274545 -0.05563 9.15901e-13 6.56078e-13 -8.22056e-13
165900 0.0274712 0.0274712 -0.0556633 1.01284e-13 -6.84522e-15 -1.63359e-14
166000 0.0274878 0.0274878 -0.0556967 1.22763e-13 3.01842e-15 2.23953e-15
166100 0.0275045 0.0275045 -0.05573 1.74973e-13 -3.72619e-15 8.05085e-15
166200 0.0275212 0.0275212 -0.0557633 1.34884e-12 -8.40366e-13 1.73415e-12
166300 0.0275378 0.0275378 -0.0557967 1.52921e-13 -1.36662e-14 2.76636e-14
166400 0.0275545 0.0275545 -0.05583 1.61731e-13 -1.94289e-14 5.77368e-14
166500 0.0275712 0.0275712 -0.0558633 1.85554e-13 -4.55781e-14 4.18259e-14
166600 0.0275878 0.0275878 -0.0558967 1.5706e-13 -4.04902e-14 4.47784e-14
166700 0.0276045 0.0276045 -0.05593 1.75067e-13 -5.06505e-14 5.29212e-14
166800 0.0276212 0.0276212 -0.0559633 1.551e-13 -4.19872e-14 5.50861e-14
166900 0.0276378 0.0276378 -0.0559967 1.85375e-13 -3.56382e-14 6.00197e-14
167000 0.0276545 0.0276545 -0.05603 1.76198e-13 -4.66432e-14 6.73055e-14
167100 0.0276712 0.0276712 -0.0560633 1.94988e-13 -4.52641e-14 6.96544e-14
167200 0.0276878 0.0276878 -0.0560967 1.256e-13 -5.75495e-14 5.02636e-14
167300 0.0277045 0.0277045 -0.05613 1.95709e-13 -3.90226e-14 5.19185e-14
167400 0.0277212 0.0277212 -0.0561633 1.62678e-13 -3.18773e-14 5.61374e-14
167500 0.0277378 0.0277378 -0.0561967 1.72045e-13 -5.56881e-14 6.55708e-14
167600 0.0277545 0.0277545 -0.05623 1.76587e-13 -4.72296e-14 4.63917e-14
167700 0.0277712 0.0277712 -0.0562633 1.55844e-13 -3.45279e-14 4.65166e-14
167800 0.0277878 0.0277878 -0.0562967 1.07242e-13 -3.79245e-14 3.85195e-14
167900 0.0278045 0.0278045 -0.05633 1.57555e-13 -3.2821e-14 5.17347e-14
168000 0.0278212 0.0278212 -0.0563633 1.51349e-13 -3.63772e-14 5.57939e-14
168100 0.0278378 0.0278378 -0.0563967 1.6653e-13 -4.24209e-14 4.67525e-14
168200 0.0278545 0.0278545 -0.05643 1.47291e-13 -1.25872e-14 2.47979e-14
168300 0.0278712 0.0278712 -0.0564633 1.40049e-13 -3.92603e-14 3.08486e-14
168400 0.0278878 0.0278878 -0.0564967 1.299e-13 -3.32911e-14 4.03757e-14
168500 0.0279045 0.0279045 -0.05653 1.54107e-13 -2.65482e-14 4.25233e-14
168600 0.0279212 0.0279212 -0.0565633 1.34581e-13 -4.31755e-14 5.28588e-14
168700 0.0279378 0.0279378 -0.0565967 1.40171e-13 -4.09447e-14 5.15091e-14
168800 0.0279545 0.0279545 -0.05663 1.72656e-13 -4.14235e-14 6.51059e-14
168900 0.0279712 0.0279712 -0.0566633 1.82886e-12 2.95469e-13 4.16079e-13
169000 0.0279878 0.0279878 -0.0566967 2.40757e-13 -2.83679e-14 5.62727e-14
169100 0.0280045 0.0280045 -0.05673 1.89647e-13 -9.8116e-15 2.84339e-14
169200 0.0280212 0.0280212 -0.0567633 1.99465e-13 -1.46393e-14 4.63813e-14
169300 0.0280378 0.0280378 -0.0567967 1.88859e-13 -2.26399e-14 3.66773e-14
169400 0.0280545 0.0280545 -0.05683 1.91254e-13 -1.21136e-14 4.60344e-14
169500 0.0280712 0.0280712 -0.0568633 1.65327e-13 -2.83332e-14 3.00818e-14
169600 0.0280878 0.0280878 -0.0568967 2.13709e-13 -4.44367e-14 7.38107e-14
169700 0.0281045 0.0281045 -0.05693 3.57869e-12 5.50402e-13 5.66895e-13
169800 0.0281212 0.0281212 -0.0569633 3.10699e-13 -3.14505e-15 5.38337e-14
169900 0.0281378 0.0281378 -0.0569967 3.43495e-13 -1.39975e-14 7.97782e-14
170000 0.0281545 0.0281545 -0.05703 3.30486e-13 -6.09235e-15 6.60427e-14
170100 0.0281712 0.0281712 -0.0570633 3.21901e-13 3.73659e-15 4.97952e-14
170200 0.0281878 0.0281878 -0.0570967 3.03444e-13 7.56166e-15 4.74291e-14
170300 0.0282045 0.0282045 -0.05713 3.6185e-13 -4.35242e-15 7.04419e-14
170400 0.0282212 0.0282212 -0.0571633 3.14277e-13 1.67852e-14 3.33501e-14
170500 0.0282378 0.0282378 -0.0571967 2.43724e-13 -2.89352e-14 5.89754e-14
170600 0.0282545 0.0282545 -0.05723 2.61568e-13 8.71178e-15 2.3417e-14
170700 0.0282712 0.0282712 -0.0572633 2.78222e-13 7.45758e-15 2.09398e-14
170800 0.0282878 0.0282878 -0.0572967 2.58211e-13 -2.44926e-14 2.89543e-14
170900 0.0283045 0.0283045 -0.05733 2.88449e-13 -1.04378e-14 4.3179e-14
171000 0.0283212 0.0283212 -0.0573633 2.47455e-13 -4.42823e-14 4.75852e-14
171100 0.0283378 0.0283378 -0.0573967 1.21458e-12 -3.21923e-13 1.81596e-12
171200 0.0283545 0.0283545 -0.05743 2.73204e-13 -1.70957e-14 8.15511e-14
171300 0.0283712 0.0283712 -0.0574633 1.63022e-12 7.48679e-13 3.92407e-13
171400 0.0283878 0.0283878 -0.0574967 3.5612e-13 -2.66107e-15 1.19979e-13
171500 0.0284045 0.0284045 -0.05753 3.28931e-13 -1.40339e-15 9.88046e-14
171600 0.0284212 0.0284212 -0.0575633 3.59432e-13 -1.61069e-14 1.07048e-13
171700 0.0284378 0.0284378 -0.0575967 3.21542e-13 3.29944e-15 8.45522e-14
171800 0.0284545 0.0284545 -0.05763 2.19742e-12 -3.38033e-13 1.39139e-12
171900 0.0284712 0.0284712 -0.0576633 4.28199e-13 -2.49661e-14 1.29443e-13
172000 0.0284879 0.0284879 -0.0576967 4.2759e-13 -1.44051e-14 1.27847e-13
172100 0.0285045 0.0285045 -0.05773 3.28482e-13 4.62477e-15 8.781e-14
172200 0.0285212 0.0285212 -0.0577633 3.78546e-13 -1.6688e-14 1.27029e-13
172300 0.0285379 0.0285379 -0.0577967 4.05443e-13 -2.66367e-14 1.30144e-13
172400 0.0285545 0.0285545 -0.05783 4.04519e-13 -3.7987e-14 1.33228e-13
172500 0.0285712 0.0285712 -0.0578633 3.8554e-13 -2.97852e-14 1.27466e-13
172600 0.0285879 0.0285879 -0.0578967 3.91529e-13 -3.66616e-14 1.35758e-13
172700 0.0286045 0.0286045 -0.05793 3.54444e-13 1.59074e-15 8.13499e-14
172800 0.0286212 0.0286212 -0.0579633 3.89388e-13 -2.02026e-14 1.1297e-13
172900 0.0286379 0.0286379 -0.0579967 3.77625e-13 -3.09891e-14 1.11874e-13
173000 0.0286545 0.0286545 -0.05803 3.34325e-13 -5.27408e-14 1.29554e-13
173100 0.0286712 0.0286712 -0.0580633 3.61493e-13 -6.12531e-15 8.2925e-14
173200 0.0286879 0.0286879 -0.0580967 3.80944e-13 -4.11199e-14 1.44157e-13
173300 0.0287045 0.0287045 -0.05813 2.33962e-12 -5.88585e-13 1.53991e-12
173400 0.0287212 0.0287212 -0.0581633 2.04616e-12 1.94116e-13 7.73456e-13
173500 0.0287379 0.0287379 -0.0581967 5.2348e-13 -2.84512e-14 1.66233e-13
173600 0.0287545 0.0287545 -0.05823 4.24231e-13 -4.62165e-14 1.48699e-13
173700 0.0287712 0.0287712 -0.0582633 4.9344e-13 -4.55226e-14 1.78061e-13
173800 0.0287879 0.0287879 -0.0582967 4.71434e-13 -3.66113e-14 1.43925e-13
173900 0.0288045 0.0288045 -0.05833 4.3488e-13 -3.55393e-14 1.59818e-13
174000 0.0288212 0.0288212 -0.0583633 4.30107e-13 -1.0816e-14 1.04789e-13
174100 0.0288379 0.0288379 -0.0583967 2.13809e-12 2.20072e-13 8.40569e-13
174200 0.0288545 0.0288545 -0.05843 4.91386e-13 -4.14131e-14 1.6403e-13
174300 0.0288712 0.0288712 -0.0584633 5.44616e-13 -5.15681e-14 1.98353e-13
174400 0.0288879 0.0288879 -0.0584967 4.93891e-13 -2.31221e-14 1.66442e-13
174500 0.0289045 0.0289045 -0.05853 5.18429e-13 -2.5346e-14 1.42509e-13
174600 0.0289212 0.0289212 -0.0585633 4.77441e-13 -2.9159e-14 1.54635e-13
174700 0.0289379 0.0289379 -0.0585967 4.57722e-13 3.59088e-16 1.15069e-13
174800 0.0289545 0.0289545 -0.05863 4.70874e-13 -5.50757e-14 1.63055e-13
174900 0.0289712 0.0289712 -0.0586633 4.53311e-13 -5.42622e-14 1.54017e-13
175000 0.0289879 0.0289879 -0.0586967 4.38622e-13 -3.84501e-14 1.23264e-13
175100 0.0290045 0.0290045 -0.05873 1.73062e-12 3.53042e-13 5.51488e-13
175200 0.0290212 0.0290212 -0.0587633 4.93132e-13 -4.75644e-14 1.63704e-13
175300 0.0290379 0.0290379 -0.0587967 4.99896e-13 -2.92492e-14 1.6836e-13
175400 0.0290545 0.0290545 -0.05883 4.88352e-13 -2.95822e-14 1.51724e-13
175500 0.0290712 0.0290712 -0.0588633 5.17854e-13 -3.38844e-14 1.54569e-13
175600 0.0290879 0.0290879 -0.0588967 2.73585e-12 -1.63796e-13 1.21513e-12
175700 0.0291045 0.0291045 -0.05893 5.90572e-13 -3.06994e-14 1.67736e-13
175800 0.0291212 0.0291212 -0.0589633 5.49716e-13 -2.73184e-14 1.39022e-13
175900 0.0291379 0.0291379 -0.0589967 5.21133e-13 -3.77771e-14 1.51329e-13
176000 0.0291545 0.0291545 -0.05903 5.29164e-13 -4.52745e-14 1.60582e-13
176100 0.0291712 0.0291712 -0.0590633 5.49068e-13 -4.46292e-14 1.67201e-13
176200 0.0291879 0.0291879 -0.0590967 5.15447e-13 -6.15081e-14 1.84333e-13
176300 0.0292045 0.0292045 -0.05913 5.51223e-13 -5.4335e-14 1.66119e-13
176400 0.0292212 0.0292212 -0.0591633 4.85837e-13 -2.23224e-14 1.3437e-13
176500 0.0292379 0.0292379 -0.0591967 4.68964e-13 -1.385e-14 1.05126e-13
176600 0.0292545 0.0292545 -0.05923 5.07788e-13 -3.0578e-14 1.29263e-13
176700 0.0292712 0.0292712 -0.0592633 9.32434e-13 -6.85407e-14 1.08857e-12
176800 0.0292879 0.0292879 -0.0592967 4.86877e-13 -2.40936e-14 1.61817e-13
176900 0.0293045 0.0293045 -0.05933 4.31827e-13 -2.37328e-14 1.44449e-13
177000 0.0293212 0.0293212 -0.0593633 4.77039e-13 -4.55556e-14 1.66761e-13
177100 0.0293379 0.0293379 -0.0593967 5.0848e-13 -3.76157e-14 1.87286e-13
177200 0.0293545 0.0293545 -0.05943 4.5129e-13 -3.49894e-14 1.49892e-13
177300 0.0293712 0.0293712 -0.0594633 4.87155e-13 -4.23619e-14 1.80264e-13
177400 0.0293879 0.0293879 -0.0594967 1.19446e-12 -4.03413e-13 1.64065e-12
177500 0.0294045 0.0294045 -0.05953 8.09909e-13 6.74568e-13 -5.58146e-13
177600 0.0294212 0.0294212 -0.0595633 8.56425e-13 -1.58909e-13 7.22067e-13
177700 0.0294379 0.0294379 -0.0595967 5.2553e-13 -3.44239e-14 1.64176e-13
177800 0.0294545 0.0294545 -0.05963 4.91734e-13 -4.92176e-14 1.8111e-13
177900 0.0294712 0.0294712 -0.0596633 5.00685e-13 -4.21347e-14 1.75247e-13
178000 0.0294879 0.0294879 -0.0596967 4.48645e-13 -1.85373e-14 1.7277e-13
178100 0.0295045 0.0295045 -0.05973 4.58337e-13 -2.10873e-14 1.43918e-13
178200 0.0295212 0.0295212 -0.0597633 1.1628e-12 3.49427e-13 9.16161e-13
178300 0.0295379 0.0295379 -0.0597967 4.9945e-13 -3.04218e-14 1.91231e-13
178400 0.0295545 0.0295545 -0.05983 4.82458e-13 -2.87981e-14 1.6624e-13
178500 0.0295712 0.0295712 -0.0598633 4.42832e-13 -2.71762e-14 1.60252e-13
178600 0.0295879 0.0295879 -0.0598967 4.75064e-13 -3.68178e-14 1.77773e-13
178700 0.0296045 0.0296045 -0.05993 4.86257e-13 -1.10745e-14 1.50607e-13
178800 0.0296212 0.0296212 -0.0599633 4.27734e-13 -2.3391e-14 1.63978e-13
178900 0.0296379 0.0296379 -0.0599967 4.54491e-13 -4.58193e-14 1.80122e-13
179000 0.0296545 0.0296545 -0.06003 3.95805e-13 -2.92405e-14 1.49296e-13
179100 0.0296712 0.0296712 -0.0600633 4.29526e-13 -3.59244e-14 1.6325e-13
179200 0.0296879 0.0296879 -0.0600967 4.28439e-13 -4.911e-15 1.34696e-13
179300 0.0297045 0.0297045 -0.06013 4.02089e-13 -4.30558e-14 1.46742e-13
179400 0.0297212 0.0297212 -0.0601633 3.76432e-13 -1.43583e-14 1.30148e-13
179500 0.0297379 0.0297379 -0.0601967 4.05948e-13 -4.11008e-14 1.56987e-13
179600 0.0297545 0.0297545 -0.06023 3.89922e-13 -3.22745e-14 1.34401e-13
179700 0.0297712 0.0297712 -0.0602633 3.74985e-13 -1.96249e-14 1.07579e-13
179800 0.0297879 0.0297879 -0.0602967 3.77335e-13 -4.01294e-14 1.34797e-13
179900 0.0298046 0.0298046 -0.06033 1.49439e-12 -3.23899e-13 8.41516e-13
180000 0.0298212 0.0298212 -0.0603633 3.71778e-13 -6.35447e-14 1.77509e-13
180100 0.0298379 0.0298379 -0.0603967 4.34873e-13 -5.42049e-14 1.55603e-13
180200 0.0298546 0.0298546 -0.06043 1.81898e-12 -7.50146e-13 8.87955e-13
180300 0.0298712 0.0298712 -0.0604633 4.71147e-13 -7.27179e-14 1.80559e-13
180400 0.0298879 0.0298879 -0.0604967 4.77921e-13 -5.66543e-14 1.78435e-13
180500 0.0299046 0.0299046 -0.06053 4.54964e-13 -8.36657e-14 1.86321e-13
180600 0.0299212 0.0299212 -0.0605633 4.33835e-13 -6.72622e-14 1.59645e-13
180700 0.0299379 0.0299379 -0.0605967 5.00886e-13 -3.80061e-14 1.4602e-13
180800 0.0299546 0.0299546 -0.06063 3.94363e-13 -5.79588e-14 1.42818e-13
180900 0.0299712 0.0299712 -0.0606633 4.34627e-13 -7.35991e-14 1.7115e-13
181000 0.0299879 0.0299879 -0.0606967 6.97766e-14 -4.70162e-13 1.80011e-12
181100 0.0300046 0.0300046 -0.06073 4.08913e-13 -8.76677e-14 2.13383e-13
181200 0.0300212 0.0300212 -0.0607633 3.99115e-13 -8.17436e-14 2.09282e-13
181300 0.0300379 0.0300379 -0.0607967 3.87297e-13 -7.81319e-14 1.93364e-13
181400 0.0300546 0.0300546 -0.06083 3.14351e-13 -6.02175e-14 1.5086e-13
181500 0.0300712 0.0300712 -0.0608633 3.8219e-13 -5.79866e-14 1.95443e-13
181600 0.0300879 0.0300879 -0.0608967 3.25401e-13 -8.00627e-14 1.93982e-13
181700 0.0301046 0.0301046 -0.06093 3.22972e-13 -4.96183e-14 1.55939e-13
181800 0.0301212 0.0301212 -0.0609633 2.99313e-13 -7.24525e-14 1.60495e-13
181900 0.0301379 0.0301379 -0.0609967 3.56628e-13 -4.22978e-14 1.68405e-13
182000 0.0301546 0.0301546 -0.06103 3.20051e-13 -8.49043e-14 1.9088e-13
182100 0.0301712 0.0301712 -0.0610633 3.22455e-13 -8.78499e-14 1.73429e-13
182200 0.0301879 0.0301879 -0.0610967 3.28714e-13 -6.81261e-14 1.44622e-13
182300 0.0302046 0.0302046 -0.06113 3.76452e-13 -4.82149e-14 1.64263e-13
182400 0.0302212 0.0302212 -0.0611633 3.34314e-13 -6.97168e-14 1.53164e-13
182500 0.0302379 0.0302379 -0.0611967 3.55509e-13 -7.86333e-14 1.67861e-13
182600 0.0302546 0.0302546 -0.06123 3.0654e-13 -3.72011e-14 1.17099e-13
182700 0.0302712 0.0302712 -0.0612633 3.33135e-13 -6.61207e-14 1.4855e-13
182800 0.0302879 0.0302879 -0.0612967 2.9062e-13 -5.21787e-14 1.32108e-13
182900 0.0303046 0.0303046 -0.06133 3.31765e-13 -6.31613e-14 1.39921e-13
183000 0.0303212 0.0303212 -0.0613633 2.90203e-13 -5.54504e-14 1.14618e-13
183100 0.0303379 0.0303379 -0.0613967 3.14747e-13 -7.60329e-14 1.50531e-13
183200 0.0303546 0.0303546 -0.06143 3.16927e-13 -5.70446e-14 1.17203e-13
183300 0.0303712 0.0303712 -0.0614633 2.99672e-13 -5.24476e-14 1.07974e-13
183400 0.0303879 0.0303879 -0.0614967 2.83338e-13 -6.83065e-14 1.45937e-13
183500 0.0304046 0.0304046 -0.06153 2.93317e-13 -5.59015e-14 1.09369e-13
183600 0.0304212 0.0304212 -0.0615633 3.21384e-13 -5.83075e-14 1.12547e-13
183700 0.0304379 0.0304379 -0.0615967 3.04202e-13 -7.45012e-14 1.49139e-13
183800 0.0304546 0.0304546 -0.06163 2.52885e-13 -5.71852e-14 1.05924e-13
183900 0.0304712 0.0304712 -0.0616633 2.7343e-13 -4.38868e-14 1.04845e-13
184000 0.0304879 0.0304879 -0.0616967 2.69331e-13 -4.65704e-14 1.04987e-13
184100 0.0305046 0.0305046 -0.06173 2.49071e-13 -4.55296e-14 8.97876e-14
184200 0.0305212 0.0305212 -0.0617633 2.58795e-13 -6.35013e-14 1.13567e-13
184300 0.0305379 0.0305379 -0.0617967 2.81895e-13 -6.27519e-14 1.36237e-13
184400 0.0305546 0.0305546 -0.06183 1.74442e-12 -1.22253e-12 2.45724e-12
184500 0.0305712 0.0305712 -0.0618633 2.97506e-13 -9.97015e-14 1.90977e-13
184600 0.0305879 0.0305879 -0.0618967 3.19492e-13 -8.37039e-14 1.73866e-13
184700 0.0306046 0.0306046 -0.06193 2.74693e-13 -8.96991e-14 1.68811e-13
184800 0.0306212 0.0306212 -0.0619633 3.08272e-13 -1.17101e-13 1.99242e-13
184900 0.0306379 0.0306379 -0.0619967 3.27739e-13 -9.09828e-14 1.65838e-13
185000 0.0306546 0.0306546 -0.06203 2.74115e-13 -8.63407e-14 1.59974e-13
185100 0.0306712 0.0306712 -0.0620633 3.01465e-13 -9.1786e-14 1.65321e-13
185200 0.0306879 0.0306879 -0.0620967 3.12043e-13 -9.8593e-14 1.65845e-13
185300 0.0307046 0.0307046 -0.06213 1.18489e-12 2.59454e-13 5.48983e-13
185400 0.0307212 0.0307212 -0.0621633 3.3657e-13 -8.65783e-14 1.75743e-13
185500 0.0307379 0.0307379 -0.0621967 3.24516e-13 -6.78763e-14 1.5926e-13
185600 0.0307546 0.0307546 -0.06223 3.15727e-13 -6.81538e-14 1.49157e-13
185700 0.0307712 0.0307712 -0.0622633 3.12805e-13 -7.65551e-14 1.54982e-13
185800 0.0307879 0.0307879 -0.0622967 -2.6288e-14 6.14666e-13 -3.51384e-13
185900 0.0308046 0.0308046 -0.06233 3.17757e-13 -6.28681e-14 1.56835e-13
186000 0.0308212 0.0308212 -0.0623633 6.16057e-13 -3.30931e-13 1.49778e-12
186100 0.0308379 0.0308379 -0.0623967 3.26558e-13 -7.23588e-14 1.86915e-13
186200 0.0308546 0.0308546 -0.06243 2.82273e-13 -5.60663e-14 1.57657e-13
186300 0.0308712 0.0308712 -0.0624633 2.68233e-13 -6.07899e-14 1.45993e-13
186400 0.0308879 0.0308879 -0.0624967 3.15041e-13 -6.3562e-14 1.6216e-13
186500 0.0309046 0.0309046 -0.06253 2.59353e-13 -5.62744e-14 1.63008e-13
186600 0.0309212 0.0309212 -0.0625633 2.65432e-13 -5.03486e-14 1.47882e-13
186700 0.0309379 0.0309379 -0.0625967 2.89773e-13 -6.76716e-14 1.58151e-13
186800 0.0309546 0.0309546 -0.06263 1.74676e-12 -7.82631e-13 2.03867e-12
186900 0.0309712 0.0309712 -0.0626633 2.71459e-12 -9.26963e-13 2.08058e-12
187000 0.0309879 0.0309879 -0.0626967 4.34143e-13 -1.42358e-13 2.98046e-13
187100 0.0310046 0.0310046 -0.06273 4.35604e-13 -1.31607e-13 2.45061e-13
187200 0.0310212 0.0310212 -0.0627633 1.58465e-12 1.03379e-12 4.68577e-13
187300 0.0310379 0.0310379 -0.0627967 4.54351e-13 -7.96689e-14 2.51084e-13
187400 0.0310546 0.0310546 -0.06283 4.23264e-13 -7.54743e-14 2.45651e-13
187500 0.0310712 0.0310712 -0.0628633 4.54673e-13 -7.14498e-14 2.40398e-13
187600 0.0310879 0.0310879 -0.0628967 4.0731e-13 -5.73465e-14 2.15265e-13
187700 0.0311046 0.0311046 -0.06293 4.02709e-13 -6.47433e-14 2.19887e-13
187800 0.0311213 0.0311213 -0.0629633 1.1359e-12 2.11591e-13 5.67803e-13
187900 0.0311379 0.0311379 -0.0629967 1.47865e-12 -1.52552e-13 1.47985e-12
188000 0.0311546 0.0311546 -0.06303 4.53541e-13 -5.6774e-14 2.4708e-13
188100 0.0311713 0.0311713 -0.0630633 4.65941e-13 -6.01984e-14 2.39302e-13
188200 0.0311879 0.0311879 -0.0630967 4.93301e-13 -7.69593e-14 2.63727e-13
188300 0.0312046 0.0312046 -0.06313 9.18053e-13 2.57534e-13 9.70078e-13
188400 0.0312213 0.0312213 -0.0631633 1.26181e-12 -6.98937e-13 2.0035e-12
188500 0.0312379 0.0312379 -0.0631967 4.84686e-13 -8.16257e-14 3.10085e-13
188600 0.0312546 0.0312546 -0.06323 4.80469e-13 -8.32528e-14 2.97519e-13
188700 0.0312713 0.0312713 -0.0632633 4.72302e-13 -7.77607e-14 2.98254e-13
188800 0.0312879 0.0312879 -0.0632967 1.13546e-12 -3.75887e-13 1.35179e-12
188900 0.0313046 0.0313046 -0.06333 5.16423e-13 -9.53473e-14 3.25538e-13
189000 0.0313213 0.0313213 -0.0633633 4.79354e-13 -9.21312e-14 2.97033e-13
189100 0.0313379 0.0313379 -0.0633967 4.64962e-13 -8.47794e-14 2.98955e-13
189200 0.0313546 0.0313546 -0.06343 4.9247e-13 -1.00493e-13 3.02584e-13
189300 0.0313713 0.0313713 -0.0634633 4.56606e-13 -7.08149e-14 2.55442e-13
189400 0.0313879 0.0313879 -0.0634967 4.56963e-13 -8.68056e-14 2.76758e-13
189500 0.0314046 0.0314046 -0.06353 4.50944e-13 -7.21714e-14 2.64185e-13
189600 0.0314213 0.0314213 -0.0635633 4.57088e-13 -9.04554e-14 2.81684e-13
189700 0.0314379 0.0314379 -0.0635967 2.60459e-12 -7.22158e-13 2.04619e-12
189800 0.0314546 0.0314546 -0.06363 4.91242e-13 -1.09433e-13 3.23908e-13
189900 0.0314713 0.0314713 -0.0636633 5.73162e-13 -1.12087e-13 3.49276e-13
190000 0.0314879 0.0314879 -0.0636967 4.80988e-13 -1.03254e-13 3.01335e-13
190100 0.0315046 0.0315046 -0.06373 4.97526e-13 -7.33719e-14 2.71436e-13
190200 0.0315213 0.0315213 -0.0637633 1.80415e-12 5.8302e-13 2.08798e-13
190300 0.0315379 0.0315379 -0.0637967 5.53853e-13 -8.6417e-14 2.94903e-13
190400 0.0315546 0.0315546 -0.06383 5.13958e-13 -5.98722e-14 2.5744e-13
190500 0.0315713 0.0315713 -0.0638633 5.96146e-13 -8.76313e-14 2.83336e-13
190600 0.0315879 0.0315879 -0.0638967 5.28366e-13 -8.58792e-14 2.69236e-13
190700 0.0316046 0.0316046 -0.06393 5.05307e-13 -7.41525e-14 2.68653e-13
190800 0.0316213 0.0316213 -0.0639633 5.20834e-13 -8.318e-14 2.51611e-13
190900 0.0316379 0.0316379 -0.0639967 4.77928e-13 -8.2833e-14 2.48551e-13
191000 0.0316546 0.0316546 -0.06403 4.87966e-13 -6.9833e-14 2.29469e-13
191100 0.0316713 0.0316713 -0.0640633 2.13193e-12 -4.0622e-13 1.5619e-12
191200 0.0316879 0.0316879 -0.0640967 1.10158e-12 1.62606e-13 1.34215e-12
191300 0.0317046 0.0317046 -0.06413 5.84729e-13 -8.9085e-14 3.15949e-13
191400 0.0317213 0.0317213 -0.0641633 1.21091e-12 -9.43089e-13 2.07821e-12
191500 0.0317379 0.0317379 -0.0641967 5.45006e-13 -9.81264e-14 3.3018e-13
191600 0.0317546 0.0317546 -0.06423 1.626e-12 4.40516e-14 1.78357e-13
191700 0.0317713 0.0317713 -0.0642633 2.21688e-12 -1.36519e-13 1.11777e-12
191800 0.0317879 0.0317879 -0.0642967 6.32689e-13 -9.03028e-14 3.32095e-13
191900 0.0318046 0.0318046 -0.06433 6.64268e-13 -9.78904e-14 3.36904e-13
192000 0.0318213 0.0318213 -0.0643633 6.31022e-13 -1.16292e-13 3.36529e-13
192100 0.0318379 0.0318379 -0.0643967 6.40299e-13 -1.03858e-13 3.181e-13
192200 0.0318546 0.0318546 -0.06443 5.7667e-13 -1.05426e-13 3.1377e-13
192300 0.0318713 0.0318713 -0.0644633 1.18988e-12 -5.14012e-13 1.59819e-12
192400 0.0318879 0.0318879 -0.0644967 5.83605e-13 -1.31763e-13 3.33622e-13
192500 0.0319046 0.0319046 -0.06453 1.5487e-12 2.2899e-13 9.32601e-13
192600 0.0319213 0.0319213 -0.0645633 6.18235e-13 -1.02342e-13 3.30687e-13
192700 0.0319379 0.0319379 -0.0645967 6.13793e-13 -9.5892e-14 3.19689e-13
192800 0.0319546 0.0319546 -0.06463 5.85624e-13 -1.17979e-13 3.37827e-13
192900 0.0319713 0.0319713 -0.0646633 6.14273e-13 -1.02876e-13 3.23491e-13
193000 0.0319879 0.0319879 -0.0646967 5.675e-13 -9.97709e-14 3.04576e-13
193100 0.0320046 0.0320046 -0.06473 5.88197e-13 -1.01991e-13 3.21555e-13
193200 0.0320213 0.0320213 -0.0647633 5.66811e-13 -1.2032e-13 3.29549e-13
193300 0.0320379 0.0320379 -0.0647967 5.32334e-13 -8.59347e-14 2.74274e-13
193400 0.0320546 0.0320546 -0.06483 5.49802e-13 -8.69513e-14 2.67973e-13
193500 0.0320713 0.0320713 -0.0648633 5.48168e-13 -8.17159e-14 2.73871e-13
193600 0.0320879 0.0320879 -0.0648967 5.4516e-13 -9.17669e-14 2.65614e-13
193700 0.0321046 0.0321046 -0.06493 5.15521e-13 -7.97244e-14 2.41439e-13
193800 0.0321213 0.0321213 -0.0649633 4.75471e-13 -9.21659e-14 2.37428e-13
193900 0.0321379 0.0321379 -0.0649967 4.93105e-13 -9.43967e-14 2.42861e-13
194000 0.0321546 0.0321546 -0.06503 5.06363e-13 -1.0543e-13 2.26763e-13
194100 0.0321713 0.0321713 -0.0650633 4.58735e-13 -6.52672e-14 2.02768e-13
194200 0.0321879 0.0321879 -0.0650967 4.76316e-13 -8.28435e-14 2.23731e-13
194300 0.0322046 0.0322046 -0.06513 4.84507e-13 -1.02987e-13 2.30232e-13
194400 0.0322213 0.0322213 -0.0651633 4.60308e-13 -6.47433e-14 1.99986e-13
194500 0.0322379 0.0322379 -0.0651967 4.91724e-13 -7.89542e-14 1.89501e-13
194600 0.0322546 0.0322546 -0.06523 4.48422e-13 -7.8073e-14 1.94504e-13
194700 0.0322713 0.0322713 -0.0652633 4.26717e-13 -7.05928e-14 1.8998e-13
194800 0.0322879 0.0322879 -0.0652967 3.99116e-13 -5.18648e-14 1.55535e-13
194900 0.0323046 0.0323046 -0.06533 4.65389e-13 -5.86545e-14 1.82722e-13
195000 0.0323213 0.0323213 -0.0653633 4.11026e-13 -7.07941e-14 1.76616e-13
195100 0.0323379 0.0323379 -0.0653967 4.08585e-13 -7.37188e-14 1.79655e-13
195200 0.0323546 0.0323546 -0.06543 4.08204e-13 -6.86846e-14 1.77074e-13
195300 0.0323713 0.0323713 -0.0654633 3.71766e-13 -6.00318e-14 1.46917e-13
195400 0.0323879 0.0323879 -0.0654967 3.8078e-13 -7.0683e-14 1.61766e-13
195500 0.0324046 0.0324046 -0.06553 3.69051e-13 -8.04634e-14 1.74596e-13
195600 0.0324213 0.0324213 -0.0655633 3.73938e-13 -5.26384e-14 1.37099e-13
195700 0.0324379 0.0324379 -0.0655967 3.83314e-13 -7.02355e-14 1.45689e-13
195800 0.0324546 0.0324546 -0.06563 3.76901e-13 -6.06876e-14 1.55584e-13
195900 0.0324713 0.0324713 -0.0656633 4.25256e-13 -5.32803e-14 1.44572e-13
196000 0.0324879 0.0324879 -0.0656967 3.88357e-13 -6.26929e-14 1.5881e-13
196100 0.0325046 0.0325046 -0.06573 3.73922e-13 -5.06956e-14 1.35413e-13
196200 0.0325213 0.0325213 -0.0657633 3.38206e-13 -4.45789e-14 1.12445e-13
196300 0.032538 0.032538 -0.0657967 3.44161e-13 -6.02539e-14 1.25837e-13
196400 0.0325546 0.0325546 -0.06583 3.44996e-13 -5.95704e-14 1.29757e-13
196500 0.0325713 0.0325713 -0.0658633 3.14317e-13 -7.13804e-14 1.36655e-13
196600 0.032588 0.032588 -0.0658967 2.8295e-13 -4.71741e-14 1.06436e-13
196700 0.0326046 0.0326046 -0.06593 3.03057e-13 -4.52346e-14 1.09933e-13
196800 0.0326213 0.0326213 -0.0659633 3.11755e-13 -5.93865e-14 1.2166e-13
196900 0.032638 0.032638 -0.0659967 2.6855e-13 -4.52693e-14 9.26481e-14
197000 0.0326546 0.0326546 -0.06603 2.77014e-13 -5.47062e-14 1.01003e-13
197100 0.0326713 0.0326713 -0.0660633 2.75066e-13 -4.43118e-14 8.82558e-14
197200 0.032688 0.032688 -0.0660967 2.51749e-13 -6.75016e-14 1.0552e-13
197300 0.0327046 0.0327046 -0.06613 2.65906e-13 -4.75765e-14 8.59521e-14
197400 0.0327213 0.0327213 -0.0661633 2.443e-13 -2.66072e-14 6.08472e-14
197500 0.032738 0.032738 -0.0661967 2.78127e-13 -6.98573e-14 1.12389e-13
197600 0.0327546 0.0327546 -0.06623 -1.16786e-13 -3.17409e-13 4.40044e-13
197700 0.0327713 0.0327713 -0.0662633 2.66333e-13 -5.50983e-14 1.04465e-13
197800 0.032788 0.032788 -0.0662967 2.29335e-13 -6.61103e-14 1.06588e-13
197900 0.0328046 0.0328046 -0.06633 2.20495e-13 -4.36665e-14 7.22478e-14
198000 0.0328213 0.0328213 -0.0663633 2.51413e-13 -6.57599e-14 1.22492e-13
198100 0.032838 0.032838 -0.0663967 2.12217e-13 -3.85698e-14 9.04901e-14
198200 0.0328546 0.0328546 -0.06643 2.11705e-13 -4.92315e-14 8.33014e-14
198300 0.0328713 0.0328713 -0.0664633 2.19221e-13 -4.85584e-14 6.91669e-14
198400 0.032888 0.032888 -0.0664967 2.22361e-13 -3.50969e-14 6.88755e-14
198500 0.0329046 0.0329046 -0.06653 2.09828e-13 -3.16761e-14 5.75234e-14
198600 0.0329213 0.0329213 -0.0665633 1.95506e-13 -5.76553e-14 9.448e-14
198700 0.032938 0.032938 -0.0665967 1.70788e-13 -3.38791e-14 5.83977e-14
198800 0.0329546 0.0329546 -0.06663 2.15551e-13 -3.38132e-14 6.70089e-14
198900 0.0329713 0.0329713 -0.0666633 2.05886e-13 -3.29042e-14 8.89774e-14
199000 0.032988 0.032988 -0.0666967 1.87328e-13 -4.25944e-14 6.55795e-14
199100 0.0330046 0.0330046 -0.06673 1.79056e-13 -3.39485e-14 5.37279e-14
199200 0.0330213 0.0330213 -0.0667633 1.96479e-13 -3.12562e-14 7.2338e-14
199300 0.033038 0.033038 -0.0667967 1.59869e-13 -3.30846e-14 6.37476e-14
199400 0.0330546 0.0330546 -0.06683 1.8568e-13 -3.45973e-14 5.93137e-14
199500 0.0330713 0.0330713 -0.0668633 4.74245e-13 -1.02071e-14 1.78518e-12
199600 0.033088 0.033088 -0.0668967 1.64212e-13 -3.13187e-14 1.1293e-13
199700 0.0331046 0.0331046 -0.06693 1.98209e-13 -3.31506e-14 8.06646e-14
199800 0.0331213 0.0331213 -0.0669633 1.5911e-13 -3.7928e-14 9.84005e-14
199900 0.033138 0.033138 -0.0669967 1.97513e-13 -1.84366e-14 1.03556e-13
200000 0.0331546 0.0331546 -0.06703 1.05351e-13 -1.43566e-14 8.4599e-14
200100 0.0331713 0.0331713 -0.0670633 1.41941e-13 -2.67772e-14 9.15379e-14
200200 0.033188 0.033188 -0.0670967 1.40371e-13 -4.59077e-14 1.05249e-13
200300 0.0332046 0.0332046 -0.06713 1.52471e-13 -3.17732e-14 9.71723e-14
200400 0.0332213 0.0332213 -0.0671633 1.29423e-13 -3.36259e-14 6.96387e-14
200500 0.033238 0.033238 -0.0671967 1.00792e-13 -1.66776e-14 8.24618e-14
200600 0.0332546 0.0332546 -0.06723 1.30747e-13 -5.89459e-15 6.22072e-14
200700 0.0332713 0.0332713 -0.0672633 1.14219e-13 -1.22576e-14 7.00412e-14
200800 0.033288 0.033288 -0.0672967 8.72193e-14 -1.79717e-14 5.82034e-14
200900 0.0333046 0.0333046 -0.06733 1.29243e-13 -1.47105e-14 6.9264e-14
201000 0.0333213 0.0333213 -0.0673633 9.2328e-14 -7.2338e-15 4.85792e-14
201100 0.033338 0.033338 -0.0673967 7.87157e-14 -2.36616e-15 3.66859e-14
201200 0.0333546 0.0333546 -0.06743 9.74177e-14 -2.46643e-14 8.49529e-14
201300 0.0333713 0.0333713 -0.0674633 1.49831e-13 -2.86472e-14 9.15309e-14
201400 0.033388 0.033388 -0.0674967 6.8911e-14 -3.47639e-15 4.92453e-14
201500 0.0334046 0.0334046 -0.06753 1.23652e-13 -1.09565e-14 5.81132e-14
201600 0.0334213 0.0334213 -0.0675633 1.17296e-13 -2.50321e-14 6.41223e-14
201700 0.033438 0.033438 -0.0675967 1.20148e-13 -1.62786e-14 6.40807e-14
201800 0.0334546 0.0334546 -0.06763 9.12022e-14 -2.3672e-14 7.41004e-14
201900 0.0334713 0.0334713 -0.0676633 8.58835e-14 1.85615e-15 4.78298e-14
202000 0.033488 0.033488 -0.0676967 1.09963e-13 -8.99628e-15 5.21874e-14
202100 0.0335046 0.0335046 -0.06773 7.76991e-14 -6.21031e-15 5.09662e-14
202200 0.0335213 0.0335213 -0.0677633 6.47459e-14 -6.43235e-15 3.22797e-14
202300 0.033538 0.033538 -0.0677967 9.52927e-14 -6.87644e-15 5.20764e-14
202400 0.0335546 0.0335546 -0.06783 9.36915e-14 2.04697e-15 4.00929e-14
202500 0.0335713 0.0335713 -0.0678633 7.96472e-14 -5.50254e-15 5.25691e-14
202600 0.033588 0.033588 -0.0678967 7.35601e-14 9.60343e-15 2.37865e-14
202700 0.0336046 0.0336046 -0.06793 8.15138e-14 -2.51778e-14 6.49203e-14
202800 0.0336213 0.0336213 -0.0679633 9.6245e-14 -1.65597e-14 5.28605e-14
202900 0.033638 0.033638 -0.0679967 1.12402e-13 -1.03945e-14 5.55597e-14
203000 0.0336546 0.0336546 -0.06803 8.67266e-14 -2.81372e-14 5.35197e-14
203100 0.0336713 0.0336713 -0.0680633 8.76391e-14 -1.39749e-14 4.42771e-14
203200 0.033688 0.033688 -0.0680967 8.99393e-14 1.97758e-16 4.10019e-14
203300 0.0337046 0.0337046 -0.06813 9.48867e-14 -2.42341e-14 5.06886e-14
203400 0.0337213 0.0337213 -0.0681633 3.84388e-14 8.78811e-15 1.8735e-16
203500 0.033738 0.033738 -0.0681967 1.01989e-13 9.25302e-15 1.96163e-14
203600 0.0337546 0.0337546 -0.06823 1.94245e-14 -3.27863e-15 1.07622e-14
203700 0.0337713 0.0337713 -0.0682633 6.64408e-14 6.02643e-15 2.70617e-14
203800 0.033788 0.033788 -0.0682967 3.17758e-14 1.32845e-14 4.2466e-15
203900 0.0338046 0.0338046 -0.06833 8.46848e-14 -1.91513e-14 4.37358e-14
204000 0.0338213 0.0338213 -0.0683633 4.27462e-14 -5.39499e-15 2.05044e-14
204100 0.033838 0.033838 -0.0683967 2.79854e-14 1.42872e-14 2.85189e-15
204200 0.0338546 0.0338546 -0.06843 5.43463e-14 -1.25941e-14 2.28498e-14
204300 0.0338713 0.0338713 -0.0684633 1.47755e-14 9.4369e-15 3.10862e-15
204400 0.033888 0.033888 -0.0684967 -1.4379e-13 1.29934e-13 8.25978e-13
204500 0.0339046 0.0339046 -0.06853 2.74563e-14 -7.25114e-15 5.6323e-14
204600 0.0339213 0.0339213 -0.0685633 5.16921e-14 2.02963e-15 6.09998e-14
204700 0.033938 0.033938 -0.0685967 4.00504e-14 -1.58103e-14 5.50462e-14
204800 0.0339546 0.0339546 -0.06863 6.46054e-14 -8.61464e-15 6.1097e-14
204900 0.0339713 0.0339713 -0.0686633 8.37956e-15 -7.77503e-15 4.49987e-14
205000 0.033988 0.033988 -0.0686967 4.09837e-14 -2.80678e-15 5.17156e-14
205100 0.0340047 0.0340047 -0.06873 -1.65408e-15 2.04003e-15 5.52614e-14
205200 0.0340213 0.0340213 -0.0687633 -6.94846e-15 7.12624e-15 1.99216e-14
205300 0.034038 0.034038 -0.0687967 3.04001e-14 -2.2933e-15 4.1904e-14
205400 0.0340547 0.0340547 -0.06883 5.19176e-14 -2.64753e-14 7.18176e-14
205500 0.0340713 0.0340713 -0.0688633 2.72343e-14 5.58581e-15 3.79419e-14
205600 0.034088 0.034088 -0.0688967 2.19035e-14 -1.13728e-14 3.98362e-14
205700 0.0341047 0.0341047 -0.06893 7.48097e-15 3.01842e-15 3.50206e-14
205800 0.0341213 0.0341213 -0.0689633 2.22591e-14 2.74433e-15 1.97828e-14
205900 0.034138 0.034138 -0.0689967 5.85582e-14 1.65666e-14 2.86368e-14
206000 0.0341547 0.0341547 -0.06903 2.60408e-14 1.16573e-15 4.37081e-14
206100 0.0341713 0.0341713 -0.0690633 4.36378e-14 -2.67807e-14 6.58987e-14
206200 0.034188 0.034188 -0.0690967 2.70764e-14 -9.86364e-15 4.06966e-14
206300 0.0342047 0.0342047 -0.06913 2.04081e-14 1.69448e-14 1.57721e-14
206400 0.0342213 0.0342213 -0.0691633 -1.33669e-14 7.04298e-15 1.60774e-14
206500 0.034238 0.034238 -0.0691967 9.41866e-15 -2.32453e-16 2.60209e-14
206600 0.0342547 0.0342547 -0.06923 2.89013e-14 -1.02071e-14 3.05519e-14
206700 0.0342713 0.0342713 -0.0692633 3.33405e-14 -3.20924e-15 3.36606e-14
206800 0.034288 0.034288 -0.0692967 7.3474e-15 5.50254e-15 1.44537e-14
206900 0.0343047 0.0343047 -0.06933 9.88183e-15 -3.63945e-15 2.28845e-14
207000 0.0343213 0.0343213 -0.0693633 4.59328e-14 -1.13382e-14 3.85664e-14
207100 0.034338 0.034338 -0.0693967 2.90748e-14 6.14092e-15 -4.62824e-15
207200 0.0343547 0.0343547 -0.06943 4.87379e-14 -1.10641e-14 1.5439e-14
207300 0.0343713 0.0343713 -0.0694633 4.62729e-14 2.48065e-15 2.05461e-14
207400 0.034388 0.034388 -0.0694967 2.27708e-14 9.57567e-16 2.76862e-15
207500 0.0344047 0.0344047 -0.06953 6.7407e-14 1.77289e-15 2.3849e-14
207600 0.0344213 0.0344213 -0.0695633 1.96449e-14 -1.7833e-15 2.40433e-14
207700 0.034438 0.034438 -0.0695967 4.12775e-15 -2.57433e-15 1.43288e-14
207800 0.0344547 0.0344547 -0.06963 1.3268e-14 -1.24935e-14 1.47174e-14
207900 0.0344713 0.0344713 -0.0696633 7.86116e-14 -7.13665e-15 4.33195e-14
208000 0.034488 0.034488 -0.0696967 3.17886e-15 -1.23165e-15 1.75068e-14
208100 0.0345047 0.0345047 -0.06973 6.87792e-14 -1.58103e-14 3.12042e-14
208200 0.0345213 0.0345213 -0.0697633 2.1841e-14 -5.27356e-16 5.2458e-15
208300 0.034538 0.034538 -0.0697967 6.47841e-14 -1.83187e-14 4.77257e-14
208400 0.0345547 0.0345547 -0.06983 2.22591e-14 -2.56739e-16 -1.55015e-14
208500 0.0345713 0.0345713 -0.0698633 3.94276e-14 -1.16296e-14 1.10537e-14
208600 0.034588 0.034588 -0.0698967 1.88451e-14 1.05124e-14 -1.5779e-14
208700 0.0346047 0.0346047 -0.06993 2.92292e-14 -1.21778e-15 6.25888e-15
208800 0.0346213 0.0346213 -0.0699633 1.7244e-14 -8.87138e-15 -8.53484e-16
208900 0.034638 0.034638 -0.0699967 5.89329e-14 8.95464e-15 4.71845e-16
209000 0.0346547 0.0346547 -0.07003 2.33363e-14 -6.53297e-15 -2.74086e-15
209100 0.0346713 0.0346713 -0.0700633 4.94214e-14 -2.12746e-14 1.90334e-14
209200 0.034688 0.034688 -0.0700967 5.30053e-14 -3.43822e-15 4.54498e-15
209300 0.0347047 0.0347047 -0.07013 5.17841e-14 -6.35256e-15 -7.63278e-17
209400 0.0347213 0.0347213 -0.0701633 4.61029e-14 2.67841e-15 7.05686e-15
209500 0.034738 0.034738 -0.0701967 1.5478e-14 6.97706e-15 -1.63411e-14
209600 0.0347547 0.0347547 -0.07023 3.97468e-14 1.67817e-14 4.60743e-15
209700 0.0347713 0.0347713 -0.0702633 1.65345e-14 8.09769e-15 -8.83321e-15
209800 0.034788 0.034788 -0.0702967 2.51647e-14 8.55566e-15 9.50628e-16
209900 0.0348047 0.0348047 -0.07033 8.87395e-15 1.50019e-14 -1.71391e-14
210000 0.0348213 0.0348213 -0.0703633 2.8799e-14 7.54952e-15 -6.16174e-15
210100 0.034838 0.034838 -0.0703967 3.07731e-14 3.76435e-15 -1.36141e-14
210200 0.0348547 0.0348547 -0.07043 1.99623e-14 5.42622e-15 -8.49321e-15
210300 0.0348713 0.0348713 -0.0704633 -1.05792e-14 1.27884e-14 -2.32106e-14
210400 0.034888 0.034888 -0.0704967 -2.52984e-14 1.60809e-14 -3.80182e-14
210500 0.0349047 0.0349047 -0.07053 -2.11732e-14 3.85247e-14 -5.16046e-14
210600 0.0349213 0.0349213 -0.0705633 -1.92338e-14 3.89168e-14 -4.98421e-14
210700 0.034938 0.034938 -0.0705967 -8.98676e-15 2.23432e-14 -2.05808e-14
210800 0.0349547 0.0349547 -0.07063 6.04115e-15 1.9925e-14 -3.04964e-14
210900 0.0349713 0.0349713 -0.0706633 2.13588e-14 1.57652e-14 -1.79509e-14
211000 0.034988 0.034988 -0.0706967 -4.31712e-14 1.31388e-14 -2.51812e-14
211100 0.0350047 0.0350047 -0.07073 2.64085e-14 2.47719e-15 -5.50254e-15
211200 0.0350213 0.0350213 -0.0707633 -4.5823e-15 3.27134e-14 -1.12479e-14
211300 0.035038 0.035038 -0.0707967 -2.85423e-14 2.63886e-14 -4.32571e-14
211400 0.0350547 0.0350547 -0.07083 2.09927e-14 1.47868e-14 -3.16622e-14
211500 0.0350713 0.0350713 -0.0708633 -7.81519e-16 1.8964e-14 1.23235e-14
211600 0.035088 0.035088 -0.0708967 -9.61473e-15 -1.40547e-14 4.45477e-15
211700 0.0351047 0.0351047 -0.07093 -2.43842e-14 2.28255e-14 -3.60614e-14
211800 0.0351213 0.0351213 -0.0709633 -3.13387e-14 1.54252e-14 -2.96638e-14
211900 0.035138 0.035138 -0.0709967 -1.27372e-14 1.2549e-14 -2.66662e-14
212000 0.0351547 0.0351547 -0.07103 -1.79917e-14 7.74034e-15 -1.43982e-14
212100 0.0351713 0.0351713 -0.0710633 -2.6741e-15 2.11983e-14 -3.87745e-14
212200 0.035188 0.035188 -0.0710967 5.02558e-14 2.39392e-14 -3.407e-14
212300 0.0352047 0.0352047 -0.07113 -1.73562e-15 1.62821e-14 -1.79162e-14
212400 0.0352213 0.0352213 -0.0711633 -9.47422e-15 2.28359e-14 -3.27585e-14
212500 0.035238 0.035238 -0.0711967 -2.5059e-14 1.74756e-14 -2.61527e-14
212600 0.0352547 0.0352547 -0.07123 2.99214e-16 6.31092e-15 -5.68295e-15
212700 0.0352713 0.0352713 -0.0712633 3.12814e-14 -1.30104e-15 9.73527e-15
212800 0.035288 0.035288 -0.0712967 -4.2434e-14 3.77996e-14 -5.73291e-14
212900 0.0353047 0.0353047 -0.07133 1.61234e-14 1.01863e-14 -6.34215e-15
213000 0.0353213 0.0353213 -0.0713633 1.45801e-15 6.21031e-15 -2.06155e-14
213100 0.035338 0.035338 -0.0713967 -8.55135e-15 1.04847e-14 -2.61666e-14
213200 0.0353547 0.0353547 -0.07143 -1.35734e-14 2.41786e-14 -4.25215e-14
213300 0.0353713 0.0353713 -0.0714633 1.13945e-14 2.66558e-14 -3.08434e-14
213400 0.035388 0.035388 -0.0714967 -1.71781e-14 2.6517e-14 -4.5984e-14
213500 0.0354047 0.0354047 -0.07153 6.99698e-15 3.8268e-15 -1.64938e-14
213600 0.0354213 0.0354213 -0.0715633 -1.49212e-14 2.88623e-14 -4.37914e-14
213700 0.035438 0.035438 -0.0715967 2.38273e-14 1.84713e-14 -5.71765e-15
213800 0.0354547 0.0354547 -0.07163 -2.15063e-14 3.86254e-14 -5.19723e-14
213900 0.0354713 0.0354713 -0.0716633 -2.24742e-14 1.37494e-14 -1.13659e-14
214000 0.035488 0.035488 -0.0716967 7.44107e-15 8.63545e-15 -1.40374e-14
214100 0.0355047 0.0355047 -0.07173 -1.16339e-14 3.04652e-14 -4.04329e-14
214200 0.0355213 0.0355213 -0.0717633 -8.70574e-15 8.92689e-15 -2.03657e-14
214300 0.035538 0.035538 -0.0717967 5.13851e-14 2.00569e-14 4.19109e-15
214400 0.0355547 0.0355547 -0.07183 3.10177e-14 -1.09981e-15 4.17028e-15
214500 0.0355714 0.0355714 -0.0718633 1.4151e-14 3.98986e-15 -2.51119e-14
214600 0.035588 0.035588 -0.0718967 3.20488e-15 1.35759e-14 3.96211e-15
214700 0.0356047 0.0356047 -0.07193 -6.24937e-15 3.72619e-15 -1.50505e-14
214800 0.0356214 0.0356214 -0.0719633 2.44709e-14 4.18068e-15 -9.69363e-15
214900 0.035638 0.035638 -0.0719967 9.16192e-15 3.14401e-14 -2.18089e-14
215000 0.0356547 0.0356547 -0.07203 5.51206e-15 2.20136e-14 -1.80689e-14
215100 0.0356714 0.0356714 -0.0720633 1.99241e-14 4.27089e-15 -1.4537e-14
215200 0.035688 0.035688 -0.0720967 7.66369e-13 1.02179e-13 9.08516e-13
215300 0.0357047 0.0357047 -0.07213 5.32725e-14 1.32637e-14 2.13024e-15
215400 0.0357214 0.0357214 -0.0721633 1.0718e-14 1.30486e-14 8.87485e-15
215500 0.035738 0.035738 -0.0721967 1.22463e-14 2.60972e-14 -2.17187e-15
215600 0.0357547 0.0357547 -0.07223 7.29026e-14 1.60982e-14 1.21361e-14
215700 0.0357714 0.0357714 -0.0722633 5.62267e-14 1.76942e-16 3.85386e-14
215800 0.035788 0.035788 -0.0722967 4.08612e-15 1.56368e-14 1.80481e-14
215900 0.0358047 0.0358047 -0.07233 2.03162e-14 1.3451e-14 4.01762e-15
216000 0.0358214 0.0358214 -0.0723633 2.67642e-14 -5.13478e-16 6.31439e-15
216100 0.035838 0.035838 -0.0723967 1.14188e-14 -1.24553e-14 1.90126e-14
216200 0.0358547 0.0358547 -0.07243 3.73564e-14 4.16334e-16 1.25733e-14
216300 0.0358714 0.0358714 -0.0724633 2.96577e-14 -8.59382e-15 2.92752e-14
216400 0.035888 0.035888 -0.0724967 3.30092e-14 -6.06459e-15 3.48263e-14
216500 0.0359047 0.0359047 -0.07253 2.89169e-14 2.17777e-14 4.82253e-15
216600 0.0359214 0.0359214 -0.0725633 4.13029e-14 -1.37182e-14 3.05866e-14
216700 0.035938 0.035938 -0.0725967 4.65383e-14 1.01655e-14 5.34989e-15
216800 0.0359547 0.0359547 -0.07263 2.11697e-14 5.95704e-15 8.67362e-15
216900 0.0359714 0.0359714 -0.0726633 3.42148e-14 -4.62824e-15 1.3281e-14
217000 0.035988 0.035988 -0.0726967 3.89356e-15 -5.96398e-15 6.95971e-15
217100 0.0360047 0.0360047 -0.07273 2.07412e-14 4.3715e-15 9.49935e-15
217200 0.0360214 0.0360214 -0.0727633 6.5301e-14 -1.34268e-14 3.5312e-14
217300 0.036038 0.036038 -0.0727967 2.47068e-14 8.57994e-15 1.77636e-14
217400 0.0360547 0.0360547 -0.07283 9.23824e-15 -1.35794e-14 1.36349e-14
217500 0.0360714 0.0360714 -0.0728633 8.71967e-14 -1.7545e-14 4.46934e-14
217600 0.036088 0.036088 -0.0728967 2.90713e-14 -2.76307e-14 2.18298e-14
217700 0.0361047 0.0361047 -0.07293 3.3455e-14 -1.08316e-14 5.84949e-15
217800 0.0361214 0.0361214 -0.0729633 -1.93684e-15 1.05783e-14 -2.43347e-14
217900 0.036138 0.036138 -0.0729967 -4.60832e-15 3.08434e-15 -1.64382e-14
218000 0.0361547 0.0361547 -0.07303 3.46161e-15 3.29251e-15 -1.56472e-14
218100 0.0361714 0.0361714 -0.0730633 5.30365e-14 -8.6875e-15 3.19397e-14
218200 0.036188 0.036188 -0.0730967 -1.02965e-14 3.38618e-15 -8.54872e-15
218300 0.0362047 0.0362047 -0.07313 1.93985e-14 -2.33841e-15 1.28994e-14
218400 0.0362214 0.0362214 -0.0731633 1.21422e-14 1.09322e-14 -9.88792e-15
218500 0.036238 0.036238 -0.0731967 1.10892e-14 -1.61503e-14 1.24484e-14
218600 0.0362547 0.0362547 -0.07323 4.25432e-14 -3.74353e-15 1.22749e-14
218700 0.0362714 0.0362714 -0.0732633 3.24783e-14 -1.72397e-14 2.06501e-14
218800 0.036288 0.036288 -0.0732967 5.09572e-15 -1.55431e-15 -2.17881e-15
218900 0.0363047 0.0363047 -0.07333 2.36469e-14 -2.40294e-14 4.20636e-14
219000 0.0363214 0.0363214 -0.0733633 4.93485e-14 -1.25247e-15 3.32373e-15
219100 0.036338 0.036338 -0.0733967 2.04723e-14 3.51108e-15 -3.39312e-15
219200 0.0363547 0.0363547 -0.07343 2.14941e-14 -2.88311e-15 -5.05845e-15
219300 0.0363714 0.0363714 -0.0734633 1.69075e-14 -1.23547e-14 -6.32133e-15
219400 0.036388 0.036388 -0.0734967 1.10684e-14 7.22686e-15 -9.45771e-15
219500 0.0364047 0.0364047 -0.07353 -1.42117e-14 -9.70404e-15 -1.11022e-14
219600 0.0364214 0.0364214 -0.0735633 2.17369e-14 -2.80088e-14 3.07046e-14
219700 0.036438 0.036438 -0.0735967 3.16249e-14 -9.1871e-15 2.02616e-15
219800 0.0364547 0.0364547 -0.07363 1.36063e-14 -1.28786e-14 -2.66662e-14
219900 0.0364714 0.0364714 -0.0736633 7.81057e-15 1.71391e-15 4.95437e-15
220000 0.036488 0.036488 -0.0736967 4.7349e-15 -5.4505e-15 9.29812e-16
220100 0.0365047 0.0365047 -0.07373 4.4601e-13 -2.17854e-13 7.98125e-13
220200 0.0365214 0.0365214 -0.0737633 2.49149e-14 -1.47139e-14 3.0996e-14
220300 0.036538 0.036538 -0.0737967 1.84479e-14 2.90393e-15 3.72827e-14
220400 0.0365547 0.0365547 -0.07383 5.69865e-14 -3.0996e-14 3.23006e-14
220500 0.0365714 0.0365714 -0.0738633 4.98724e-14 -8.73607e-15 1.54321e-14
220600 0.036588 0.036588 -0.0738967 3.41194e-14 -1.25976e-14 1.92693e-14
220700 0.0366047 0.0366047 -0.07393 6.68935e-14 -6.08888e-15 1.28161e-14
220800 0.0366214 0.0366214 -0.0739633 2.95085e-14 -2.61562e-14 3.03438e-14
220900 0.036638 0.036638 -0.0739967 3.65081e-14 -2.06571e-14 2.36408e-14
221000 0.0366547 0.0366547 -0.07403 5.33661e-14 -1.78711e-14 2.3849e-14
221100 0.0366714 0.0366714 -0.0740633 9.29213e-14 -2.60555e-15 1.61121e-14
221200 0.036688 0.036688 -0.0740967 2.43355e-14 -1.5439e-14 1.53419e-14
221300 0.0367047 0.0367047 -0.07413 4.38581e-14 1.20598e-14 1.53766e-14
221400 0.0367214 0.0367214 -0.0741633 2.1697e-14 -6.76542e-15 -1.15186e-15
221500 0.036738 0.036738 -0.0741967 1.51276e-14 -1.5335e-15 -2.74086e-15
221600 0.0367547 0.0367547 -0.07423 1.2359e-14 -1.50054e-14 4.86416e-15
221700 0.0367714 0.0367714 -0.0742633 4.02655e-14 -1.9186e-15 8.70831e-15
221800 0.036788 0.036788 -0.0742967 2.4919e-15 7.6085e-15 -2.38212e-14
221900 0.0368047 0.0368047 -0.07433 3.60848e-14 -6.12357e-15 1.38084e-15
222000 0.0368214 0.0368214 -0.0743633 -7.34051e-15 -1.12653e-14 7.10543e-15
222100 0.036838 0.036838 -0.0743967 6.06346e-14 -5.47479e-15 3.07254e-14
222200 0.0368547 0.0368547 -0.07443 -1.92372e-14 1.12514e-14 -2.95527e-14
222300 0.0368714 0.0368714 -0.0744633 7.41342e-14 -2.65517e-14 3.34802e-14
222400 0.036888 0.036888 -0.0744967 3.2361e-15 5.47132e-15 -2.2031e-14
222500 0.0369047 0.0369047 -0.07453 4.22171e-14 3.71925e-15 -1.54737e-15
222600 0.0369214 0.0369214 -0.0745633 3.56563e-14 8.3579e-15 -9.83241e-15
222700 0.036938 0.036938 -0.0745967 7.21827e-14 -9.84629e-15 1.75207e-14
222800 0.0369547 0.0369547 -0.07463 1.69213e-14 -1.37286e-14 1.43774e-14
222900 0.0369714 0.0369714 -0.0746633 3.6234e-14 -6.09582e-15 9.12465e-15
223000 0.036988 0.036988 -0.0746967 4.67794e-14 -2.55317e-14 -3.62904e-15
223100 0.0370047 0.0370047 -0.07473 1.70299e-12 -1.77993e-13 8.02573e-13
223200 0.0370214 0.0370214 -0.0747633 7.12945e-14 -1.14006e-14 -3.00454e-15
223300 0.037038 0.037038 -0.0747967 8.7221e-14 -4.68722e-15 -4.64906e-16
223400 0.0370547 0.0370547 -0.07483 1.40677e-13 -1.67297e-14 4.30142e-14
223500 0.0370714 0.0370714 -0.0748633 1.14005e-13 -1.08351e-14 2.46816e-14
223600 0.037088 0.037088 -0.0748967 8.89384e-14 3.95517e-15 -7.82013e-15
223700 0.0371047 0.0371047 -0.07493 9.91073e-14 -7.9832e-15 1.5786e-14
223800 0.0371214 0.0371214 -0.0749633 7.79489e-14 -6.35256e-15 6.22419e-15
223900 0.0371381 0.0371381 -0.0749967 9.93918e-14 -4.29171e-15 1.05818e-14
224000 0.0371547 0.0371547 -0.07503 1.13238e-13 -2.36408e-14 3.92741e-14
224100 0.0371714 0.0371714 -0.0750633 6.20189e-14 -3.96905e-15 4.85029e-15
224200 0.0371881 0.0371881 -0.0750967 1.26289e-13 -2.58196e-14 3.713e-14
224300 0.0372047 0.0372047 -0.07513 7.80825e-14 1.33574e-14 -1.46341e-14
224400 0.0372214 0.0372214 -0.0751633 1.1527e-13 -2.24126e-15 8.84015e-15
224500 0.0372381 0.0372381 -0.0751967 1.15308e-13 -2.25271e-14 1.99771e-14
224600 0.0372547 0.0372547 -0.07523 1.13849e-13 -1.35378e-14 2.78666e-14
224700 0.0372714 0.0372714 -0.0752633 7.75534e-14 4.92315e-15 -1.90611e-14
224800 0.0372881 0.0372881 -0.0752967 5.78799e-14 -1.08802e-14 -1.17961e-14
224900 0.0373047 0.0373047 -0.07533 1.2454e-13 -2.63643e-14 4.16542e-14
225000 0.0373214 0.0373214 -0.0753633 9.31433e-14 -5.00641e-15 4.71845e-16
225100 0.0373381 0.0373381 -0.0753967 9.07824e-14 -1.41137e-14 2.30441e-14
225200 0.0373547 0.0373547 -0.07543 7.52774e-14 5.43662e-15 -4.21191e-15
225300 0.0373714 0.0373714 -0.0754633 1.30301e-13 -2.02165e-14 3.40353e-14
225400 0.0373881 0.0373881 -0.0754967 8.65653e-14 -2.21004e-15 -1.02002e-14
225500 0.0374047 0.0374047 -0.07553 6.05514e-14 -2.46018e-14 4.35763e-15
225600 0.0374214 0.0374214 -0.0755633 1.00277e-13 -8.60423e-15 4.20497e-15
225700 0.0374381 0.0374381 -0.0755967 1.05973e-13 -2.05391e-15 3.24046e-15
225800 0.0374547 0.0374547 -0.07563 7.9531e-14 -9.6867e-15 -4.39926e-15
225900 0.0374714 0.0374714 -0.0756633 7.65472e-14 3.17801e-15 -1.18031e-14
226000 0.0374881 0.0374881 -0.0756967 8.86435e-14 -8.7777e-15 1.81799e-15
226100 0.0375047 0.0375047 -0.07573 8.00913e-14 2.52229e-15 -5.41234e-15
226200 0.0375214 0.0375214 -0.0757633 8.01451e-14 -8.78811e-15 2.20171e-14
226300 0.0375381 0.0375381 -0.0757967 5.56959e-14 -2.06571e-14 5.55112e-17
226400 0.0375547 0.0375547 -0.07583 1.01881e-13 -3.43128e-15 -4.14252e-15
226500 0.0375714 0.0375714 -0.0758633 7.66218e-14 -1.53315e-14 1.73958e-14
226600 0.0375881 0.0375881 -0.0758967 8.70371e-14 -2.09208e-14 2.88658e-15
226700 0.0376047 0.0376047 -0.07593 8.53388e-14 -1.33782e-14 -5.4956e-15
226800 0.0376214 0.0376214 -0.0759633 2.81172e-14 -6.97359e-16 -1.83464e-14
226900 0.0376381 0.0376381 -0.0759967 7.60338e-14 5.51642e-16 -3.82333e-15
227000 0.0376547 0.0376547 -0.07603 8.27732e-14 -8.66668e-15 -6.18255e-15
227100 0.0376714 0.0376714 -0.0760633 9.49527e-14 -9.73874e-15 -1.43635e-15
227200 0.0376881 0.0376881 -0.0760967 7.48802e-14 -8.9824e-15 -1.65284e-14
227300 0.0377047 0.0377047 -0.07613 6.92874e-14 -1.63064e-14 -6.84175e-15
227400 0.0377214 0.0377214 -0.0761633 4.80648e-14 -1.35378e-14 -1.82562e-14
227500 0.0377381 0.0377381 -0.0761967 6.26625e-14 2.6229e-15 -2.93307e-14
227600 0.0377547 0.0377547 -0.07623 7.02224e-14 5.96051e-15 -1.43149e-14
227700 0.0377714 0.0377714 -0.0762633 9.39812e-14 -1.26045e-14 4.37844e-15
227800 0.0377881 0.0377881 -0.0762967 6.8885e-14 -1.07206e-14 1.31839e-16
227900 0.0378047 0.0378047 -0.07633 1.07356e-12 5.46264e-13 -2.68743e-14
228000 0.0378214 0.0378214 -0.0763633 8.13108e-14 6.46011e-15 5.14172e-15
228100 0.0378381 0.0378381 -0.0763967 1.13823e-13 2.81511e-14 -5.15143e-14
228200 0.0378547 0.0378547 -0.07643 1.23274e-13 9.65894e-15 -2.02616e-15
228300 0.0378714 0.0378714 -0.0764633 1.42765e-13 8.58688e-15 -2.98372e-16
228400 0.0378881 0.0378881 -0.0764967 1.186e-13 -1.9533e-15 9.64506e-16
228500 0.0379047 0.0379047 -0.07653 1.10048e-13 -6.06459e-15 -2.74919e-14
228600 0.0379214 0.0379214 -0.0765633 1.38742e-13 -5.11743e-15 4.32293e-15
228700 0.0379381 0.0379381 -0.0765967 8.65965e-14 7.99708e-15 -2.3391e-14
228800 0.0379547 0.0379547 -0.07663 7.92933e-14 1.37702e-14 -4.44991e-14
228900 0.0379714 0.0379714 -0.0766633 1.32796e-13 8.78811e-15 -8.74995e-15
229000 0.0379881 0.0379881 -0.0766967 1.03576e-13 2.53547e-14 -3.95239e-14
229100 0.0380047 0.0380047 -0.07673 1.02669e-13 -6.76542e-16 -1.04639e-14
229200 0.0380214 0.0380214 -0.0767633 8.11044e-14 1.29723e-14 -6.5295e-15
229300 0.0380381 0.0380381 -0.0767967 8.73997e-14 8.48627e-15 -2.28775e-14
229400 0.0380547 0.0380547 -0.07683 1.25276e-13 -1.77636e-15 2.70617e-16
229500 0.0380714 0.0380714 -0.0768633 9.87569e-14 4.81906e-15 1.69517e-14
229600 0.0380881 0.0380881 -0.0768967 1.10596e-13 3.00454e-15 -1.70627e-14
229700 0.0381047 0.0381047 -0.07693 1.14461e-13 5.2354e-15 -7.76462e-15
229800 0.0381214 0.0381214 -0.0769633 7.15981e-14 6.22419e-15 -3.76643e-14
229900 0.0381381 0.0381381 -0.0769967 9.8011e-14 7.28931e-15 -1.90126e-14
230000 0.0381547 0.0381547 -0.07703 5.08699e-14 1.03979e-14 -2.31551e-14
230100 0.0381714 0.0381714 -0.0770633 8.62183e-14 1.51164e-14 -1.2372e-14
230200 0.0381881 0.0381881 -0.0770967 7.06429e-13 -5.16844e-14 7.20882e-14
230300 0.0382047 0.0382047 -0.07713 7.83687e-14 1.56021e-14 -3.84623e-14
230400 0.0382214 0.0382214 -0.0771633 1.01585e-13 2.87964e-16 -1.11786e-14
230500 0.0382381 0.0382381 -0.0771967 7.62628e-14 1.04083e-14 -1.79509e-14
230600 0.0382547 0.0382547 -0.07723 6.01645e-14 6.6197e-15 -2.86854e-14
230700 0.0382714 0.0382714 -0.0772633 1.08213e-13 1.38604e-14 -2.13787e-14
230800 0.0382881 0.0382881 -0.0772967 6.49489e-14 2.08097e-14 -2.72282e-14
230900 0.0383047 0.0383047 -0.07733 7.35306e-14 1.98036e-14 -2.04906e-14
231000 0.0383214 0.0383214 -0.0773633 1.12574e-13 -4.30211e-16 -1.0672e-14
231100 0.0383381 0.0383381 -0.0773967 9.04216e-14 1.08143e-14 -2.28081e-14
231200 0.0383547 0.0383547 -0.07743 1.17686e-13 -1.56646e-14 2.19061e-14
231300 0.0383714 0.0383714 -0.0774633 9.98827e-14 1.83881e-16 -2.25861e-14
231400 0.0383881 0.0383881 -0.0774967 1.16831e-13 1.38362e-14 -3.02466e-14
231500 0.0384047 0.0384047 -0.07753 9.33949e-14 3.26128e-15 -7.52176e-15
231600 0.0384214 0.0384214 -0.0775633 1.34097e-13 1.50227e-15 -1.92416e-14
231700 0.0384381 0.0384381 -0.0775967 9.86025e-14 1.05263e-14 -2.72213e-14
231800 0.0384547 0.0384547 -0.07763 1.09842e-13 3.22624e-14 -3.16414e-15
231900 0.0384714 0.0384714 -0.0776633 8.50682e-14 9.17669e-15 -2.28359e-14
232000 0.0384881 0.0384881 -0.0776967 1.2547e-13 -8.89566e-15 -6.57113e-15
232100 0.0385047 0.0385047 -0.07773 9.08882e-14 -4.9856e-15 4.71151e-15
232200 0.0385214 0.0385214 -0.0777633 7.76132e-13 -4.19685e-13 7.61217e-13
232300 0.0385381 0.0385381 -0.0777967 8.90164e-14 -1.26531e-14 1.71252e-14
232400 0.0385547 0.0385547 -0.07783 9.4153e-14 -1.31908e-14 9.5618e-15
232500 0.0385714 0.0385714 -0.0778633 8.52781e-14 -1.10502e-14 2.32453e-15
232600 0.0385881 0.0385881 -0.0778967 1.17646e-13 2.09104e-14 -1.7597e-14
232700 0.0386047 0.0386047 -0.07793 9.97665e-14 -6.26235e-15 9.63812e-15
232800 0.0386214 0.0386214 -0.0779633 9.10305e-14 -1.2667e-14 1.33157e-14
232900 0.0386381 0.0386381 -0.0779967 5.43549e-14 -4.04538e-15 -3.30985e-15
233000 0.0386547 0.0386547 -0.07803 6.97974e-14 -7.77156e-15 -2.86576e-15
233100 0.0386714 0.0386714 -0.0780633 1.18765e-13 -7.86177e-15 7.32747e-15
233200 0.0386881 0.0386881 -0.0780967 9.50221e-14 -1.12965e-14 5.44009e-15
233300 0.0387047 0.0387047 -0.07813 9.76953e-14 -2.16389e-14 2.30163e-14
233400 0.0387214 0.0387214 -0.0781633 7.24481e-14 -1.96822e-14 1.36002e-15
233500 0.0387381 0.0387381 -0.0781967 7.03959e-14 -1.7767e-14 -2.43555e-15
233600 0.0387547 0.0387547 -0.07823 1.20184e-13 -4.19526e-14 3.93297e-14
233700 0.0387714 0.0387714 -0.0782633 1.09934e-13 -3.509e-14 3.71647e-14
233800 0.0387881 0.0387881 -0.0782967 8.5769e-14 -1.22263e-14 -1.67644e-14
233900 0.0388048 0.0388048 -0.07833 7.38949e-14 -1.8624e-14 1.94011e-14
234000 0.0388214 0.0388214 -0.0783633 5.94429e-14 1.08837e-14 -2.09208e-14
234100 0.0388381 0.0388381 -0.0783967 6.68467e-14 8.30239e-15 -2.61943e-14
234200 0.0388548 0.0388548 -0.07843 4.60144e-14 6.84175e-15 -3.39243e-14
234300 0.0388714 0.0388714 -0.0784633 9.22725e-14 -2.66662e-14 3.04548e-14
234400 0.0388881 0.0388881 -0.0784967 6.60817e-14 -2.25514e-16 1.31908e-14
234500 0.0389048 0.0389048 -0.07853 3.04452e-14 1.71044e-14 -1.76734e-14
234600 0.0389214 0.0389214 -0.0785633 4.84204e-14 4.996e-15 -1.08316e-14
234700 0.0389381 0.0389381 -0.0785967 -4.38974e-15 2.03206e-14 -3.57353e-14
234800 0.0389548 0.0389548 -0.07863 4.17036e-14 -1.15775e-14 -3.14332e-15
234900 0.0389714 0.0389714 -0.0786633 7.00438e-14 -1.47209e-14 2.69021e-14
235000 0.0389881 0.0389881 -0.0786967 3.2683e-14 -7.71952e-15 7.34135e-15
235100 0.0390048 0.0390048 -0.07873 1.60644e-14 1.58137e-14 -2.97748e-14
235200 0.0390214 0.0390214 -0.0787633 5.67512e-15 6.46358e-15 -2.28428e-14
235300 0.0390381 0.0390381 -0.0787967 2.12234e-14 1.52656e-16 -8.20177e-15
235400 0.0390548 0.0390548 -0.07883 4.89651e-14 -7.13665e-15 -6.21031e-15
235500 0.0390714 0.0390714 -0.0788633 3.43553e-14 1.08177e-14 -2.72213e-14
235600 0.0390881 0.0390881 -0.0788967 2.32364e-15 1.13139e-14 -2.55004e-14
235700 0.0391048 0.0391048 -0.07893 3.44819e-14 -7.21645e-16 2.08167e-16
235800 0.0391214 0.0391214 -0.0789633 2.44223e-14 1.80099e-14 -1.62995e-14
235900 0.0391381 0.0391381 -0.0789967 2.52688e-14 1.37459e-14 -1.88391e-14
236000 0.0391548 0.0391548 -0.07903 1.43973e-14 7.71258e-15 -3.24671e-14
236100 0.0391714 0.0391714 -0.0790633 5.00892e-14 -1.29965e-14 1.42802e-14
236200 0.0391881 0.0391881 -0.0790967 6.26319e-15 2.54657e-15 -1.24831e-14
236300 0.0392048 0.0392048 -0.07913 2.04827e-14 1.51545e-14 -2.68605e-14
236400 0.0392214 0.0392214 -0.0791633 3.82949e-14 -1.50921e-15 1.63064e-15
236500 0.0392381 0.0392381 -0.0791967 1.29228e-14 1.73472e-15 -1.01585e-14
236600 0.0392548 0.0392548 -0.07923 3.86227e-14 3.0323e-14 -1.24137e-14
236700 0.0392714 0.0392714 -0.0792633 2.2266e-14 -2.328e-15 1.6695e-14
236800 0.0392881 0.0392881 -0.0792967 4.38425e-14 -1.02938e-14 1.0679e-14
236900 0.0393048 0.0393048 -0.07933 2.24117e-14 -4.58661e-15 9.5618e-15
237000 0.0393214 0.0393214 -0.0793633 1.93985e-14 -1.00094e-14 -1.35794e-14
237100 0.0393381 0.0393381 -0.0793967 4.37939e-14 1.72778e-15 1.81244e-14
237200 0.0393548 0.0393548 -0.07943 -2.54163e-16 1.29757e-14 -2.84148e-14
237300 0.0393714 0.0393714 -0.0794633 2.4457e-14 7.11931e-15 -1.09635e-14
237400 0.0393881 0.0393881 -0.0794967 -1.62813e-14 2.19651e-14 -2.95666e-14
237500 0.0394048 0.0394048 -0.07953 2.04463e-14 -4.7462e-15 -1.90126e-15
237600 0.0394214 0.0394214 -0.0795633 7.37168e-15 2.51812e-14 4.16334e-17
237700 0.0394381 0.0394381 -0.0795967 6.54909e-13 6.36061e-13 -9.0418e-13
237800 0.0394548 0.0394548 -0.07963 1.61875e-14 3.84554e-14 -4.39995e-14
237900 0.0394714 0.0394714 -0.0796633 2.4365e-14 2.26277e-14 -2.57641e-14
238000 0.0394881 0.0394881 -0.0796967 4.1263e-14 3.60788e-14 -5.36723e-14
238100 0.0395048 0.0395048 -0.07973 5.80002e-15 3.92256e-14 -5.72667e-14
238200 0.0395214 0.0395214 -0.0797633 1.6623e-14 3.17663e-14 -5.04805e-14
238300 0.0395381 0.0395381 -0.0797967 2.02763e-14 4.00131e-14 -5.30825e-14
238400 0.0395548 0.0395548 -0.07983 1.26574e-14 1.25351e-14 -1.69656e-14
238500 0.0395714 0.0395714 -0.0798633 5.08664e-14 3.65541e-14 -4.81698e-14
238600 0.0395881 0.0395881 -0.0798967 -4.96567e-15 4.05335e-14 -5.75442e-14
238700 0.0396048 0.0396048 -0.07993 2.9616e-14 2.46435e-14 -4.53318e-14
238800 0.0396214 0.0396214 -0.0799633 -1.0208e-14 2.94591e-14 -4.94743e-14
238900 0.0396381 0.0396381 -0.0799967 -6.5807e-15 8.78925e-13 -3.3272e-14
239000 0.0396548 0.0396548 -0.08003 -9.00584e-15 4.48669e-14 -3.26683e-14
239100 0.0396714 0.0396714 -0.0800633 5.18593e-15 6.67036e-14 -4.44644e-14
239200 0.0396881 0.0396881 -0.0800967 -1.04396e-12 3.73521e-14 3.61169e-13
239300 0.0397048 0.0397048 -0.08013 -2.2162e-14 4.42112e-14 -1.39541e-14
239400 0.0397214 0.0397214 -0.0801633 -3.53407e-14 4.52312e-14 -2.07404e-14
239500 0.0397381 0.0397381 -0.0801967 -3.92681e-14 4.86729e-14 -2.21975e-14
239600 0.0397548 0.0397548 -0.08023 -8.36746e-15 4.89955e-14 -2.66315e-14
239700 0.0397714 0.0397714 -0.0802633 -6.70844e-14 7.23033e-14 -5.98965e-14
239800 0.0397881 0.0397881 -0.0802967 -6.35612e-14 4.52416e-14 -3.64223e-14
239900 0.0398048 0.0398048 -0.08033 8.46315e-13 -5.38569e-13 1.68884e-12
240000 0.0398214 0.0398214 -0.0803633 8.1419e-15 2.87687e-14 1.68129e-14
240100 0.0398381 0.0398381 -0.0803967 4.03748e-14 1.8003e-14 4.39163e-14
240200 0.0398548 0.0398548 -0.08043 1.96969e-14 2.0841e-14 2.17673e-14
240300 0.0398714 0.0398714 -0.0804633 3.86581e-15 2.1514e-14 9.29118e-15
240400 0.0398881 0.0398881 -0.0804967 2.7764e-15 1.43566e-14 3.93088e-14
240500 0.0399048 0.0399048 -0.08053 3.53198e-14 2.88554e-14 2.25167e-14
240600 0.0399214 0.0399214 -0.0805633 3.34446e-14 1.81556e-14 2.1913e-14
240700 0.0399381 0.0399381 -0.0805967 6.95188e-15 1.86309e-14 3.10099e-14
240800 0.0399548 0.0399548 -0.08063 2.26841e-14 2.83107e-15 3.66512e-14
240900 0.0399714 0.0399714 -0.0806633 -9.54472e-13 5.38649e-13 -1.5897e-14
241000 0.0399881 0.0399881 -0.0806967 -2.85805e-14 5.04735e-14 2.33008e-14
241100 0.0400048 0.0400048 -0.08073 -1.30547e-14 5.36897e-14 8.05606e-15
241200 0.0400214 0.0400214 -0.0807633 -3.60172e-14 3.82749e-14 1.0103e-14
241300 0.0400381 0.0400381 -0.0807967 -1.94055e-14 4.51826e-14 3.0323e-15
241400 0.0400548 0.0400548 -0.08083 -2.65838e-14 3.3213e-14 8.42382e-15
241500 0.0400714 0.0400714 -0.0808633 -9.76565e-15 3.29493e-14 2.0775e-14
241600 0.0400881 0.0400881 -0.0808967 -2.69307e-14 3.27342e-14 1.26635e-14
241700 0.0401048 0.0401048 -0.08093 -7.20867e-15 2.37553e-14 1.38847e-14
241800 0.0401214 0.0401214 -0.0809633 5.83591e-13 5.01869e-13 1.12945e-12
241900 0.0401381 0.0401381 -0.0809967 2.72239e-14 3.45383e-14 7.11445e-14
242000 0.0401548 0.0401548 -0.08103 -1.1653e-14 3.509e-14 4.05648e-14
242100 0.0401714 0.0401714 -0.0810633 -4.16568e-14 6.4955e-14 9.60343e-15
242200 0.0401881 0.0401881 -0.0810967 1.5766e-14 3.99888e-14 5.18821e-14
242300 0.0402048 0.0402048 -0.08113 -3.00411e-14 6.84071e-14 3.44863e-15
242400 0.0402214 0.0402214 -0.0811633 9.26427e-15 4.0988e-14 5.06123e-14
242500 0.0402381 0.0402381 -0.0811967 -4.3853e-14 3.5489e-14 4.18346e-14
242600 0.0402548 0.0402548 -0.08123 -3.64908e-14 3.99125e-14 2.81927e-14
242700 0.0402714 0.0402714 -0.0812633 2.7066e-14 4.05682e-14 4.95645e-14
242800 0.0402881 0.0402881 -0.0812967 1.21404e-14 3.83582e-14 4.48114e-14
242900 0.0403048 0.0403048 -0.08133 4.56935e-14 1.69517e-14 6.78138e-14
243000 0.0403214 0.0403214 -0.0813633 3.7764e-14 5.45952e-14 3.73382e-14
243100 0.0403381 0.0403381 -0.0813967 -2.34873e-14 3.10967e-14 2.41959e-14
243200 0.0403548 0.0403548 -0.08143 -2.77964e-14 3.96454e-14 2.77833e-14
243300 0.0403714 0.0403714 -0.0814633 -2.05452e-14 2.33043e-14 4.44575e-14
243400 0.0403881 0.0403881 -0.0814967 -2.73748e-14 2.46712e-14 4.2924e-14
243500 0.0404048 0.0404048 -0.08153 -1.33843e-14 3.32651e-14 3.22242e-14
243600 0.0404214 0.0404214 -0.0815633 2.90228e-14 3.22659e-14 4.86625e-14
243700 0.0404381 0.0404381 -0.0815967 -4.29071e-13 9.46847e-13 -5.64229e-13
243800 0.0404548 0.0404548 -0.08163 3.46335e-15 3.48888e-14 4.15848e-14
243900 0.0404714 0.0404714 -0.0816633 1.27129e-14 6.37025e-14 7.0291e-15
244000 0.0404881 0.0404881 -0.0816967 -3.28496e-14 5.30583e-14 -2.82413e-15
244100 0.0405048 0.0405048 -0.08173 -4.12943e-14 4.70422e-14 5.37764e-15
244200 0.0405215 0.0405215 -0.0817633 -3.19319e-14 5.68538e-14 1.18863e-14
244300 0.0405381 0.0405381 -0.0817967 1.05011e-14 4.30073e-14 3.48471e-14
244400 0.0405548 0.0405548 -0.08183 -6.05115e-14 7.86038e-14 -4.10089e-14
244500 0.0405715 0.0405715 -0.0818633 -5.6513e-14 6.1267e-14 -3.97599e-15
244600 0.0405881 0.0405881 -0.0818967 5.54502e-15 3.89619e-14 3.75325e-14
244700 0.0406048 0.0406048 -0.08193 2.94339e-14 4.81594e-14 3.86635e-14
244800 0.0406215 0.0406215 -0.0819633 -3.13369e-14 5.06817e-14 1.181e-14
244900 0.0406381 0.0406381 -0.0819967 1.65813e-14 3.70294e-14 2.33563e-14
245000 0.0406548 0.0406548 -0.08203 8.8902e-16 3.76782e-14 6.39072e-15
245100 0.0406715 0.0406715 -0.0820633 -6.6605e-15 5.79051e-14 -1.317e-14
245200 0.0406881 0.0406881 -0.0820967 5.32968e-14 2.9143e-13 2.79436e-13
245300 0.0407048 0.0407048 -0.08213 -2.03657e-13 1.08018e-13 1.04905e-12
245400 0.0407215 0.0407215 -0.0821633 -4.10392e-14 5.79779e-14 1.18724e-14
245500 0.0407381 0.0407381 -0.0821967 -6.15049e-15 7.16614e-14 2.12608e-14
245600 0.0407548 0.0407548 -0.08223 -4.70622e-14 4.63553e-14 3.80945e-14
245700 0.0407715 0.0407715 -0.0822633 -3.85118e-14 5.98931e-14 1.57305e-14
245800 0.0407881 0.0407881 -0.0822967 -9.14763e-14 6.00527e-14 -1.249e-16
245900 0.0408048 0.0408048 -0.08233 -3.73749e-15 5.3256e-14 3.00107e-14
246000 0.0408215 0.0408215 -0.0823633 -3.17914e-14 1.99805e-14 3.32859e-14
246100 0.0408381 0.0408381 -0.0823967 -3.8314e-14 3.19744e-14 5.08274e-14
246200 0.0408548 0.0408548 -0.08243 -5.89399e-14 5.28501e-14 1.94358e-14
246300 0.0408715 0.0408715 -0.0824633 -4.47602e-14 5.57332e-14 2.23363e-14
246400 0.0408881 0.0408881 -0.0824967 -5.09463e-14 5.52162e-14 -2.6576e-15
246500 0.0409048 0.0409048 -0.08253 4.13532e-14 2.68813e-14 4.23134e-14
246600 0.0409215 0.0409215 -0.0825633 -5.1007e-14 5.33219e-14 1.08177e-14
246700 0.0409381 0.0409381 -0.0825967 -3.67215e-14 5.39499e-14 1.81799e-15
246800 0.0409548 0.0409548 -0.08263 -5.86276e-14 5.53273e-14 6.61277e-15
246900 0.0409715 0.0409715 -0.0826633 -1.06122e-14 2.47927e-14 3.85733e-14
247000 0.0409881 0.0409881 -0.0826967 1.22497e-14 5.08101e-14 1.64938e-14
247100 0.0410048 0.0410048 -0.08273 -2.2432e-13 3.345e-13 8.66786e-13
247200 0.0410215 0.0410215 -0.0827633 -3.47821e-14 5.3773e-14 4.0197e-14
247300 0.0410381 0.0410381 -0.0827967 -4.33811e-14 6.44068e-14 1.59733e-14
247400 0.0410548 0.0410548 -0.08283 -4.51141e-14 5.67046e-14 2.87617e-14
247500 0.0410715 0.0410715 -0.0828633 1.47009e-14 5.03868e-14 4.0655e-14
247600 0.0410881 0.0410881 -0.0828967 -5.62285e-14 5.97612e-14 2.16771e-14
247700 0.0411048 0.0411048 -0.08293 -1.66473e-14 3.71925e-14 2.9976e-14
247800 0.0411215 0.0411215 -0.0829633 -6.74487e-14 6.77271e-14 1.5439e-14
247900 0.0411381 0.0411381 -0.0829967 -3.70216e-14 4.64559e-14 2.40641e-14
248000 0.0411548 0.0411548 -0.08303 -1.69318e-14 3.96558e-14 4.33611e-14
248100 0.0411715 0.0411715 -0.0830633 -1.85867e-14 4.07001e-14 3.44516e-14
248200 0.0411881 0.0411881 -0.0830967 1.61112e-14 3.81119e-14 5.06192e-14
248300 0.0412048 0.0412048 -0.08313 8.87285e-16 2.73184e-14 3.87468e-14
248400 0.0412215 0.0412215 -0.0831633 -3.3717e-14 5.74714e-14 -1.50574e-15
248500 0.0412381 0.0412381 -0.0831967 -1.67143e-15 3.61274e-14 4.24868e-14
248600 0.0412548 0.0412548 -0.08323 -2.50156e-14 4.01276e-14 9.76302e-15
248700 0.0412715 0.0412715 -0.0832633 7.04902e-15 2.51153e-14 3.94199e-14
248800 0.0412881 0.0412881 -0.0832967 -2.89552e-14 3.34559e-14 4.94882e-14
248900 0.0413048 0.0413048 -0.08333 -7.3353e-15 3.04375e-14 4.63102e-14
249000 0.0413215 0.0413215 -0.0833633 4.12144e-14 3.74874e-14 3.99403e-14
249100 0.0413381 0.0413381 -0.0833967 -2.81815e-14 2.8158e-14 4.39856e-14
249200 0.0413548 0.0413548 -0.08343 2.72256e-14 3.50414e-16 6.36088e-14
249300 0.0413715 0.0413715 -0.0834633 -2.04266e-15 1.97134e-14 4.09395e-14
249400 0.0413881 0.0413881 -0.0834967 1.60175e-14 8.90607e-15 5.03139e-14
249500 0.0414048 0.0414048 -0.08353 -3.63035e-14 3.34524e-14 -7.46625e-15
249600 0.0414215 0.0414215 -0.0835633 6.02901e-15 3.41255e-14 4.23966e-15
249700 0.0414381 0.0414381 -0.0835967 1.37086e-14 2.35784e-14 4.71706e-14
249800 0.0414548 0.0414548 -0.08363 -2.78762e-14 3.31228e-14 -1.76942e-15
249900 0.0414715 0.0414715 -0.0836633 -2.64606e-14 4.05197e-14 -2.63678e-16
250000 0.0414881 0.0414881 -0.0836967 1.47044e-14 1.04257e-14 2.48204e-14
250100 0.0415048 0.0415048 -0.08373 -1.09401e-14 2.5667e-14 2.73878e-14
250200 0.0415215 0.0415215 -0.0837633 -2.47051e-14 2.23918e-14 3.34455e-15
250300 0.0415381 0.0415381 -0.0837967 5.78505e-16 3.4861e-14 1.90611e-14
250400 0.0415548 0.0415548 -0.08383 -4.60699e-14 2.05946e-14 1.7833e-14
250500 0.0415715 0.0415715 -0.0838633 5.12001e-15 2.30684e-14 1.52864e-14
250600 0.0415881 0.0415881 -0.0838967 -8.00601e-16 4.85723e-17 4.46518e-14
250700 0.0416048 0.0416048 -0.08393 -4.8835e-16 3.99021e-14 1.52239e-14
250800 0.0416215 0.0416215 -0.0839633 -2.09286e-14 1.34753e-14 2.40988e-14
250900 0.0416381 0.0416381 -0.0839967 -1.64808e-14 1.7597e-14 2.16216e-14
251000 0.0416548 0.0416548 -0.08403 1.16374e-14 2.62464e-14 2.56323e-14
251100 0.0416715 0.0416715 -0.0840633 1.37312e-14 7.86177e-15 3.2585e-14
251200 0.0416881 0.0416881 -0.0840967 -1.28049e-14 3.11765e-14 1.33921e-14
251300 0.0417048 0.0417048 -0.08413 2.70053e-14 1.56299e-14 1.37182e-14
251400 0.0417215 0.0417215 -0.0841633 -3.81035e-15 2.55247e-14 1.09288e-14
251500 0.0417381 0.0417381 -0.0841967 -2.25141e-14 2.11116e-14 2.55421e-14
251600 0.0417548 0.0417548 -0.08423 1.66468e-12 -8.26103e-13 2.45343e-12
251700 0.0417715 0.0417715 -0.0842633 6.13181e-14 -2.95944e-14 1.12542e-13
251800 0.0417881 0.0417881 -0.0842967 7.49496e-14 -1.92762e-14 8.79505e-14
251900 0.0418048 0.0418048 -0.08433 8.63484e-14 -1.85789e-14 8.96436e-14
252000 0.0418215 0.0418215 -0.0843633 6.79343e-14 -1.50366e-14 8.41688e-14
252100 0.0418381 0.0418381 -0.0843967 8.67856e-14 1.86309e-15 8.22328e-14
252200 0.0418548 0.0418548 -0.08443 5.18014e-14 -2.58925e-14 9.08579e-14
252300 0.0418715 0.0418715 -0.0844633 2.014e-12 -7.49539e-14 1.14195e-12
252400 0.0418881 0.0418881 -0.0844967 1.23376e-13 -2.07473e-14 1.11924e-13
252500 0.0419048 0.0419048 -0.08453 1.14054e-13 -4.11546e-14 1.16539e-13
252600 0.0419215 0.0419215 -0.0845633 1.76686e-13 -2.55629e-14 9.20167e-14
252700 0.0419381 0.0419381 -0.0845967 1.91681e-13 -2.84044e-14 1.20993e-13
252800 0.0419548 0.0419548 -0.08463 1.68184e-13 -1.67609e-14 9.72208e-14
252900 0.0419715 0.0419715 -0.0846633 1.61989e-13 -1.436e-14 9.93719e-14
253000 0.0419881 0.0419881 -0.0846967 1.22998e-13 -2.92127e-14 9.28702e-14
253100 0.0420048 0.0420048 -0.08473 1.49232e-13 -6.04725e-15 7.79168e-14
253200 0.0420215 0.0420215 -0.0847633 1.21293e-13 -8.61464e-15 8.12961e-14
253300 0.0420381 0.0420381 -0.0847967 9.75079e-14 -7.50441e-15 5.91333e-14
253400 0.0420548 0.0420548 -0.08483 1.18788e-13 -3.8608e-14 9.34114e-14
253500 0.0420715 0.0420715 -0.0848633 1.32322e-13 -2.15453e-14 8.38149e-14
253600 0.0420881 0.0420881 -0.0848967 1.16864e-13 -3.90035e-14 8.42729e-14
253700 0.0421048 0.0421048 -0.08493 1.49678e-13 -1.78191e-14 8.23508e-14
253800 0.0421215 0.0421215 -0.0849633 1.01616e-13 -1.35621e-14 5.15907e-14
253900 0.0421381 0.0421381 -0.0849967 1.4855e-13 -1.32845e-14 7.10057e-14
254000 0.0421548 0.0421548 -0.08503 1.45489e-13 -1.62162e-14 6.89726e-14
254100 0.0421715 0.0421715 -0.0850633 1.57363e-13 -1.8905e-14 9.16281e-14
254200 0.0421881 0.0421881 -0.0850967 1.12206e-13 -1.75172e-14 4.928e-14
254300 0.0422048 0.0422048 -0.08513 1.61703e-13 -1.94636e-15 5.52336e-14
254400 0.0422215 0.0422215 -0.0851633 1.44087e-13 -2.23987e-14 7.73062e-14
254500 0.0422381 0.0422381 -0.0851967 1.54296e-12 6.33393e-13 1.63598e-13
254600 0.0422548 0.0422548 -0.08523 1.97251e-12 1.97214e-13 5.80501e-13
254700 0.0422715 0.0422715 -0.0852633 2.51642e-13 7.71952e-15 7.84164e-14
254800 0.0422881 0.0422881 -0.0852967 2.53503e-13 3.68455e-15 6.42333e-14
254900 0.0423048 0.0423048 -0.08533 2.79101e-13 1.07345e-14 7.49123e-14
255000 0.0423215 0.0423215 -0.0853633 2.61928e-13 1.49394e-14 6.36782e-14
255100 0.0423382 0.0423382 -0.0853967 2.79808e-13 -6.59195e-15 8.74995e-14
255200 0.0423548 0.0423548 -0.08543 2.55003e-13 8.56953e-16 7.07698e-14
255300 0.0423715 0.0423715 -0.0854633 2.6595e-13 -9.4369e-16 7.19841e-14
255400 0.0423882 0.0423882 -0.0854967 2.44703e-13 1.18724e-14 5.38111e-14
255500 0.0424048 0.0424048 -0.08553 2.10751e-13 1.46064e-14 3.43475e-14
255600 0.0424215 0.0424215 -0.0855633 1.75458e-12 2.42181e-13 8.57717e-14
255700 0.0424382 0.0424382 -0.0855967 3.19615e-13 2.61631e-14 3.29389e-14
255800 0.0424548 0.0424548 -0.08563 6.43524e-13 6.83023e-13 -4.90781e-13
255900 0.0424715 0.0424715 -0.0856633 3.06367e-13 4.30732e-14 4.36665e-14
256000 0.0424882 0.0424882 -0.0856967 3.09626e-13 2.64198e-14 5.6323e-14
256100 0.0425048 0.0425048 -0.08573 3.35073e-13 3.11452e-14 4.51236e-14
256200 0.0425215 0.0425215 -0.0857633 2.86676e-13 3.8549e-14 9.51322e-15
256300 0.0425382 0.0425382 -0.0857967 3.18111e-13 1.93699e-14 4.92037e-14
256400 0.0425548 0.0425548 -0.08583 2.69592e-13 3.97044e-14 -3.44863e-15
256500 0.0425715 0.0425715 -0.0858633 3.34446e-12 6.1378e-14 5.66353e-14
256600 0.0425882 0.0425882 -0.0858967 3.77647e-13 2.99448e-14 1.03181e-14
256700 0.0426048 0.0426048 -0.08593 3.56337e-13 2.7485e-14 3.2585e-14
256800 0.0426215 0.0426215 -0.0859633 3.8252e-13 2.11185e-14 2.17951e-14
256900 0.0426382 0.0426382 -0.0859967 3.86412e-13 4.28997e-14 1.41137e-14
257000 0.0426548 0.0426548 -0.08603 3.83557e-13 2.46678e-14 3.06352e-14
257100 0.0426715 0.0426715 -0.0860633 3.70938e-13 2.06501e-14 3.15581e-14
257200 0.0426882 0.0426882 -0.0860967 3.83718e-13 3.03126e-14 2.32731e-14
257300 0.0427048 0.0427048 -0.08613 3.95683e-13 1.83291e-14 4.72608e-14
257400 0.0427215 0.0427215 -0.0861633 3.94444e-13 3.05554e-14 1.18724e-14
257500 0.0427382 0.0427382 -0.0861967 3.55246e-13 9.6069e-15 3.19883e-14
257600 0.0427548 0.0427548 -0.08623 3.37186e-13 7.12971e-15 1.02071e-14
257700 0.0427715 0.0427715 -0.0862633 3.84353e-13 1.84783e-14 2.86229e-14
257800 0.0427882 0.0427882 -0.0862967 3.8883e-13 1.93734e-14 3.83513e-14
257900 0.0428048 0.0428048 -0.08633 3.52129e-13 1.83603e-14 2.48551e-14
258000 0.0428215 0.0428215 -0.0863633 3.74143e-13 1.23478e-14 2.49523e-14
258100 0.0428382 0.0428382 -0.0863967 3.78819e-13 2.24334e-14 2.25375e-14
258200 0.0428548 0.0428548 -0.08643 2.99251e-13 3.40838e-14 -1.89709e-14
258300 0.0428715 0.0428715 -0.0864633 3.59364e-13 2.47753e-14 1.59386e-14
258400 0.0428882 0.0428882 -0.0864967 3.09874e-13 1.6518e-14 2.08861e-15
258500 0.0429048 0.0429048 -0.08653 3.23926e-13 1.30521e-14 2.9636e-14
258600 0.0429215 0.0429215 -0.0865633 3.28134e-13 1.07241e-14 1.8506e-14
258700 0.0429382 0.0429382 -0.0865967 3.42291e-13 1.5779e-14 2.10665e-14
258800 0.0429548 0.0429548 -0.08663 3.15871e-13 2.54553e-14 3.46251e-15
258900 0.0429715 0.0429715 -0.0866633 3.20283e-13 2.03518e-14 -2.56739e-15
259000 0.0429882 0.0429882 -0.0866967 3.34738e-13 9.8567e-15 2.86507e-14
259100 0.0430048 0.0430048 -0.08673 3.11826e-13 1.05228e-14 2.62568e-14
259200 0.0430215 0.0430215 -0.0867633 3.12423e-13 4.49987e-15 2.15591e-14
259300 0.0430382 0.0430382 -0.0867967 2.47787e-13 8.98587e-16 2.78944e-15
259400 0.0430548 0.0430548 -0.08683 2.70382e-13 2.16285e-14 -1.65146e-14
259500 0.0430715 0.0430715 -0.0868633 2.96493e-13 -1.23929e-14 2.86993e-14
259600 0.0430882 0.0430882 -0.0868967 3.01015e-13 3.19224e-14 -3.2821e-15
259700 0.0431048 0.0431048 -0.08693 2.86064e-13 1.46827e-14 5.44703e-15
259800 0.0431215 0.0431215 -0.0869633 3.02592e-13 2.6576e-15 2.64927e-14
259900 0.0431382 0.0431382 -0.0869967 2.70233e-13 2.30059e-14 -6.89032e-15
260000 0.0431548 0.0431548 -0.08703 2.76729e-13 1.53558e-14 1.73403e-14
260100 0.0431715 0.0431715 -0.0870633 3.17304e-13 6.19296e-15 2.74572e-14
260200 0.0431882 0.0431882 -0.0870967 2.54474e-13 3.29216e-14 -2.49106e-14
260300 0.0432048 0.0432048 -0.08713 2.58874e-13 2.92127e-15 1.38778e-15
260400 0.0432215 0.0432215 -0.0871633 2.67733e-13 2.88415e-14 -8.95117e-16
260500 0.0432382 0.0432382 -0.0871967 2.90348e-13 7.70564e-15 1.28161e-14
260600 0.0432548 0.0432548 -0.08723 2.55815e-13 1.062e-14 -3.94129e-15
260700 0.0432715 0.0432715 -0.0872633 2.4867e-13 2.05252e-14 -1.87975e-14
260800 0.0432882 0.0432882 -0.0872967 2.4873e-12 1.00989e-13 2.43923e-13
260900 0.0433048 0.0433048 -0.08733 3.36867e-13 3.63182e-14 -2.88658e-14
261000 0.0433215 0.0433215 -0.0873633 3.36274e-13 4.996e-16 1.60982e-14
261100 0.0433382 0.0433382 -0.0873967 3.6746e-13 1.26531e-14 2.17604e-14
261200 0.0433548 0.0433548 -0.08743 3.373e-13 5.6552e-15 8.53484e-16
261300 0.0433715 0.0433715 -0.0874633 3.76316e-13 4.99253e-15 2.4071e-14
261400 0.0433882 0.0433882 -0.0874967 3.56329e-13 1.10606e-14 2.97679e-15
261500 0.0434048 0.0434048 -0.08753 3.47672e-13 7.49747e-15 -5.5303e-15
261600 0.0434215 0.0434215 -0.0875633 2.99176e-13 1.44572e-14 1.22957e-14
261700 0.0434382 0.0434382 -0.0875967 3.19351e-13 -9.63812e-15 2.58196e-14
261800 0.0434548 0.0434548 -0.08763 3.41969e-13 1.29965e-14 1.4988e-14
261900 0.0434715 0.0434715 -0.0876633 3.35222e-13 1.29306e-14 1.62162e-14
262000 0.0434882 0.0434882 -0.0876967 3.09326e-13 9.19403e-16 7.70217e-16
262100 0.0435048 0.0435048 -0.08773 3.48526e-13 -2.83454e-15 3.17871e-14
262200 0.0435215 0.0435215 -0.0877633 3.26431e-13 -1.01759e-14 3.38757e-14
262300 0.0435382 0.0435382 -0.0877967 3.24665e-13 -5.34295e-15 4.792e-14
262400 0.0435548 0.0435548 -0.08783 2.90567e-13 -3.407e-15 1.17198e-14
262500 0.0435715 0.0435715 -0.0878633 3.33767e-13 -1.41206e-14 5.54348e-14
262600 0.0435882 0.0435882 -0.0878967 2.97921e-13 -1.14214e-14 2.75752e-14
262700 0.0436048 0.0436048 -0.08793 3.2552e-13 -1.14388e-14 4.11962e-14
262800 0.0436215 0.0436215 -0.0879633 2.94328e-13 1.15602e-14 -3.85803e-15
262900 0.0436382 0.0436382 -0.0879967 2.5433e-13 1.94046e-14 -2.48621e-14
263000 0.0436548 0.0436548 -0.08803 2.91981e-13 1.08663e-14 7.56339e-15
263100 0.0436715 0.0436715 -0.0880633 2.78906e-13 8.4481e-15 -2.67841e-15
263200 0.0436882 0.0436882 -0.0880967 2.68264e-13 -2.81025e-15 1.16573e-15
263300 0.0437048 0.0437048 -0.08813 2.75792e-13 -1.61642e-14 2.46123e-14
263400 0.0437215 0.0437215 -0.0881633 2.8618e-13 -4.05578e-15 1.05402e-14
263500 0.0437382 0.0437382 -0.0881967 3.09057e-13 1.6924e-14 -9.78384e-16
263600 0.0437548 0.0437548 -0.08823 2.72e-13 -8.20871e-15 1.41276e-14
263700 0.0437715 0.0437715 -0.0882633 2.71948e-13 -4.08354e-15 5.22499e-15
263800 0.0437882 0.0437882 -0.0882967 2.51118e-13 2.498e-15 -1.05749e-14
263900 0.0438048 0.0438048 -0.08833 2.95494e-13 1.49845e-14 1.46619e-14
264000 0.0438215 0.0438215 -0.0883633 2.53133e-13 6.98747e-15 -9.04832e-15
264100 0.0438382 0.0438382 -0.0883967 2.80341e-13 -5.50601e-15 2.07126e-14
264200 0.0438548 0.0438548 -0.08843 2.59411e-13 -7.72299e-15 3.75394e-15
264300 0.0438715 0.0438715 -0.0884633 2.78221e-13 -1.16469e-14 1.64382e-14
264400 0.0438882 0.0438882 -0.0884967 1.86819e-12 -6.5532e-13 3.15449e-13
264500 0.0439048 0.0439048 -0.08853 3.04788e-13 -2.05252e-14 1.31631e-14
264600 0.0439215 0.0439215 -0.0885633 3.29874e-13 -1.70697e-14 2.11151e-14
264700 0.0439382 0.0439382 -0.0885967 2.74885e-13 -1.54807e-14 4.10089e-15
264800 0.0439548 0.0439548 -0.08863 2.80731e-13 -2.33841e-15 5.96745e-16
264900 0.0439715 0.0439715 -0.0886633 2.17362e-12 -7.20514e-13 1.16707e-12
265000 0.0439882 0.0439882 -0.0886967 3.29413e-13 -3.43232e-14 3.63598e-14
265100 0.0440048 0.0440048 -0.08873 3.76429e-13 -3.65714e-14 4.20289e-14
265200 0.0440215 0.0440215 -0.0887633 1.41601e-12 -3.84512e-13 8.0546e-13
265300 0.0440382 0.0440382 -0.0887967 3.81047e-13 -6.6492e-14 7.6987e-14
265400 0.0440548 0.0440548 -0.08883 3.34532e-13 -6.34354e-14 7.21229e-14
265500 0.0440715 0.0440715 -0.0888633 3.75409e-13 -5.54036e-14 7.63486e-14
265600 0.0440882 0.0440882 -0.0888967 3.5136e-13 -4.3153e-14 6.06459e-14
265700 0.0441048 0.0441048 -0.08893 3.8942e-13 -4.43083e-14 7.29347e-14
265800 0.0441215 0.0441215 -0.0889633 3.51529e-13 -3.94546e-14 5.23401e-14
265900 0.0441382 0.0441382 -0.0889967 3.87819e-13 -6.34874e-14 9.33073e-14
266000 0.0441548 0.0441548 -0.08903 3.35519e-13 -4.52451e-14 5.92651e-14
266100 0.0441715 0.0441715 -0.0890633 -3.40691e-14 -5.177e-13 4.6442e-13
266200 0.0441882 0.0441882 -0.0890967 3.17514e-13 -8.131e-14 9.71723e-14
266300 0.0442049 0.0442049 -0.08913 3.35349e-13 -5.31797e-14 5.65173e-14
266400 0.0442215 0.0442215 -0.0891633 3.04072e-13 -7.09398e-14 8.75688e-14
266500 0.0442382 0.0442382 -0.0891967 3.03629e-13 -7.28861e-14 8.49945e-14
266600 0.0442549 0.0442549 -0.08923 3.0665e-13 -6.64781e-14 7.53217e-14
266700 0.0442715 0.0442715 -0.0892633 2.6678e-13 -5.21909e-14 4.58522e-14
266800 0.0442882 0.0442882 -0.0892967 2.97258e-13 -4.87943e-14 5.09454e-14
266900 0.0443049 0.0443049 -0.08933 2.73286e-13 -4.59632e-14 5.02445e-14
267000 0.0443215 0.0443215 -0.0893633 3.04735e-13 -5.72459e-14 5.55528e-14
267100 0.0443382 0.0443382 -0.0893967 2.83009e-13 -5.27425e-14 6.72795e-14
267200 0.0443549 0.0443549 -0.08943 2.96895e-13 -6.31127e-14 8.0623e-14
267300 0.0443715 0.0443715 -0.0894633 3.29206e-13 -5.61426e-14 7.74311e-14
267400 0.0443882 0.0443882 -0.0894967 3.00627e-13 -4.6383e-14 5.74887e-14
267500 0.0444049 0.0444049 -0.08953 2.86157e-13 -4.98455e-14 6.61068e-14
267600 0.0444215 0.0444215 -0.0895633 1.09463e-12 -3.55514e-14 6.38066e-13
267700 0.0444382 0.0444382 -0.0895967 3.25837e-13 -5.96086e-14 9.14338e-14
267800 0.0444549 0.0444549 -0.08963 3.18385e-13 -1.0273e-14 7.13249e-14
267900 0.0444715 0.0444715 -0.0896633 3.07541e-13 -4.21121e-14 5.40124e-14
268000 0.0444882 0.0444882 -0.0896967 3.12818e-13 -7.67129e-14 9.19959e-14
268100 0.0445049 0.0445049 -0.08973 1.4363e-12 8.61811e-14 6.56711e-13
268200 0.0445215 0.0445215 -0.0897633 3.00575e-13 -3.74041e-14 7.45098e-14
268300 0.0445382 0.0445382 -0.0897967 3.08582e-13 -4.96964e-14 9.63951e-14
268400 0.0445549 0.0445549 -0.08983 3.454e-13 -4.00999e-14 8.26006e-14
268500 0.0445715 0.0445715 -0.0898633 5.04301e-13 5.52086e-13 -4.18741e-13
268600 0.0445882 0.0445882 -0.0898967 1.20072e-12 1.33293e-13 -1.67699e-13
268700 0.0446049 0.0446049 -0.08993 3.81975e-13 -1.57444e-14 6.54754e-14
268800 0.0446215 0.0446215 -0.0899633 3.30587e-13 -1.24796e-14 3.01356e-14
268900 0.0446382 0.0446382 -0.0899967 3.4736e-13 -2.62221e-14 6.59611e-14
269000 0.0446549 0.0446549 -0.09003 3.39783e-13 -3.19883e-15 3.91284e-14
269100 0.0446715 0.0446715 -0.0900633 3.55668e-13 -9.09689e-15 4.12309e-14
269200 0.0446882 0.0446882 -0.0900967 3.33874e-13 -2.83731e-14 5.23262e-14
269300 0.0447049 0.0447049 -0.09013 3.30523e-13 -7.42462e-15 3.83582e-14
269400 0.0447215 0.0447215 -0.0901633 3.38784e-13 -3.15512e-14 7.61613e-14
269500 0.0447382 0.0447382 -0.0901967 2.92302e-13 -1.45231e-14 4.38538e-14
269600 0.0447549 0.0447549 -0.09023 2.85453e-13 -1.1522e-14 3.3272e-14
269700 0.0447715 0.0447715 -0.0902633 3.18428e-13 -1.15186e-14 3.5992e-14
269800 0.0447882 0.0447882 -0.0902967 3.07333e-13 -1.62474e-14 4.95506e-14
269900 0.0448049 0.0448049 -0.09033 3.12843e-13 -5.13478e-15 3.49443e-14
270000 0.0448215 0.0448215 -0.0903633 3.09703e-13 -2.25236e-14 5.13131e-14
270100 0.0448382 0.0448382 -0.0903967 2.72734e-13 -2.88311e-14 3.62141e-14
270200 0.0448549 0.0448549 -0.09043 3.1336e-13 -5.20764e-15 2.65135e-14
270300 0.0448715 0.0448715 -0.0904633 3.14806e-13 -3.04826e-14 6.87714e-14
270400 0.0448882 0.0448882 -0.0904967 1.92364e-12 -2.15796e-13 1.02766e-12
270500 0.0449049 0.0449049 -0.09053 3.40156e-13 -3.51386e-14 8.49043e-14
270600 0.0449215 0.0449215 -0.0905633 2.87741e-13 -4.39891e-14 7.50788e-14
270700 0.0449382 0.0449382 -0.0905967 3.03643e-13 -3.40075e-14 5.54487e-14
270800 0.0449549 0.0449549 -0.09063 3.22321e-13 -3.24532e-14 6.38586e-14
270900 0.0449715 0.0449715 -0.0906633 3.50663e-13 -4.71359e-14 7.19771e-14
271000 0.0449882 0.0449882 -0.0906967 2.62732e-13 -2.79082e-14 4.5533e-14
271100 0.0450049 0.0450049 -0.09073 1.94422e-12 -4.87214e-14 5.60711e-13
271200 0.0450215 0.0450215 -0.0907633 3.5037e-13 -2.81407e-14 8.14904e-14
271300 0.0450382 0.0450382 -0.0907967 4.10742e-13 -3.10516e-14 7.59323e-14
271400 0.0450549 0.0450549 -0.09083 4.07918e-13 -4.43222e-14 1.19835e-13
271500 0.0450715 0.0450715 -0.0908633 3.10428e-13 2.74086e-16 1.92207e-14
271600 0.0450882 0.0450882 -0.0908967 3.44356e-13 -2.59896e-14 5.0189e-14
271700 0.0451049 0.0451049 -0.09093 3.82991e-13 -5.86579e-14 1.1658e-13
271800 0.0451215 0.0451215 -0.0909633 3.30521e-13 -3.16934e-14 5.50601e-14
271900 0.0451382 0.0451382 -0.0909967 3.20583e-13 -2.67356e-14 5.82798e-14
272000 0.0451549 0.0451549 -0.09103 3.9493e-13 -5.00155e-14 9.7207e-14
272100 0.0451715 0.0451715 -0.0910633 3.52299e-13 -3.36016e-14 6.69742e-14
272200 0.0451882 0.0451882 -0.0910967 4.87907e-13 7.32199e-13 -3.07698e-13
272300 0.0452049 0.0452049 -0.09113 3.58011e-13 -3.36536e-16 4.61436e-14
272400 0.0452215 0.0452215 -0.0911633 1.97745e-12 -5.5185e-14 7.98799e-13
272500 0.0452382 0.0452382 -0.0911967 3.91348e-13 -2.2933e-15 5.48936e-14
272600 0.0452549 0.0452549 -0.09123 3.81923e-13 -7.26849e-15 5.93761e-14
272700 0.0452715 0.0452715 -0.0912633 4.21147e-13 -1.95677e-15 6.44207e-14
272800 0.0452882 0.0452882 -0.0912967 3.81402e-13 -3.98639e-15 5.47756e-14
272900 0.0453049 0.0453049 -0.09133 1.93938e-12 5.8311e-14 1.0686e-12
273000 0.0453215 0.0453215 -0.0913633 3.78321e-13 -2.31759e-15 9.11562e-14
273100 0.0453382 0.0453382 -0.0913967 4.42531e-13 -2.98025e-15 9.82825e-14
273200 0.0453549 0.0453549 -0.09143 4.28804e-13 -8.22259e-16 8.68541e-14
273300 0.0453715 0.0453715 -0.0914633 1.65552e-12 -1.70457e-13 9.61155e-13
273400 0.0453882 0.0453882 -0.0914967 4.73705e-13 -3.2193e-14 1.27641e-13
273500 0.0454049 0.0454049 -0.09153 4.47679e-13 -2.18922e-15 1.14526e-13
273600 0.0454215 0.0454215 -0.0915633 4.73317e-13 -2.86091e-14 1.37085e-13
273700 0.0454382 0.0454382 -0.0915967 2.7967e-12 -4.06987e-13 1.97881e-12
273800 0.0454549 0.0454549 -0.09163 5.18478e-13 -3.69323e-14 1.48617e-13
273900 0.0454715 0.0454715 -0.0916633 5.04545e-13 -3.61967e-14 1.57603e-13
274000 0.0454882 0.0454882 -0.0916967 5.69887e-13 -4.0995e-14 1.76713e-13
274100 0.0455049 0.0455049 -0.09173 5.65146e-13 -6.03163e-14 1.86864e-13
274200 0.0455215 0.0455215 -0.0917633 2.42387e-12 -9.31807e-13 1.79517e-12
274300 0.0455382 0.0455382 -0.0917967 1.67391e-12 6.91981e-14 7.32754e-13
274400 0.0455549 0.0455549 -0.09183 6.04337e-13 -5.49803e-14 2.10866e-13
274500 0.0455715 0.0455715 -0.0918633 2.76304e-12 -4.73642e-13 1.22157e-12
274600 0.0455882 0.0455882 -0.0918967 7.09357e-13 -5.69995e-14 2.35659e-13
274700 0.0456049 0.0456049 -0.09193 7.04708e-13 -9.46361e-14 2.52055e-13
274800 0.0456215 0.0456215 -0.0919633 6.64953e-13 -8.27879e-14 2.27776e-13
274900 0.0456382 0.0456382 -0.0919967 6.80165e-13 -7.8073e-14 2.29518e-13
275000 0.0456549 0.0456549 -0.09203 6.60238e-13 -7.52592e-14 2.20282e-13
275100 0.0456715 0.0456715 -0.0920633 6.78385e-13 -9.448e-14 2.38677e-13
275200 0.0456882 0.0456882 -0.0920967 6.6687e-13 -8.50639e-14 2.25278e-13
275300 0.0457049 0.0457049 -0.09213 3.30688e-12 -7.91103e-14 1.11351e-12
275400 0.0457215 0.0457215 -0.0921633 6.82118e-13 -7.26676e-14 2.03192e-13
275500 0.0457382 0.0457382 -0.0921967 7.46418e-13 -7.54431e-14 2.2992e-13
275600 0.0457549 0.0457549 -0.09223 7.41153e-13 -1.02633e-13 2.4352e-13
275700 0.0457715 0.0457715 -0.0922633 6.82833e-13 -7.72993e-14 2.20456e-13
275800 0.0457882 0.0457882 -0.0922967 7.00106e-13 -7.13596e-14 2.13059e-13
275900 0.0458049 0.0458049 -0.09233 6.99174e-13 -7.41004e-14 2.08944e-13
276000 0.0458215 0.0458215 -0.0923633 2.44783e-12 -4.8329e-13 1.28123e-12
276100 0.0458382 0.0458382 -0.0923967 3.48805e-12 -8.83356e-14 1.33046e-12
276200 0.0458549 0.0458549 -0.09243 8.51382e-13 -9.58608e-14 2.68889e-13
276300 0.0458715 0.0458715 -0.0924633 8.78536e-13 -1.01568e-13 3.00114e-13
276400 0.0458882 0.0458882 -0.0924967 2.21681e-12 -3.33858e-13 1.99361e-12
276500 0.0459049 0.0459049 -0.09253 8.87565e-13 -1.01922e-13 3.06546e-13
276600 0.0459215 0.0459215 -0.0925633 8.34616e-13 -8.7548e-14 3.01231e-13
276700 0.0459382 0.0459382 -0.0925967 2.87706e-12 -2.14332e-13 1.3803e-12
276800 0.0459549 0.0459549 -0.09263 8.70456e-13 -1.00808e-13 2.88908e-13
276900 0.0459715 0.0459715 -0.0926633 8.71032e-13 -8.2951e-14 2.90955e-13
277000 0.0459882 0.0459882 -0.0926967 8.98163e-13 -1.10491e-13 3.10675e-13
277100 0.0460049 0.0460049 -0.09273 1.52091e-12 -8.92193e-13 1.74682e-12
277200 0.0460215 0.0460215 -0.0927633 8.94754e-13 -1.27818e-13 3.1964e-13
277300 0.0460382 0.0460382 -0.0927967 8.94539e-13 -1.45405e-13 3.56506e-13
277400 0.0460549 0.0460549 -0.09283 9.07147e-13 -1.31999e-13 3.36682e-13
277500 0.0460715 0.0460715 -0.0928633 8.53526e-13 -1.32019e-13 3.22013e-13
277600 0.0460882 0.0460882 -0.0928967 8.31565e-13 -1.2117e-13 3.07636e-13
277700 0.0461049 0.0461049 -0.09293 7.58033e-13 -1.83527e-13 4.94632e-13
277800 0.0461216 0.0461216 -0.0929633 7.77847e-13 -1.18124e-13 2.93161e-13
277900 0.0461382 0.0461382 -0.0929967 8.27098e-13 -1.05593e-13 2.90996e-13
278000 0.0461549 0.0461549 -0.09303 8.32344e-13 -1.2881e-13 2.93862e-13
278100 0.0461716 0.0461716 -0.0930633 8.06587e-13 -1.19217e-13 2.80803e-13
278200 0.0461882 0.0461882 -0.0930967 7.6444e-13 -1.1207e-13 2.69978e-13
278300 0.0462049 0.0462049 -0.09313 1.3079e-12 -8.54185e-13 1.22084e-12
278400 0.0462216 0.0462216 -0.0931633 7.50945e-13 -1.46553e-13 3.01918e-13
278500 0.0462382 0.0462382 -0.0931967 7.83959e-13 -1.51473e-13 3.06963e-13
278600 0.0462549 0.0462549 -0.09323 7.59414e-13 -1.29913e-13 3.09787e-13
278700 0.0462716 0.0462716 -0.0932633 7.78805e-13 -1.54883e-13 3.18093e-13
278800 0.0462882 0.0462882 -0.0932967 2.46411e-12 -2.1633e-13 9.53813e-13
278900 0.0463049 0.0463049 -0.09333 7.95202e-13 -1.25129e-13 2.84391e-13
279000 0.0463216 0.0463216 -0.0933633 8.07438e-13 -1.2822e-13 2.86708e-13
279100 0.0463382 0.0463382 -0.0933967 7.78581e-13 -1.21507e-13 2.79624e-13
279200 0.0463549 0.0463549 -0.09343 3.17932e-12 -4.83995e-13 6.74509e-13
279300 0.0463716 0.0463716 -0.0934633 8.5684e-13 -1.59015e-13 2.96006e-13
279400 0.0463882 0.0463882 -0.0934967 8.70098e-13 -1.44915e-13 3.03799e-13
279500 0.0464049 0.0464049 -0.09353 8.70787e-13 -1.53145e-13 3.04839e-13
279600 0.0464216 0.0464216 -0.0935633 8.14034e-13 -1.37779e-13 2.76459e-13
279700 0.0464382 0.0464382 -0.0935967 8.08895e-13 -1.37307e-13 2.571e-13
279800 0.0464549 0.0464549 -0.09363 8.02179e-13 -1.29372e-13 2.52527e-13
279900 0.0464716 0.0464716 -0.0936633 8.057e-13 -1.24425e-13 2.29011e-13
280000 0.0464882 0.0464882 -0.0936967 8.03856e-13 -1.37137e-13 2.67758e-13
280100 0.0465049 0.0465049 -0.09373 7.68301e-13 -1.25587e-13 2.57933e-13
280200 0.0465216 0.0465216 -0.0937633 7.99188e-13 -1.32637e-13 2.53846e-13
280300 0.0465382 0.0465382 -0.0937967 7.77098e-13 -1.45762e-13 2.56989e-13
280400 0.0465549 0.0465549 -0.09383 7.44976e-13 -1.38941e-13 2.63248e-13
280500 0.0465716 0.0465716 -0.0938633 7.85308e-13 -1.21101e-13 2.36124e-13
280600 0.0465882 0.0465882 -0.0938967 7.57182e-13 -1.38809e-13 2.45366e-13
280700 0.0466049 0.0466049 -0.09393 7.40905e-13 -1.29566e-13 2.2074e-13
280800 0.0466216 0.0466216 -0.0939633 7.24189e-13 -1.35149e-13 2.46372e-13
280900 0.0466382 0.0466382 -0.0939967 6.85968e-13 -1.12212e-13 1.97987e-13
281000 0.0466549 0.0466549 -0.09403 7.12316e-13 -1.24914e-13 2.25167e-13
281100 0.0466716 0.0466716 -0.0940633 6.83607e-13 -1.14998e-13 1.96052e-13
281200 0.0466882 0.0466882 -0.0940967 7.06889e-13 -1.21188e-13 2.17139e-13
281300 0.0467049 0.0467049 -0.09413 6.57728e-13 -9.17044e-14 1.59803e-13
281400 0.0467216 0.0467216 -0.0941633 2.57955e-12 -1.50876e-13 1.29084e-12
281500 0.0467382 0.0467382 -0.0941967 1.4482e-12 -3.77084e-13 7.27127e-13
281600 0.0467549 0.0467549 -0.09423 7.17179e-13 -1.19228e-13 2.17208e-13
281700 0.0467716 0.0467716 -0.0942633 2.55307e-12 -4.07934e-13 1.3767e-12
281800 0.0467882 0.0467882 -0.0942967 7.79457e-13 -1.2719e-13 2.48516e-13
281900 0.0468049 0.0468049 -0.09433 8.09104e-13 -1.36908e-13 2.75301e-13
282000 0.0468216 0.0468216 -0.0943633 7.39312e-13 -1.07893e-13 2.16722e-13
282100 0.0468382 0.0468382 -0.0943967 7.62689e-13 -1.28928e-13 2.59293e-13
282200 0.0468549 0.0468549 -0.09443 7.55806e-13 -1.40745e-13 2.42091e-13
282300 0.0468716 0.0468716 -0.0944633 7.28267e-13 -1.05121e-13 2.01811e-13
282400 0.0468882 0.0468882 -0.0944967 7.41035e-13 -1.12813e-13 2.22142e-13
282500 0.0469049 0.0469049 -0.09453 6.98399e-13 -1.25195e-13 2.4241e-13
282600 0.0469216 0.0469216 -0.0945633 6.8695e-13 -1.02293e-13 1.96405e-13
282700 0.0469382 0.0469382 -0.0945967 7.08127e-13 -1.03719e-13 2.1233e-13
282800 0.0469549 0.0469549 -0.09463 2.76846e-12 -3.45765e-14 8.01227e-13
282900 0.0469716 0.0469716 -0.0946633 7.82772e-13 -1.01787e-13 2.27006e-13
283000 0.0469882 0.0469882 -0.0946967 7.64424e-13 -1.10145e-13 2.22759e-13
283100 0.0470049 0.0470049 -0.09473 7.77266e-13 -1.04187e-13 2.15668e-13
283200 0.0470216 0.0470216 -0.0947633 7.55483e-13 -1.16403e-13 2.22593e-13
283300 0.0470382 0.0470382 -0.0947967 7.49516e-13 -1.13298e-13 2.10061e-13
283400 0.0470549 0.0470549 -0.09483 7.091e-13 -9.84317e-14 1.85379e-13
283500 0.0470716 0.0470716 -0.0948633 3.6496e-12 -8.33774e-13 2.50276e-12
283600 0.0470882 0.0470882 -0.0948967 8.00034e-13 -1.44225e-13 2.52395e-13
283700 0.0471049 0.0471049 -0.09493 8.34384e-13 -1.36949e-13 2.8038e-13
283800 0.0471216 0.0471216 -0.0949633 8.20189e-13 -1.4426e-13 2.81192e-13
283900 0.0471382 0.0471382 -0.0949967 7.64788e-13 -1.19186e-13 2.23516e-13
284000 0.0471549 0.0471549 -0.09503 8.04527e-13 -1.27773e-13 2.56122e-13
284100 0.0471716 0.0471716 -0.0950633 7.97216e-13 -1.31076e-13 2.32758e-13
284200 0.0471882 0.0471882 -0.0950967 7.71065e-13 -1.3323e-13 2.41439e-13
284300 0.0472049 0.0472049 -0.09513 7.6076e-13 -1.27735e-13 2.27672e-13
284400 0.0472216 0.0472216 -0.0951633 7.44501e-13 -1.0434e-13 1.88946e-13
284500 0.0472382 0.0472382 -0.0951967 7.67789e-13 -1.12247e-13 2.03788e-13
284600 0.0472549 0.0472549 -0.09523 7.3526e-13 -1.20039e-13 2.18534e-13
284700 0.0472716 0.0472716 -0.0952633 7.72662e-13 -1.18596e-13 2.2693e-13
284800 0.0472882 0.0472882 -0.0952967 7.55973e-13 -1.26552e-13 2.2593e-13
284900 0.0473049 0.0473049 -0.09533 6.9478e-13 -1.22388e-13 1.91062e-13
285000 0.0473216 0.0473216 -0.0953633 6.5141e-13 -1.08205e-13 1.77275e-13
285100 0.0473382 0.0473382 -0.0953967 6.8683e-13 -1.13621e-13 1.90382e-13
285200 0.0473549 0.0473549 -0.09543 6.26e-13 -1.07914e-13 1.62481e-13
285300 0.0473716 0.0473716 -0.0954633 6.99023e-13 -1.12577e-13 1.82541e-13
285400 0.0473882 0.0473882 -0.0954967 6.96822e-13 -1.26163e-13 2.18339e-13
285500 0.0474049 0.0474049 -0.09553 6.45328e-13 -9.07364e-14 1.53842e-13
285600 0.0474216 0.0474216 -0.0955633 6.79818e-13 -1.11678e-13 1.859e-13
285700 0.0474382 0.0474382 -0.0955967 6.38516e-13 -1.09284e-13 1.71911e-13
285800 0.0474549 0.0474549 -0.09563 5.97972e-13 -8.83529e-14 1.34788e-13
285900 0.0474716 0.0474716 -0.0956633 6.57447e-13 -1.11192e-13 1.88731e-13
286000 0.0474882 0.0474882 -0.0956967 5.96262e-13 -9.03652e-14 1.64965e-13
286100 0.0475049 0.0475049 -0.09573 6.33206e-13 -9.52675e-14 1.54078e-13
286200 0.0475216 0.0475216 -0.0957633 5.75155e-13 -8.84917e-14 1.29938e-13
286300 0.0475382 0.0475382 -0.0957967 5.92855e-13 -8.67813e-14 1.42025e-13
286400 0.0475549 0.0475549 -0.09583 6.26364e-13 -9.62876e-14 1.55743e-13
286500 0.0475716 0.0475716 -0.0958633 5.73663e-13 -9.59302e-14 1.42664e-13
286600 0.0475882 0.0475882 -0.0958967 5.6911e-13 -6.79526e-14 1.14186e-13
286700 0.0476049 0.0476049 -0.09593 6.10136e-13 -7.70599e-14 1.50477e-13
286800 0.0476216 0.0476216 -0.0959633 5.99244e-13 -8.45157e-14 1.37779e-13
286900 0.0476382 0.0476382 -0.0959967 2.98637e-12 -1.17798e-12 1.89302e-12
287000 0.0476549 0.0476549 -0.09603 1.86602e-12 -6.46035e-13 9.35273e-13
287100 0.0476716 0.0476716 -0.0960633 6.49757e-13 -1.12885e-13 1.62127e-13
287200 0.0476882 0.0476882 -0.0960967 6.79319e-13 -1.18013e-13 1.94338e-13
287300 0.0477049 0.0477049 -0.09613 6.83867e-13 -1.31395e-13 2.08639e-13
287400 0.0477216 0.0477216 -0.0961633 6.23747e-13 -1.34916e-13 1.71356e-13
287500 0.0477382 0.0477382 -0.0961967 6.29704e-13 -1.32755e-13 1.78954e-13
287600 0.0477549 0.0477549 -0.09623 6.63468e-13 -1.45797e-13 2.16029e-13
287700 0.0477716 0.0477716 -0.0962633 6.70086e-13 -1.46713e-13 2.15904e-13
287800 0.0477882 0.0477882 -0.0962967 5.86915e-13 -1.26246e-13 1.60705e-13
287900 0.0478049 0.0478049 -0.09633 5.61241e-13 -1.21687e-13 1.74069e-13
288000 0.0478216 0.0478216 -0.0963633 6.02505e-13 -1.2064e-13 1.65382e-13
288100 0.0478382 0.0478382 -0.0963967 6.16811e-13 -1.18662e-13 1.66131e-13
288200 0.0478549 0.0478549 -0.09643 5.97365e-13 -1.26593e-13 1.75131e-13
288300 0.0478716 0.0478716 -0.0964633 6.10389e-13 -1.29223e-13 1.84741e-13
288400 0.0478882 0.0478882 -0.0964967 5.64955e-13 -1.26437e-13 1.63154e-13
288500 0.0479049 0.0479049 -0.09653 6.07262e-13 -1.20098e-13 1.58054e-13
288600 0.0479216 0.0479216 -0.0965633 5.80568e-13 -1.23925e-13 1.73604e-13
288700 0.0479382 0.0479382 -0.0965967 5.77433e-13 -1.24189e-13 1.66547e-13
288800 0.0479549 0.0479549 -0.09663 5.48075e-13 -1.05842e-13 1.4895e-13
288900 0.0479716 0.0479716 -0.0966633 5.56016e-13 -1.09052e-13 1.28467e-13
289000 0.0479882 0.0479882 -0.0966967 5.46824e-13 -1.20067e-13 1.64431e-13
289100 0.0480049 0.0480049 -0.09673 5.13942e-13 -1.02345e-13 1.46695e-13
289200 0.0480216 0.0480216 -0.0967633 5.23719e-13 -9.07642e-14 1.22159e-13
289300 0.0480382 0.0480382 -0.0967967 4.92322e-13 -1.05443e-13 1.32581e-13
289400 0.0480549 0.0480549 -0.09683 4.9877e-13 -1.0671e-13 1.35454e-13
289500 0.0480716 0.0480716 -0.0968633 4.99653e-13 -1.10731e-13 1.26156e-13
289600 0.0480882 0.0480882 -0.0968967 5.16936e-13 -1.01752e-13 1.25962e-13
289700 0.0481049 0.0481049 -0.09693 5.07482e-13 -9.6801e-14 1.45078e-13
289800 0.0481216 0.0481216 -0.0969633 4.59605e-13 -9.92574e-14 1.1182e-13
289900 0.0481383 0.0481383 -0.0969967 4.48743e-13 -8.13238e-14 9.29118e-14
290000 0.0481549 0.0481549 -0.09703 2.25483e-12 -3.97397e-13 1.45777e-12
290100 0.0481716 0.0481716 -0.0970633 5.30864e-13 -9.29638e-14 1.35891e-13
290200 0.0481883 0.0481883 -0.0970967 5.12966e-13 -8.73433e-14 1.51053e-13
290300 0.0482049 0.0482049 -0.09713 5.94655e-13 -7.65291e-14 1.49374e-13
290400 0.0482216 0.0482216 -0.0971633 4.91817e-13 -8.87623e-14 1.22027e-13
290500 0.0482383 0.0482383 -0.0971967 4.84388e-13 -1.01877e-13 1.47687e-13
290600 0.0482549 0.0482549 -0.09723 4.97967e-13 -9.91499e-14 1.50178e-13
290700 0.0482716 0.0482716 -0.0972633 4.69257e-13 -6.93508e-14 9.22318e-14
290800 0.0482883 0.0482883 -0.0972967 4.92334e-13 -8.75446e-14 1.14998e-13
290900 0.0483049 0.0483049 -0.09733 4.81047e-13 -8.39329e-14 1.11605e-13
291000 0.0483216 0.0483216 -0.0973633 4.63078e-13 -7.25774e-14 1.02592e-13
291100 0.0483383 0.0483383 -0.0973967 4.46812e-13 -7.84858e-14 1.13985e-13
291200 0.0483549 0.0483549 -0.09743 4.27527e-13 -9.0563e-14 1.12292e-13
291300 0.0483716 0.0483716 -0.0974633 4.32513e-13 -8.10324e-14 1.04222e-13
291400 0.0483883 0.0483883 -0.0974967 4.18348e-13 -8.46719e-14 9.31824e-14
291500 0.0484049 0.0484049 -0.09753 4.16504e-13 -6.8643e-14 8.91301e-14
291600 0.0484216 0.0484216 -0.0975633 4.04866e-13 -8.35824e-14 1.04451e-13
291700 0.0484383 0.0484383 -0.0975967 4.36157e-13 -6.98157e-14 9.83311e-14
291800 0.0484549 0.0484549 -0.09763 3.97641e-13 -5.86926e-14 8.41965e-14
291900 0.0484716 0.0484716 -0.0976633 4.41141e-13 -8.24514e-14 1.14166e-13
292000 0.0484883 0.0484883 -0.0976967 3.60065e-13 -4.17652e-14 5.22915e-14
292100 0.0485049 0.0485049 -0.09773 3.82467e-13 -5.37972e-14 8.01859e-14
292200 0.0485216 0.0485216 -0.0977633 3.57612e-13 -5.00121e-14 5.4512e-14
292300 0.0485383 0.0485383 -0.0977967 3.97547e-13 -6.21968e-14 7.36841e-14
292400 0.0485549 0.0485549 -0.09783 3.57932e-13 -6.91842e-14 7.89438e-14
292500 0.0485716 0.0485716 -0.0978633 3.67585e-13 -5.98896e-14 7.28168e-14
292600 0.0485883 0.0485883 -0.0978967 3.88829e-13 -5.67185e-14 7.48776e-14
292700 0.0486049 0.0486049 -0.09793 3.60204e-13 -6.83967e-14 7.70425e-14
292800 0.0486216 0.0486216 -0.0979633 3.12674e-13 -4.77361e-14 4.54151e-14
292900 0.0486383 0.0486383 -0.0979967 3.5598e-13 -5.26211e-14 6.17492e-14
293000 0.0486549 0.0486549 -0.09803 3.07926e-13 -3.79037e-14 4.88776e-14
293100 0.0486716 0.0486716 -0.0980633 3.42569e-13 -6.90108e-14 5.58789e-14
293200 0.0486883 0.0486883 -0.0980967 3.38863e-13 -5.13825e-14 4.98698e-14
293300 0.0487049 0.0487049 -0.09813 3.05767e-13 -3.56069e-14 1.86309e-14
293400 0.0487216 0.0487216 -0.0981633 3.37805e-13 -3.832e-14 3.78031e-14
293500 0.0487383 0.0487383 -0.0981967 3.51714e-13 -4.75696e-14 5.97647e-14
293600 0.0487549 0.0487549 -0.09823 3.46142e-13 -4.7122e-14 5.64687e-14
293700 0.0487716 0.0487716 -0.0982633 2.92977e-13 -4.16195e-14 3.17593e-14
293800 0.0487883 0.0487883 -0.0982967 3.05474e-13 -5.20001e-14 5.12021e-14
293900 0.0488049 0.0488049 -0.09833 2.87868e-13 -2.95111e-14 1.9304e-14
294000 0.0488216 0.0488216 -0.0983633 2.78308e-13 -3.85664e-14 2.29886e-14
294100 0.0488383 0.0488383 -0.0983967 3.51579e-13 -4.64281e-14 6.60097e-14
294200 0.0488549 0.0488549 -0.09843 3.06556e-13 -3.9458e-14 4.21121e-14
294300 0.0488716 0.0488716 -0.0984633 3.04728e-13 -4.50646e-14 4.52624e-14
294400 0.0488883 0.0488883 -0.0984967 3.21714e-13 -3.50171e-14 2.95666e-14
294500 0.0489049 0.0489049 -0.09853 3.08959e-13 -6.70887e-14 5.4047e-14
294600 0.0489216 0.0489216 -0.0985633 2.65603e-13 -3.40561e-14 2.6569e-14
294700 0.0489383 0.0489383 -0.0985967 3.09956e-13 -3.80321e-14 3.16205e-14
294800 0.0489549 0.0489549 -0.09863 2.30023e-13 -5.33532e-14 3.72202e-14
294900 0.0489716 0.0489716 -0.0986633 2.98153e-13 -3.97148e-14 5.35058e-14
295000 0.0489883 0.0489883 -0.0986967 2.76852e-13 -4.2924e-14 4.02595e-14
295100 0.0490049 0.0490049 -0.09873 2.44149e-13 -4.23134e-14 3.1794e-14
295200 0.0490216 0.0490216 -0.0987633 2.75258e-13 -3.15095e-14 2.17951e-14
295300 0.0490383 0.0490383 -0.0987967 2.75879e-13 -3.27342e-14 3.31749e-14
295400 0.0490549 0.0490549 -0.09883 2.59434e-13 -4.38226e-14 3.32581e-14
295500 0.0490716 0.0490716 -0.0988633 2.49896e-13 -2.92613e-14 2.39531e-14
295600 0.0490883 0.0490883 -0.0988967 2.21159e-13 -9.23567e-15 -1.08108e-14
295700 0.0491049 0.0491049 -0.09893 2.57866e-13 -4.53283e-14 5.73153e-14
295800 0.0491216 0.0491216 -0.0989633 2.29886e-13 -2.06016e-14 4.01762e-15
295900 0.0491383 0.0491383 -0.0989967 2.6116e-13 -2.81788e-14 3.31887e-14
296000 0.0491549 0.0491549 -0.09903 2.30898e-13 -3.29944e-14 2.68258e-14
296100 0.0491716 0.0491716 -0.0990633 2.19974e-13 -3.75568e-14 1.65493e-14
296200 0.0491883 0.0491883 -0.0990967 2.30719e-13 -3.94199e-14 2.84842e-14
296300 0.0492049 0.0492049 -0.09913 2.29352e-13 -1.43704e-14 -6.93196e-15
296400 0.0492216 0.0492216 -0.0991633 2.58431e-13 -3.8098e-14 3.73659e-14
296500 0.0492383 0.0492383 -0.0991967 2.10237e-13 -2.1351e-14 1.14006e-14
296600 0.0492549 0.0492549 -0.09923 1.60747e-13 -2.66662e-14 -7.93809e-15
296700 0.0492716 0.0492716 -0.0992633 2.0798e-13 -1.9644e-14 6.02296e-15
296800 0.0492883 0.0492883 -0.0992967 1.97647e-13 -3.4004e-14 1.57721e-14
296900 0.0493049 0.0493049 -0.09933 1.89774e-13 -2.92925e-14 -1.69309e-15
297000 0.0493216 0.0493216 -0.0993633 2.05545e-13 -1.97134e-14 9.7769e-15
297100 0.0493383 0.0493383 -0.0993967 1.81488e-13 -1.37772e-14 -2.87617e-14
297200 0.0493549 0.0493549 -0.09943 2.06671e-13 -3.83443e-14 3.12528e-14
297300 0.0493716 0.0493716 -0.0994633 1.81224e-13 -3.22867e-14 6.33521e-15
297400 0.0493883 0.0493883 -0.0994967 2.19974e-13 -3.37716e-14 2.77972e-14
297500 0.0494049 0.0494049 -0.09953 1.70542e-13 -5.65173e-15 6.8695e-16
297600 0.0494216 0.0494216 -0.0995633 1.84117e-13 -1.33608e-14 4.57273e-15
297700 0.0494383 0.0494383 -0.0995967 1.93978e-13 -2.97921e-14 1.4537e-14
297800 0.0494549 0.0494549 -0.09963 1.83045e-13 -2.0612e-14 -2.61596e-15
297900 0.0494716 0.0494716 -0.0996633 1.68949e-13 -5.13825e-15 -2.03795e-14
298000 0.0494883 0.0494883 -0.0996967 2.2488e-13 -2.0782e-14 1.8513e-14
298100 0.0495049 0.0495049 -0.09973 1.89877e-13 -1.9075e-14 1.60774e-14
298200 0.0495216 0.0495216 -0.0997633 1.57141e-13 -2.06467e-14 -2.13649e-14
298300 0.0495383 0.0495383 -0.0997967 1.3728e-13 -1.87454e-14 2.5431e-14
298400 0.0495549 0.0495549 -0.09983 1.36093e-13 1.07553e-14 -2.05252e-14
298500 0.0495716 0.0495716 -0.0998633 1.54063e-13 -3.34802e-15 -1.51476e-14
298600 0.0495883 0.0495883 -0.0998967 1.74302e-13 -2.49904e-14 1.51892e-14
298700 0.0496049 0.0496049 -0.09993 1.23105e-13 -1.46896e-14 -6.14092e-15
298800 0.0496216 0.0496216 -0.0999633 1.63743e-13 -2.2933e-14 1.92832e-14
298900 0.0496383 0.0496383 -0.0999967 1.40395e-13 -2.01922e-14 1.33921e-15
299000 0.0496549 0.0496549 -0.10003 1.65903e-13 -9.69017e-15 3.57353e-15
299100 0.0496716 0.0496716 -0.100063 1.34987e-13 3.02189e-15 -2.47094e-14
299200 0.0496883 0.0496883 -0.100097 1.63551e-13 -1.02036e-14 -1.00545e-14
299300 0.0497049 0.0497049 -0.10013 1.38831e-13 -2.8727e-15 -6.87644e-15
299400 0.0497216 0.0497216 -0.100163 1.35537e-13 -3.95517e-15 -2.57711e-14
299500 0.0497383 0.0497383 -0.100197 1.51806e-13 -9.02056e-15 -1.33921e-14
299600 0.0497549 0.0497549 -0.10023 1.45345e-13 -8.51055e-15 8.18096e-15
299700 0.0497716 0.0497716 -0.100263 1.18104e-13 1.56819e-15 -1.3059e-14
299800 0.0497883 0.0497883 -0.100297 1.40703e-13 -9.92262e-16 -6.88338e-15
299900 0.0498049 0.0498049 -0.10033 1.05977e-13 -2.67841e-15 -2.28567e-14
300000 0.0498216 0.0498216 -0.100363 9.57871e-14 4.10436e-15 -4.75731e-14
300100 0.0498383 0.0498383 -0.100397 2.65698e-12 -3.00739e-13 1.57026e-12
300200 0.0498549 0.0498549 -0.10043 1.97856e-13 -2.27526e-14 3.69219e-14
300300 0.0498716 0.0498716 -0.100463 2.36657e-13 -1.70593e-14 4.26117e-14
300400 0.0498883 0.0498883 -0.100497 2.31514e-13 -1.1869e-14 4.84682e-14
300500 0.0499049 0.0499049 -0.10053 2.47709e-13 -2.85778e-14 6.55656e-14
300600 0.0499216 0.0499216 -0.100563 1.77481e-12 -1.75152e-13 1.05541e-12
