1 -0.178884 -0.178884 -0.371678 2.70871e-18 5.29396e-18 2.11758e-17 0
2 -0.359987 -0.359987 -0.747979 -1.17212e-18 0 1.05879e-17 0
3 -0.538896 -0.538896 -1.1197 4.15593e-18 1.05879e-17 5.29396e-17 0
4 -0.719975 -0.719975 -1.49596 3.02402e-19 0 4.23516e-17 0
5 -0.898909 -0.898909 -1.86772 -1.02784e-17 2.11758e-17 1.05879e-16 0
6 -1.07996 -1.07996 -2.24394 1.1041e-17 2.11758e-17 2.11758e-17 0
7 -1.25892 -1.25892 -2.61574 -4.86003e-18 4.23516e-17 8.47033e-17 0
8 -1.43995 -1.43995 -2.99192 6.03495e-19 4.23516e-17 0 0
9 -1.61893 -1.61893 -3.36376 1.64405e-17 4.23516e-17 -8.47033e-17 0
10 -1.79994 -1.79994 -3.7399 7.53578e-19 -4.23516e-17 -4.23516e-17 0
11 -1.97894 -1.97894 -4.11178 6.83626e-19 -8.47033e-17 4.23516e-17 0
12 -2.15993 -2.15993 -4.48788 2.20792e-17 -1.69407e-16 4.23516e-17 0
13 -2.33896 -2.33896 -4.8598 2.72787e-17 -8.47033e-17 1.27055e-16 0
14 -2.51992 -2.51992 -5.23586 -9.53504e-18 -1.69407e-16 1.69407e-16 0
15 -2.69897 -2.69897 -5.60782 6.22844e-18 -8.47033e-17 8.47033e-17 0
16 -2.87991 -2.87991 -5.98384 1.2021e-18 -1.69407e-16 0 0
17 -3.05898 -3.05898 -6.35583 -2.54095e-17 -8.47033e-17 1.69407e-16 0
18 -3.2399 -3.2399 -6.73182 -9.23685e-18 -1.69407e-16 0 0
19 -3.41899 -3.41899 -7.10385 6.48038e-18 -1.69407e-16 1.69407e-16 0
20 -3.59988 -3.59988 -7.47981 2.26756e-17 -2.5411e-16 1.69407e-16 0
21 -3.779 -3.779 -7.85187 6.60673e-18 -8.47033e-17 0 0
22 -3.95987 -3.95987 -8.22779 -7.24671e-17 0 8.47033e-17 0
23 -4.13901 -4.13901 -8.59989 -2.50304e-17 0 1.69407e-16 0
24 -4.31986 -4.31986 -8.97577 -1.93794e-17 -1.69407e-16 1.69407e-16 0
25 -4.49902 -4.49902 -9.34791 -3.54915e-17 0 2.5411e-16 0
26 -4.67986 -4.67986 -9.72375 -8.64346e-18 -8.47033e-17 1.69407e-16 0
27 -4.85903 -4.85903 -10.0959 -2.47765e-17 -1.69407e-16 3.38813e-16 0
28 -5.03985 -5.03985 -10.4717 -1.03787e-16 -3.38813e-16 1.69407e-16 0
29 -5.21904 -5.21904 -10.8439 7.11447e-18 -3.38813e-16 3.38813e-16 0
30 -5.39984 -5.39984 -11.2197 9.7531e-17 -1.69407e-16 0 0
31 -5.57905 -5.57905 -11.592 3.90057e-17 -3.38813e-16 -1.69407e-16 0
32 -5.75983 -5.75983 -11.9677 2.3563e-17 -3.38813e-16 3.38813e-16 0
33 -5.93905 -5.93905 -12.34 2.85455e-17 -3.38813e-16 0 0
34 -6.11982 -6.11982 -12.7157 -8.05361e-18 -1.69407e-16 3.38813e-16 0
35 -6.29906 -6.29906 -13.088 -3.0904e-18 -1.69407e-16 3.38813e-16 0
36 -6.47981 -6.47981 -13.4637 -6.08462e-17 -1.69407e-16 0 0
37 -6.65907 -6.65907 -13.836 -7.70777e-17 -1.69407e-16 1.69407e-16 0
38 -6.8398 -6.8398 -14.2117 -5.01115e-17 0 1.69407e-16 0
39 -7.01908 -7.01908 -14.584 -6.63616e-17 -1.69407e-16 3.38813e-16 0
40 -7.19979 -7.19979 -14.9596 -1.45256e-16 -1.69407e-16 1.69407e-16 0
41 -7.37909 -7.37909 -15.332 -5.56452e-17 0 1.69407e-16 0
42 -7.55979 -7.55979 -15.7076 -7.46685e-18 -1.69407e-16 0 0
43 -7.7391 -7.7391 -16.0801 -2.57707e-18 -1.69407e-16 -1.69407e-16 0
44 -7.91978 -7.91978 -16.4556 2.44431e-17 0 -1.69407e-16 0
45 -8.0991 -8.0991 -16.8281 -3.4212e-17 1.69407e-16 0 0
46 -8.27977 -8.27977 -17.2036 -2.83503e-17 1.69407e-16 0 0
47 -8.45911 -8.45911 -17.5761 -2.34952e-17 0 1.69407e-16 0
48 -8.63976 -8.63976 -17.9516 -3.87923e-17 1.69407e-16 3.38813e-16 0
49 -8.81912 -8.81912 -18.3241 -1.61009e-16 3.38813e-16 0 0
50 -8.99976 -8.99976 -18.6996 -7.04102e-17 -3.38813e-16 1.69407e-16 0
51 -9.17913 -9.17913 -19.0721 -1.50292e-16 -1.69407e-16 0 0
52 -9.35975 -9.35975 -19.4476 -1.7325e-17 0 0 0
53 -9.53913 -9.53913 -19.8201 -9.7223e-17 -1.69407e-16 -3.38813e-16 0
54 -9.71974 -9.71974 -20.1955 -6.59159e-18 -1.69407e-16 -5.0822e-16 0
55 -9.89914 -9.89914 -20.5681 -8.65056e-17 -3.38813e-16 3.38813e-16 0
56 -10.0797 -10.0797 -20.9435 -1.65265e-16 -6.77626e-16 6.77626e-16 0
57 -10.2591 -10.2591 -21.3162 -7.5788e-17 0 3.38813e-16 0
58 -10.4397 -10.4397 -21.6915 -1.54532e-16 -6.77626e-16 3.38813e-16 0
59 -10.6192 -10.6192 -22.0642 -1.49774e-16 -3.38813e-16 6.77626e-16 0
60 -10.7997 -10.7997 -22.4395 2.56079e-17 3.38813e-16 6.77626e-16 0
61 -10.9792 -10.9792 -22.8122 1.15054e-16 0 6.77626e-16 0
62 -11.1597 -11.1597 -23.1875 -6.01084e-18 -3.38813e-16 0 0
63 -11.3392 -11.3392 -23.5602 3.3753e-16 3.38813e-16 3.38813e-16 0
64 -11.5197 -11.5197 -23.9355 2.58832e-16 0 -3.38813e-16 0
65 -11.6992 -11.6992 -24.3082 -3.29167e-17 3.38813e-16 6.77626e-16 0
66 -11.8797 -11.8797 -24.6835 1.54546e-17 3.38813e-16 -3.38813e-16 0
67 -12.0592 -12.0592 -25.0562 -2.33957e-16 3.38813e-16 1.01644e-15 0
68 -12.2397 -12.2397 -25.4314 -3.54978e-16 0 -3.38813e-16 0
69 -12.4192 -12.4192 -25.8042 -3.50293e-16 0 -6.77626e-16 0
70 -12.5997 -12.5997 -26.1794 -1.74839e-16 -3.38813e-16 1.01644e-15 0
71 -12.7792 -12.7792 -26.5522 -2.54872e-16 6.77626e-16 -6.77626e-16 0
72 -12.9597 -12.9597 -26.9274 -3.70513e-17 0 -6.77626e-16 0
73 -13.1392 -13.1392 -27.3003 5.23082e-17 3.38813e-16 3.38813e-16 0
74 -13.3197 -13.3197 -27.6754 5.83843e-17 0 -3.38813e-16 0
75 -13.4992 -13.4992 -28.0483 1.4773e-16 0 -6.77626e-16 0
76 -13.6797 -13.6797 -28.4234 6.91165e-17 0 0 0
77 -13.8592 -13.8592 -28.7963 2.85504e-16 -3.38813e-16 -3.38813e-16 0
78 -14.0397 -14.0397 -29.1714 2.49255e-16 0 3.38813e-16 0
79 -14.2192 -14.2192 -29.5443 4.23277e-16 -3.38813e-16 6.77626e-16 0
80 -14.3997 -14.3997 -29.9194 2.59987e-16 -6.77626e-16 0 0
81 -14.5792 -14.5792 -30.2923 -3.18721e-17 -6.77626e-16 6.77626e-16 0
82 -14.7597 -14.7597 -30.6674 1.01312e-16 -6.77626e-16 1.01644e-15 0
83 -14.9392 -14.9392 -31.0403 1.48253e-16 -6.77626e-16 0 0
84 -15.1197 -15.1197 -31.4154 2.39099e-16 0 3.38813e-16 0
85 -15.2992 -15.2992 -31.7883 1.58972e-16 -6.77626e-16 -3.38813e-16 0
86 -15.4796 -15.4796 -32.1633 2.49831e-16 -6.77626e-16 -1.01644e-15 0
87 -15.6592 -15.6592 -32.5363 3.8145e-16 -1.01644e-15 3.38813e-16 0
88 -15.8396 -15.8396 -32.9113 3.45266e-16 3.38813e-16 -3.38813e-16 0
89 -16.0192 -16.0192 -33.2843 9.57073e-17 0 -1.01644e-15 0
90 -16.1996 -16.1996 -33.6593 3.13646e-16 -6.77626e-16 3.38813e-16 0
91 -16.3792 -16.3792 -34.0324 4.02888e-16 -3.38813e-16 0 0
92 -16.5596 -16.5596 -34.4073 3.24377e-16 0 -3.38813e-16 0
93 -16.7392 -16.7392 -34.7804 3.71256e-16 -3.38813e-16 -3.38813e-16 0
94 -16.9196 -16.9196 -35.1553 1.23351e-16 -6.77626e-16 1.35525e-15 0
95 -17.0992 -17.0992 -35.5284 4.24327e-16 0 1.35525e-15 0
96 -17.2796 -17.2796 -35.9033 7.69357e-16 -3.38813e-16 1.35525e-15 0
97 -17.4593 -17.4593 -36.2764 9.85618e-16 6.77626e-16 1.35525e-15 0
98 -17.6396 -17.6396 -36.6513 -3.21055e-16 -3.38813e-16 1.35525e-15 0
99 -17.8193 -17.8193 -37.0244 6.46008e-17 -3.38813e-16 6.77626e-16 0
100 -17.9996 -17.9996 -37.3993 -5.62139e-17 0 -3.38813e-16 0
101 -18.1793 -18.1793 -37.7724 1.60024e-16 3.38813e-16 0 0
102 -18.3596 -18.3596 -38.1473 -8.07812e-16 -1.01644e-15 3.38813e-16 0
103 -18.5393 -18.5393 -38.5204 -5.06883e-16 0 0 0
104 -18.7196 -18.7196 -38.8953 3.04062e-16 0 0 0
105 -18.8993 -18.8993 -39.2684 1.20565e-17 -6.77626e-16 0 0
106 -19.0796 -19.0796 -39.6432 1.45386e-16 0 0 0
107 -19.2593 -19.2593 -40.0164 1.92183e-16 3.38813e-16 3.38813e-16 0
108 -19.4396 -19.4396 -40.3912 1.56117e-16 0 0 0
109 -19.6193 -19.6193 -40.7644 -1.35911e-16 0 6.77626e-16 0
110 -19.7996 -19.7996 -41.1392 -2.5587e-18 -6.77626e-16 6.77626e-16 0
111 -19.9793 -19.9793 -41.5124 1.28919e-16 -1.35525e-15 0 0
112 -20.1596 -20.1596 -41.8872 9.28754e-17 -6.77626e-16 6.77626e-16 0
113 -20.3393 -20.3393 -42.2605 2.24342e-16 -6.77626e-16 -6.77626e-16 0
114 -20.5196 -20.5196 -42.6352 1.89029e-17 0 -6.77626e-16 0
115 -20.6993 -20.6993 -43.0085 -2.73157e-16 0 6.77626e-16 0
116 -20.8796 -20.8796 -43.3832 -6.47993e-16 6.77626e-16 6.77626e-16 0
117 -21.0593 -21.0593 -43.7565 -9.40064e-16 6.77626e-16 6.77626e-16 0
118 -21.2396 -21.2396 -44.1312 -5.52559e-16 1.35525e-15 1.35525e-15 0
119 -21.4193 -21.4193 -44.5045 -7.59937e-16 1.35525e-15 0 0
120 -21.5996 -21.5996 -44.8792 -6.26531e-16 1.35525e-15 -6.77626e-16 0
121 -21.7793 -21.7793 -45.2525 -5.7981e-16 6.77626e-16 1.35525e-15 0
122 -21.9596 -21.9596 -45.6272 1.46529e-16 6.77626e-16 6.77626e-16 0
123 -22.1393 -22.1393 -46.0005 -2.30277e-16 2.03288e-15 6.77626e-16 0
124 -22.3196 -22.3196 -46.3752 -6.0507e-16 0 -6.77626e-16 0
125 -22.4993 -22.4993 -46.7485 -3.88963e-16 0 -1.35525e-15 0
126 -22.6796 -22.6796 -47.1232 2.52693e-16 6.77626e-16 -1.35525e-15 0
127 -22.8593 -22.8593 -47.4965 4.6879e-16 6.77626e-16 0 0
128 -23.0396 -23.0396 -47.8712 5.17533e-16 6.77626e-16 1.35525e-15 0
129 -23.2193 -23.2193 -48.2445 8.18324e-16 6.77626e-16 1.35525e-15 0
130 -23.3996 -23.3996 -48.6191 5.28264e-16 -6.77626e-16 0 0
131 -23.5793 -23.5793 -48.9925 9.13747e-16 6.77626e-16 0 0
132 -23.7596 -23.7596 -49.3671 9.62511e-16 0 0 0
133 -23.9393 -23.9393 -49.7405 5.85655e-16 -6.77626e-16 6.77626e-16 0
134 -24.1196 -24.1196 -50.1151 8.03834e-16 0 6.77626e-16 0
135 -24.2993 -24.2993 -50.4885 9.35188e-16 -6.77626e-16 6.77626e-16 0
136 -24.4796 -24.4796 -50.8631 1.06867e-15 -6.77626e-16 -6.77626e-16 0
137 -24.6593 -24.6593 -51.2365 7.76502e-16 0 0 0
138 -24.8396 -24.8396 -51.6111 4.01778e-16 0 -6.77626e-16 0
139 -25.0193 -25.0193 -51.9846 2.79003e-16 0 6.77626e-16 0
140 -25.1996 -25.1996 -52.3591 5.81915e-16 -6.77626e-16 -6.77626e-16 0
141 -25.3793 -25.3793 -52.7326 -4.90894e-17 0 6.77626e-16 0
142 -25.5596 -25.5596 -53.1071 -2.54388e-16 -6.77626e-16 6.77626e-16 0
143 -25.7393 -25.7393 -53.4806 -1.23072e-16 0 0 0
144 -25.9195 -25.9195 -53.8551 -5.82471e-16 0 6.77626e-16 0
145 -26.0993 -26.0993 -54.2286 -4.51164e-16 -1.35525e-15 1.35525e-15 0
146 -26.2795 -26.2795 -54.6031 -4.02334e-16 -6.77626e-16 2.03288e-15 0
147 -26.4593 -26.4593 -54.9766 -4.40444e-16 -1.35525e-15 0 0
148 -26.6395 -26.6395 -55.3511 -1.06923e-15 -1.35525e-15 0 0
149 -26.8193 -26.8193 -55.7246 -5.99129e-16 -6.77626e-16 6.77626e-16 0
150 -26.9995 -26.9995 -56.0991 -1.26765e-16 0 6.77626e-16 0
151 -27.1793 -27.1793 -56.4726 -4.19002e-16 -6.77626e-16 6.77626e-16 0
152 -27.3595 -27.3595 -56.8471 -2.85441e-16 -6.77626e-16 1.35525e-15 0
153 -27.5393 -27.5393 -57.2206 2.69345e-16 6.77626e-16 1.35525e-15 0
154 -27.7195 -27.7195 -57.5951 6.57025e-16 -1.35525e-15 -6.77626e-16 0
155 -27.8993 -27.8993 -57.9686 3.6477e-16 -6.77626e-16 0 0
156 -28.0795 -28.0795 -58.3431 4.98348e-16 0 6.77626e-16 0
157 -28.2593 -28.2593 -58.7166 1.30723e-15 6.77626e-16 6.77626e-16 0
158 -28.4395 -28.4395 -59.0911 9.32594e-16 6.77626e-16 6.77626e-16 0
159 -28.6193 -28.6193 -59.4646 1.06384e-15 6.77626e-16 6.77626e-16 0
160 -28.7995 -28.7995 -59.839 7.73917e-16 0 0 0
161 -28.9793 -28.9793 -60.2126 9.05152e-16 0 -6.77626e-16 0
162 -29.1595 -29.1595 -60.587 5.30537e-16 -6.77626e-16 6.77626e-16 0
163 -29.3393 -29.3393 -60.9606 6.61764e-16 -6.77626e-16 0 0
164 -29.5195 -29.5195 -61.335 5.41267e-16 1.35525e-15 6.77626e-16 0
165 -29.6994 -29.6994 -61.7086 5.87782e-16 6.77626e-16 -1.35525e-15 0
166 -29.8795 -29.8795 -62.083 -7.18553e-16 6.77626e-16 6.77626e-16 0
167 -30.0594 -30.0594 -62.4566 2.5969e-16 6.77626e-16 6.77626e-16 0
168 -30.2395 -30.2395 -62.831 5.45058e-17 6.77626e-16 1.35525e-15 0
169 -30.4194 -30.4194 -63.2046 -5.76622e-16 6.77626e-16 1.35525e-15 0
170 -30.5995 -30.5995 -63.579 -9.51204e-16 1.35525e-15 2.71051e-15 0
171 -30.7794 -30.7794 -63.9526 -1.15882e-15 0 0 0
172 -30.9595 -30.9595 -64.327 -6.86365e-16 6.77626e-16 -6.77626e-16 0
173 -31.1394 -31.1394 -64.7007 -7.24586e-16 2.03288e-15 0 0
174 -31.3195 -31.3195 -65.075 -8.27125e-17 -6.77626e-16 6.77626e-16 0
175 -31.4994 -31.4994 -65.4487 1.33168e-16 0 6.77626e-16 0
176 -31.6795 -31.6795 -65.823 -1.08842e-15 2.03288e-15 0 0
177 -31.8594 -31.8594 -66.1967 -1.55018e-15 1.35525e-15 0 0
178 -32.0395 -32.0395 -66.571 -9.9299e-16 2.03288e-15 -1.35525e-15 0
179 -32.2194 -32.2194 -66.9447 -8.61828e-16 1.35525e-15 -6.77626e-16 0
180 -32.3995 -32.3995 -67.319 -1.15167e-15 3.38813e-15 6.77626e-16 0
181 -32.5794 -32.5794 -67.6927 -1.02051e-15 2.71051e-15 0 0
182 -32.7595 -32.7595 -68.067 -2.09202e-16 3.38813e-15 0 0
183 -32.9394 -32.9394 -68.4407 -5.86275e-16 1.35525e-15 -6.77626e-16 0
184 -33.1195 -33.1195 -68.815 -4.52583e-16 2.03288e-15 -1.35525e-15 0
185 -33.2994 -33.2994 -69.1887 -5.75554e-16 2.03288e-15 -1.35525e-15 0
186 -33.4795 -33.4795 -69.563 -4.41854e-16 1.35525e-15 0 0
187 -33.6594 -33.6594 -69.9367 -7.34239e-16 2.71051e-15 -6.77626e-16 0
188 -33.8395 -33.8395 -70.311 -1.10875e-15 2.03288e-15 -6.77626e-16 0
189 -34.0194 -34.0194 -70.6847 -1.06233e-15 0 -1.35525e-15 0
190 -34.1995 -34.1995 -71.059 -1.60624e-15 3.38813e-15 6.77626e-16 0
191 -34.3794 -34.3794 -71.4327 -9.66905e-16 6.77626e-16 -1.35525e-15 0
192 -34.5595 -34.5595 -71.807 -9.17886e-16 -1.35525e-15 0 0
193 -34.7394 -34.7394 -72.1807 -7.86777e-16 0 6.77626e-16 0
194 -34.9195 -34.9195 -72.555 -6.53047e-16 -6.77626e-16 -6.77626e-16 0
195 -35.0994 -35.0994 -72.9287 -8.60758e-16 -6.77626e-16 6.77626e-16 0
196 -35.2795 -35.2795 -73.303 -1.15054e-15 6.77626e-16 0 0
197 -35.4594 -35.4594 -73.6767 -7.65333e-16 0 0 0
198 -35.6395 -35.6395 -74.051 -2.08073e-16 0 -1.35525e-15 0
199 -35.8194 -35.8194 -74.4247 -5.00501e-16 2.03288e-15 -1.35525e-15 0
200 -35.9995 -35.9995 -74.799 -9.59674e-16 2.71051e-15 -1.35525e-15 0
201 -36.1794 -36.1794 -75.1727 -1.0827e-15 6.77626e-16 -1.35525e-15 0
202 -36.3595 -36.3595 -75.5469 -6.94835e-16 4.06576e-15 -6.77626e-16 0
203 -36.5394 -36.5394 -75.9207 -1.32609e-15 6.77626e-16 -1.35525e-15 0
204 -36.7195 -36.7195 -76.2949 2.4763e-16 1.35525e-15 -2.03288e-15 0
205 -36.8994 -36.8994 -76.6687 1.14103e-15 2.71051e-15 -1.35525e-15 0
206 -37.0795 -37.0795 -77.0429 8.51281e-16 2.03288e-15 6.77626e-16 0
207 -37.2594 -37.2594 -77.4167 5.58827e-16 2.03288e-15 -6.77626e-16 0
208 -37.4395 -37.4395 -77.7909 -7.47353e-16 -1.35525e-15 -2.03288e-15 0
209 -37.6194 -37.6194 -78.1647 -3.62188e-16 -1.35525e-15 -6.77626e-16 0
210 -37.7995 -37.7995 -78.5389 2.57056e-17 -2.71051e-15 0 0
211 -37.9794 -37.9794 -78.9127 4.10864e-16 -2.03288e-15 -6.77626e-16 0
212 -38.1595 -38.1595 -79.2869 2.90544e-16 -1.35525e-15 -6.77626e-16 0
213 -38.3394 -38.3394 -79.6607 1.18392e-15 -2.71051e-15 -1.35525e-15 0
214 -38.5195 -38.5195 -80.0349 4.71627e-17 -6.77626e-16 -1.35525e-15 0
215 -38.6994 -38.6994 -80.4087 -7.59109e-17 -1.35525e-15 -1.35525e-15 0
216 -38.8795 -38.8795 -80.7829 3.12001e-16 -1.35525e-15 -1.35525e-15 0
217 -39.0594 -39.0594 -81.1567 -1.49892e-16 -1.35525e-15 0 0
218 -39.2395 -39.2395 -81.5309 -7.78413e-16 0 2.71051e-15 0
219 -39.4194 -39.4194 -81.9047 -2.23873e-16 0 1.35525e-15 0
220 -39.5995 -39.5995 -82.2789 -6.82982e-16 1.35525e-15 2.71051e-15 0
221 -39.7794 -39.7794 -82.6528 -9.7548e-16 0 0 0
222 -39.9595 -39.9595 -83.0269 -4.18144e-16 1.35525e-15 1.35525e-15 0
223 -40.1394 -40.1394 -83.4008 -7.10648e-16 1.35525e-15 0 0
224 -40.3195 -40.3195 -83.7749 -1.00034e-15 0 1.35525e-15 0
225 -40.4994 -40.4994 -84.1488 -6.15222e-16 0 2.71051e-15 0
226 -40.6795 -40.6795 -84.5229 -7.355e-16 0 1.35525e-15 0
227 -40.8594 -40.8594 -84.8968 -3.50389e-16 2.71051e-15 4.06576e-15 0
228 -41.0395 -41.0395 -85.2709 -8.09475e-16 1.35525e-15 0 0
229 -41.2194 -41.2194 -85.6448 -4.2437e-16 2.71051e-15 0 0
230 -41.3995 -41.3995 -86.0189 1.32989e-16 1.35525e-15 2.71051e-15 0
231 -41.5794 -41.5794 -86.3928 -1.59538e-16 1.35525e-15 -1.35525e-15 0
232 -41.7595 -41.7595 -86.7669 7.3664e-16 -1.35525e-15 0 0
233 -41.9394 -41.9394 -87.1408 1.12173e-15 0 -1.35525e-15 0
234 -42.1195 -42.1195 -87.5149 6.62665e-16 -2.71051e-15 -2.71051e-15 0
235 -42.2994 -42.2994 -87.8888 1.21716e-15 -1.35525e-15 -2.71051e-15 0
236 -42.4795 -42.4795 -88.2629 7.58096e-16 -1.35525e-15 1.35525e-15 0
237 -42.6594 -42.6594 -88.6368 1.2674e-16 -4.06576e-15 2.71051e-15 0
238 -42.8395 -42.8395 -89.0109 6.84121e-16 0 0 0
239 -43.0194 -43.0194 -89.3848 1.57742e-15 2.71051e-15 1.35525e-15 0
240 -43.1995 -43.1995 -89.7589 7.79552e-16 2.71051e-15 -1.35525e-15 0
241 -43.3794 -43.3794 -90.1328 1.16463e-15 2.71051e-15 0 0
242 -43.5595 -43.5595 -90.5069 1.04439e-15 1.35525e-15 1.35525e-15 0
243 -43.7394 -43.7394 -90.8808 7.51832e-16 0 0 0
244 -43.9195 -43.9195 -91.2549 1.30923e-15 0 -1.35525e-15 0
245 -44.0994 -44.0994 -91.6288 1.01667e-15 0 -1.35525e-15 0
246 -44.2795 -44.2795 -92.0029 7.27032e-16 2.71051e-15 0 0
247 -44.4594 -44.4594 -92.3768 1.2815e-15 1.35525e-15 -1.35525e-15 0
248 -44.6395 -44.6395 -92.7509 9.9187e-16 1.35525e-15 -2.71051e-15 0
249 -44.8194 -44.8194 -93.1248 2.16716e-17 0 -1.35525e-15 0
250 -44.9995 -44.9995 -93.4989 1.25671e-15 0 0 0
251 -45.1794 -45.1794 -93.8728 1.13354e-15 0 0 0
252 -45.3595 -45.3595 -94.2469 1.52154e-15 1.35525e-15 -1.35525e-15 0
253 -45.5394 -45.5394 -94.6208 1.22896e-15 0 0 0
254 -45.7195 -45.7195 -94.9949 1.44757e-15 -1.35525e-15 1.35525e-15 0
255 -45.8994 -45.8994 -95.3688 1.15498e-15 -1.35525e-15 1.35525e-15 0
256 -46.0795 -46.0795 -95.7429 1.87747e-16 -4.06576e-15 1.35525e-15 0
257 -46.2594 -46.2594 -96.1168 -4.43655e-16 1.35525e-15 -2.71051e-15 0
258 -46.4395 -46.4395 -96.4909 6.21991e-16 0 0 0
259 -46.6194 -46.6194 -96.8648 3.29398e-16 -1.35525e-15 1.35525e-15 0
260 -46.7995 -46.7995 -97.2389 5.48015e-16 -1.35525e-15 1.35525e-15 0
261 -46.9794 -46.9794 -97.6128 1.10245e-15 0 2.71051e-15 0
262 -47.1595 -47.1595 -97.9869 8.12853e-16 1.35525e-15 1.35525e-15 0
263 -47.3394 -47.3394 -98.3608 6.89657e-16 -1.35525e-15 1.35525e-15 0
264 -47.5195 -47.5195 -98.7349 1.07769e-15 -1.35525e-15 0 0
265 -47.6994 -47.6994 -99.1088 1.2933e-15 0 2.71051e-15 0
266 -47.8795 -47.8795 -99.4829 1.00371e-15 -1.35525e-15 1.35525e-15 0
267 -48.0594 -48.0594 -99.8568 7.11104e-16 -1.35525e-15 0 0
268 -48.2395 -48.2395 -100.231 2.52111e-16 0 4.06576e-15 0
269 -48.4194 -48.4194 -100.605 4.67718e-16 0 0 0
270 -48.5995 -48.5995 -100.979 -1.60678e-16 1.35525e-15 -4.06576e-15 0
271 -48.7794 -48.7794 -101.353 3.93738e-16 0 1.35525e-15 0
272 -48.9595 -48.9595 -101.727 2.73566e-16 1.35525e-15 -4.06576e-15 0
273 -49.1394 -49.1394 -102.101 1.50352e-16 -1.35525e-15 -1.35525e-15 0
274 -49.3195 -49.3195 -102.475 8.77216e-16 0 0 0
275 -49.4994 -49.4994 -102.849 -9.3034e-17 0 1.35525e-15 0
276 -49.6795 -49.6795 -103.223 -5.52013e-16 0 -1.35525e-15 0
277 -49.8594 -49.8594 -103.597 -1.01405e-15 1.35525e-15 1.35525e-15 0
278 -50.0395 -50.0395 -103.971 -1.1777e-16 0 -1.35525e-15 0
279 -50.2194 -50.2194 -104.345 -7.49213e-16 1.35525e-15 1.35525e-15 0
280 -50.3995 -50.3995 -104.719 4.8588e-16 2.71051e-15 5.42101e-15 0
281 -50.5794 -50.5794 -105.093 2.38406e-17 2.71051e-15 -1.35525e-15 0
282 -50.7595 -50.7595 -105.467 4.11904e-16 2.71051e-15 -1.35525e-15 0
283 -50.9394 -50.9394 -105.841 9.66301e-16 2.71051e-15 2.71051e-15 0
284 -51.1195 -51.1195 -106.215 1.01555e-15 2.71051e-15 2.71051e-15 0
285 -51.2994 -51.2994 -106.589 3.84102e-16 0 -1.35525e-15 0
286 -51.4795 -51.4795 -106.963 1.4498e-15 1.35525e-15 0 0
287 -51.6594 -51.6594 -107.337 8.18342e-16 2.71051e-15 1.35525e-15 0
288 -51.8395 -51.8395 -107.711 5.28788e-16 0 0 0
289 -52.0194 -52.0194 -108.085 9.13769e-16 0 0 0
290 -52.1995 -52.1995 -108.459 -5.34087e-17 0 1.35525e-15 0
291 -52.3794 -52.3794 -108.833 3.3157e-16 0 0 0
292 -52.5595 -52.5595 -109.207 5.50241e-16 1.35525e-15 1.35525e-15 0
293 -52.7394 -52.7394 -109.581 4.26998e-16 1.35525e-15 -2.71051e-15 0
294 -52.9195 -52.9195 -109.955 8.15078e-16 2.71051e-15 -1.35525e-15 0
295 -53.0994 -53.0994 -110.329 1.36946e-15 1.35525e-15 -2.71051e-15 0
296 -53.2795 -53.2795 -110.703 7.41101e-16 -1.35525e-15 -1.35525e-15 0
297 -53.4594 -53.4594 -111.077 1.29548e-15 -2.71051e-15 1.35525e-15 0
298 -53.6395 -53.6395 -111.451 1.00594e-15 -1.35525e-15 -1.35525e-15 0
299 -53.8194 -53.8194 -111.825 7.1328e-16 -2.71051e-15 1.35525e-15 0
300 -53.9995 -53.9995 -112.199 5.93147e-16 0 1.35525e-15 0
301 -54.1794 -54.1794 -112.573 3.00488e-16 0 0 0
302 -54.3595 -54.3595 -112.947 -4.97269e-16 -1.35525e-15 2.71051e-15 0
303 -54.5394 -54.5394 -113.321 -1.29815e-15 0 1.35525e-15 0
304 -54.7195 -54.7195 -113.695 -1.41828e-15 0 4.06576e-15 0
305 -54.8994 -54.8994 -114.069 -1.37213e-15 1.35525e-15 0 0
306 -55.0795 -55.0795 -114.443 -2.00048e-15 1.35525e-15 2.71051e-15 0
307 -55.2594 -55.2594 -114.817 -1.95433e-15 0 0 0
308 -55.4395 -55.4395 -115.191 1.27833e-16 -1.35525e-15 -5.42101e-15 0
309 -55.6194 -55.6194 -115.565 -8.4246e-16 -1.35525e-15 0 0
310 -55.7995 -55.7995 -115.939 -7.93177e-16 1.35525e-15 0 0
311 -55.9794 -55.9794 -116.313 4.38814e-16 1.35525e-15 -2.71051e-15 0
312 -56.1595 -56.1595 -116.687 3.18692e-16 0 0 0
313 -56.3394 -56.3394 -117.061 8.73055e-16 0 -1.35525e-15 0
314 -56.5195 -56.5195 -117.435 1.43056e-15 1.35525e-15 -1.35525e-15 0
315 -56.6994 -56.6994 -117.809 9.68483e-16 1.35525e-15 0 0
316 -56.8795 -56.8795 -118.183 5.09551e-16 0 1.35525e-15 0
317 -57.0594 -57.0594 -118.557 3.86284e-16 1.35525e-15 0 0
318 -57.2395 -57.2395 -118.931 -2.42053e-16 1.35525e-15 -2.71051e-15 0
319 -57.4194 -57.4194 -119.305 1.32875e-15 0 -1.35525e-15 0
320 -57.5995 -57.5995 -119.679 1.03922e-15 1.35525e-15 -4.06576e-15 0
321 -57.7794 -57.7794 -120.053 1.42417e-15 0 -1.35525e-15 0
322 -57.9595 -57.9595 -120.427 1.64287e-15 -1.35525e-15 0 0
323 -58.1394 -58.1394 -120.801 5.03162e-16 -4.06576e-15 -1.35525e-15 0
324 -58.3195 -58.3195 -121.175 1.23008e-15 0 -1.35525e-15 0
325 -58.4994 -58.4994 -121.549 1.44562e-15 -1.35525e-15 -2.71051e-15 0
326 -58.6795 -58.6795 -121.923 1.1561e-15 2.71051e-15 -1.35525e-15 0
327 -58.8594 -58.8594 -122.297 8.63425e-16 1.35525e-15 2.71051e-15 0
328 -59.0395 -59.0395 -122.671 7.43313e-16 1.35525e-15 1.35525e-15 0
329 -59.2194 -59.2194 -123.045 6.2004e-16 1.35525e-15 0 0
330 -59.3995 -59.3995 -123.419 1.61116e-16 2.71051e-15 2.71051e-15 0
331 -59.5794 -59.5794 -123.793 -1.31565e-16 1.35525e-15 1.35525e-15 0
332 -59.7595 -59.7595 -124.167 -1.09871e-15 -1.35525e-15 -4.06576e-15 0
333 -59.9394 -59.9394 -124.541 -3.74949e-16 1.35525e-15 2.71051e-15 0
334 -60.1195 -60.1195 -124.915 -8.33873e-16 0 -1.35525e-15 0
335 -60.2994 -60.2994 -125.289 -1.12655e-15 0 0 0
336 -60.4795 -60.4795 -125.663 -5.69037e-16 -1.35525e-15 2.71051e-15 0
337 -60.6594 -60.6594 -126.037 -1.03113e-15 -2.71051e-15 -2.71051e-15 0
338 -60.8395 -60.8395 -126.411 -1.32064e-15 -2.71051e-15 1.35525e-15 0
339 -61.0194 -61.0194 -126.785 -2.58071e-16 -1.35525e-15 1.35525e-15 0
340 -61.1995 -61.1995 -127.159 -7.16992e-16 -1.35525e-15 2.71051e-15 0
341 -61.3794 -61.3794 -127.533 -1.00968e-15 -4.06576e-15 0 0
342 -61.5595 -61.5595 -127.907 5.60627e-17 -2.71051e-15 -1.35525e-15 0
343 -61.7394 -61.7394 -128.281 1.02193e-16 -2.71051e-15 0 0
344 -61.9195 -61.9195 -128.655 4.90305e-16 -2.71051e-15 -1.35525e-15 0
345 -62.0994 -62.0994 -129.029 1.97622e-16 0 1.35525e-15 0
346 -62.2795 -62.2795 -129.403 -9.1893e-17 -2.71051e-15 0 0
347 -62.4594 -62.4594 -129.777 4.62457e-16 -1.35525e-15 0 0
348 -62.6395 -62.6395 -130.151 5.11755e-16 -4.06576e-15 1.35525e-15 0
349 -62.8194 -62.8194 -130.525 1.57433e-15 0 -2.71051e-15 0
350 -62.9995 -62.9995 -130.899 1.96244e-15 0 0 0
351 -63.1794 -63.1794 -131.273 1.45095e-16 2.71051e-15 1.35525e-15 0
352 -63.3595 -63.3595 -131.647 1.94393e-16 0 0 0
353 -63.5394 -63.5394 -132.021 -7.75916e-16 1.35525e-15 -2.71051e-15 0
354 -63.7195 -63.7195 -132.395 -7.26618e-16 1.35525e-15 -2.71051e-15 0
355 -63.8994 -63.8994 -132.769 3.35952e-16 1.35525e-15 -2.71051e-15 0
356 -64.0795 -64.0795 -133.143 5.54657e-16 1.35525e-15 -5.42101e-15 0
357 -64.2594 -64.2594 -133.517 4.31381e-16 1.35525e-15 -2.71051e-15 0
358 -64.4395 -64.4395 -133.891 8.19492e-16 4.06576e-15 -4.06576e-15 0
359 -64.6194 -64.6194 -134.265 5.2681e-16 4.06576e-15 -5.42101e-15 0
360 -64.7994 -64.7994 -134.639 2.37294e-16 -2.71051e-15 2.71051e-15 0
361 -64.9794 -64.9794 -135.013 7.91645e-16 0 -2.71051e-15 0
362 -65.1594 -65.1594 -135.387 5.02129e-16 1.35525e-15 0 0
363 -65.3394 -65.3394 -135.761 2.09448e-16 -1.35525e-15 -1.35525e-15 0
364 -65.5194 -65.5194 -136.135 7.66964e-16 0 -2.71051e-15 0
365 -65.6994 -65.6994 -136.509 -7.11562e-16 1.35525e-15 -1.35525e-15 0
366 -65.8794 -65.8794 -136.883 -1.00108e-15 -1.35525e-15 -2.71051e-15 0
367 -66.0594 -66.0594 -137.257 -6.16133e-16 0 -1.35525e-15 0
368 -66.2394 -66.2394 -137.631 4.496e-16 -1.35525e-15 -4.06576e-15 0
369 -66.4194 -66.4194 -138.005 8.34549e-16 -1.35525e-15 -2.71051e-15 0
370 -66.5994 -66.5994 -138.379 5.45028e-16 -1.35525e-15 -4.06576e-15 0
371 -66.7794 -66.7794 -138.753 2.52351e-16 -1.35525e-15 -2.71051e-15 0
372 -66.9594 -66.9594 -139.127 8.09863e-16 0 -6.77626e-15 0
373 -67.1394 -67.1394 -139.501 5.17187e-16 2.71051e-15 -8.13152e-15 0
374 -67.3194 -67.3194 -139.875 2.26054e-15 1.35525e-15 5.42101e-15 0
375 -67.4994 -67.4994 -140.249 3.15372e-15 -2.71051e-15 6.77626e-15 0
376 -67.6794 -67.6794 -140.623 2.01716e-15 0 8.13152e-15 0
377 -67.8594 -67.8594 -140.997 2.2327e-15 1.35525e-15 4.06576e-15 0
378 -68.0394 -68.0394 -141.371 2.49115e-16 2.71051e-15 1.35525e-15 0
379 -68.2194 -68.2194 -141.745 -1.06e-15 -1.35525e-15 5.42101e-15 0
380 -68.3994 -68.3994 -142.119 -3.04359e-15 1.35525e-15 1.35525e-15 0
381 -68.5794 -68.5794 -142.493 -1.30338e-15 6.77626e-15 0 0
382 -68.7594 -68.7594 -142.867 -2.60935e-15 6.77626e-15 -2.71051e-15 0
383 -68.9394 -68.9394 -143.241 -1.88558e-15 1.0842e-14 -1.35525e-15 0
384 -69.1194 -69.1194 -143.615 -2.68333e-15 4.06576e-15 0 0
385 -69.2994 -69.2994 -143.989 -3.99243e-15 2.71051e-15 0 0
386 -69.4794 -69.4794 -144.363 -4.45137e-15 9.48677e-15 2.71051e-15 0
387 -69.6594 -69.6594 -144.737 -5.25226e-15 2.71051e-15 -1.35525e-15 0
388 -69.8394 -69.8394 -145.111 -5.20298e-15 4.06576e-15 1.35525e-15 0
389 -70.0194 -70.0194 -145.485 -4.64861e-15 2.71051e-15 2.71051e-15 0
390 -70.1994 -70.1994 -145.859 -5.27696e-15 -1.35525e-15 4.06576e-15 0
391 -70.3794 -70.3794 -146.233 -4.87421e-16 0 5.42101e-15 0
392 -70.5594 -70.5594 -146.607 -1.62399e-15 2.71051e-15 8.13152e-15 0
393 -70.7394 -70.7394 -146.981 -3.91991e-16 -1.35525e-15 1.35525e-15 0
394 -70.9194 -70.9194 -147.355 -1.73308e-16 0 0 0
395 -71.0994 -71.0994 -147.729 7.19878e-16 1.35525e-15 4.06576e-15 0
396 -71.2794 -71.2794 -148.103 2.29381e-15 -1.35525e-15 2.71051e-15 0
397 -71.4594 -71.4594 -148.477 1.15412e-15 -4.06576e-15 -1.35525e-15 0
398 -71.6394 -71.6394 -148.851 -1.33771e-15 -2.71051e-15 2.71051e-15 0
399 -71.8194 -71.8194 -149.225 -2.13858e-15 -2.71051e-15 -1.35525e-15 0
400 -71.9994 -71.9994 -149.599 -1.9199e-15 -2.71051e-15 0 0
401 -72.1794 -72.1794 -149.973 6.67354e-16 -2.71051e-15 0 0
402 -72.3594 -72.3594 -150.347 -1.30411e-16 -1.35525e-15 -1.35525e-15 0
403 -72.5394 -72.5394 -150.721 8.5157e-17 -4.06576e-15 0 0
404 -72.7194 -72.7194 -151.095 5.04721e-15 2.71051e-15 4.06576e-15 0
405 -72.8994 -72.8994 -151.469 3.56872e-15 5.42101e-15 -1.35525e-15 0
406 -73.0794 -73.0794 -151.843 1.4157e-15 4.06576e-15 2.71051e-15 0
407 -73.2594 -73.2594 -152.217 1.97008e-15 5.42101e-15 1.35525e-15 0
408 -73.4394 -73.4394 -152.591 -1.82941e-16 5.42101e-15 1.35525e-15 0
409 -73.6194 -73.6194 -152.965 3.71446e-16 2.71051e-15 0 0
410 -73.7994 -73.7994 -153.339 9.28926e-16 6.77626e-15 2.71051e-15 0
411 -73.9794 -73.9794 -153.713 -2.1075e-16 5.42101e-15 -1.35525e-15 0
412 -74.1594 -74.1594 -154.087 -1.00853e-15 4.06576e-15 2.71051e-15 0
413 -74.3394 -74.3394 -154.461 9.01119e-16 4.06576e-15 4.06576e-15 0
414 -74.5194 -74.5194 -154.835 -1.25191e-15 1.35525e-15 1.35525e-15 0
415 -74.6994 -74.6994 -155.209 9.96549e-16 4.06576e-15 5.42101e-15 0
416 -74.8794 -74.8794 -155.583 4.26453e-15 2.71051e-15 4.06576e-15 0
417 -75.0594 -75.0594 -155.957 3.12486e-15 0 2.71051e-15 0
418 -75.2394 -75.2394 -156.331 4.35995e-15 -1.35525e-15 2.71051e-15 0
419 -75.4194 -75.4194 -156.705 4.91435e-15 -2.71051e-15 1.35525e-15 0
420 -75.5994 -75.5994 -157.079 3.77775e-15 -1.35525e-15 2.71051e-15 0
421 -75.7794 -75.7794 -157.453 4.33216e-15 -2.71051e-15 0 0
422 -75.9594 -75.9594 -157.827 6.58369e-15 -2.71051e-15 2.71051e-15 0
423 -76.1394 -76.1394 -158.201 5.10521e-15 -1.35525e-15 -1.35525e-15 0
424 -76.3194 -76.3194 -158.575 5.66268e-15 -5.42101e-15 1.35525e-15 0
425 -76.4994 -76.4994 -158.949 3.50658e-15 -2.71051e-15 1.35525e-15 0
426 -76.6794 -76.6794 -159.323 4.06404e-15 -2.71051e-15 0 0
427 -76.8594 -76.8594 -159.697 3.2632e-15 -2.71051e-15 -1.35525e-15 0
428 -77.0394 -77.0394 -160.071 3.48184e-15 -6.77626e-15 1.35525e-15 0
429 -77.2194 -77.2194 -160.445 3.01981e-15 -5.42101e-15 5.42101e-15 0
430 -77.3994 -77.3994 -160.819 2.22201e-15 -6.77626e-15 4.06576e-15 0
431 -77.5794 -77.5794 -161.193 2.43762e-15 -5.42101e-15 2.71051e-15 0
432 -77.7594 -77.7594 -161.567 2.8456e-16 -6.77626e-15 4.06576e-15 0
433 -77.9394 -77.9394 -161.941 5.00168e-16 -5.42101e-15 1.35525e-15 0
434 -78.1194 -78.1194 -162.315 1.73524e-15 -2.71051e-15 2.71051e-15 0
435 -78.2994 -78.2994 -162.689 2.28966e-15 0 0 0
436 -78.4794 -78.4794 -163.063 4.75414e-16 0 8.13152e-15 0
437 -78.6594 -78.6594 -163.437 -5.40761e-15 2.71051e-15 2.71051e-15 0
438 -78.8394 -78.8394 -163.811 -2.13966e-15 -2.71051e-15 5.42101e-15 0
439 -79.0194 -79.0194 -164.185 -7.34506e-15 0 2.71051e-15 0
440 -79.1994 -79.1994 -164.559 3.71559e-15 0 1.0842e-14 0
441 -79.3794 -79.3794 -164.933 2.57595e-15 2.71051e-15 -5.42101e-15 0
442 -79.5594 -79.5594 -165.307 -5.93558e-16 0 -2.71051e-15 0
443 -79.7394 -79.7394 -165.681 1.31613e-15 0 -2.71051e-15 0
444 -79.9194 -79.9194 -166.055 1.87356e-15 0 -2.71051e-15 0
445 -80.0994 -80.0994 -166.429 7.33936e-16 0 2.71051e-15 0
446 -80.2794 -80.2794 -166.803 9.52549e-16 0 -2.71051e-15 0
447 -80.4594 -80.4594 -167.177 1.5174e-16 -2.71051e-15 -5.42101e-15 0
448 -80.6394 -80.6394 -167.551 -1.32372e-15 2.71051e-15 0 0
449 -80.8194 -80.8194 -167.925 -4.30456e-16 5.42101e-15 -2.71051e-15 0
450 -80.9994 -80.9994 -168.299 -2.1185e-16 0 0 0
451 -81.1794 -81.1794 -168.673 3.78814e-18 0 -5.42101e-15 0
452 -81.3594 -81.3594 -169.047 2.59408e-15 -8.13152e-15 -1.0842e-14 0
453 -81.5394 -81.5394 -169.421 6.19786e-15 -2.71051e-15 5.42101e-15 0
454 -81.7194 -81.7194 -169.795 5.0612e-15 -5.42101e-15 5.42101e-15 0
455 -81.8994 -81.8994 -170.169 5.61566e-15 -2.71051e-15 5.42101e-15 0
456 -82.0794 -82.0794 -170.543 5.83425e-15 -2.71051e-15 -5.42101e-15 0
457 -82.2594 -82.2594 -170.917 6.38872e-15 -5.42101e-15 -2.71051e-15 0
458 -82.4394 -82.4394 -171.291 4.23562e-15 -2.71051e-15 -2.71051e-15 0
459 -82.6194 -82.6194 -171.665 4.45127e-15 -2.71051e-15 0 0
460 -82.7994 -82.7994 -172.039 4.33104e-15 0 2.71051e-15 0
461 -82.9794 -82.9794 -172.413 2.17501e-15 2.71051e-15 2.71051e-15 0
462 -83.1594 -83.1594 -172.787 2.7324e-15 2.71051e-15 0 0
463 -83.3394 -83.3394 -173.161 9.15185e-16 8.13152e-15 -2.71051e-15 0
464 -83.5194 -83.5194 -173.535 -2.21489e-16 0 2.71051e-15 0
465 -83.6994 -83.6994 -173.909 -2.37752e-15 2.71051e-15 5.42101e-15 0
466 -83.8794 -83.8794 -174.283 -8.03688e-16 2.71051e-15 0 0
467 -84.0594 -84.0594 -174.657 -2.6209e-15 2.71051e-15 -5.42101e-15 0
468 -84.2394 -84.2394 -175.031 -3.06352e-17 0 -5.42101e-15 0
469 -84.4194 -84.4194 -175.405 -1.53776e-16 0 2.71051e-15 0
470 -84.5994 -84.5994 -175.779 -1.96809e-15 2.71051e-15 0 0
471 -84.7794 -84.7794 -176.153 -1.07478e-15 5.42101e-15 0 0
472 -84.9594 -84.9594 -176.527 -1.87266e-15 5.42101e-15 2.71051e-15 0
473 -85.1394 -85.1394 -176.901 -2.67342e-15 5.42101e-15 2.71051e-15 0
474 -85.3194 -85.3194 -177.275 -2.11605e-15 5.42101e-15 0 0
475 -85.4994 -85.4994 -177.649 -1.90036e-15 5.42101e-15 2.71051e-15 0
476 -85.6794 -85.6794 -178.023 -2.69825e-15 2.71051e-15 0 0
477 -85.8594 -85.8594 -178.397 -1.46612e-15 0 2.71051e-15 0
478 -86.0394 -86.0394 -178.771 -1.24757e-15 5.42101e-15 2.71051e-15 0
479 -86.2194 -86.2194 -179.145 -6.93062e-16 0 5.42101e-15 0
480 -86.3994 -86.3994 -179.519 -1.49095e-15 2.71051e-15 0 0
481 -86.5794 -86.5794 -179.893 -2.58818e-16 0 5.42101e-15 0
482 -86.7594 -86.7594 -180.267 2.98538e-16 5.42101e-15 2.71051e-15 0
483 -86.9394 -86.9394 -180.641 8.53052e-16 2.71051e-15 5.42101e-15 0
484 -87.1194 -87.1194 -181.015 -2.99417e-15 5.42101e-15 5.42101e-15 0
485 -87.2994 -87.2994 -181.389 -6.79564e-17 5.42101e-15 -2.71051e-15 0
486 -87.4794 -87.4794 -181.763 2.18346e-15 2.71051e-15 -5.42101e-15 0
487 -87.6594 -87.6594 -182.137 2.73798e-15 0 2.71051e-15 0
488 -87.8394 -87.8394 -182.511 2.95651e-15 -2.71051e-15 -2.71051e-15 0
489 -88.0194 -88.0194 -182.885 2.83341e-15 0 -2.71051e-15 0
490 -88.1994 -88.1994 -183.259 4.40719e-15 -2.71051e-15 0 0
491 -88.3794 -88.3794 -183.633 4.96172e-15 -2.71051e-15 -2.71051e-15 0
492 -88.5594 -88.5594 -184.007 3.48618e-15 2.71051e-15 -2.71051e-15 0
493 -88.7394 -88.7394 -184.381 3.36309e-15 0 -2.71051e-15 0
494 -88.9194 -88.9194 -184.755 1.20991e-15 2.71051e-15 0 0
495 -89.0994 -89.0994 -185.129 7.03849e-17 0 0 0
496 -89.2794 -89.2794 -185.503 6.2771e-16 -2.71051e-15 -5.42101e-15 0
497 -89.4594 -89.4594 -185.877 -8.50624e-16 -2.71051e-15 8.13152e-15 0
498 -89.6394 -89.6394 -186.251 -1.30974e-15 -8.13152e-15 -2.71051e-15 0
499 -89.8194 -89.8194 -186.625 -7.75664e-17 0 0 0
500 -89.9994 -89.9994 -186.999 -1.21432e-15 5.42101e-15 5.42101e-15 0
501 -90.0006 -90.0006 -187.001 -5.38063e-16 0 0 0
502 -89.9994 -89.9994 -186.999 -5.36706e-16 -2.71051e-15 -2.71051e-15 0
503 -90.0005 -90.0005 -187.001 -5.38046e-16 -5.42101e-15 -2.71051e-15 0
504 -89.9995 -89.9995 -186.999 -2.23079e-15 -5.42101e-15 -5.42101e-15 0
505 -90.0005 -90.0005 -187.001 -2.2321e-15 -5.42101e-15 -5.42101e-15 0
506 -89.9995 -89.9995 -186.999 4.79702e-16 -5.42101e-15 -5.42101e-15 0
507 -90.0005 -90.0005 -187.001 4.78424e-16 -2.71051e-15 -5.42101e-15 0
508 -89.9995 -89.9995 -186.999 4.79687e-16 -5.42101e-15 0 0
509 -90.0005 -90.0005 -187.001 1.83369e-15 -5.42101e-15 -5.42101e-15 0
510 -89.9995 -89.9995 -186.999 4.79672e-16 -8.13152e-15 -2.71051e-15 0
511 -90.0005 -90.0005 -187.001 8.17267e-16 -2.71051e-15 -2.71051e-15 0
512 -89.9995 -89.9995 -186.999 4.79657e-16 -2.71051e-15 -5.42101e-15 0
513 -90.0005 -90.0005 -187.001 4.78469e-16 -2.71051e-15 -2.71051e-15 0
514 -89.9995 -89.9995 -186.999 2.17371e-15 2.71051e-15 0 0
515 -90.0005 -90.0005 -187.001 3.18899e-15 2.71051e-15 -5.42101e-15 0
516 -89.9995 -89.9995 -186.999 1.49607e-15 -2.71051e-15 -2.71051e-15 0
517 -90.0005 -90.0005 -187.001 2.85019e-15 2.71051e-15 -1.0842e-14 0
518 -89.9995 -89.9995 -186.999 1.83487e-15 2.71051e-15 -5.42101e-15 0
519 -90.0005 -90.0005 -187.001 1.83376e-15 0 -8.13152e-15 0
520 -89.9996 -89.9996 -186.999 -8.75652e-16 -5.42101e-15 -5.42101e-15 0
521 -90.0004 -90.0004 -187.001 4.78524e-16 -8.13152e-15 -5.42101e-15 0
522 -89.9996 -89.9996 -186.999 8.18401e-16 -2.71051e-15 -5.42101e-15 0
523 -90.0004 -90.0004 -187.001 1.39725e-16 -2.71051e-15 -1.0842e-14 0
524 -89.9996 -89.9996 -186.999 1.83483e-15 -8.13152e-15 -1.0842e-14 0
525 -90.0004 -90.0004 -187.001 1.8338e-15 0 0 0
526 -89.9996 -89.9996 -186.999 2.17363e-15 0 -2.71051e-15 0
527 -90.0004 -90.0004 -187.001 8.17377e-16 -2.71051e-15 -2.71051e-15 0
528 -89.9996 -89.9996 -186.999 8.18362e-16 -2.71051e-15 -2.71051e-15 0
529 -90.0004 -90.0004 -187.001 8.1739e-16 0 -5.42101e-15 0
530 -89.9996 -89.9996 -186.999 -1.98091e-16 0 -2.71051e-15 0
531 -90.0004 -90.0004 -187.001 8.17402e-16 -2.71051e-15 -5.42101e-15 0
532 -89.9996 -89.9996 -186.999 8.18337e-16 -5.42101e-15 -5.42101e-15 0
533 -90.0004 -90.0004 -187.001 1.39788e-16 -2.71051e-15 -2.71051e-15 0
534 -89.9996 -89.9996 -186.999 -3.58625e-15 2.71051e-15 -5.42101e-15 0
535 -90.0004 -90.0004 -187.001 -1.21545e-15 2.71051e-15 -2.71051e-15 0
536 -89.9996 -89.9996 -186.999 -5.3694e-16 2.71051e-15 -5.42101e-15 0
537 -90.0004 -90.0004 -187.001 -1.99001e-16 -2.71051e-15 -5.42101e-15 0
538 -89.9996 -89.9996 -186.999 3.86762e-15 2.71051e-15 -2.71051e-15 0
539 -90.0004 -90.0004 -187.001 1.49508e-15 -2.71051e-15 -8.13152e-15 0
540 -89.9996 -89.9996 -186.999 2.17354e-15 5.42101e-15 -2.71051e-15 0
541 -90.0004 -90.0004 -187.001 1.8339e-15 0 -5.42101e-15 0
542 -89.9996 -89.9996 -186.999 1.40651e-16 -2.71051e-15 2.71051e-15 0
543 -90.0003 -90.0003 -187.001 8.17473e-16 -2.71051e-15 0 0
544 -89.9997 -89.9997 -186.999 -8.758e-16 -1.0842e-14 -8.13152e-15 0
545 -90.0003 -90.0003 -187.001 -3.58709e-15 2.71051e-15 -2.71051e-15 0
546 -89.9997 -89.9997 -186.999 -8.75811e-16 0 -5.42101e-15 0
547 -90.0003 -90.0003 -187.001 -1.89301e-15 -2.71051e-15 -1.0842e-14 0
548 -89.9997 -89.9997 -186.999 -1.21464e-15 0 -1.0842e-14 0
549 -90.0003 -90.0003 -187.001 1.49513e-15 -2.71051e-15 -2.71051e-15 0
550 -89.9997 -89.9997 -186.999 -1.98207e-16 0 -2.71051e-15 0
551 -90.0708 -90.0708 -187.071 1.39885e-16 -2.71051e-15 -5.42101e-15 0
552 -90.0711 -90.0711 -187.071 -1.55345e-15 0 -2.71051e-15 0
553 -90.0708 -90.0708 -187.071 -2.23182e-15 -5.42101e-15 -2.71051e-15 0
554 -90.0711 -90.0711 -187.071 -1.21462e-15 -8.13152e-15 -5.42101e-15 0
555 -90.0708 -90.0708 -187.071 4.78671e-16 -2.71051e-15 -8.13152e-15 0
556 -90.071 -90.071 -187.071 1.83471e-15 2.71051e-15 0 0
557 -90.0708 -90.0708 -187.071 2.51154e-15 0 -2.71051e-15 0
558 -90.071 -90.071 -187.071 2.85116e-15 -2.71051e-15 -2.71051e-15 0
559 -90.0708 -90.0708 -187.071 2.51152e-15 2.71051e-15 0 0
560 -90.071 -90.071 -187.071 1.40666e-16 -5.42101e-15 0 0
561 -90.0708 -90.0708 -187.071 1.3982e-16 -2.71051e-15 0 0
562 -90.071 -90.071 -187.071 1.40677e-16 -2.71051e-15 0 0
563 -90.0708 -90.0708 -187.071 1.39809e-16 0 0 0
564 -90.071 -90.071 -187.071 1.15713e-15 -5.42101e-15 5.42101e-15 0
565 -90.0708 -90.0708 -187.071 2.17268e-15 -2.71051e-15 -2.71051e-15 0
566 -90.071 -90.071 -187.071 -5.28031e-15 -2.71051e-15 5.42101e-15 0
567 -90.0708 -90.0708 -187.071 -5.37839e-16 -5.42101e-15 -2.71051e-15 0
568 -90.071 -90.071 -187.071 2.17359e-15 -2.71051e-15 -5.42101e-15 0
569 -90.0708 -90.0708 -187.071 -8.76662e-16 -1.0842e-14 -8.13152e-15 0
570 -90.071 -90.071 -187.071 3.19004e-15 -2.71051e-15 -2.71051e-15 0
571 -90.0708 -90.0708 -187.071 2.85027e-15 -8.13152e-15 -5.42101e-15 0
572 -90.071 -90.071 -187.071 1.15717e-15 0 0 0
573 -90.0708 -90.0708 -187.071 1.83382e-15 -5.42101e-15 -8.13152e-15 0
574 -90.071 -90.071 -187.071 3.52887e-15 -5.42101e-15 2.71051e-15 0
575 -90.0708 -90.0708 -187.071 3.8667e-15 -5.42101e-15 -2.71051e-15 0
576 -90.071 -90.071 -187.071 1.15719e-15 -5.42101e-15 5.42101e-15 0
577 -90.0708 -90.0708 -187.071 -8.76698e-16 -5.42101e-15 0 0
578 -90.071 -90.071 -187.071 -2.23094e-15 0 -2.71051e-15 0
579 -90.0708 -90.0708 -187.071 1.39734e-16 -2.71051e-15 -2.71051e-15 0
580 -90.071 -90.071 -187.071 1.40762e-16 -5.42101e-15 0 0
581 -90.0708 -90.0708 -187.071 -1.55434e-15 -5.42101e-15 0 0
582 -90.071 -90.071 -187.071 -1.5533e-15 -2.71051e-15 -2.71051e-15 0
583 -90.0708 -90.0708 -187.071 -2.9096e-15 -2.71051e-15 -8.13152e-15 0
584 -90.071 -90.071 -187.071 -1.21448e-15 -2.71051e-15 -2.71051e-15 0
585 -90.0708 -90.0708 -187.071 1.83378e-15 0 0 0
586 -90.071 -90.071 -187.071 1.49604e-15 -5.42101e-15 -5.42101e-15 0
587 -90.0708 -90.0708 -187.071 2.85021e-15 -2.71051e-15 -5.42101e-15 0
588 -90.071 -90.071 -187.071 2.85129e-15 -5.42101e-15 -8.13152e-15 0
589 -90.0708 -90.0708 -187.071 1.49495e-15 -2.71051e-15 -8.13152e-15 0
590 -90.071 -90.071 -187.071 4.88418e-15 -2.71051e-15 -8.13152e-15 0
591 -90.0708 -90.0708 -187.071 3.52783e-15 -2.71051e-15 -2.71051e-15 0
592 -90.071 -90.071 -187.071 2.51249e-15 2.71051e-15 0 0
593 -90.0708 -90.0708 -187.071 2.51138e-15 -8.13152e-15 2.71051e-15 0
594 -90.071 -90.071 -187.071 1.15724e-15 -5.42101e-15 -2.71051e-15 0
595 -90.0708 -90.0708 -187.071 1.15612e-15 -2.71051e-15 -2.71051e-15 0
596 -90.071 -90.071 -187.071 1.15725e-15 -2.71051e-15 -2.71051e-15 0
597 -90.0708 -90.0708 -187.071 2.17256e-15 -8.13152e-15 -2.71051e-15 0
598 -90.071 -90.071 -187.071 3.86776e-15 -2.71051e-15 0 0
599 -90.0708 -90.0708 -187.071 3.52781e-15 -5.42101e-15 -5.42101e-15 0
600 -90.071 -90.071 -187.071 1.83488e-15 -2.71051e-15 -2.71051e-15 0
700 -88.9475 -88.9475 -188.256 6.24927e-07 -1.28291e-07 3.46931e-07 0.564334
800 -87.9391 -87.9391 -189.274 8.49972e-08 -1.57246e-07 2.71444e-07 0.577423
900 -86.9706 -86.9706 -190.297 4.43322e-08 -2.97551e-07 -1.37996e-07 0.59025
1000 -86.048 -86.048 -191.308 3.55151e-07 -3.4164e-07 5.50692e-07 0.602673
1100 -85.2207 -85.2207 -192.178 -2.75997e-08 2.90688e-08 -3.37751e-08 0.613714
1200 -84.4103 -84.4103 -193.085 -3.94436e-07 2.49764e-07 -7.53715e-07 0.624797
1300 -83.638 -83.638 -193.978 -3.21776e-07 -4.9718e-07 4.37193e-07 0.635513
1400 -82.953 -82.953 -194.734 2.71676e-07 1.17234e-07 -5.80936e-07 0.644907
1500 -82.2803 -82.2803 -195.519 1.46341e-07 3.97408e-07 -2.84752e-07 0.654334
1600 -81.6191 -81.6191 -196.333 -1.94521e-08 2.4529e-08 8.88313e-09 0.663794
1700 -81.0313 -81.0313 -197.034 -2.88867e-07 2.81063e-08 -1.88438e-07 0.672138
1800 -80.4798 -80.4798 -197.697 -1.21451e-08 2.35736e-08 1.50015e-08 0.680009
1900 -79.9366 -79.9366 -198.383 -4.7466e-09 4.27662e-07 -2.89594e-07 0.687904
2000 -79.4011 -79.4011 -199.089 -2.3048e-07 -7.50818e-08 -2.37525e-07 0.695824
2100 -78.9127 -78.9127 -199.73 3.57396e-07 -3.03211e-08 9.32388e-08 0.703048
2200 -78.4744 -78.4745 -200.292 -3.18853e-07 -1.86976e-07 -3.07403e-08 0.709492
2300 -78.0417 -78.0417 -200.87 5.25993e-07 -4.31539e-10 5.36199e-08 0.715954
2400 -77.6143 -77.6143 -201.463 6.51741e-07 -2.77327e-08 -2.31666e-07 0.722433
2500 -77.1917 -77.1917 -202.072 4.69305e-07 -9.70336e-08 2.47991e-07 0.728931
2600 -76.7986 -76.7986 -202.642 6.73812e-07 -2.34164e-09 3.93179e-07 0.734997
2700 -76.4614 -76.4614 -203.112 -2.3615e-07 3.44063e-07 -3.83503e-07 0.740139
2800 -76.1276 -76.1276 -203.594 6.16462e-07 -2.07044e-07 6.44911e-07 0.745294
2900 -75.797 -75.797 -204.086 2.85815e-07 -9.23576e-08 -1.04163e-07 0.75046
3000 -75.4694 -75.4694 -204.589 -7.54463e-08 2.01081e-08 8.94447e-09 0.755639
3100 -75.1447 -75.1447 -205.101 -7.36049e-08 1.92014e-08 8.66679e-09 0.76083
3200 -74.8226 -74.8226 -205.622 4.76704e-07 3.7096e-08 1.08861e-07 0.766033
3300 -74.5639 -74.5639 -206.024 -5.83037e-07 1.20929e-07 -2.19561e-07 0.770151
3400 -74.3156 -74.3156 -206.415 -6.97585e-08 1.38682e-08 1.11594e-08 0.774126
3500 -74.0691 -74.0691 -206.812 -6.63907e-08 1.13078e-08 8.03576e-09 0.778108
3600 -73.8243 -73.8243 -207.216 2.1389e-07 4.34918e-08 1.91344e-07 0.782098
3700 -73.581 -73.581 -207.625 8.76655e-08 -9.64781e-08 4.16813e-07 0.786096
3800 -73.3392 -73.3392 -208.041 -9.07575e-08 1.5909e-08 -1.7981e-08 0.790101
3900 -73.0988 -73.0988 -208.461 -1.65958e-07 -2.11563e-07 1.73628e-07 0.794114
4000 -72.8597 -72.8597 -208.888 3.46258e-07 9.14658e-08 -9.0348e-08 0.798135
4100 -72.6547 -72.6547 -209.25 -7.51741e-08 1.49354e-08 -1.11672e-08 0.801573
4200 -72.4792 -72.4792 -209.558 9.52801e-08 4.98081e-08 1.75794e-07 0.804505
4300 -72.3044 -72.3044 -209.869 -6.42051e-08 2.85268e-09 3.10039e-08 0.807443
4400 -72.1305 -72.1305 -210.182 1.6482e-07 -1.48582e-07 1.3147e-07 0.810384
4500 -71.9572 -71.9572 -210.5 4.83862e-07 -9.10508e-08 2.07566e-07 0.81333
4600 -71.7845 -71.7845 -210.82 3.49037e-07 -2.46002e-07 3.87371e-07 0.81628
4700 -71.6125 -71.6125 -211.143 -1.10185e-07 2.78231e-08 -4.10493e-08 0.819235
4800 -71.441 -71.441 -211.468 -2.56525e-08 1.38302e-07 1.45345e-07 0.822195
4900 -71.2699 -71.2699 -211.796 -9.26707e-08 1.83758e-08 -4.33072e-08 0.825158
5000 -71.0993 -71.0993 -212.127 9.45324e-08 6.32226e-08 -1.84535e-08 0.828127
5100 -70.929 -70.9291 -212.46 -1.04101e-07 -4.26419e-08 1.57666e-07 0.8311
5200 -70.7724 -70.7724 -212.768 -9.71863e-08 1.49053e-08 -4.93735e-08 0.833841
5300 -70.6558 -70.6558 -212.995 -9.20267e-08 2.2817e-08 -5.08588e-08 0.835875
5400 -70.5394 -70.5394 -213.224 -9.14855e-08 2.03656e-08 -5.31918e-08 0.837911
5500 -70.4232 -70.4232 -213.454 -8.01262e-08 1.56114e-08 -4.23227e-08 0.839949
5600 -70.3071 -70.3071 -213.685 2.48307e-07 3.95927e-08 1.65538e-08 0.84199
5700 -70.1912 -70.1912 -213.917 -7.71532e-08 1.06569e-07 -7.09977e-08 0.844032
5800 -70.0754 -70.0754 -214.15 -8.50246e-08 9.34062e-09 -3.8862e-08 0.846077
5900 -69.9596 -69.9596 -214.384 -1.863e-07 1.29213e-07 -2.36865e-07 0.848125
6000 -69.844 -69.844 -214.619 -8.70387e-08 1.17651e-08 -4.08191e-08 0.850174
6100 -69.7283 -69.7283 -214.854 -7.66073e-08 1.03366e-08 -3.19303e-08 0.852226
6200 -69.6127 -69.6127 -215.09 -7.29813e-08 1.22119e-08 -3.93233e-08 0.854281
6300 -69.497 -69.497 -215.327 1.06775e-07 1.33466e-08 -5.46052e-08 0.856337
6400 -69.3813 -69.3813 -215.564 9.33795e-08 4.26113e-08 -1.08421e-07 0.858396
6500 -69.2655 -69.2655 -215.802 2.7422e-07 -1.62334e-09 1.27877e-07 0.860458
6600 -69.1496 -69.1496 -216.04 7.71916e-08 -4.37702e-08 1.97649e-07 0.862521
6700 -69.0336 -69.0336 -216.279 -9.31939e-08 6.03766e-09 -4.15608e-08 0.864588
6800 -68.9174 -68.9174 -216.518 -3.59729e-07 4.27895e-08 -5.07094e-08 0.866656
6900 -68.8451 -68.8451 -216.667 -8.55045e-08 1.26807e-10 -2.84428e-08 0.867945
7000 -68.7729 -68.7729 -216.816 -8.05348e-08 7.88961e-10 -2.96734e-08 0.869231
7100 -68.7007 -68.7007 -216.964 -7.44994e-08 5.17091e-09 -2.86962e-08 0.870518
7200 -68.6285 -68.6285 -217.113 -7.3524e-08 5.26409e-09 -2.8044e-08 0.871806
7300 -68.5563 -68.5563 -217.263 -7.14549e-08 5.09485e-09 -2.69736e-08 0.873094
7400 -68.4841 -68.4841 -217.412 -7.05467e-08 5.18294e-09 -2.63775e-08 0.874384
7500 -68.4119 -68.4119 -217.562 -6.85435e-08 5.009e-09 -2.53615e-08 0.875675
7600 -68.3397 -68.3397 -217.713 -6.73612e-08 5.28466e-09 -2.77811e-08 0.876966
7700 -68.2675 -68.2675 -217.863 -6.55578e-08 3.93881e-09 -2.63894e-08 0.878259
7800 -68.1953 -68.1953 -218.014 -6.86969e-08 7.79681e-09 -3.26072e-08 0.879552
7900 -68.1231 -68.1231 -218.165 -5.04352e-08 6.06045e-09 -2.54986e-08 0.880846
8000 -68.051 -68.051 -218.317 -6.84046e-08 6.5729e-09 -2.62626e-08 0.882142
8100 -67.9789 -67.9789 -218.469 2.59477e-07 2.20687e-07 2.23384e-07 0.883438
8200 -67.9069 -67.9069 -218.622 -6.22468e-08 -6.25412e-09 -2.91266e-08 0.884735
8300 -67.8349 -67.8349 -218.775 -1.23454e-07 7.68363e-08 2.26193e-07 0.886033
8400 -67.763 -67.763 -218.928 2.94067e-07 -1.77369e-08 4.67142e-09 0.887333
8500 -67.6912 -67.6912 -219.082 1.12258e-07 -1.53996e-07 3.01479e-07 0.888633
8600 -67.6194 -67.6194 -219.237 1.91967e-08 -4.68523e-08 4.93846e-08 0.889934
8700 -67.5477 -67.5477 -219.392 -6.54479e-08 -1.6451e-07 9.1083e-08 0.891236
8800 -67.4761 -67.4761 -219.548 -6.11609e-08 1.8075e-09 -4.29161e-08 0.892538
8900 -67.4046 -67.4046 -219.704 2.02007e-07 -1.07763e-07 2.01663e-07 0.893842
9000 -67.3331 -67.3331 -219.861 5.61057e-08 -1.92107e-07 3.18878e-07 0.895147
9100 -67.2618 -67.2618 -220.018 1.24436e-07 -2.68436e-07 4.59304e-07 0.896453
9200 -67.1906 -67.1906 -220.177 -7.67052e-08 1.72827e-08 -7.34323e-08 0.897759
9300 -67.1195 -67.1195 -220.336 -7.46432e-08 1.69106e-08 -7.11932e-08 0.899067
9400 -67.0585 -67.0585 -220.475 -7.36045e-08 1.6774e-08 -6.89719e-08 0.900199
9500 -67.0222 -67.0222 -220.564 1.25311e-07 -7.82991e-08 2.84289e-07 0.900893
9600 -66.9861 -66.9861 -220.654 -6.59545e-08 1.31103e-08 -6.59372e-08 0.901587
9700 -66.95 -66.95 -220.744 -7.38799e-08 1.5027e-08 -7.19523e-08 0.902281
9800 -66.914 -66.914 -220.834 2.726e-07 -4.04936e-07 6.07426e-07 0.902975
9900 -66.8781 -66.8781 -220.925 2.17238e-07 -2.84632e-07 2.23738e-07 0.90367
10000 -66.8422 -66.8422 -221.016 -7.73886e-08 3.02244e-08 -9.00634e-08 0.904365
10100 -66.8065 -66.8065 -221.107 2.47045e-08 3.65637e-09 -1.17328e-08 0.905061
10200 -66.7709 -66.7709 -221.199 -7.27422e-08 -9.01385e-08 1.58465e-07 0.905756
10300 -66.7354 -66.7354 -221.292 -7.69505e-08 3.14668e-08 -9.24877e-08 0.906452
10400 -66.6999 -66.6999 -221.385 2.03328e-07 -7.34979e-08 9.476e-08 0.907148
10500 -66.6646 -66.6646 -221.478 -8.77061e-08 3.50549e-08 -9.64239e-08 0.907844
10600 -66.6294 -66.6294 -221.572 -8.78412e-08 3.97591e-08 -9.99479e-08 0.908541
10700 -66.5943 -66.5943 -221.666 -8.85804e-08 3.647e-08 -9.38524e-08 0.909238
10800 -66.5593 -66.5593 -221.76 -6.45806e-08 3.42965e-08 -8.701e-08 0.909935
10900 -66.5244 -66.5244 -221.855 -5.86914e-08 -8.9918e-08 -7.2123e-08 0.910632
11000 -66.4896 -66.4896 -221.951 2.65895e-07 -7.75797e-09 -3.33518e-08 0.911329
11100 -66.4549 -66.4549 -222.047 -7.66765e-08 3.75155e-08 -8.40937e-08 0.912027
11200 -66.4203 -66.4203 -222.143 -7.10008e-08 3.93763e-08 -8.1484e-08 0.912725
11300 -66.3859 -66.3859 -222.24 -7.63011e-08 3.5608e-08 -7.79566e-08 0.913424
11400 -66.3515 -66.3515 -222.338 -1.47087e-07 1.90639e-07 -2.85003e-08 0.914122
11500 -66.3173 -66.3173 -222.436 -6.5886e-08 2.97709e-08 -7.31008e-08 0.914821
11600 -66.2832 -66.2832 -222.534 -5.7848e-08 2.93055e-08 -6.87658e-08 0.91552
11700 -66.2492 -66.2492 -222.633 -7.27663e-08 3.11453e-08 -7.53476e-08 0.916219
11800 -66.2154 -66.2154 -222.733 8.63938e-08 1.40172e-07 -1.37971e-07 0.916919
11900 -66.1816 -66.1816 -222.833 -7.22457e-08 2.63993e-08 -6.73762e-08 0.917618
12000 -66.148 -66.148 -222.934 -7.83414e-08 2.23192e-08 -6.91071e-08 0.918318
12100 -66.1145 -66.1145 -223.035 -6.29708e-08 2.60013e-08 -6.29898e-08 0.919018
12200 -66.0812 -66.0812 -223.137 -6.50855e-08 2.42922e-08 -6.08868e-08 0.919719
12300 -66.048 -66.048 -223.239 -7.12374e-08 2.76709e-08 -6.48895e-08 0.92042
12400 -66.0149 -66.0149 -223.342 -5.87483e-08 2.79823e-08 -6.17184e-08 0.921121
12500 -65.9819 -65.9819 -223.445 -5.96588e-08 2.70684e-08 -6.35133e-08 0.921822
12600 -65.9491 -65.9491 -223.549 -6.18912e-08 2.3116e-08 -5.67634e-08 0.922523
12700 -65.9164 -65.9164 -223.654 -5.8531e-08 2.04432e-08 -4.92569e-08 0.923225
12800 -65.8839 -65.8839 -223.759 -5.308e-08 1.82871e-08 -3.93322e-08 0.923927
12900 -65.8515 -65.8515 -223.864 -5.68274e-08 1.50104e-08 -4.37213e-08 0.924629
13000 -65.8192 -65.8192 -223.971 -5.58136e-08 1.94686e-08 -4.55863e-08 0.925331
13100 -65.7871 -65.7871 -224.078 -5.41254e-08 1.90246e-08 -4.43115e-08 0.926033
13200 -65.7551 -65.7551 -224.185 -5.36606e-08 1.87067e-08 -4.30965e-08 0.926736
13300 -65.7233 -65.7233 -224.293 -5.20183e-08 1.82758e-08 -4.18957e-08 0.927439
13400 -65.6916 -65.6916 -224.402 -4.89966e-08 1.41866e-08 -3.65284e-08 0.928142
13500 -65.6601 -65.6601 -224.512 -5.00513e-08 1.76489e-08 -3.97317e-08 0.928846
13600 -65.6287 -65.6287 -224.622 -4.96732e-08 1.73548e-08 -3.86528e-08 0.92955
13700 -65.5975 -65.5975 -224.732 -4.81142e-08 1.69456e-08 -3.75811e-08 0.930254
13800 -65.5664 -65.5664 -224.844 -4.77766e-08 1.66642e-08 -3.65645e-08 0.930958
13900 -65.5355 -65.5355 -224.956 -4.6257e-08 1.62674e-08 -3.55528e-08 0.931662
14000 -65.5047 -65.5047 -225.069 -4.59575e-08 1.59981e-08 -3.45938e-08 0.932367
14100 -65.4741 -65.4741 -225.182 5.36102e-07 -8.15833e-08 2.33455e-07 0.933071
14200 -65.4591 -65.4591 -225.264 -4.30079e-08 2.2391e-08 -3.91909e-08 0.933503
14300 -65.4533 -65.4533 -225.328 -1.17249e-07 1.96825e-07 -1.60596e-07 0.933774
14400 -65.4476 -65.4476 -225.393 4.35869e-08 -1.8645e-09 2.14398e-08 0.934045
14500 -65.4419 -65.4419 -225.457 -8.60399e-08 1.54273e-07 -6.33661e-08 0.934315
14600 -65.4363 -65.4363 -225.522 -5.61429e-08 7.64916e-09 -3.40339e-08 0.934586
14700 -65.4307 -65.4307 -225.587 3.09654e-07 -1.04937e-07 4.06396e-07 0.934857
14800 -65.4252 -65.4252 -225.652 -4.76042e-08 6.49154e-09 -4.22338e-08 0.935128
14900 -65.4198 -65.4198 -225.718 -5.96777e-08 7.67312e-09 -4.27042e-08 0.935398
15000 -65.4145 -65.4145 -225.784 -5.32761e-08 9.74593e-09 -4.40265e-08 0.935669
15100 -65.4092 -65.4092 -225.85 -1.70714e-07 7.16518e-08 -1.23968e-08 0.93594
15200 -65.4039 -65.4039 -225.916 -5.7997e-08 1.00919e-08 -4.74961e-08 0.936211
15300 -65.3987 -65.3987 -225.982 -7.24996e-08 -6.56755e-10 1.92181e-07 0.936482
15400 -65.3936 -65.3936 -226.049 1.1169e-07 3.18928e-08 1.72449e-07 0.936752
15500 -65.3886 -65.3886 -226.116 1.41919e-07 7.40585e-08 1.08903e-07 0.937023
15600 -65.3836 -65.3836 -226.183 2.54933e-07 -2.85131e-08 2.1155e-07 0.937294
15700 -65.3786 -65.3786 -226.251 1.11657e-07 2.67839e-08 5.57917e-08 0.937565
15800 -65.3738 -65.3738 -226.318 1.04892e-07 9.34653e-08 1.0371e-07 0.937836
15900 -65.369 -65.369 -226.386 3.00094e-08 4.99559e-08 1.24531e-07 0.938107
16000 -65.3642 -65.3642 -226.455 -6.22256e-08 -3.21264e-09 -6.78936e-08 0.938378
16100 -65.3595 -65.3595 -226.523 -6.0755e-08 -2.62905e-09 -6.85785e-08 0.938649
16200 -65.3549 -65.3549 -226.592 1.35856e-07 3.14126e-08 7.40317e-08 0.93892
16300 -65.3504 -65.3504 -226.661 -5.40316e-08 -7.9765e-09 -6.32119e-08 0.939191
16400 -65.3459 -65.3459 -226.73 -4.74314e-08 -2.07773e-09 -6.79588e-08 0.939462
16500 -65.3414 -65.3414 -226.8 -4.91696e-08 -4.27726e-10 -6.55231e-08 0.939733
16600 -65.3371 -65.3371 -226.869 -5.98555e-08 2.58028e-09 -7.01679e-08 0.940004
16700 -65.3328 -65.3328 -226.939 -5.19526e-08 -3.30578e-09 -6.14079e-08 0.940275
16800 -65.3285 -65.3285 -227.01 -4.866e-08 2.95863e-07 -2.83839e-07 0.940546
16900 -65.3243 -65.3243 -227.08 -4.75293e-08 -6.63879e-09 -5.60329e-08 0.940818
17000 -65.3202 -65.3202 -227.151 -5.67281e-08 -9.51048e-09 -5.18108e-08 0.941089
17100 -65.3162 -65.3162 -227.222 -4.64594e-08 -1.04466e-08 -4.5797e-08 0.94136
17200 -65.3122 -65.3122 -227.293 -4.43748e-08 -8.48441e-09 -4.36758e-08 0.941631
17300 -65.3083 -65.3083 -227.365 2.60679e-07 3.8771e-08 -5.58128e-11 0.941902
17400 -65.3044 -65.3044 -227.436 3.63485e-08 8.44864e-08 -6.94818e-08 0.942173
17500 -65.3006 -65.3006 -227.508 -5.64741e-08 -1.33423e-08 -4.70546e-08 0.942445
17600 -65.2969 -65.2969 -227.581 6.23897e-08 1.40817e-07 -1.12099e-07 0.942716
17700 -65.2932 -65.2932 -227.653 -5.64519e-08 -1.30444e-08 -4.4725e-08 0.942987
17800 -65.2896 -65.2896 -227.726 -5.65594e-08 -1.27409e-08 -4.09228e-08 0.943259
17900 -65.286 -65.286 -227.799 -5.26585e-08 -1.70082e-08 -3.43453e-08 0.94353
18000 -65.2825 -65.2825 -227.872 -5.23432e-08 -1.34009e-08 -3.98556e-08 0.943801
18100 -65.2791 -65.2791 -227.946 -4.53543e-08 -1.83419e-08 -2.82555e-08 0.944072
18200 -65.2758 -65.2758 -228.02 -5.61756e-08 -1.03949e-08 -3.69309e-08 0.944344
18300 -65.2725 -65.2725 -228.094 -4.96827e-08 -1.32312e-08 -3.47364e-08 0.944615
18400 -65.2692 -65.2692 -228.168 -5.3714e-08 -1.07369e-08 -3.66017e-08 0.944887
18500 -65.2661 -65.2661 -228.243 1.2379e-07 -4.02911e-08 7.3826e-08 0.945158
18600 -65.263 -65.263 -228.318 -5.93478e-08 -8.88722e-09 -3.4187e-08 0.945429
18700 -65.2599 -65.2599 -228.393 -4.78116e-08 -9.6712e-09 -3.36945e-08 0.945701
18800 -65.257 -65.257 -228.468 -5.07569e-08 -9.69878e-09 -3.02481e-08 0.945972
18900 -65.2541 -65.2541 -228.544 -5.38949e-08 -7.71192e-09 -3.2594e-08 0.946244
19000 -65.2512 -65.2512 -228.62 -4.87408e-08 -8.91837e-09 -2.83493e-08 0.946515
19100 -65.2484 -65.2484 -228.696 -4.7339e-08 -8.50775e-09 -2.77111e-08 0.946787
19200 -65.2457 -65.2457 -228.772 -4.68923e-08 -8.16682e-09 -2.66507e-08 0.947058
19300 -65.2431 -65.2431 -228.849 -4.55272e-08 -7.78584e-09 -2.60661e-08 0.94733
19400 -65.2405 -65.2405 -228.926 -3.95905e-08 -8.52576e-09 -2.53981e-08 0.947601
19500 -65.2379 -65.2379 -229.003 -3.73287e-08 -7.18289e-09 -2.56339e-08 0.947873
19600 -65.2355 -65.2355 -229.08 -9.85306e-08 -1.91502e-10 9.77755e-08 0.948144
19700 -65.2331 -65.2331 -229.158 -1.62894e-08 6.05439e-09 1.18173e-07 0.948416
19800 -65.2307 -65.2307 -229.236 3.61613e-09 -8.45661e-08 -1.37188e-08 0.948687
19900 -65.2285 -65.2285 -229.314 -5.27855e-08 -2.227e-09 -3.15502e-08 0.948959
20000 -65.2263 -65.2263 -229.393 -3.87913e-08 -4.78009e-09 -2.95474e-08 0.949231
20100 -65.2241 -65.2241 -229.472 -4.00421e-08 -4.70899e-09 -2.46414e-08 0.949502
20200 -65.222 -65.222 -229.551 -4.34398e-08 -4.5912e-09 -2.63257e-08 0.949774
20300 -65.22 -65.22 -229.63 -1.10968e-07 -1.01236e-07 2.91295e-07 0.950045
20400 -65.2181 -65.2181 -229.71 4.98007e-08 6.37379e-08 -4.03822e-08 0.950317
20500 -65.2162 -65.2162 -229.79 -3.55987e-08 -7.87868e-10 -3.70615e-08 0.950589
20600 -65.2144 -65.2144 -229.87 1.24096e-07 -5.70604e-08 2.65372e-07 0.95086
20700 -65.2126 -65.2126 -229.95 -3.67714e-08 -4.6711e-09 -3.76806e-08 0.951132
20800 -65.2109 -65.2109 -230.031 -4.12788e-08 -6.51246e-09 -3.35773e-08 0.951404
20900 -65.2093 -65.2093 -230.112 -4.21082e-08 -2.30088e-09 -4.06653e-08 0.951675
21000 -65.2077 -65.2077 -230.193 7.42018e-08 6.27722e-08 -2.30565e-08 0.951947
21100 -65.2062 -65.2062 -230.274 -3.24684e-07 -2.17476e-08 6.43613e-08 0.952219
21200 -65.2048 -65.2048 -230.356 -3.42347e-08 -6.53976e-09 -3.63222e-08 0.952491
21300 -65.2034 -65.2034 -230.438 -8.63904e-08 7.04129e-08 -1.02256e-07 0.952762
21400 -65.2021 -65.2021 -230.52 2.12811e-07 5.91673e-09 1.56252e-07 0.953034
21500 -65.2008 -65.2008 -230.603 -2.99553e-08 -1.12289e-08 -3.15261e-08 0.953306
21600 -65.1996 -65.1996 -230.686 -3.7367e-08 -4.34402e-09 -3.83965e-08 0.953578
21700 -65.1985 -65.1985 -230.769 -2.27637e-08 -4.45543e-09 -3.59871e-08 0.95385
21800 -65.1975 -65.1975 -230.852 4.05678e-07 -1.09777e-07 1.57616e-07 0.954121
21900 -65.1965 -65.1965 -230.935 4.98913e-07 -1.01532e-07 1.53142e-07 0.954393
22000 -65.1955 -65.1955 -231.019 1.08571e-07 4.16414e-08 1.39571e-08 0.954665
22100 -65.1947 -65.1947 -231.103 -5.19108e-08 -8.25992e-10 -4.29845e-08 0.954937
22200 -65.1939 -65.1939 -231.188 -5.03459e-08 2.91161e-11 -4.3609e-08 0.955209
22300 -65.1931 -65.1931 -231.272 -8.09049e-10 4.68168e-08 9.03687e-08 0.955481
22400 -65.1925 -65.1925 -231.357 2.66361e-07 -1.13257e-07 2.12112e-07 0.955752
22500 -65.1918 -65.1918 -231.443 -5.86505e-08 1.32419e-09 -5.49289e-08 0.956024
22600 -65.1913 -65.1913 -231.528 -5.76711e-08 -3.25365e-10 -4.83769e-08 0.956296
22700 -65.1908 -65.1908 -231.614 -6.32486e-08 4.10915e-10 -4.9519e-08 0.956568
22800 -65.1904 -65.1904 -231.7 -6.2315e-08 1.91788e-09 -5.13163e-08 0.95684
22900 -65.19 -65.19 -231.786 -5.05121e-08 -4.1671e-10 -4.45663e-08 0.957112
23000 -65.1897 -65.1897 -231.873 -3.74389e-08 -3.36813e-08 2.06043e-07 0.957384
23100 -65.1895 -65.1895 -231.959 -5.27709e-08 -8.3214e-10 -4.55729e-08 0.957656
23200 -65.1893 -65.1893 -232.046 -5.16732e-08 -1.46418e-09 -4.37369e-08 0.957928
23300 -65.1892 -65.1892 -232.134 -4.66759e-08 -4.06827e-09 -4.54571e-08 0.9582
23400 -65.1892 -65.1892 -232.221 -5.01807e-08 -1.50507e-09 -4.33872e-08 0.958472
23500 -65.1892 -65.1892 -232.309 -1.47169e-07 -5.6167e-08 2.50368e-07 0.958744
23600 -65.1893 -65.1893 -232.397 -3.62274e-08 -1.93648e-09 -4.07516e-08 0.959015
23700 -65.1894 -65.1894 -232.486 8.79983e-08 -1.75976e-07 2.6936e-07 0.959287
23800 -65.1896 -65.1896 -232.574 -5.11647e-08 7.60256e-09 -5.83682e-08 0.959559
23900 -65.1899 -65.1899 -232.663 -3.85092e-08 1.16146e-08 -5.92911e-08 0.959831
24000 -65.1902 -65.1902 -232.753 -4.87761e-08 5.69902e-09 -5.25268e-08 0.960103
24100 -65.1906 -65.1906 -232.842 -3.33752e-07 -1.41432e-08 1.08349e-07 0.960375
24200 -65.1911 -65.1911 -232.932 -3.24285e-08 2.31557e-09 -5.21867e-08 0.960647
24300 -65.1916 -65.1916 -233.022 -4.20858e-08 3.16252e-09 -5.07463e-08 0.960919
24400 -65.1922 -65.1922 -233.112 -3.85579e-08 1.90445e-09 -4.73699e-08 0.961192
24500 -65.1928 -65.1928 -233.203 -3.78009e-08 5.65355e-09 -4.99633e-08 0.961464
24600 -65.1935 -65.1935 -233.294 -3.22709e-08 5.53218e-09 -4.79545e-08 0.961736
24700 -65.1943 -65.1943 -233.385 -2.61614e-08 6.14381e-09 -4.69306e-08 0.962008
24800 -65.1951 -65.1951 -233.476 1.13734e-07 -1.84903e-07 2.54926e-07 0.96228
24900 -65.196 -65.196 -233.568 -4.72563e-08 1.08855e-08 -5.6215e-08 0.962552
25000 -65.197 -65.197 -233.66 -5.42206e-08 -4.59856e-08 1.81949e-07 0.962824
25100 -65.198 -65.198 -233.752 1.05286e-07 -2.46276e-08 6.02619e-08 0.963096
25200 -65.199 -65.199 -233.844 -3.90728e-08 1.14154e-08 -5.74452e-08 0.963368
25300 -65.2002 -65.2002 -233.937 -2.73843e-08 8.75534e-09 -5.18392e-08 0.96364
25400 -65.2014 -65.2014 -234.03 -4.57469e-08 1.21167e-08 -5.91893e-08 0.963912
25500 -65.2026 -65.2026 -234.123 -3.45127e-08 1.32493e-08 -5.53919e-08 0.964184
25600 -65.204 -65.204 -234.217 -4.44515e-08 1.37617e-08 -5.67215e-08 0.964456
25700 -65.2054 -65.2054 -234.31 -3.40184e-08 1.24224e-08 -5.23192e-08 0.964729
25800 -65.2068 -65.2068 -234.405 -3.12146e-08 1.22334e-08 -5.05272e-08 0.965001
25900 -65.2083 -65.2083 -234.499 -2.95749e-08 1.42088e-08 -5.4199e-08 0.965273
26000 -65.2099 -65.2099 -234.593 -3.58301e-08 4.31339e-09 -4.52072e-08 0.965545
26100 -65.2115 -65.2115 -234.688 -2.96014e-08 5.79356e-09 -4.59299e-08 0.965817
26200 -65.2132 -65.2132 -234.783 -3.04219e-08 9.17147e-09 -4.35935e-08 0.966089
26300 -65.2149 -65.2149 -234.879 -7.04493e-08 -3.50849e-08 2.94634e-08 0.966361
26400 -65.2167 -65.2167 -234.974 -2.35342e-08 1.03174e-08 -4.27689e-08 0.966633
26500 -65.231 -65.231 -235.045 -2.96249e-08 1.20303e-08 -4.31973e-08 0.966692
26600 -65.247 -65.247 -235.112 -2.30241e-08 1.15632e-08 -4.09988e-08 0.966722
26700 -65.2629 -65.2629 -235.179 -2.49775e-08 7.82581e-09 -3.57069e-08 0.966751
26800 -65.2789 -65.2789 -235.246 -2.36e-08 9.82081e-09 -3.79461e-08 0.966781
26900 -65.2948 -65.2948 -235.313 -1.69663e-08 1.15267e-08 -3.80026e-08 0.96681
27000 -65.3107 -65.3107 -235.38 -2.19593e-08 1.15728e-08 -3.74317e-08 0.966839
27100 -65.3266 -65.3266 -235.447 -2.8844e-08 1.3573e-08 -4.40857e-08 0.966869
27200 -65.3425 -65.3425 -235.514 -1.51288e-08 9.20487e-09 -3.16384e-08 0.966898
27300 -65.3584 -65.3584 -235.58 -2.43249e-08 1.15737e-08 -3.75533e-08 0.966928
27400 -65.3742 -65.3742 -235.647 -1.63002e-08 8.17369e-09 -2.89094e-08 0.966957
27500 -65.39 -65.39 -235.714 -2.29832e-08 1.19694e-08 -3.57861e-08 0.966986
27600 -65.4059 -65.4059 -235.78 -1.71227e-08 9.95463e-09 -3.38241e-08 0.967016
27700 -65.4217 -65.4217 -235.847 -1.25643e-08 1.14061e-08 -3.2473e-08 0.967045
27800 -65.4375 -65.4375 -235.913 -1.67822e-08 9.04318e-09 -2.71904e-08 0.967074
27900 -65.4532 -65.4532 -235.98 -2.07715e-08 1.06866e-08 -3.13141e-08 0.967104
28000 -65.469 -65.469 -236.046 -2.5094e-08 8.10167e-09 -2.87478e-08 0.967133
28100 -65.4847 -65.4847 -236.113 -2.2772e-08 6.69423e-09 -2.48991e-08 0.967162
28200 -65.5005 -65.5005 -236.179 -1.94018e-08 1.04261e-08 -2.70835e-08 0.967192
28300 -65.5162 -65.5162 -236.245 -9.18226e-09 7.43184e-09 -2.35977e-08 0.967221
28400 -65.5319 -65.5319 -236.311 -2.19091e-08 8.92115e-09 -2.53151e-08 0.96725
28500 -65.5476 -65.5476 -236.378 1.13533e-08 -5.93177e-09 1.18968e-07 0.96728
28600 -65.5632 -65.5632 -236.444 -9.14001e-09 8.96926e-09 -2.48077e-08 0.967309
28700 -65.5789 -65.5789 -236.51 -2.53013e-08 7.1652e-09 -2.78925e-08 0.967338
28800 -65.5945 -65.5945 -236.576 -2.2064e-08 7.29579e-09 -2.8307e-08 0.967368
28900 -65.6102 -65.6102 -236.642 -1.45258e-08 4.02134e-09 -2.10977e-08 0.967397
29000 -65.6258 -65.6258 -236.708 -1.96769e-08 7.84094e-09 -2.56714e-08 0.967426
29100 -65.6414 -65.6414 -236.773 -6.91152e-09 7.01986e-09 -2.06329e-08 0.967456
29200 -65.657 -65.657 -236.839 -2.35588e-08 6.02276e-09 -2.24965e-08 0.967485
29300 -65.6725 -65.6725 -236.905 -1.37577e-08 6.94431e-09 -2.17752e-08 0.967514
29400 -65.6881 -65.6881 -236.971 -1.90763e-08 8.6048e-09 -2.17169e-08 0.967544
29500 -65.7036 -65.7036 -237.036 -2.28889e-08 8.09254e-09 -2.30977e-08 0.967573
29600 -65.7192 -65.7192 -237.102 -2.18621e-08 6.62807e-09 -2.17997e-08 0.967602
29700 -65.7347 -65.7347 -237.168 -8.47582e-09 6.45411e-09 -1.79782e-08 0.967631
29800 -65.7502 -65.7502 -237.233 -2.31947e-08 3.29358e-09 -1.8407e-08 0.967661
29900 -65.7657 -65.7657 -237.299 -7.86944e-09 7.48296e-09 -1.83033e-08 0.96769
30000 -65.7811 -65.7811 -237.364 -1.34618e-08 5.56151e-09 -1.90473e-08 0.967719
30100 -65.7966 -65.7966 -237.429 -1.54665e-08 6.42003e-09 -1.92833e-08 0.967749
30200 -65.812 -65.812 -237.495 -1.58015e-08 8.89189e-09 -2.41338e-08 0.967778
30300 -65.8275 -65.8275 -237.56 -1.70826e-08 7.48485e-09 -2.31071e-08 0.967807
30400 -65.8429 -65.8429 -237.625 -1.54958e-08 6.04618e-09 -1.95392e-08 0.967836
30500 -65.8583 -65.8583 -237.691 -9.08952e-09 5.95483e-09 -1.54052e-08 0.967866
30600 -65.8737 -65.8737 -237.756 -1.3119e-08 3.3059e-09 -1.40897e-08 0.967895
30700 -65.889 -65.889 -237.821 -1.22028e-08 7.42916e-09 -1.67317e-08 0.967924
30800 -65.9044 -65.9044 -237.886 -1.04451e-08 5.05132e-09 -1.55259e-08 0.967953
30900 -65.9197 -65.9197 -237.951 -9.61611e-09 7.6468e-10 -1.66545e-08 0.967983
31000 -65.9351 -65.9351 -238.016 -1.62234e-08 8.26233e-09 -1.85286e-08 0.968012
31100 -65.9504 -65.9504 -238.081 -1.41512e-08 7.93738e-09 -2.11167e-08 0.968041
31200 -65.9657 -65.9657 -238.146 -8.12268e-09 2.66145e-09 -8.09124e-09 0.96807
31300 -65.981 -65.981 -238.21 -9.60721e-09 5.51978e-09 -1.27905e-08 0.9681
31400 -65.9963 -65.9963 -238.275 -1.57114e-08 5.15685e-09 -1.45245e-08 0.968129
31500 -66.0115 -66.0115 -238.34 -1.45829e-08 2.77182e-09 -1.436e-08 0.968158
31600 -66.0268 -66.0268 -238.405 -5.55079e-09 4.43272e-09 -1.03796e-08 0.968187
31700 -66.042 -66.042 -238.469 -1.32801e-08 4.61548e-09 -1.22943e-08 0.968217
31800 -66.0572 -66.0572 -238.534 -3.79657e-09 2.64917e-09 -8.20646e-09 0.968246
31900 -66.0724 -66.0724 -238.599 -1.18824e-09 2.33211e-09 -5.58297e-09 0.968275
32000 -66.0876 -66.0876 -238.663 -1.27569e-08 6.16016e-09 -1.38732e-08 0.968304
32100 -66.1028 -66.1028 -238.727 -8.03429e-09 3.63971e-09 -9.84096e-09 0.968334
32200 -66.118 -66.118 -238.792 -7.90546e-09 6.14974e-09 -1.37701e-08 0.968363
32300 -66.1331 -66.1331 -238.856 -5.78569e-09 6.85101e-09 -1.11361e-08 0.968392
32400 -66.1483 -66.1483 -238.921 -1.03673e-08 9.34557e-09 -1.46325e-08 0.968421
32500 -66.1634 -66.1634 -238.985 -1.04978e-08 2.06182e-09 -8.12198e-09 0.96845
32600 -66.1785 -66.1785 -239.049 2.50206e-07 -1.44367e-07 1.68659e-07 0.96848
32700 -66.1936 -66.1936 -239.113 4.41154e-09 2.80521e-09 -6.13802e-09 0.968509
32800 -66.2087 -66.2087 -239.178 -1.36101e-08 7.05698e-09 -1.24435e-08 0.968538
32900 -66.2238 -66.2238 -239.242 -1.32862e-08 5.50955e-09 -1.18546e-08 0.968567
33000 -66.2388 -66.2388 -239.306 -1.12308e-08 5.48386e-09 -1.15485e-08 0.968596
33100 -66.2539 -66.2539 -239.37 -1.23676e-08 6.55417e-09 -1.51691e-08 0.968626
33200 -66.2689 -66.2689 -239.434 -8.9682e-09 7.13417e-09 -1.27089e-08 0.968655
33300 -66.2839 -66.2839 -239.498 -7.10829e-09 3.24125e-09 -7.54072e-09 0.968684
33400 -66.2989 -66.2989 -239.562 -1.94927e-08 8.25786e-09 -1.56098e-08 0.968713
33500 -66.3139 -66.3139 -239.625 -2.96107e-09 5.57146e-09 -1.10469e-08 0.968742
33600 -66.3289 -66.3289 -239.689 -1.03409e-08 3.74675e-09 -9.12547e-09 0.968771
33700 -66.3439 -66.3439 -239.753 -1.03578e-08 6.45301e-09 -1.04615e-08 0.968801
33800 -66.3588 -66.3588 -239.817 -1.11094e-08 6.11766e-09 -1.31979e-08 0.96883
33900 -66.3738 -66.3738 -239.88 -1.46159e-08 7.14993e-09 -1.24101e-08 0.968859
34000 -66.3887 -66.3887 -239.944 -8.14095e-09 6.10057e-09 -8.15504e-09 0.968888
34100 -66.4036 -66.4036 -240.008 -1.38862e-08 4.80432e-09 -1.31127e-08 0.968917
34200 -66.4185 -66.4185 -240.071 -1.53661e-08 5.90879e-09 -8.67956e-09 0.968946
34300 -66.4334 -66.4334 -240.135 -5.12702e-09 5.18494e-09 -4.52813e-09 0.968976
34400 -66.4483 -66.4483 -240.198 -1.73786e-08 4.92234e-09 -9.17584e-09 0.969005
34500 -66.4631 -66.4631 -240.262 -1.20556e-08 4.61478e-09 -9.27591e-09 0.969034
34600 -66.478 -66.478 -240.325 -1.42962e-08 6.00719e-09 -1.19093e-08 0.969063
34700 -66.4928 -66.4928 -240.388 -6.04922e-09 3.9511e-09 -4.81972e-09 0.969092
34800 -66.5077 -66.5077 -240.452 4.25936e-07 1.00816e-07 -4.23163e-09 0.969121
34900 -66.5225 -66.5225 -240.515 -1.13004e-08 7.33722e-11 -6.46388e-09 0.96915
35000 -66.5373 -66.5373 -240.578 -1.22576e-08 6.57226e-10 -4.61375e-09 0.969179
35100 -66.5521 -66.5521 -240.641 -5.78204e-09 -1.22628e-10 -3.66479e-09 0.969209
35200 -66.5668 -66.5668 -240.704 -8.33095e-09 1.8942e-09 -8.15935e-09 0.969238
35300 -66.5816 -66.5816 -240.767 -1.75255e-08 3.05399e-09 -8.10463e-09 0.969267
35400 -66.5963 -66.5963 -240.83 -2.43178e-08 4.3289e-09 -1.15133e-08 0.969296
35500 -66.6111 -66.6111 -240.893 -1.8925e-08 3.33131e-09 -1.02285e-08 0.969325
35600 -66.6258 -66.6258 -240.956 -2.56731e-08 4.71556e-09 -1.11495e-08 0.969354
35700 -66.6405 -66.6405 -241.019 -1.88803e-08 4.37166e-09 -9.49194e-09 0.969383
35800 -66.6552 -66.6552 -241.082 -3.07577e-07 2.65501e-08 -3.24182e-08 0.969412
35900 -66.6699 -66.6699 -241.145 -7.7555e-09 2.19385e-09 -7.37671e-09 0.969442
36000 -66.6846 -66.6846 -241.208 -9.63068e-09 -1.24308e-09 -2.25792e-09 0.969471
36100 -66.6992 -66.6992 -241.271 -1.6042e-08 3.61411e-09 -1.17695e-08 0.9695
36200 -66.7139 -66.7139 -241.333 -1.42035e-08 -1.09342e-09 -2.9035e-09 0.969529
36300 -66.7285 -66.7285 -241.396 -9.21626e-09 -6.52103e-10 -4.57615e-09 0.969558
36400 -66.7431 -66.7431 -241.459 -9.77167e-09 1.83325e-09 -5.67662e-09 0.969587
36500 -66.7578 -66.7578 -241.521 -7.92176e-09 -7.67387e-10 1.01619e-09 0.969616
36600 -66.7724 -66.7724 -241.584 2.52445e-09 2.94836e-09 -3.43858e-10 0.969645
36700 -66.7869 -66.7869 -241.646 -7.35053e-09 -8.89715e-10 -5.21682e-09 0.969674
36800 -66.8015 -66.8015 -241.709 -1.81842e-08 -9.00733e-11 -7.70633e-09 0.969703
36900 -66.8161 -66.8161 -241.771 -4.57361e-09 -9.766e-10 -5.56127e-10 0.969732
37000 -66.8306 -66.8306 -241.834 -1.07628e-08 3.6863e-09 -7.26852e-09 0.969761
37100 -66.8452 -66.8452 -241.896 -8.79193e-09 1.54895e-09 -4.07751e-09 0.96979
37200 -66.8597 -66.8597 -241.958 -2.8974e-09 1.66008e-09 -1.0287e-10 0.96982
37300 -66.8742 -66.8742 -242.02 -7.90177e-09 -9.04918e-10 -5.29816e-09 0.969849
37400 -66.8887 -66.8887 -242.083 -6.11994e-09 -5.67437e-10 -1.37522e-09 0.969878
37500 -66.9032 -66.9032 -242.145 -1.15763e-08 1.54363e-09 -7.41191e-09 0.969907
37600 -66.9177 -66.9177 -242.207 -9.79883e-09 2.88251e-09 -5.26572e-09 0.969936
37700 -66.9321 -66.9321 -242.269 -3.18096e-09 1.4249e-09 -4.04774e-09 0.969965
37800 -66.9466 -66.9466 -242.331 -7.71984e-10 -2.69457e-09 1.54336e-09 0.969994
37900 -66.961 -66.961 -242.393 -2.6596e-07 1.27951e-07 -1.40745e-07 0.970023
38000 -66.9755 -66.9755 -242.455 -8.24478e-10 -1.48904e-09 -7.42716e-10 0.970052
38100 -66.9899 -66.9899 -242.517 -7.04022e-09 -2.38097e-09 -1.03173e-09 0.970081
38200 -67.0043 -67.0043 -242.579 1.12459e-08 -3.29337e-09 6.29329e-09 0.97011
38300 -67.0187 -67.0187 -242.641 1.92688e-09 5.22901e-10 -3.82324e-09 0.970139
38400 -67.0331 -67.0331 -242.703 8.38583e-08 1.1941e-08 1.25063e-07 0.970168
38500 -67.0474 -67.0474 -242.765 -4.89625e-09 -1.08946e-09 -7.66179e-09 0.970197
38600 -67.0618 -67.0618 -242.826 -1.09243e-09 -6.76021e-09 -3.29884e-09 0.970226
38700 -67.0762 -67.0762 -242.888 8.77308e-09 -6.04076e-09 1.90723e-09 0.970255
38800 -67.0905 -67.0905 -242.95 -5.85406e-09 -2.31463e-09 -1.36044e-09 0.970284
38900 -67.1048 -67.1048 -243.011 1.82379e-09 -2.64617e-09 -3.11315e-09 0.970313
39000 -67.1191 -67.1191 -243.073 4.96281e-09 -1.27324e-09 -2.38462e-09 0.970342
39100 -67.1334 -67.1334 -243.135 -4.40808e-09 -1.26372e-09 -5.36929e-09 0.970371
39200 -67.1477 -67.1477 -243.196 -6.14158e-09 6.39304e-10 -6.93983e-09 0.9704
39300 -67.162 -67.162 -243.258 -6.06e-09 -2.20367e-09 -4.01512e-09 0.970429
39400 -67.1763 -67.1763 -243.319 -3.14167e-09 1.3165e-09 -9.50365e-09 0.970458
39500 -67.1905 -67.1905 -243.38 -3.88814e-09 -4.31376e-10 -4.56524e-09 0.970487
39600 -67.2047 -67.2047 -243.442 -5.44997e-09 -1.15363e-09 -7.04162e-09 0.970516
39700 -67.219 -67.219 -243.503 -1.1975e-09 1.52761e-09 -4.4154e-09 0.970545
39800 -67.2332 -67.2332 -243.564 5.43571e-10 -1.30031e-10 -5.45627e-09 0.970574
39900 -67.2474 -67.2474 -243.626 2.32058e-09 -2.03417e-09 -3.76954e-10 0.970603
40000 -67.2616 -67.2616 -243.687 -1.49009e-09 -1.82765e-09 -1.29053e-09 0.970632
40100 -67.2758 -67.2758 -243.748 3.00459e-09 -2.1974e-09 -7.16135e-10 0.970661
40200 -67.29 -67.29 -243.809 -8.71063e-09 -1.90713e-09 -4.35878e-09 0.97069
40300 -67.3041 -67.3041 -243.87 4.9969e-09 -1.68925e-09 -1.01839e-09 0.970719
40400 -67.3183 -67.3183 -243.931 1.27285e-07 -9.90942e-08 2.94903e-07 0.970748
40500 -67.3324 -67.3324 -243.992 1.70832e-10 -6.82278e-10 -7.43541e-09 0.970777
40600 -67.3465 -67.3465 -244.053 3.24893e-09 -3.3814e-09 -4.92766e-09 0.970806
40700 -67.3607 -67.3607 -244.114 -6.71431e-09 6.90208e-10 -1.33799e-08 0.970835
40800 -67.3748 -67.3748 -244.175 -4.39941e-09 9.23916e-10 -9.42706e-09 0.970864
40900 -67.3889 -67.3889 -244.236 -3.64298e-09 -4.062e-10 -6.5827e-09 0.970893
41000 -67.4029 -67.4029 -244.297 -8.70127e-10 1.03794e-09 -6.50723e-09 0.970922
41100 -67.417 -67.417 -244.358 -2.54475e-07 3.196e-08 -3.0135e-08 0.970951
41200 -67.4311 -67.4311 -244.419 9.15677e-08 -1.03564e-07 5.67875e-08 0.97098
41300 -67.4451 -67.4451 -244.479 1.28337e-07 -5.3196e-08 7.97027e-08 0.971009
41400 -67.4592 -67.4592 -244.54 -1.93111e-09 3.09159e-09 -8.3328e-09 0.971038
41500 -67.4732 -67.4732 -244.601 6.02755e-09 1.90503e-09 -3.99151e-09 0.971067
41600 -67.4872 -67.4872 -244.661 -3.92316e-09 3.24673e-09 -1.22757e-08 0.971096
41700 -67.5012 -67.5012 -244.722 2.54812e-09 1.89271e-09 -7.80271e-09 0.971124
41800 -67.5152 -67.5152 -244.782 3.9581e-07 1.80592e-07 -1.7202e-10 0.971153
41900 -67.5292 -67.5292 -244.843 2.68769e-09 3.30312e-10 -8.31848e-09 0.971182
42000 -67.5431 -67.5431 -244.903 -4.77627e-09 7.17772e-10 -9.83209e-09 0.971211
42100 -67.5571 -67.5571 -244.964 6.20336e-09 8.46717e-10 -2.34843e-09 0.97124
42200 -67.5711 -67.5711 -245.024 -1.17153e-08 -3.79577e-10 -1.25999e-08 0.971269
42300 -67.585 -67.585 -245.085 -1.15028e-08 -6.40614e-10 -1.09091e-08 0.971298
42400 -67.5989 -67.5989 -245.145 -8.38633e-08 6.35854e-08 3.53535e-08 0.971327
42500 -67.6128 -67.6128 -245.205 -5.87509e-09 -3.67096e-09 -1.21719e-08 0.971356
42600 -67.6267 -67.6267 -245.265 -5.43171e-09 -4.86781e-09 -8.72513e-09 0.971385
42700 -67.6406 -67.6406 -245.326 9.89135e-08 -1.23766e-07 1.07109e-07 0.971414
42800 -67.6545 -67.6545 -245.386 1.3922e-07 -1.11019e-07 8.3862e-08 0.971443
42900 -67.6684 -67.6684 -245.446 -9.3476e-09 3.35491e-09 -1.30529e-08 0.971471
43000 -67.6822 -67.6822 -245.506 1.87419e-07 7.79524e-08 1.48383e-07 0.9715
43100 -67.6961 -67.6961 -245.566 -1.25008e-08 6.28737e-10 -1.70287e-08 0.971529
43200 -67.7099 -67.7099 -245.626 -1.35409e-08 6.51102e-10 -1.65703e-08 0.971558
43300 -67.7238 -67.7238 -245.686 -1.69434e-09 2.80709e-09 -1.57052e-08 0.971587
43400 -67.7376 -67.7376 -245.746 -1.32693e-08 6.83592e-10 -1.57104e-08 0.971616
43500 -67.7514 -67.7514 -245.806 -1.17734e-08 7.53045e-10 -1.52878e-08 0.971645
43600 -67.7652 -67.7652 -245.866 -4.40435e-09 -1.26894e-09 -1.21093e-08 0.971674
43700 -67.779 -67.779 -245.926 -1.14853e-08 8.7397e-10 -1.45449e-08 0.971703
43800 -67.7928 -67.7928 -245.986 -1.25436e-08 8.80949e-10 -1.41558e-08 0.971731
43900 -67.8065 -67.8065 -246.046 -1.10586e-08 9.38543e-10 -1.37758e-08 0.97176
44000 -67.8203 -67.8203 -246.105 -1.21246e-08 9.40864e-10 -1.34081e-08 0.971789
44100 -67.834 -67.834 -246.165 -1.0647e-08 9.93814e-10 -1.30487e-08 0.971818
44200 -67.8478 -67.8478 -246.225 -1.17206e-08 9.9181e-10 -1.2701e-08 0.971847
44300 -67.8615 -67.8615 -246.284 -1.02502e-08 1.04076e-09 -1.23612e-08 0.971876
44400 -67.8752 -67.8752 -246.344 -1.13309e-08 1.0347e-09 -1.20324e-08 0.971905
44500 -67.8889 -67.8889 -246.404 -9.86748e-09 1.07986e-09 -1.17108e-08 0.971934
44600 -67.9026 -67.9026 -246.463 -1.09551e-08 1.07037e-09 -1.14e-08 0.971962
44700 -67.9163 -67.9163 -246.523 -9.49841e-09 1.11207e-09 -1.10957e-08 0.971991
44800 -67.9299 -67.9299 -246.582 -1.05927e-08 1.09919e-09 -1.08019e-08 0.97202
44900 -67.9436 -67.9436 -246.642 -9.1425e-09 1.13778e-09 -1.0514e-08 0.972049
45000 -67.9572 -67.9572 -246.701 -1.02433e-08 1.12205e-09 -1.0236e-08 0.972078
45100 -67.9709 -67.9709 -246.761 -1.35982e-08 -1.32931e-09 -1.29104e-08 0.972107
45200 -67.9845 -67.9845 -246.82 -9.82154e-09 1.21773e-09 -9.61169e-09 0.972136
45300 -67.9981 -67.9981 -246.879 -8.38384e-09 1.24923e-09 -9.35604e-09 0.972164
45400 -68.0117 -68.0117 -246.938 -9.49956e-09 1.22527e-09 -9.11068e-09 0.972193
45500 -68.0253 -68.0253 -246.998 -8.06751e-09 1.25461e-09 -8.86858e-09 0.972222
45600 -68.0389 -68.0389 -247.057 -9.18895e-09 1.22861e-09 -8.63651e-09 0.972251
45700 -68.0525 -68.0525 -247.116 -7.76244e-09 1.25604e-09 -8.40744e-09 0.97228
45800 -68.0661 -68.0661 -247.175 -8.88939e-09 1.2282e-09 -8.18801e-09 0.972308
45900 -68.0796 -68.0796 -247.234 -7.4682e-09 1.25386e-09 -7.97114e-09 0.972337
46000 -68.0932 -68.0932 -247.293 -8.60051e-09 1.22434e-09 -7.76341e-09 0.972366
46100 -68.1067 -68.1067 -247.353 -7.18444e-09 1.24868e-09 -7.55802e-09 0.972395
46200 -68.1202 -68.1202 -247.412 -8.32189e-09 1.21762e-09 -7.36144e-09 0.972424
46300 -68.1337 -68.1337 -247.47 -6.91072e-09 1.24043e-09 -7.16708e-09 0.972453
46400 -68.1472 -68.1472 -247.529 -8.03825e-09 -3.38375e-09 -5.12777e-09 0.972481
46500 -68.1607 -68.1607 -247.588 -6.64704e-09 1.34599e-09 -6.82898e-09 0.97251
46600 -68.1742 -68.1742 -247.647 -7.79424e-09 1.31076e-09 -6.65308e-09 0.972539
46700 -68.1877 -68.1877 -247.706 -6.3924e-09 1.32723e-09 -6.47775e-09 0.972568
46800 -68.2012 -68.2012 -247.765 -7.54426e-09 1.2912e-09 -6.31126e-09 0.972597
46900 -68.2146 -68.2146 -247.824 -6.14686e-09 1.30673e-09 -6.14534e-09 0.972625
47000 -68.2281 -68.2281 -247.882 -7.30309e-09 1.26998e-09 -5.98786e-09 0.972654
47100 -68.2415 -68.2415 -247.941 -5.90993e-09 1.28486e-09 -5.83039e-09 0.972683
47200 -68.2549 -68.2549 -248 2.242e-09 7.55147e-09 -8.50572e-09 0.972712
47300 -68.2683 -68.2683 -248.058 -5.84517e-09 1.10347e-09 -5.48087e-09 0.972741
47400 -68.2817 -68.2817 -248.117 -7.00925e-09 1.06809e-09 -5.33984e-09 0.972769
47500 -68.2951 -68.2951 -248.176 -5.61901e-09 1.08747e-09 -5.19989e-09 0.972798
47600 -68.3085 -68.3085 -248.234 -6.78717e-09 1.05138e-09 -5.0666e-09 0.972827
47700 -68.3219 -68.3219 -248.293 -5.4008e-09 1.07021e-09 -4.93409e-09 0.972856
47800 -68.3353 -68.3353 -248.351 -6.57301e-09 1.03358e-09 -4.80779e-09 0.972884
47900 -68.3486 -68.3486 -248.41 -5.19039e-09 1.05192e-09 -4.68222e-09 0.972913
48000 -68.362 -68.362 -248.468 -6.36642e-09 1.01472e-09 -4.56262e-09 0.972942
48100 -68.3753 -68.3753 -248.527 -4.98744e-09 1.03272e-09 -4.44353e-09 0.972971
48200 -68.3886 -68.3886 -248.585 -6.16713e-09 9.95106e-10 -4.33057e-09 0.973
48300 -68.4019 -68.4019 -248.643 -4.79165e-09 1.01263e-09 -4.21771e-09 0.973028
48400 -68.4153 -68.4153 -248.702 -4.17611e-09 1.33791e-09 -2.3446e-09 0.973057
48500 -68.4285 -68.4285 -248.76 4.62846e-07 -1.04009e-07 1.94779e-07 0.973086
48600 -68.4418 -68.4418 -248.818 -6.91919e-09 5.15994e-10 -6.61757e-09 0.973115
48700 -68.4551 -68.4551 -248.876 8.44813e-08 -7.14161e-08 9.99083e-08 0.973143
48800 -68.4684 -68.4684 -248.934 -1.24686e-08 3.76504e-09 -1.05279e-08 0.973172
48900 -68.4816 -68.4816 -248.993 -1.64559e-08 3.53618e-09 -1.28106e-08 0.973201
49000 -68.4949 -68.4949 -249.051 -1.49113e-08 7.91167e-09 -1.25697e-08 0.97323
49100 -68.5081 -68.5081 -249.109 -1.04244e-08 1.98842e-10 -3.62853e-09 0.973258
49200 -68.5213 -68.5213 -249.167 1.72843e-07 -2.86014e-08 2.23664e-07 0.973287
49300 -68.5346 -68.5346 -249.225 -5.57097e-09 -3.08728e-10 -1.13725e-08 0.973316
49400 -68.5478 -68.5478 -249.283 1.89958e-07 -8.22189e-08 2.61028e-07 0.973344
49500 -68.561 -68.561 -249.341 -1.66586e-08 5.99696e-09 -2.37485e-08 0.973373
49600 -68.5742 -68.5742 -249.399 -1.86062e-08 4.01228e-09 -1.87248e-08 0.973402
49700 -68.5873 -68.5873 -249.456 -1.94628e-08 3.87269e-09 -1.80253e-08 0.973431
49800 -68.6005 -68.6005 -249.514 1.20003e-07 8.25955e-08 5.58902e-09 0.973459
49900 -68.6137 -68.6137 -249.572 -1.4394e-08 2.83293e-09 -2.24827e-08 0.973488
50000 -68.6268 -68.6268 -249.63 -2.14369e-08 3.59139e-09 -2.1081e-08 0.973517
50100 -68.64 -68.64 -249.688 -2.03347e-08 4.93452e-09 -2.40699e-08 0.973546
50200 -68.6531 -68.6531 -249.745 -2.55605e-08 3.32443e-09 -1.7694e-08 0.973574
50300 -68.6662 -68.6662 -249.803 -1.48363e-08 -2.00539e-10 -1.12242e-08 0.973603
50400 -68.6793 -68.6793 -249.861 -2.02488e-08 4.46405e-09 -1.87756e-08 0.973632
50500 -68.6924 -68.6924 -249.918 1.4684e-07 -6.9477e-08 2.13194e-07 0.97366
50600 -68.7055 -68.7055 -249.976 -2.30902e-08 2.66826e-09 -2.25757e-08 0.973689
50700 -68.7186 -68.7186 -250.034 -1.83369e-08 1.10807e-09 -1.86879e-08 0.973718
50800 -68.7317 -68.7317 -250.091 -2.75427e-08 2.98274e-09 -2.37416e-08 0.973746
50900 -68.7448 -68.7448 -250.149 -2.13118e-08 1.34836e-09 -1.93986e-08 0.973775
51000 -68.7578 -68.7578 -250.206 -2.7544e-08 3.83643e-09 -2.36735e-08 0.973804
51100 -68.7709 -68.7709 -250.264 -2.43698e-08 1.78882e-09 -1.81979e-08 0.973833
51200 -68.7839 -68.7839 -250.321 -2.93717e-08 5.59839e-09 -2.36709e-08 0.973861
51300 -68.7969 -68.7969 -250.378 -8.44506e-09 2.58147e-10 -1.42775e-08 0.97389
51400 -68.81 -68.81 -250.436 -1.72119e-08 3.72891e-09 -1.85654e-08 0.973919
51500 -68.823 -68.823 -250.493 -1.88557e-08 2.27414e-09 -1.87998e-08 0.973947
51600 -68.836 -68.836 -250.55 -5.34042e-09 1.29509e-09 -1.20451e-08 0.973976
51700 -68.849 -68.849 -250.608 -1.63783e-08 1.31703e-09 -1.56246e-08 0.974005
51800 -68.862 -68.862 -250.665 -1.74271e-08 3.17423e-09 -1.66429e-08 0.974033
51900 -68.8749 -68.8749 -250.722 -1.93698e-08 6.22818e-09 -1.75824e-08 0.974062
52000 -68.8879 -68.8879 -250.779 -2.01012e-08 4.39016e-09 -2.10764e-08 0.974091
52100 -68.9008 -68.9008 -250.836 -9.96892e-09 1.43123e-10 -1.18134e-08 0.974119
52200 -68.9138 -68.9138 -250.894 -1.92331e-08 2.85647e-09 -1.65472e-08 0.974148
52300 -68.9267 -68.9267 -250.951 -1.21003e-08 2.83185e-09 -1.57417e-08 0.974177
52400 -68.9397 -68.9397 -251.008 -2.46518e-08 3.1425e-09 -1.30284e-08 0.974205
52500 -68.9526 -68.9526 -251.065 1.65363e-07 -5.09132e-08 2.36586e-07 0.974234
52600 -68.9655 -68.9655 -251.122 -1.80766e-08 6.4416e-09 -2.15889e-08 0.974263
52700 -68.9784 -68.9784 -251.179 -2.83797e-08 4.93995e-09 -2.26639e-08 0.974291
52800 -68.9913 -68.9913 -251.236 3.58303e-07 -5.43588e-08 2.47511e-07 0.97432
52900 -69.0042 -69.0042 -251.293 -1.52301e-08 1.20215e-09 -1.98738e-08 0.974348
53000 -69.017 -69.017 -251.349 -2.47599e-08 5.07933e-09 -2.41051e-08 0.974377
53100 -69.0299 -69.0299 -251.406 2.65053e-07 -1.23118e-07 2.20584e-07 0.974406
53200 -69.0428 -69.0428 -251.463 -2.47244e-08 6.63036e-09 -2.76205e-08 0.974434
53300 -69.0556 -69.0556 -251.52 -2.25459e-08 6.91947e-09 -2.90812e-08 0.974463
53400 -69.0684 -69.0684 -251.577 2.36076e-07 -9.76811e-09 1.42036e-07 0.974492
53500 -69.0813 -69.0813 -251.633 -3.27238e-08 4.27525e-09 -3.04662e-08 0.97452
53600 -69.0941 -69.0941 -251.69 -3.38457e-08 9.23082e-09 -3.50089e-08 0.974549
53700 -69.1069 -69.1069 -251.747 -2.61796e-08 7.32896e-09 -3.14152e-08 0.974578
53800 -69.1197 -69.1197 -251.803 -2.97176e-08 8.14425e-09 -3.38161e-08 0.974606
53900 -69.1325 -69.1325 -251.86 -2.69843e-08 7.27125e-09 -3.21173e-08 0.974635
54000 -69.1453 -69.1453 -251.917 -2.6845e-08 5.19217e-09 -2.53311e-08 0.974663
54100 -69.1581 -69.1581 -251.973 3.37874e-07 -5.50251e-08 2.56062e-07 0.974692
54200 -69.1708 -69.1708 -252.03 -3.13077e-08 6.19384e-09 -3.02533e-08 0.974721
54300 -69.1836 -69.1836 -252.086 -3.61664e-08 6.19573e-09 -3.45055e-08 0.974749
54400 -69.1963 -69.1963 -252.143 3.96061e-07 -1.07587e-07 3.23731e-07 0.974778
54500 -69.2091 -69.2091 -252.199 -3.48017e-08 5.93119e-09 -3.70234e-08 0.974806
54600 -69.2218 -69.2218 -252.256 -4.03336e-08 9.26207e-09 -4.2157e-08 0.974835
54700 -69.2345 -69.2345 -252.312 -4.46594e-08 6.36529e-09 -3.95924e-08 0.974864
54800 -69.2472 -69.2472 -252.368 -4.45512e-08 1.17941e-08 -4.19816e-08 0.974892
54900 -69.2599 -69.2599 -252.425 -3.7949e-08 8.79264e-09 -3.85361e-08 0.974921
55000 -69.2726 -69.2726 -252.481 -3.87345e-08 8.90692e-09 -3.53537e-08 0.974949
55100 -69.2853 -69.2853 -252.537 -2.15136e-08 1.50417e-07 -9.05364e-09 0.974978
55200 -69.298 -69.298 -252.594 -3.29848e-08 3.60952e-09 -3.31812e-08 0.975007
55300 -69.3107 -69.3107 -252.65 1.87368e-07 1.13952e-07 1.43084e-07 0.975035
55400 -69.3233 -69.3233 -252.706 -4.19337e-08 3.08713e-09 -4.19525e-08 0.975064
55500 -69.336 -69.336 -252.762 -3.8233e-08 3.12281e-09 -4.01501e-08 0.975092
55600 -69.3486 -69.3486 -252.818 1.16727e-07 -3.0231e-08 1.33206e-07 0.975121
55700 -69.3613 -69.3613 -252.874 -4.33606e-08 2.48416e-09 -4.31426e-08 0.97515
55800 -69.3739 -69.3739 -252.93 -3.83101e-08 1.03045e-09 -3.89167e-08 0.975178
55900 -69.3865 -69.3865 -252.987 -4.09867e-08 9.30297e-10 -3.75378e-08 0.975207
56000 -69.3991 -69.3991 -253.043 1.61263e-07 -3.43376e-08 1.65361e-07 0.975235
56100 -69.4117 -69.4117 -253.099 -3.86739e-08 4.76067e-09 -4.5556e-08 0.975264
56200 -69.4243 -69.4243 -253.154 -3.97479e-08 1.34674e-09 -3.78455e-08 0.975292
56300 -69.4369 -69.4369 -253.21 -3.9144e-08 1.73655e-09 -4.0071e-08 0.975321
56400 -69.4495 -69.4495 -253.266 -5.49317e-08 -9.59062e-08 1.56807e-07 0.975349
56500 -69.462 -69.462 -253.322 -3.83897e-08 2.56529e-09 -3.97553e-08 0.975378
56600 -69.4746 -69.4746 -253.378 -3.96123e-08 4.49746e-09 -4.09983e-08 0.975407
56700 -69.4871 -69.4871 -253.434 -1.02507e-08 -5.06975e-08 7.93651e-08 0.975435
56800 -69.4997 -69.4997 -253.49 -2.04621e-07 1.19817e-07 -1.33201e-08 0.975464
56900 -69.5122 -69.5122 -253.545 -3.08792e-08 1.10571e-09 -4.16434e-08 0.975492
57000 -69.5247 -69.5247 -253.601 -3.16395e-08 1.73974e-09 -3.92848e-08 0.975521
57100 -69.5373 -69.5373 -253.657 -3.64535e-08 4.436e-09 -4.29497e-08 0.975549
57200 -69.5498 -69.5498 -253.713 -3.9452e-08 2.26569e-09 -3.87938e-08 0.975578
57300 -69.5623 -69.5623 -253.768 -2.926e-08 1.83258e-09 -3.8148e-08 0.975606
57400 -69.5748 -69.5748 -253.824 -3.87553e-08 1.54877e-09 -3.79071e-08 0.975635
57500 -69.5872 -69.5872 -253.88 -2.96522e-08 3.45477e-09 -3.60001e-08 0.975663
57600 -69.5997 -69.5997 -253.935 -3.30054e-08 4.43054e-09 -3.85278e-08 0.975692
57700 -69.6122 -69.6122 -253.991 -3.29676e-08 2.34395e-09 -3.36718e-08 0.975721
57800 -69.6246 -69.6246 -254.046 -3.0023e-08 3.63504e-09 -3.6858e-08 0.975749
57900 -69.6371 -69.6371 -254.102 -2.299e-08 1.03621e-09 -2.85146e-08 0.975778
58000 -69.6495 -69.6495 -254.157 -2.05139e-08 -9.24814e-10 -2.62769e-08 0.975806
58100 -69.662 -69.662 -254.213 -2.431e-08 1.06892e-11 -2.88133e-08 0.975835
58200 -69.6744 -69.6744 -254.268 -2.24251e-08 3.83262e-09 -2.93957e-08 0.975863
58300 -69.6868 -69.6868 -254.323 -2.36094e-08 1.16453e-09 -2.72146e-08 0.975892
58400 -69.6992 -69.6992 -254.379 -2.44981e-08 5.82348e-09 -3.22983e-08 0.97592
58500 -69.7116 -69.7116 -254.434 -1.76762e-08 1.28484e-09 -2.40655e-08 0.975949
58600 -69.724 -69.724 -254.49 -7.92773e-08 -7.29541e-08 1.41824e-07 0.975977
58700 -69.7364 -69.7364 -254.545 -2.27305e-08 7.02293e-09 -3.40794e-08 0.976006
58800 -69.7488 -69.7488 -254.6 -2.46001e-08 4.61884e-09 -2.88964e-08 0.976034
58900 -69.7611 -69.7611 -254.655 -2.66885e-08 3.99797e-09 -3.06045e-08 0.976063
59000 -69.7735 -69.7735 -254.71 -2.86343e-08 3.499e-09 -2.85867e-08 0.976091
59100 -69.7858 -69.7858 -254.766 -2.03672e-08 2.01698e-09 -2.55155e-08 0.97612
59200 -69.7982 -69.7982 -254.821 -2.49865e-08 2.43591e-09 -2.73403e-08 0.976148
59300 -69.8105 -69.8105 -254.876 -2.01496e-08 3.98067e-09 -2.55763e-08 0.976177
59400 -69.8228 -69.8228 -254.931 -2.36983e-08 3.94515e-09 -2.59894e-08 0.976205
59500 -69.8352 -69.8352 -254.986 1.21323e-07 2.31258e-08 8.39765e-08 0.976234
59600 -69.8475 -69.8475 -255.041 5.70582e-08 5.41913e-08 7.59107e-08 0.976262
59700 -69.8598 -69.8598 -255.096 -2.99702e-08 1.20446e-09 -3.15544e-08 0.976291
59800 -69.8721 -69.8721 -255.151 2.27231e-07 -1.12115e-08 2.20071e-07 0.976319
59900 -69.8843 -69.8843 -255.206 -2.15439e-08 1.03883e-10 -3.10807e-08 0.976348
60000 -69.8966 -69.8966 -255.261 -1.73322e-08 2.33669e-11 -2.96728e-08 0.976376
60100 -69.9089 -69.9089 -255.316 -3.32474e-08 -8.62318e-11 -3.19283e-08 0.976404
60200 -69.9212 -69.9212 -255.371 -2.61967e-08 1.56071e-09 -3.21034e-08 0.976433
60300 -69.9334 -69.9334 -255.426 -2.1909e-08 -9.43195e-10 -2.88692e-08 0.976461
60400 -69.9457 -69.9457 -255.481 -2.84518e-08 -2.15251e-10 -3.34933e-08 0.97649
60500 -69.9579 -69.9579 -255.535 -2.57183e-08 4.26212e-09 -3.15364e-08 0.976518
60600 -69.9701 -69.9701 -255.59 -2.33935e-08 1.30067e-09 -2.83301e-08 0.976547
60700 -69.9823 -69.9823 -255.645 -1.76119e-08 1.15811e-09 -2.60643e-08 0.976575
60800 -69.9946 -69.9946 -255.7 -2.06787e-08 1.04325e-09 -2.58817e-08 0.976604
60900 -70.0068 -70.0068 -255.754 -2.36976e-08 4.92579e-10 -2.1986e-08 0.976632
61000 -70.019 -70.019 -255.809 -1.67542e-08 1.04734e-09 -2.31844e-08 0.976661
61100 -70.0311 -70.0311 -255.864 -1.44209e-08 -2.01903e-09 -2.01723e-08 0.976689
61200 -70.0433 -70.0433 -255.918 -2.94686e-08 1.86922e-09 -2.64696e-08 0.976718
61300 -70.0555 -70.0555 -255.973 -2.19266e-08 4.38015e-09 -2.40383e-08 0.976746
61400 -70.0677 -70.0677 -256.028 2.25539e-08 4.45056e-08 -4.44771e-09 0.976774
61500 -70.0798 -70.0798 -256.082 -1.47811e-08 1.00445e-10 -2.04342e-08 0.976803
61600 -70.092 -70.092 -256.137 -1.91736e-08 -1.36243e-09 -2.21011e-08 0.976831
61700 -70.1041 -70.1041 -256.191 -1.36541e-08 -1.13879e-09 -1.83182e-08 0.97686
61800 -70.1163 -70.1163 -256.246 -1.56188e-08 -1.08596e-09 -1.68454e-08 0.976888
61900 -70.1284 -70.1284 -256.3 -1.16349e-08 -3.27181e-10 -1.80745e-08 0.976917
62000 -70.1405 -70.1405 -256.355 -1.61284e-08 7.02333e-10 -2.01764e-08 0.976945
62100 -70.1526 -70.1526 -256.409 -9.7411e-09 1.75337e-09 -1.43495e-08 0.976973
62200 -70.1647 -70.1647 -256.463 -1.7911e-08 -1.26939e-09 -1.63023e-08 0.977002
62300 -70.1768 -70.1768 -256.518 -2.02304e-08 2.1524e-09 -2.15436e-08 0.97703
62400 -70.1889 -70.1889 -256.572 -1.37272e-08 3.59272e-09 -1.97256e-08 0.977059
62500 -70.201 -70.201 -256.626 -1.25809e-08 2.52737e-09 -1.62452e-08 0.977087
62600 -70.2131 -70.2131 -256.681 -2.14293e-08 6.95089e-09 -2.28444e-08 0.977116
62700 -70.2251 -70.2251 -256.735 -1.57009e-08 2.28599e-09 -1.72399e-08 0.977144
62800 -70.2372 -70.2372 -256.789 -1.95148e-08 3.7952e-09 -1.88768e-08 0.977172
62900 -70.2492 -70.2492 -256.843 1.06859e-07 4.83285e-08 1.42059e-07 0.977201
63000 -70.2613 -70.2613 -256.898 -1.86168e-08 1.23376e-09 -2.04773e-08 0.977229
63100 -70.2733 -70.2733 -256.952 -1.75906e-08 -2.94113e-10 -2.1478e-08 0.977258
63200 -70.2853 -70.2853 -257.006 -1.86179e-08 -2.44098e-09 -1.87967e-08 0.977286
63300 -70.2973 -70.2973 -257.06 -1.4864e-08 -2.05905e-09 -1.47383e-08 0.977314
63400 -70.3094 -70.3094 -257.114 -1.6557e-08 -3.73125e-10 -1.55396e-08 0.977343
63500 -70.3214 -70.3214 -257.168 2.50603e-07 5.71837e-08 1.37508e-07 0.977371
63600 -70.3334 -70.3334 -257.222 -1.94954e-08 -2.61356e-09 -1.80251e-08 0.9774
63700 -70.3453 -70.3453 -257.276 -2.51502e-08 -1.47569e-10 -2.46013e-08 0.977428
63800 -70.3573 -70.3573 -257.33 -1.75772e-08 1.55172e-09 -2.21152e-08 0.977456
63900 -70.3693 -70.3693 -257.384 -1.36606e-08 -7.89012e-10 -1.82479e-08 0.977485
64000 -70.3813 -70.3813 -257.438 1.17693e-07 -2.67322e-08 1.23549e-07 0.977513
64100 -70.3932 -70.3932 -257.492 -1.57721e-08 -3.93704e-09 -1.97029e-08 0.977542
64200 -70.4052 -70.4052 -257.546 -2.20965e-08 4.61081e-10 -2.4325e-08 0.97757
64300 -70.4171 -70.4171 -257.6 2.5939e-07 9.95033e-08 -7.28456e-10 0.977598
64400 -70.4291 -70.4291 -257.654 -2.64385e-08 -4.30224e-09 -2.02477e-08 0.977627
64500 -70.441 -70.441 -257.707 -2.29328e-08 -5.61395e-09 -2.39212e-08 0.977655
64600 -70.4529 -70.4529 -257.761 -2.6002e-08 -1.98037e-09 -2.04671e-08 0.977683
64700 -70.4648 -70.4648 -257.815 -2.73856e-08 -3.03547e-09 -2.10027e-08 0.977712
64800 -70.4767 -70.4767 -257.869 -2.51605e-08 2.82418e-10 -2.36791e-08 0.97774
64900 -70.4886 -70.4886 -257.922 -2.27578e-08 -4.68502e-09 -1.6358e-08 0.977769
65000 -70.5005 -70.5005 -257.976 -2.42965e-08 -2.21232e-09 -1.93585e-08 0.977797
65100 -70.5124 -70.5124 -258.03 -1.26436e-08 -3.08847e-09 -1.56933e-08 0.977825
65200 -70.5243 -70.5243 -258.083 -2.12483e-08 -3.17732e-09 -1.75055e-08 0.977854
65300 -70.5361 -70.5361 -258.137 -2.1597e-08 -6.37694e-09 -1.54658e-08 0.977882
65400 -70.548 -70.548 -258.191 -2.31888e-08 -4.13536e-09 -1.58429e-08 0.97791
65500 -70.5599 -70.5599 -258.244 -2.24317e-08 -2.69732e-09 -1.4411e-08 0.977939
65600 -70.5717 -70.5717 -258.298 -4.66387e-08 -1.73917e-07 2.04827e-07 0.977967
65700 -70.5835 -70.5835 -258.351 -1.68355e-08 7.03003e-10 -1.6469e-08 0.977995
65800 -70.5954 -70.5954 -258.405 -1.56601e-08 1.1697e-09 -1.97308e-08 0.978024
65900 -70.6072 -70.6072 -258.458 -2.05596e-08 9.63157e-11 -1.68225e-08 0.978052
66000 -70.619 -70.619 -258.512 -1.89811e-08 6.92643e-10 -1.79617e-08 0.97808
66100 -70.6308 -70.6308 -258.565 -1.78059e-08 -8.84363e-10 -1.45635e-08 0.978109
66200 -70.6426 -70.6426 -258.619 -1.7356e-08 -1.82137e-09 -1.15111e-08 0.978137
66300 -70.6544 -70.6544 -258.672 -1.63568e-08 1.94996e-09 -1.69962e-08 0.978165
66400 -70.6662 -70.6662 -258.725 -1.29596e-08 3.34437e-09 -1.6723e-08 0.978194
66500 -70.678 -70.678 -258.779 -1.85419e-08 9.76858e-10 -1.7241e-08 0.978222
66600 -70.6898 -70.6898 -258.832 -1.92405e-08 3.24598e-09 -1.85265e-08 0.97825
66700 -70.7015 -70.7015 -258.885 -1.17912e-08 -1.49824e-09 -1.19054e-08 0.978279
66800 -70.7133 -70.7133 -258.939 -1.30405e-08 -6.32215e-10 -1.00704e-08 0.978307
66900 -70.725 -70.725 -258.992 -1.05859e-08 2.16468e-09 -1.33629e-08 0.978335
67000 -70.7368 -70.7368 -259.045 -1.86707e-08 1.26469e-09 -1.34174e-08 0.978364
67100 -70.7485 -70.7485 -259.098 -9.58554e-09 1.40055e-09 -1.26541e-08 0.978392
67200 -70.7602 -70.7603 -259.151 1.5911e-07 -6.15252e-08 2.60254e-07 0.97842
67300 -70.772 -70.772 -259.205 -1.52967e-08 -3.74977e-10 -1.5062e-08 0.978449
67400 -70.7837 -70.7837 -259.258 -1.70575e-08 2.87262e-09 -1.80764e-08 0.978477
67500 -70.7954 -70.7954 -259.311 1.05378e-07 -1.43871e-08 2.04233e-07 0.978505
67600 -70.8071 -70.8071 -259.364 -2.02866e-08 1.54807e-09 -2.83831e-08 0.978534
67700 -70.8188 -70.8188 -259.417 -1.5753e-08 3.83107e-09 -2.2397e-08 0.978562
67800 -70.8305 -70.8305 -259.47 7.50138e-08 -2.83505e-08 1.75817e-07 0.97859
67900 -70.8422 -70.8422 -259.523 -2.27738e-08 6.04584e-09 -3.15285e-08 0.978618
68000 -70.8538 -70.8538 -259.576 -1.67168e-08 2.08514e-09 -2.5419e-08 0.978647
68100 -70.8655 -70.8655 -259.629 -1.47227e-08 4.17222e-09 -2.23335e-08 0.978675
68200 -70.8772 -70.8772 -259.682 -2.43243e-08 4.18522e-09 -3.01674e-08 0.978703
68300 -70.8888 -70.8888 -259.735 -2.3541e-08 3.98661e-09 -2.87946e-08 0.978732
68400 -70.9005 -70.9005 -259.788 -1.89327e-07 -2.50465e-08 8.99201e-08 0.97876
68500 -70.9121 -70.9121 -259.841 -1.46597e-08 1.41323e-09 -2.60396e-08 0.978788
68600 -70.9237 -70.9237 -259.893 -1.94362e-08 5.68829e-09 -2.92489e-08 0.978816
68700 -70.9353 -70.9353 -259.946 -1.49658e-08 4.86068e-09 -2.73105e-08 0.978845
68800 -70.947 -70.947 -259.999 -1.76998e-08 6.24352e-09 -2.71333e-08 0.978873
68900 -70.9586 -70.9586 -260.052 -1.02861e-08 4.06433e-09 -2.21667e-08 0.978901
69000 -70.9702 -70.9702 -260.105 -2.06517e-08 5.26262e-09 -2.76015e-08 0.97893
69100 -70.9818 -70.9818 -260.157 -2.07356e-08 2.89978e-09 -2.41888e-08 0.978958
69200 -70.9934 -70.9934 -260.21 -1.2767e-08 4.45476e-09 -2.42728e-08 0.978986
69300 -71.0049 -71.0049 -260.263 -7.37388e-09 2.86637e-09 -2.10508e-08 0.979014
69400 -71.0165 -71.0165 -260.316 -1.69336e-08 4.0531e-09 -2.18094e-08 0.979043
69500 -71.0281 -71.0281 -260.368 3.08307e-07 -3.64703e-08 2.06592e-07 0.979071
69600 -71.0396 -71.0396 -260.421 -1.96691e-08 4.62356e-09 -2.73778e-08 0.979099
69700 -71.0512 -71.0512 -260.473 -2.01679e-08 4.60938e-09 -2.5494e-08 0.979127
69800 -71.0627 -71.0627 -260.526 -2.58524e-08 8.20654e-09 -3.04061e-08 0.979156
69900 -71.0743 -71.0743 -260.579 -1.46897e-08 2.27213e-09 -2.20549e-08 0.979184
70000 -71.0858 -71.0858 -260.631 -2.54915e-08 5.98813e-09 -2.72805e-08 0.979212
70100 -71.0973 -71.0973 -260.684 -1.83956e-08 4.52808e-09 -2.28808e-08 0.97924
70200 -71.1089 -71.1089 -260.736 -2.28798e-08 6.38554e-09 -2.66497e-08 0.979269
70300 -71.1204 -71.1204 -260.789 -1.54833e-08 2.92631e-09 -1.98956e-08 0.979297
70400 -71.1319 -71.1319 -260.841 -1.5069e-08 4.37464e-09 -2.19093e-08 0.979325
70500 -71.1434 -71.1434 -260.893 -1.25655e-08 2.70036e-09 -1.8665e-08 0.979353
70600 -71.1549 -71.1549 -260.946 -1.93774e-08 4.1404e-09 -2.24168e-08 0.979382
70700 -71.1663 -71.1663 -260.998 -1.83442e-08 3.65666e-09 -2.12015e-08 0.97941
70800 -71.1778 -71.1778 -261.051 -1.73552e-08 4.40377e-09 -1.71667e-08 0.979438
70900 -71.1893 -71.1893 -261.103 -2.5119e-08 4.69262e-09 -2.14672e-08 0.979466
71000 -71.2008 -71.2008 -261.155 -1.28097e-08 8.41767e-09 -1.92949e-08 0.979495
71100 -71.2122 -71.2122 -261.208 -1.06811e-08 1.18948e-09 -1.27071e-08 0.979523
71200 -71.2237 -71.2237 -261.26 -1.58913e-08 4.78051e-09 -2.01656e-08 0.979551
71300 -71.2351 -71.2351 -261.312 -1.54061e-08 3.59692e-09 -1.59349e-08 0.979579
71400 -71.2465 -71.2465 -261.364 -2.29256e-08 4.68818e-09 -2.18827e-08 0.979608
71500 -71.258 -71.258 -261.417 -1.33901e-08 4.35181e-09 -1.75092e-08 0.979636
71600 -71.2694 -71.2694 -261.469 -1.93832e-08 1.43022e-09 -1.36335e-08 0.979664
71700 -71.2808 -71.2808 -261.521 -2.28818e-08 3.83383e-09 -1.84556e-08 0.979692
71800 -71.2922 -71.2922 -261.573 -1.60491e-08 6.81518e-09 -2.07542e-08 0.97972
71900 -71.3036 -71.3036 -261.625 -1.10747e-08 2.8519e-09 -1.87593e-08 0.979749
72000 -71.315 -71.315 -261.677 -2.34018e-08 6.66044e-09 -2.13245e-08 0.979777
72100 -71.3264 -71.3264 -261.729 -7.56554e-09 3.05329e-09 -1.0101e-08 0.979805
72200 -71.3378 -71.3378 -261.781 -7.24386e-09 3.69289e-09 -1.41583e-08 0.979833
72300 -71.3492 -71.3492 -261.834 -1.03476e-08 3.34304e-09 -1.43664e-08 0.979862
72400 -71.3605 -71.3605 -261.886 -1.19946e-08 1.15866e-09 -7.83812e-09 0.97989
72500 -71.3719 -71.3719 -261.938 -1.82463e-08 3.70345e-09 -1.33413e-08 0.979918
72600 -71.3833 -71.3833 -261.99 -1.24994e-08 3.04518e-10 -1.14109e-08 0.979946
72700 -71.3946 -71.3946 -262.041 -6.91017e-09 3.59478e-09 -1.60057e-08 0.979974
72800 -71.406 -71.406 -262.093 -1.78782e-08 4.31045e-09 -1.61143e-08 0.980003
72900 -71.4173 -71.4173 -262.145 -8.40127e-09 2.77696e-09 -9.08864e-09 0.980031
73000 -71.4286 -71.4286 -262.197 -1.4878e-08 6.62744e-09 -1.44667e-08 0.980059
73100 -71.4399 -71.4399 -262.249 -1.09327e-08 3.71799e-09 -1.01417e-08 0.980087
73200 -71.4513 -71.4513 -262.301 -1.5544e-08 1.26803e-09 -9.2673e-09 0.980115
73300 -71.4626 -71.4626 -262.353 -9.3002e-09 1.17292e-09 -8.35278e-09 0.980143
73400 -71.4739 -71.4739 -262.405 -1.31022e-08 5.37629e-09 -1.33977e-08 0.980172
73500 -71.4852 -71.4852 -262.456 -9.76392e-09 2.49199e-09 -9.46116e-09 0.9802
73600 -71.4965 -71.4965 -262.508 -9.54323e-09 4.44032e-09 -1.15637e-08 0.980228
73700 -71.5077 -71.5077 -262.56 -2.9068e-09 2.8125e-09 -8.95875e-09 0.980256
73800 -71.519 -71.519 -262.612 -9.48991e-09 2.38444e-10 -7.57381e-09 0.980284
73900 -71.5303 -71.5303 -262.663 -1.17803e-08 1.89111e-09 -9.92978e-09 0.980313
74000 -71.5416 -71.5416 -262.715 -6.3927e-09 2.73461e-09 -9.48237e-09 0.980341
74100 -71.5528 -71.5528 -262.767 -4.34983e-09 -1.55246e-09 -2.81502e-09 0.980369
74200 -71.5641 -71.5641 -262.818 -1.07934e-08 3.11073e-09 -9.42917e-09 0.980397
74300 -71.5753 -71.5753 -262.87 -1.10051e-08 -5.39892e-10 -5.06205e-09 0.980425
74400 -71.5865 -71.5865 -262.921 -1.17009e-08 2.16435e-09 -7.12298e-09 0.980453
74500 -71.5978 -71.5978 -262.973 -8.54033e-09 -5.94036e-10 -4.02843e-09 0.980482
74600 -71.609 -71.609 -263.025 1.19042e-11 2.16249e-09 -6.24331e-09 0.98051
74700 -71.6202 -71.6202 -263.076 -6.88375e-09 4.72099e-10 -4.49143e-09 0.980538
74800 -71.6314 -71.6314 -263.128 -1.61812e-08 4.34648e-09 -1.06519e-08 0.980566
74900 -71.6426 -71.6426 -263.179 -9.85012e-09 5.01394e-09 -1.01102e-08 0.980594
75000 -71.6538 -71.6538 -263.231 -8.49348e-09 2.32546e-09 -5.27294e-09 0.980622
75100 -71.665 -71.665 -263.282 -1.42692e-08 3.52475e-09 -6.3758e-09 0.980651
75200 -71.6762 -71.6762 -263.334 -9.28538e-09 3.15439e-09 -9.21055e-09 0.980679
75300 -71.6874 -71.6874 -263.385 -1.25672e-08 2.92328e-09 -7.71596e-09 0.980707
75400 -71.6986 -71.6986 -263.436 -1.34316e-08 4.46752e-09 -9.75432e-09 0.980735
75500 -71.7097 -71.7097 -263.488 -5.29554e-09 2.12697e-09 -4.72524e-09 0.980763
75600 -71.7209 -71.7209 -263.539 -7.31608e-09 4.84023e-09 -8.29044e-09 0.980791
75700 -71.7321 -71.7321 -263.59 -1.25476e-08 1.52389e-09 -8.36569e-09 0.980819
75800 -71.7432 -71.7432 -263.642 -1.33911e-08 3.96805e-09 -9.19931e-09 0.980847
75900 -71.7543 -71.7543 -263.693 -2.25098e-09 7.22383e-10 -4.3629e-09 0.980876
76000 -71.7655 -71.7655 -263.744 1.24558e-09 2.34211e-09 -3.47907e-09 0.980904
76100 -71.7766 -71.7766 -263.796 -7.42052e-09 1.85784e-09 -2.81727e-09 0.980932
76200 -71.7877 -71.7877 -263.847 -1.02403e-08 5.90958e-09 -9.67039e-09 0.98096
76300 -71.7988 -71.7988 -263.898 -6.88265e-09 4.72678e-09 -7.07685e-09 0.980988
76400 -71.81 -71.81 -263.949 -9.41146e-09 2.96451e-09 -4.10698e-09 0.981016
76500 -71.8211 -71.8211 -264 -6.62743e-09 3.59049e-09 -7.0497e-09 0.981044
76600 -71.8322 -71.8322 -264.051 -9.98157e-09 -5.5873e-10 -1.32616e-09 0.981073
76700 -71.8432 -71.8432 -264.103 -3.36617e-09 3.65973e-09 -6.22364e-09 0.981101
76800 -71.8543 -71.8543 -264.154 -8.17609e-09 3.07187e-09 -6.36173e-09 0.981129
76900 -71.8654 -71.8654 -264.205 -5.10546e-09 2.07007e-09 -6.13134e-09 0.981157
77000 -71.8765 -71.8765 -264.256 -9.67632e-09 3.04357e-09 -5.91715e-09 0.981185
77100 -71.8875 -71.8875 -264.307 -3.83149e-09 2.08764e-09 -2.09125e-09 0.981213
77200 -71.8986 -71.8986 -264.358 -4.49712e-09 3.13981e-09 -4.79393e-09 0.981241
77300 -71.9097 -71.9097 -264.409 2.80657e-09 -2.99273e-09 -2.39456e-09 0.981269
77400 -71.9207 -71.9207 -264.46 -3.95168e-09 1.80583e-09 -3.67143e-09 0.981297
77500 -71.9317 -71.9317 -264.511 6.10196e-09 2.49882e-10 8.31833e-10 0.981326
77600 -71.9428 -71.9428 -264.562 1.69035e-09 1.50224e-09 5.75288e-10 0.981354
77700 -71.9538 -71.9538 -264.613 8.74717e-09 3.66265e-09 -5.03949e-09 0.981382
77800 -71.9648 -71.9648 -264.664 -3.4451e-09 4.14908e-09 -3.29908e-09 0.98141
77900 -71.9759 -71.9759 -264.715 -1.82639e-10 1.07064e-09 -1.80798e-09 0.981438
78000 -71.9869 -71.9869 -264.765 1.21836e-10 2.04889e-09 -3.17722e-09 0.981466
78100 -71.9979 -71.9979 -264.816 -2.18075e-09 4.14452e-09 -3.75007e-09 0.981494
78200 -72.0089 -72.0089 -264.867 -1.43579e-09 3.94482e-09 -4.9817e-09 0.981522
78300 -72.0199 -72.0199 -264.918 7.29187e-09 3.93136e-11 2.64181e-09 0.98155
78400 -72.0308 -72.0308 -264.969 -1.16705e-09 2.71739e-09 -2.9245e-09 0.981578
78500 -72.0418 -72.0418 -265.02 4.03843e-09 -4.65577e-09 2.58919e-09 0.981606
78600 -72.0528 -72.0528 -265.07 -2.68215e-08 9.61275e-08 1.44565e-07 0.981634
78700 -72.0638 -72.0638 -265.121 -2.58386e-10 -3.77133e-09 -6.05767e-09 0.981663
78800 -72.0747 -72.0747 -265.172 -2.9813e-09 -3.51945e-09 -6.24185e-09 0.981691
78900 -72.0857 -72.0857 -265.222 -5.853e-09 3.26598e-09 -1.49574e-08 0.981719
79000 -72.0966 -72.0966 -265.273 1.06973e-09 -4.42878e-10 -5.98156e-09 0.981747
79100 -72.1076 -72.1076 -265.324 4.29245e-09 5.25565e-10 -6.03786e-09 0.981775
79200 -72.1185 -72.1185 -265.374 1.8757e-09 -2.19356e-10 -7.09079e-09 0.981803
79300 -72.1294 -72.1294 -265.425 -1.89248e-09 -9.60753e-10 -4.76839e-09 0.981831
79400 -72.1404 -72.1404 -265.476 3.84728e-09 4.7884e-10 -7.9262e-09 0.981859
79500 -72.1513 -72.1513 -265.526 3.61969e-09 -2.8677e-09 -1.55439e-09 0.981887
79600 -72.1622 -72.1622 -265.577 1.91282e-07 1.86496e-07 -9.97278e-08 0.981915
79700 -72.1731 -72.1731 -265.627 -1.10386e-10 -5.53764e-09 -1.53422e-09 0.981943
79800 -72.184 -72.184 -265.678 -8.19645e-09 -1.08668e-08 -9.6649e-10 0.981971
79900 -72.1949 -72.1949 -265.728 -2.14545e-09 -5.20751e-09 -2.09419e-09 0.981999
80000 -72.2058 -72.2058 -265.779 -2.27546e-09 -5.85048e-09 -1.79218e-09 0.982027
80100 -72.2167 -72.2167 -265.829 1.8867e-09 -4.97463e-09 -3.18181e-09 0.982055
80200 -72.2275 -72.2275 -265.88 -1.70162e-09 -3.1644e-09 -6.53646e-09 0.982084
80300 -72.2384 -72.2384 -265.93 6.33573e-10 -7.21229e-09 -1.11942e-09 0.982112
80400 -72.2493 -72.2493 -265.98 8.72509e-09 -6.34398e-09 4.04386e-09 0.98214
80500 -72.2601 -72.2601 -266.031 -2.99324e-09 -2.60561e-09 -2.65739e-09 0.982168
80600 -72.271 -72.271 -266.081 6.10633e-09 -7.35078e-09 2.569e-09 0.982196
80700 -72.2818 -72.2818 -266.132 -2.69597e-11 -3.94803e-09 -3.76736e-09 0.982224
80800 -72.2927 -72.2927 -266.182 -4.95325e-09 -4.10394e-09 -1.62666e-09 0.982252
80900 -72.3035 -72.3035 -266.232 4.27323e-09 -5.48571e-09 -2.58355e-09 0.98228
81000 -72.3143 -72.3143 -266.283 1.76818e-09 -5.9211e-09 1.30651e-09 0.982308
81100 -72.3252 -72.3252 -266.333 -4.19191e-09 -3.29493e-09 -3.16785e-09 0.982336
81200 -72.336 -72.336 -266.383 -3.38791e-09 -3.28379e-09 -2.46481e-09 0.982364
81300 -72.3468 -72.3468 -266.433 -2.95875e-09 -3.71794e-09 -7.36807e-10 0.982392
81400 -72.3576 -72.3576 -266.484 2.68268e-09 -5.89809e-09 1.31263e-10 0.98242
81500 -72.3684 -72.3684 -266.534 -4.67609e-09 -2.51422e-09 -5.37195e-09 0.982448
81600 -72.3792 -72.3792 -266.584 2.75321e-07 5.3521e-08 7.24362e-08 0.982476
81700 -72.39 -72.39 -266.634 2.97943e-10 -3.07867e-09 -2.60346e-09 0.982504
81800 -72.4007 -72.4007 -266.684 -7.89146e-09 -3.34225e-09 -4.92463e-09 0.982532
81900 -72.4115 -72.4115 -266.734 -4.80681e-09 -5.87124e-09 -2.97668e-09 0.98256
82000 -72.4223 -72.4223 -266.784 -5.13923e-09 -6.6966e-09 1.60172e-10 0.982588
82100 -72.4331 -72.4331 -266.835 -1.41442e-09 -4.06345e-09 -4.51385e-09 0.982616
82200 -72.4438 -72.4438 -266.885 2.86982e-09 -4.59239e-09 -2.00248e-09 0.982644
82300 -72.4546 -72.4546 -266.935 -6.01634e-09 -4.19725e-09 -6.13443e-09 0.982672
82400 -72.4653 -72.4653 -266.985 -5.68108e-09 -6.42045e-09 -1.08847e-09 0.9827
82500 -72.4761 -72.4761 -267.035 -4.1983e-09 -4.60919e-09 -2.74742e-09 0.982728
82600 -72.4868 -72.4868 -267.085 -2.94997e-09 -3.36982e-09 -3.42766e-09 0.982756
82700 -72.4975 -72.4975 -267.135 -6.47814e-10 -1.38478e-09 -1.89761e-10 0.982784
82800 -72.5082 -72.5082 -267.185 -4.76752e-09 -3.83501e-09 -3.10304e-09 0.982812
82900 -72.519 -72.519 -267.235 -3.34161e-09 -4.46189e-09 -1.87957e-09 0.98284
83000 -72.5297 -72.5297 -267.284 -6.15482e-09 -2.14317e-09 -5.0973e-09 0.982868
83100 -72.5404 -72.5404 -267.334 2.50446e-10 -4.89504e-09 -7.57329e-10 0.982896
83200 -72.5511 -72.5511 -267.384 -4.63083e-09 5.99521e-10 -7.46558e-10 0.982924
83300 -72.5618 -72.5618 -267.434 -1.11913e-09 -8.37422e-09 1.9347e-09 0.982952
83400 -72.5725 -72.5725 -267.484 1.94215e-09 -7.06224e-09 3.91814e-09 0.98298
83500 -72.5831 -72.5831 -267.534 -7.9875e-09 -3.49576e-09 -6.15182e-09 0.983008
83600 -72.5938 -72.5938 -267.584 -8.31945e-09 -3.35793e-09 -2.06013e-09 0.983036
83700 -72.6045 -72.6045 -267.633 -7.02819e-09 -3.23636e-09 -1.77208e-09 0.983064
83800 -72.6152 -72.6152 -267.683 -8.065e-09 -3.17457e-09 -1.93965e-09 0.983092
83900 -72.6258 -72.6258 -267.733 -6.77778e-09 -3.05805e-09 -1.65592e-09 0.98312
84000 -72.6365 -72.6365 -267.783 -7.81888e-09 -3.00141e-09 -1.82724e-09 0.983148
84100 -72.6471 -72.6471 -267.832 -6.53583e-09 -2.88973e-09 -1.54696e-09 0.983176
84200 -72.6578 -72.6578 -267.882 -7.58101e-09 -2.83785e-09 -1.72161e-09 0.983204
84300 -72.6684 -72.6684 -267.932 -6.30213e-09 -2.73083e-09 -1.44437e-09 0.983232
84400 -72.679 -72.679 -267.981 -7.35099e-09 -2.68344e-09 -1.62255e-09 0.98326
84500 -72.6897 -72.6897 -268.031 -6.07601e-09 -2.58064e-09 -1.34818e-09 0.983288
84600 -72.7003 -72.7003 -268.081 -7.12873e-09 -2.53742e-09 -1.52912e-09 0.983316
84700 -72.7109 -72.7109 -268.13 -5.85753e-09 -2.43873e-09 -1.25825e-09 0.983344
84800 -72.7215 -72.7215 -268.18 -6.91389e-09 -2.39949e-09 -1.44197e-09 0.983372
84900 -72.7321 -72.7321 -268.229 -5.64627e-09 -2.30482e-09 -1.17344e-09 0.9834
85000 -72.7427 -72.7427 -268.279 -6.70619e-09 -2.26908e-09 -1.36024e-09 0.983428
85100 -72.7533 -72.7533 -268.329 -5.44207e-09 -2.17808e-09 -1.09452e-09 0.983456
85200 -72.7639 -72.7639 -268.378 -6.50542e-09 -2.14601e-09 -1.28325e-09 0.983484
85300 -72.7745 -72.7745 -268.428 -5.24462e-09 -2.05855e-09 -1.01987e-09 0.983512
85400 -72.785 -72.785 -268.477 -6.31134e-09 -2.0298e-09 -1.21107e-09 0.983539
85500 -72.7956 -72.7956 -268.527 -5.05391e-09 -1.94557e-09 -9.50129e-10 0.983567
85600 -72.8062 -72.8062 -268.576 -8.67963e-10 3.53401e-10 -1.49716e-09 0.983595
85700 -72.8167 -72.8167 -268.625 -4.95602e-09 -1.89507e-09 -8.84192e-10 0.983623
85800 -72.8273 -72.8273 -268.675 -6.02894e-09 -1.87159e-09 -1.07952e-09 0.983651
85900 -72.8378 -72.8378 -268.724 -4.77495e-09 -1.79121e-09 -8.2251e-10 0.983679
86000 -72.8484 -72.8484 -268.774 -5.85076e-09 -1.77062e-09 -1.01973e-09 0.983707
86100 -72.8589 -72.8589 -268.823 -5.64419e-09 -6.87269e-10 1.00471e-10 0.983735
86200 -72.8694 -72.8694 -268.872 -5.66121e-09 -1.70399e-09 -9.89535e-10 0.983763
86300 -72.8799 -72.8799 -268.922 -4.4132e-09 -1.62868e-09 -7.35383e-10 0.983791
86400 -72.8905 -72.8905 -268.971 -5.49531e-09 -1.61221e-09 -9.35248e-10 0.983819
86500 -72.901 -72.901 -269.02 -4.24997e-09 -1.53947e-09 -6.83068e-10 0.983847
86600 -72.9115 -72.9115 -269.07 -5.33496e-09 -1.52551e-09 -8.84864e-10 0.983875
86700 -72.922 -72.922 -269.119 -4.09234e-09 -1.45504e-09 -6.3423e-10 0.983903
86800 -72.9325 -72.9325 -269.168 -5.17984e-09 -1.44351e-09 -8.37358e-10 0.983931
86900 -72.943 -72.943 -269.217 -8.17421e-09 -3.70492e-09 6.83545e-10 0.983959
87000 -72.9535 -72.9535 -269.266 -4.96019e-09 -1.31179e-09 -8.16455e-10 0.983986
87100 -72.9639 -72.9639 -269.316 -3.72279e-09 -1.24642e-09 -5.68579e-10 0.984014
87200 -72.9744 -72.9744 -269.365 -4.81745e-09 -1.2413e-09 -7.73864e-10 0.984042
87300 -72.9849 -72.9849 -269.414 -3.58246e-09 -1.17773e-09 -5.27663e-10 0.98407
87400 -72.9954 -72.9954 -269.463 -4.67962e-09 -1.17441e-09 -7.34402e-10 0.984098
87500 -73.0058 -73.0058 -269.512 -3.447e-09 -1.11281e-09 -4.89101e-10 0.984126
87600 -73.0163 -73.0163 -269.561 -4.54622e-09 -1.11115e-09 -6.96958e-10 0.984154
87700 -73.0267 -73.0267 -269.61 -3.31589e-09 -1.05141e-09 -4.53028e-10 0.984182
87800 -73.0372 -73.0372 -269.659 -4.41741e-09 -1.05142e-09 -6.61856e-10 0.98421
87900 -73.0476 -73.0476 -269.709 -3.18911e-09 -9.93324e-10 -4.19158e-10 0.984238
88000 -73.058 -73.058 -269.758 -4.29261e-09 -9.95085e-10 -6.2922e-10 0.984266
88100 -73.0684 -73.0684 -269.807 -3.06663e-09 -9.38539e-10 -3.87413e-10 0.984293
88200 -73.0789 -73.0789 -269.856 -4.17221e-09 -9.41666e-10 -5.98387e-10 0.984321
88300 -73.0893 -73.0893 -269.905 -2.94815e-09 -8.86689e-10 -3.5756e-10 0.984349
88400 -73.0997 -73.0997 -269.954 -4.05566e-09 -8.91402e-10 -5.69531e-10 0.984377
88500 -73.1101 -73.1101 -270.002 -2.83358e-09 -8.37612e-10 -3.29568e-10 0.984405
88600 -73.1205 -73.1205 -270.051 -3.94299e-09 -8.43746e-10 -5.42622e-10 0.984433
88700 -73.1309 -73.1309 -270.1 -2.7229e-09 -7.91186e-10 -3.03605e-10 0.984461
88800 -73.1413 -73.1413 -270.149 -3.83413e-09 -7.98584e-10 -5.17426e-10 0.984489
88900 -73.1517 -73.1517 -270.198 -2.61575e-09 -7.47401e-10 -2.79057e-10 0.984517
89000 -73.162 -73.162 -270.247 -3.72888e-09 -7.56007e-10 -4.93562e-10 0.984544
89100 -73.1724 -73.1724 -270.296 -2.51225e-09 -7.06048e-10 -2.55959e-10 0.984572
89200 -73.1828 -73.1828 -270.345 -3.62701e-09 -7.15717e-10 -4.71259e-10 0.9846
89300 -73.1931 -73.1931 -270.393 -2.41217e-09 -6.66847e-10 -2.34527e-10 0.984628
89400 -73.2035 -73.2035 -270.442 -3.52865e-09 -6.77452e-10 -4.50524e-10 0.984656
89500 -73.2138 -73.2138 -270.491 -2.31544e-09 -6.29749e-10 -2.14571e-10 0.984684
89600 -73.2242 -73.2242 -270.54 -3.4334e-09 -6.41559e-10 -4.3098e-10 0.984712
89700 -73.2345 -73.2345 -270.589 -2.22184e-09 -5.94685e-10 -1.95538e-10 0.98474
89800 -73.2449 -73.2449 -270.637 -3.34132e-09 -6.07482e-10 -4.12699e-10 0.984768
89900 -73.2552 -73.2552 -270.686 -2.13122e-09 -5.61626e-10 -1.77695e-10 0.984795
90000 -73.2655 -73.2655 -270.735 -3.2523e-09 -5.75193e-10 -3.95735e-10 0.984823
90100 -73.2758 -73.2758 -270.783 -2.04386e-09 -5.3015e-10 -1.61089e-10 0.984851
90200 -73.2862 -73.2862 -270.832 -3.16625e-09 -5.44886e-10 -3.79738e-10 0.984879
90300 -73.2965 -73.2965 -270.881 -1.95921e-09 -5.00638e-10 -1.45789e-10 0.984907
90400 -73.3068 -73.3068 -270.929 -3.08314e-09 -5.16033e-10 -3.64773e-10 0.984935
90500 -73.3171 -73.3171 -270.978 2.1632e-09 -2.90931e-09 -1.40373e-09 0.984963
90600 -73.3274 -73.3274 -271.026 -3.06876e-09 -4.22391e-10 -3.09854e-10 0.98499
90700 -73.3376 -73.3376 -271.075 -1.86441e-09 -3.81083e-10 -7.73447e-11 0.985018
90800 -73.3479 -73.3479 -271.124 -2.98872e-09 -4.0025e-10 -2.98816e-10 0.985046
90900 -73.3582 -73.3582 -271.172 -1.78575e-09 -3.59453e-10 -6.7303e-11 0.985074
91000 -73.3685 -73.3685 -271.221 4.96467e-09 2.01853e-09 -1.46499e-09 0.985102
91100 -73.3787 -73.3787 -271.269 -1.83849e-09 -3.95167e-10 -3.6817e-11 0.98513
91200 -73.389 -73.389 -271.318 -2.96525e-09 -4.14621e-10 -2.58944e-10 0.985158
91300 -73.3993 -73.3993 -271.366 -1.76082e-09 -3.73089e-10 -2.84938e-11 0.985185
91400 -73.4095 -73.4095 -271.415 -2.8889e-09 -3.93257e-10 -2.51136e-10 0.985213
91500 -73.4197 -73.4197 -271.463 -1.68558e-09 -3.52386e-10 -2.07039e-11 0.985241
91600 -73.43 -73.43 -271.511 -2.81483e-09 -3.73187e-10 -2.43436e-10 0.985269
91700 -73.4402 -73.4402 -271.56 -1.61287e-09 -3.32605e-10 -1.36068e-11 0.985297
91800 -73.4505 -73.4505 -271.608 -2.74324e-09 -3.54082e-10 -2.36585e-10 0.985325
91900 -73.4607 -73.4607 -271.657 -1.54256e-09 -3.1393e-10 -6.91473e-12 0.985352
92000 -73.4709 -73.4709 -271.705 -2.674e-09 -3.35723e-10 -2.30115e-10 0.98538
92100 -73.4811 -73.4811 -271.753 -1.47449e-09 -2.96154e-10 -5.81304e-13 0.985408
92200 -73.4913 -73.4913 -271.802 -2.60722e-09 -3.18603e-10 -2.23983e-10 0.985436
92300 -73.5015 -73.5015 -271.85 -1.40869e-09 -2.79544e-10 5.03971e-12 0.985464
92400 -73.5117 -73.5117 -271.898 -2.54242e-09 -3.02285e-10 -2.18324e-10 0.985492
92500 -73.5219 -73.5219 -271.947 -1.34501e-09 -2.63688e-10 1.061e-11 0.985519
92600 -73.5321 -73.5321 -271.995 -2.41224e-09 3.01827e-10 4.12103e-11 0.985547
92700 -73.5423 -73.5423 -272.043 -1.28457e-09 -2.64385e-10 7.23995e-12 0.985575
92800 -73.5525 -73.5525 -272.091 -2.42045e-09 -2.87642e-10 -2.16506e-10 0.985603
92900 -73.5626 -73.5626 -272.14 -1.22515e-09 -2.49312e-10 1.20153e-11 0.985631
93000 -73.5728 -73.5728 -272.188 -2.36181e-09 -2.72869e-10 -2.11643e-10 0.985658
93100 -73.583 -73.583 -272.236 -1.16756e-09 -2.3501e-10 1.70341e-11 0.985686
93200 -73.5931 -73.5931 -272.284 -2.30522e-09 -2.59018e-10 -2.0734e-10 0.985714
93300 -73.6033 -73.6033 -272.332 -1.11184e-09 -2.21574e-10 2.1525e-11 0.985742
93400 -73.6134 -73.6134 -272.38 -2.25039e-09 -2.45786e-10 -2.02744e-10 0.98577
93500 -73.6236 -73.6236 -272.429 -1.05803e-09 -2.08721e-10 2.58971e-11 0.985797
93600 -73.6337 -73.6337 -272.477 -2.19746e-09 -2.333e-10 -1.98655e-10 0.985825
93700 -73.6438 -73.6438 -272.525 -4.81586e-09 1.55843e-09 -3.06978e-10 0.985853
93800 -73.654 -73.654 -272.573 -2.08404e-09 -2.64322e-10 -1.9277e-10 0.985881
93900 -73.6641 -73.6641 -272.621 -8.936e-10 -2.27166e-10 3.53769e-11 0.985909
94000 -73.6742 -73.6742 -272.669 -2.03658e-09 -2.51085e-10 -1.88994e-10 0.985936
94100 -73.6843 -73.6843 -272.717 -8.46966e-10 -2.14111e-10 3.8977e-11 0.985964
94200 -73.6944 -73.6944 -272.765 -1.91067e-09 -3.45074e-09 5.91402e-10 0.985992
94300 -73.7045 -73.7045 -272.813 -8.02968e-10 -1.24073e-10 3.48588e-11 0.98602
94400 -73.7146 -73.7146 -272.861 3.53453e-09 1.73133e-09 -1.98393e-09 0.986048
94500 -73.7247 -73.7247 -272.909 -8.48484e-10 -1.56863e-10 7.58993e-11 0.986075
94600 -73.7348 -73.7348 -272.957 -1.99376e-09 -1.82346e-10 -1.50126e-10 0.986103
94700 -73.7449 -73.7449 -273.005 -8.03366e-10 -1.47606e-10 7.65026e-11 0.986131
94800 -73.755 -73.755 -273.053 -6.69886e-09 -2.03312e-10 -2.22628e-09 0.986159
94900 -73.765 -73.765 -273.101 1.55292e-10 -9.0864e-10 -7.91119e-10 0.986187
95000 -73.7751 -73.7751 -273.149 -5.0051e-09 1.74398e-09 -3.36017e-10 0.986214
95100 -73.7852 -73.7852 -273.196 -3.67791e-09 -6.40963e-11 -9.02631e-10 0.986242
95200 -73.7952 -73.7952 -273.244 -4.40463e-09 -2.09482e-09 -1.35204e-09 0.98627
95300 -73.8053 -73.8053 -273.292 1.79819e-07 -5.74683e-08 3.1979e-07 0.986298
95400 -73.8153 -73.8153 -273.34 -9.86932e-09 1.54665e-09 -1.0633e-08 0.986325
95500 -73.8254 -73.8254 -273.388 1.06221e-07 -6.18121e-08 1.29686e-07 0.986353
95600 -73.8354 -73.8354 -273.435 2.0516e-07 -1.99665e-08 1.56258e-07 0.986381
95700 -73.8454 -73.8454 -273.483 1.96744e-09 2.9228e-09 -1.3313e-08 0.986409
95800 -73.8555 -73.8555 -273.531 -1.33065e-08 5.88931e-10 -1.38675e-08 0.986437
95900 -73.8655 -73.8655 -273.579 -7.18632e-09 -2.11336e-10 -9.99048e-09 0.986464
96000 -73.8755 -73.8755 -273.626 -9.61696e-09 9.11459e-10 -1.32577e-08 0.986492
96100 -73.8855 -73.8855 -273.674 -1.03461e-08 -3.64737e-10 -1.23546e-08 0.98652
96200 -73.8955 -73.8955 -273.722 -1.73209e-08 2.96788e-09 -1.94027e-08 0.986548
96300 -73.9055 -73.9055 -273.77 -5.02328e-09 8.39925e-10 -1.31895e-08 0.986575
96400 -73.9155 -73.9155 -273.817 -1.62526e-08 1.84654e-09 -1.50507e-08 0.986603
96500 -73.9255 -73.9255 -273.865 -1.39873e-08 -1.89483e-09 -1.12606e-08 0.986631
96600 -73.9355 -73.9355 -273.913 -4.4669e-09 -1.08493e-09 -9.99305e-09 0.986659
96700 -73.9455 -73.9455 -273.96 1.59794e-09 5.25951e-10 -9.10114e-09 0.986686
96800 -73.9555 -73.9555 -274.008 -4.04256e-08 2.79193e-08 7.16547e-08 0.986714
96900 -73.9654 -73.9654 -274.055 -1.24187e-08 2.49556e-09 -1.75669e-08 0.986742
97000 -73.9754 -73.9754 -274.103 -4.13327e-09 8.4399e-10 -1.26998e-08 0.98677
97100 -73.9854 -73.9854 -274.151 -8.693e-09 3.54147e-10 -1.34514e-08 0.986797
97200 -73.9953 -73.9953 -274.198 -1.33438e-08 2.66831e-09 -1.38781e-08 0.986825
97300 -74.0053 -74.0053 -274.246 -2.32351e-09 5.11397e-10 -1.05639e-08 0.986853
97400 -74.0152 -74.0152 -274.293 -7.40263e-09 -3.80689e-10 -1.24783e-08 0.986881
97500 -74.0252 -74.0252 -274.341 1.11355e-10 -2.02956e-09 -3.29404e-09 0.986908
97600 -74.0351 -74.0351 -274.388 -2.58824e-09 -7.35747e-10 -6.08874e-09 0.986936
97700 -74.0451 -74.0451 -274.436 -3.18436e-09 -1.89985e-10 -8.01949e-09 0.986964
97800 -74.055 -74.055 -274.483 -1.35617e-08 1.93284e-09 -1.4237e-08 0.986991
97900 -74.0649 -74.0649 -274.53 -3.99857e-09 1.80752e-09 -9.05836e-09 0.987019
98000 -74.0748 -74.0748 -274.578 3.2724e-09 -8.23266e-11 -7.15448e-09 0.987047
98100 -74.0847 -74.0847 -274.625 3.07504e-09 -3.18378e-10 -7.80288e-09 0.987075
98200 -74.0947 -74.0947 -274.673 -9.27373e-09 1.32757e-09 -1.13494e-08 0.987102
98300 -74.1046 -74.1046 -274.72 -1.05415e-08 1.69927e-09 -9.07e-09 0.98713
98400 -74.1145 -74.1145 -274.767 -1.09022e-08 7.11973e-10 -1.00502e-08 0.987158
98500 -74.1244 -74.1244 -274.815 1.15065e-07 -1.07312e-07 1.8954e-07 0.987186
98600 -74.1342 -74.1342 -274.862 -1.02076e-08 2.05804e-09 -1.41253e-08 0.987213
98700 -74.1441 -74.1441 -274.909 -5.46965e-09 3.83723e-09 -1.27925e-08 0.987241
98800 -74.154 -74.154 -274.957 -7.79578e-09 1.43632e-09 -1.15787e-08 0.987269
98900 -74.1639 -74.1639 -275.004 -8.71423e-09 3.27238e-09 -1.38348e-08 0.987296
99000 -74.1738 -74.1738 -275.051 1.68374e-09 2.85378e-10 -7.86158e-09 0.987324
99100 -74.1836 -74.1836 -275.099 -1.14571e-09 2.50458e-09 -1.02382e-08 0.987352
99200 -74.1935 -74.1935 -275.146 -1.01336e-09 3.14792e-09 -1.06444e-08 0.98738
99300 -74.2033 -74.2034 -275.193 1.20555e-07 -7.3981e-08 1.54969e-07 0.987407
99400 -74.2132 -74.2132 -275.24 2.76011e-07 -4.27938e-08 1.74522e-07 0.987435
99500 -74.2231 -74.2231 -275.287 -6.43857e-09 6.29104e-09 -1.86423e-08 0.987463
99600 -74.2329 -74.2329 -275.335 -4.93861e-09 4.27959e-09 -2.00794e-08 0.98749
99700 -74.2427 -74.2427 -275.382 -5.44464e-09 4.83168e-09 -1.6526e-08 0.987518
99800 -74.2526 -74.2526 -275.429 -9.38738e-09 6.37903e-09 -1.54688e-08 0.987546
99900 -74.2624 -74.2624 -275.476 -1.67621e-08 7.19484e-09 -2.1509e-08 0.987573
100000 -74.2722 -74.2722 -275.523 -3.65061e-09 7.22347e-09 -1.54251e-08 0.987601
100100 -74.282 -74.282 -275.57 -6.76832e-09 5.51581e-09 -1.49773e-08 0.987629
100200 -74.2919 -74.2919 -275.617 -9.59589e-09 5.29958e-09 -1.4489e-08 0.987657
100300 -74.3017 -74.3017 -275.664 -6.31727e-09 4.71538e-09 -1.66597e-08 0.987684
100400 -74.3115 -74.3115 -275.712 -9.53819e-09 7.01431e-09 -1.76108e-08 0.987712
100500 -74.3213 -74.3213 -275.759 -5.22843e-09 5.07829e-09 -1.40121e-08 0.98774
100600 -74.3311 -74.3311 -275.806 2.48586e-07 3.59028e-09 1.06746e-07 0.987767
100700 -74.3409 -74.3409 -275.853 1.52354e-07 1.65264e-08 1.46153e-07 0.987795
100800 -74.3507 -74.3507 -275.9 -1.34523e-08 3.43291e-09 -2.10034e-08 0.987823
100900 -74.3604 -74.3604 -275.947 -1.22548e-08 3.92803e-09 -2.03687e-08 0.98785
101000 -74.3702 -74.3702 -275.994 -2.16968e-08 2.53549e-09 -2.13159e-08 0.987878
101100 -74.38 -74.38 -276.041 -1.86474e-08 2.46613e-09 -1.9175e-08 0.987906
101200 -74.3898 -74.3898 -276.088 -1.75106e-08 1.77916e-09 -1.87586e-08 0.987933
101300 -74.3995 -74.3995 -276.135 1.38347e-07 5.7293e-08 4.79135e-09 0.987961
101400 -74.4093 -74.4093 -276.181 -1.1409e-08 2.39908e-09 -1.81563e-08 0.987989
101500 -74.419 -74.419 -276.228 -2.00564e-08 2.1858e-09 -1.7673e-08 0.988016
101600 -74.4288 -74.4288 -276.275 -2.50226e-08 3.70422e-09 -2.35131e-08 0.988044
101700 -74.4385 -74.4385 -276.322 -1.86136e-08 -1.09145e-09 -1.6973e-08 0.988072
101800 -74.4483 -74.4483 -276.369 -2.59727e-08 -1.93789e-09 -1.79858e-08 0.988099
101900 -74.458 -74.458 -276.416 -1.28295e-08 2.22764e-09 -1.782e-08 0.988127
102000 -74.4677 -74.4677 -276.463 -1.71289e-08 1.25462e-09 -1.70197e-08 0.988155
102100 -74.4775 -74.4775 -276.509 2.67342e-07 -4.94004e-09 1.41e-07 0.988182
102200 -74.4872 -74.4872 -276.556 -2.08324e-08 7.19095e-10 -1.91125e-08 0.98821
102300 -74.4969 -74.4969 -276.603 -2.00739e-08 -1.09754e-09 -1.57715e-08 0.988238
102400 -74.5066 -74.5066 -276.65 -2.34047e-08 1.028e-09 -1.9875e-08 0.988265
102500 -74.5163 -74.5163 -276.697 -1.49561e-08 1.25899e-09 -1.61797e-08 0.988293
102600 -74.526 -74.526 -276.743 -1.865e-08 1.58914e-09 -1.85282e-08 0.988321
102700 -74.5357 -74.5357 -276.79 -1.6215e-08 -4.95398e-10 -1.4951e-08 0.988348
102800 -74.5454 -74.5454 -276.837 -1.84834e-08 2.50317e-09 -1.5549e-08 0.988376
102900 -74.5551 -74.5551 -276.884 -1.89691e-08 1.07679e-09 -1.78242e-08 0.988404
103000 -74.5648 -74.5648 -276.93 -2.56831e-08 8.03652e-10 -1.59313e-08 0.988431
103100 -74.5745 -74.5745 -276.977 -1.99131e-08 -4.55913e-10 -1.71833e-08 0.988459
103200 -74.5842 -74.5842 -277.024 -1.94011e-08 -7.95425e-11 -1.4746e-08 0.988486
103300 -74.5938 -74.5938 -277.07 -1.30978e-08 5.45208e-10 -1.14326e-08 0.988514
103400 -74.6035 -74.6035 -277.117 2.56332e-07 -5.97246e-08 2.68731e-07 0.988542
103500 -74.6132 -74.6132 -277.163 -1.95419e-08 1.82028e-09 -1.82937e-08 0.988569
103600 -74.6228 -74.6228 -277.21 -1.80365e-08 2.98464e-09 -2.01586e-08 0.988597
103700 -74.6325 -74.6325 -277.257 -1.86728e-08 8.81633e-11 -1.97751e-08 0.988625
103800 -74.6421 -74.6421 -277.303 -1.15444e-08 -2.24255e-09 -1.45632e-08 0.988652
103900 -74.6518 -74.6518 -277.35 -1.43392e-08 7.0109e-10 -1.47647e-08 0.98868
104000 -74.6614 -74.6614 -277.396 -2.45784e-08 -1.61759e-09 -1.83806e-08 0.988708
104100 -74.671 -74.671 -277.443 -1.66738e-08 -2.26081e-11 -1.94076e-08 0.988735
104200 -74.6807 -74.6807 -277.489 -1.52621e-08 8.03323e-11 -1.55802e-08 0.988763
104300 -74.6903 -74.6903 -277.536 -1.13263e-08 2.34298e-09 -1.57749e-08 0.98879
104400 -74.6999 -74.6999 -277.582 2.13511e-07 1.5118e-08 1.33099e-07 0.988818
104500 -74.7095 -74.7095 -277.629 -2.03074e-08 -1.7483e-09 -1.39343e-08 0.988846
104600 -74.7192 -74.7192 -277.675 -2.60812e-08 -2.06842e-09 -1.84287e-08 0.988873
104700 -74.7288 -74.7288 -277.722 -2.4253e-08 4.05154e-09 -2.19354e-08 0.988901
104800 -74.7384 -74.7384 -277.768 -1.47492e-08 -1.63428e-09 -1.70205e-08 0.988929
104900 -74.748 -74.748 -277.815 -1.17072e-08 -3.3539e-09 -1.29648e-08 0.988956
105000 -74.7576 -74.7576 -277.861 -1.67099e-08 -1.14174e-09 -1.56788e-08 0.988984
105100 -74.7672 -74.7672 -277.908 -1.62227e-08 -1.55037e-09 -1.34563e-08 0.989011
105200 -74.7767 -74.7767 -277.954 -1.44484e-08 -9.50113e-10 -1.4682e-08 0.989039
105300 -74.7863 -74.7863 -278 -2.31309e-08 -1.44133e-09 -1.73602e-08 0.989067
105400 -74.7959 -74.7959 -278.047 -2.61245e-08 8.37958e-10 -1.66522e-08 0.989094
105500 -74.8055 -74.8055 -278.093 -1.4705e-08 1.94499e-09 -1.54765e-08 0.989122
105600 -74.815 -74.815 -278.139 -1.55584e-08 -7.59621e-10 -1.38845e-08 0.989149
105700 -74.8246 -74.8246 -278.186 -1.02417e-08 -1.43406e-09 -9.64391e-09 0.989177
105800 -74.8342 -74.8342 -278.232 -1.62783e-08 7.29118e-10 -1.66688e-08 0.989205
105900 -74.8437 -74.8437 -278.278 -1.83798e-08 3.05766e-09 -1.7054e-08 0.989232
106000 -74.8533 -74.8533 -278.324 -1.27201e-08 2.49576e-09 -1.2313e-08 0.98926
106100 -74.8628 -74.8628 -278.371 -1.6472e-08 7.3946e-10 -1.20667e-08 0.989287
106200 -74.8724 -74.8724 -278.417 -1.89241e-08 2.12321e-09 -1.53748e-08 0.989315
106300 -74.8819 -74.8819 -278.463 -1.55882e-08 1.82126e-09 -1.33799e-08 0.989343
106400 -74.8914 -74.8914 -278.509 -1.13302e-08 2.92959e-09 -1.38246e-08 0.98937
106500 -74.901 -74.901 -278.556 -1.37946e-08 2.11043e-09 -1.44364e-08 0.989398
106600 -74.9105 -74.9105 -278.602 -9.36424e-09 2.47331e-09 -9.11688e-09 0.989425
106700 -74.92 -74.92 -278.648 -1.88093e-08 3.65723e-09 -1.38352e-08 0.989453
106800 -74.9295 -74.9295 -278.694 -1.46933e-08 -1.69221e-11 -1.02163e-08 0.989481
106900 -74.939 -74.939 -278.74 -1.22419e-08 4.71515e-09 -1.11361e-08 0.989508
107000 -74.9485 -74.9485 -278.786 -1.60953e-08 8.23862e-10 -1.09323e-08 0.989536
107100 -74.958 -74.958 -278.833 -1.34529e-08 1.7869e-09 -9.55632e-09 0.989563
107200 -74.9675 -74.9675 -278.879 -1.27099e-08 1.36113e-09 -8.08507e-09 0.989591
107300 -74.977 -74.977 -278.925 -1.66945e-08 3.80392e-09 -1.38547e-08 0.989618
107400 -74.9865 -74.9865 -278.971 -1.00218e-08 4.03028e-09 -1.16229e-08 0.989646
107500 -74.996 -74.996 -279.017 -6.96769e-09 5.00392e-10 -7.72015e-09 0.989674
107600 -75.0055 -75.0055 -279.063 -1.62632e-08 1.38041e-09 -7.25867e-09 0.989701
107700 -75.015 -75.015 -279.109 -8.18745e-09 -1.18225e-09 -3.68868e-09 0.989729
107800 -75.0244 -75.0244 -279.155 -9.07139e-09 -2.9197e-11 -5.28244e-09 0.989756
107900 -75.0339 -75.0339 -279.201 -3.65922e-09 2.17809e-09 -7.32995e-09 0.989784
108000 -75.0434 -75.0434 -279.247 -8.26075e-09 3.85729e-09 -9.98831e-09 0.989811
108100 -75.0528 -75.0528 -279.293 -9.30376e-09 -1.12563e-10 -6.43227e-09 0.989839
108200 -75.0623 -75.0623 -279.339 -1.09597e-08 -5.89187e-10 -6.99324e-09 0.989867
108300 -75.0717 -75.0717 -279.385 -1.22378e-08 -3.91226e-10 -9.56753e-09 0.989894
108400 -75.0812 -75.0812 -279.431 -1.08943e-08 -4.96069e-10 -6.02286e-09 0.989922
108500 -75.0906 -75.0906 -279.477 -4.01262e-09 2.1052e-09 -5.79293e-09 0.989949
108600 -75.1001 -75.1001 -279.523 -1.71997e-08 -4.21959e-11 -5.93998e-09 0.989977
108700 -75.1095 -75.1095 -279.569 -1.03089e-08 5.75227e-10 -6.68481e-09 0.990004
108800 -75.1189 -75.1189 -279.615 -4.61049e-09 2.82444e-10 -2.63245e-09 0.990032
108900 -75.1284 -75.1284 -279.661 -4.37162e-09 -6.9439e-10 -4.34873e-09 0.990059
109000 -75.1378 -75.1378 -279.706 -1.15177e-08 2.05581e-11 -5.88352e-09 0.990087
109100 -75.1472 -75.1472 -279.752 -1.28299e-08 1.59551e-09 -8.56564e-09 0.990115
109200 -75.1566 -75.1566 -279.798 -8.85471e-09 5.38459e-10 -6.40177e-09 0.990142
109300 -75.166 -75.166 -279.844 -1.07337e-08 2.44071e-09 -6.90387e-09 0.99017
109400 -75.1754 -75.1754 -279.89 -1.03748e-08 6.59341e-10 -5.5261e-09 0.990197
109500 -75.1848 -75.1848 -279.936 -1.09902e-08 -5.63407e-10 -5.54717e-09 0.990225
109600 -75.1942 -75.1942 -279.981 -2.23706e-08 3.58624e-09 -1.00691e-08 0.990252
109700 -75.2036 -75.2036 -280.027 -2.82045e-08 7.29965e-08 -6.30278e-09 0.99028
109800 -75.213 -75.213 -280.073 -1.53108e-08 -3.14777e-09 -5.85774e-09 0.990307
109900 -75.2224 -75.2224 -280.119 -1.30003e-08 1.63311e-09 -1.06638e-08 0.990335
110000 -75.2318 -75.2318 -280.164 -1.34186e-08 1.56804e-09 -1.05892e-08 0.990362
110100 -75.2411 -75.2411 -280.21 -4.11835e-09 1.51574e-09 -7.15318e-09 0.99039
110200 -75.2505 -75.2505 -280.256 -1.09098e-08 1.64031e-09 -9.93855e-09 0.990417
110300 -75.2599 -75.2599 -280.301 -9.53399e-09 1.4669e-09 -4.21223e-09 0.990445
110400 -75.2692 -75.2692 -280.347 -1.08962e-08 -2.23853e-09 -4.36135e-09 0.990472
110500 -75.2786 -75.2786 -280.393 -1.4601e-08 2.72372e-09 -1.07952e-08 0.9905
110600 -75.2879 -75.2879 -280.439 -1.04781e-08 3.01753e-09 -7.2417e-09 0.990528
110700 -75.2973 -75.2973 -280.484 -1.52002e-08 2.10595e-09 -8.52442e-09 0.990555
110800 -75.3066 -75.3066 -280.53 -6.92793e-09 9.57205e-10 -9.30116e-09 0.990583
110900 -75.316 -75.316 -280.575 -9.61315e-09 1.12792e-09 -6.13613e-09 0.99061
111000 -75.3253 -75.3253 -280.621 -9.32091e-09 1.0726e-09 -7.867e-09 0.990638
111100 -75.3346 -75.3346 -280.667 -1.08302e-08 -1.26278e-09 -2.42516e-09 0.990665
111200 -75.344 -75.344 -280.712 -8.53283e-09 -2.22595e-09 -2.44515e-09 0.990693
111300 -75.3533 -75.3533 -280.758 -9.23505e-09 7.3375e-10 -5.34338e-09 0.99072
111400 -75.3626 -75.3626 -280.803 -1.06864e-08 1.4288e-09 -8.60534e-09 0.990748
111500 -75.3719 -75.3719 -280.849 -9.88807e-09 3.87092e-09 -7.14912e-09 0.990775
111600 -75.3812 -75.3812 -280.894 -1.02303e-08 1.7905e-09 -8.173e-09 0.990803
111700 -75.3905 -75.3905 -280.94 -1.35192e-08 6.06144e-09 -1.15894e-08 0.99083
111800 -75.3999 -75.3999 -280.985 -7.2785e-09 8.45522e-10 -4.09728e-09 0.990858
111900 -75.4091 -75.4091 -281.031 -1.34832e-08 2.0383e-09 -5.99617e-09 0.990885
112000 -75.4184 -75.4184 -281.076 -7.57328e-09 -3.66937e-09 -2.06848e-09 0.990913
112100 -75.4277 -75.4277 -281.122 -1.36155e-08 -1.13934e-10 -4.02376e-09 0.99094
112200 -75.437 -75.437 -281.167 -1.38458e-08 -5.78928e-11 -4.33835e-09 0.990968
112300 -75.4463 -75.4463 -281.213 -1.16538e-08 1.51776e-09 -7.34801e-09 0.990995
112400 -75.4556 -75.4556 -281.258 -9.07582e-09 1.50216e-09 -5.00533e-09 0.991023
112500 -75.4649 -75.4649 -281.304 -5.77314e-09 -1.43688e-09 -1.89623e-09 0.99105
112600 -75.4741 -75.4741 -281.349 -5.74309e-09 4.8461e-10 -4.61195e-10 0.991078
112700 -75.4834 -75.4834 -281.394 -5.40413e-10 2.76847e-09 -7.24814e-09 0.991105
112800 -75.4927 -75.4927 -281.44 -1.38305e-08 3.73952e-09 -7.37201e-09 0.991133
112900 -75.5019 -75.5019 -281.485 -9.43151e-09 5.6662e-10 -1.45556e-10 0.99116
113000 -75.5112 -75.5112 -281.53 -3.39992e-09 2.13339e-09 -4.62954e-09 0.991188
113100 -75.5204 -75.5204 -281.576 -5.04394e-09 1.79409e-10 -1.71035e-09 0.991215
113200 -75.5297 -75.5297 -281.621 -2.25593e-10 -6.42927e-10 2.3953e-09 0.991243
113300 -75.5389 -75.5389 -281.666 -1.09698e-08 2.92139e-09 -7.79956e-09 0.99127
113400 -75.5481 -75.5481 -281.712 2.49321e-10 -2.13307e-09 3.46923e-10 0.991298
113500 -75.5574 -75.5574 -281.757 -7.32668e-09 1.6661e-09 -4.85219e-09 0.991325
113600 -75.5666 -75.5666 -281.802 -8.14427e-09 1.90783e-09 -4.05232e-09 0.991353
113700 -75.5758 -75.5758 -281.848 -1.14333e-08 1.08401e-09 -6.3509e-09 0.99138
113800 -75.585 -75.585 -281.893 4.08902e-07 1.52909e-07 1.20766e-07 0.991407
113900 -75.5943 -75.5943 -281.938 -3.45946e-09 -2.02867e-09 -2.70667e-09 0.991435
114000 -75.6035 -75.6035 -281.983 -2.06241e-08 -2.03789e-09 -7.91868e-09 0.991462
114100 -75.6127 -75.6127 -282.029 -7.8758e-09 -5.86868e-09 -3.22814e-09 0.99149
114200 -75.6219 -75.6219 -282.074 -1.82477e-08 -2.07442e-09 -7.91449e-09 0.991517
114300 -75.6311 -75.6311 -282.119 -1.45287e-08 -3.62318e-09 -5.29833e-09 0.991545
114400 -75.6403 -75.6403 -282.164 -1.73591e-08 -2.78782e-09 -7.39129e-09 0.991572
114500 -75.6495 -75.6495 -282.209 -1.43789e-08 -3.89048e-09 -4.75068e-09 0.9916
114600 -75.6587 -75.6587 -282.254 -1.75328e-08 -6.1918e-10 -1.19719e-08 0.991627
114700 -75.6679 -75.6679 -282.3 -1.04602e-08 -2.37905e-09 -3.48889e-09 0.991655
114800 -75.677 -75.677 -282.345 -2.15858e-08 -3.40805e-09 -5.19011e-09 0.991682
114900 -75.6862 -75.6862 -282.39 -8.13255e-09 -2.60708e-09 -3.86849e-09 0.99171
115000 -75.6954 -75.6954 -282.435 -4.34688e-09 -2.63461e-09 7.47285e-11 0.991737
115100 -75.7046 -75.7046 -282.48 -1.22815e-08 -3.53955e-09 -3.76692e-09 0.991765
115200 -75.7137 -75.7137 -282.525 -2.054e-08 3.01286e-10 -6.69781e-09 0.991792
115300 -75.7229 -75.7229 -282.57 -7.82034e-09 -8.79536e-10 -5.41023e-09 0.991819
115400 -75.732 -75.732 -282.615 -1.32385e-08 -3.444e-09 -1.85984e-09 0.991847
115500 -75.7412 -75.7412 -282.66 -4.34683e-09 -1.56983e-09 -3.14205e-09 0.991874
115600 -75.7503 -75.7503 -282.705 -1.42329e-08 -2.01443e-09 -4.9474e-09 0.991902
115700 -75.7595 -75.7595 -282.75 -1.34667e-08 1.03768e-09 -1.02167e-08 0.991929
115800 -75.7686 -75.7686 -282.795 -1.06487e-08 -3.82738e-09 5.5505e-10 0.991957
115900 -75.7778 -75.7778 -282.84 -1.37143e-08 -7.81621e-10 -4.03353e-09 0.991984
116000 -75.7869 -75.7869 -282.885 -1.52717e-08 -1.3346e-09 -4.16787e-09 0.992012
116100 -75.796 -75.796 -282.93 -4.98504e-09 -3.28059e-09 -6.38939e-10 0.992039
116200 -75.8051 -75.8051 -282.975 -1.08076e-08 9.45646e-10 -4.43905e-09 0.992066
116300 -75.8143 -75.8143 -283.02 -1.10743e-08 -2.06135e-09 -1.9252e-09 0.992094
116400 -75.8234 -75.8234 -283.065 -9.32716e-09 -2.15913e-09 -4.55188e-09 0.992121
116500 -75.8325 -75.8325 -283.11 -8.80724e-09 -8.27089e-10 1.68393e-10 0.992149
116600 -75.8416 -75.8416 -283.155 -5.79513e-09 -1.48904e-10 -2.46271e-09 0.992176
116700 -75.8507 -75.8507 -283.2 7.17898e-08 3.71756e-08 1.85575e-08 0.992204
116800 -75.8598 -75.8598 -283.245 -7.02493e-09 -4.34651e-09 5.22622e-10 0.992231
116900 -75.8689 -75.8689 -283.29 -1.17572e-08 -7.31437e-10 -7.61697e-09 0.992258
117000 -75.878 -75.878 -283.334 -1.16762e-08 -3.76619e-09 -1.18418e-09 0.992286
117100 -75.8871 -75.8871 -283.379 -8.87252e-09 -4.87338e-10 -2.33819e-09 0.992313
117200 -75.8962 -75.8962 -283.424 1.97148e-07 1.3969e-08 9.12555e-09 0.992341
117300 -75.9053 -75.9053 -283.469 -1.61596e-07 1.84382e-07 -1.13262e-07 0.992368
117400 -75.9143 -75.9143 -283.514 -1.17863e-08 -4.25514e-09 -4.64267e-09 0.992396
117500 -75.9234 -75.9234 -283.558 -1.22826e-08 -2.38978e-09 -6.73897e-09 0.992423
117600 -75.9325 -75.9325 -283.603 -7.13586e-08 5.58157e-08 1.23861e-07 0.99245
117700 -75.9415 -75.9415 -283.648 -7.20518e-09 -8.10965e-09 -3.20149e-09 0.992478
117800 -75.9506 -75.9506 -283.693 -5.93521e-10 -7.43284e-09 -8.85322e-10 0.992505
117900 -75.9597 -75.9597 -283.738 -5.67489e-09 -4.6952e-09 -8.87902e-09 0.992533
118000 -75.9687 -75.9687 -283.782 -5.81029e-09 -7.77542e-09 -7.05588e-10 0.99256
118100 -75.9778 -75.9778 -283.827 -3.03039e-09 -5.53745e-09 -4.26349e-09 0.992587
118200 -75.9868 -75.9868 -283.872 -4.80567e-09 -9.07773e-09 -1.35753e-10 0.992615
118300 -75.9958 -75.9958 -283.916 -7.7662e-09 -5.25719e-09 -5.50867e-09 0.992642
118400 -76.0049 -76.0049 -283.961 -2.83084e-09 -4.8498e-09 -6.12512e-09 0.99267
118500 -76.0139 -76.0139 -284.006 1.12001e-09 -9.10913e-09 2.01796e-09 0.992697
118600 -76.023 -76.023 -284.05 1.8524e-09 -9.54122e-09 1.42032e-09 0.992725
118700 -76.032 -76.032 -284.095 2.5726e-08 1.4903e-07 2.09893e-08 0.992752
118800 -76.041 -76.041 -284.14 -8.91246e-09 -7.27931e-09 -5.51341e-09 0.992779
118900 -76.05 -76.05 -284.184 3.36734e-09 -1.16126e-08 8.96689e-10 0.992807
119000 -76.059 -76.059 -284.229 -1.14504e-08 -4.7123e-09 -6.99982e-09 0.992834
119100 -76.068 -76.068 -284.274 -6.89456e-09 -5.83168e-09 -6.21602e-09 0.992862
119200 -76.0771 -76.0771 -284.318 -8.21706e-09 -6.53716e-09 -5.65494e-09 0.992889
119300 -76.0861 -76.0861 -284.363 -4.86089e-09 -7.16415e-09 -5.13363e-09 0.992916
119400 -76.0951 -76.0951 -284.407 -5.02977e-08 1.20806e-07 3.80821e-08 0.992944
119500 -76.1041 -76.1041 -284.452 5.72055e-10 -1.6935e-08 -2.26593e-10 0.992971
119600 -76.113 -76.113 -284.496 4.41103e-09 1.39722e-07 4.10547e-08 0.992998
119700 -76.122 -76.122 -284.541 2.69769e-07 6.38898e-09 2.4405e-07 0.993026
119800 -76.131 -76.131 -284.586 -1.16337e-08 -1.2585e-08 -1.63779e-08 0.993053
119900 -76.14 -76.14 -284.63 -8.89332e-09 -2.42877e-08 -6.72437e-09 0.993081
120000 -76.149 -76.149 -284.675 -1.35794e-08 -1.21198e-08 -1.06269e-08 0.993108
120100 -76.1579 -76.1579 -284.719 -7.00506e-09 -1.3365e-08 -1.16395e-08 0.993135
120200 -76.1669 -76.1669 -284.763 -1.00826e-07 2.30455e-07 -7.67966e-08 0.993163
120300 -76.1759 -76.1759 -284.808 -1.81635e-09 -1.92528e-08 -7.4087e-09 0.99319
120400 -76.1848 -76.1848 -284.852 -4.22841e-10 -1.92952e-08 -7.14391e-09 0.993218
120500 -76.1938 -76.1938 -284.897 -3.50305e-09 -1.80623e-08 -1.12866e-08 0.993245
120600 -76.2028 -76.2028 -284.941 -4.67758e-09 -1.8125e-08 -8.26631e-09 0.993272
120700 -76.2117 -76.2117 -284.986 -9.95674e-09 -1.41494e-08 -1.37258e-08 0.9933
120800 -76.2206 -76.2206 -285.03 -5.79154e-09 -1.95418e-08 -6.1127e-09 0.993327
120900 -76.2296 -76.2296 -285.074 -2.83745e-10 -1.86973e-08 -2.36236e-09 0.993354
121000 -76.2385 -76.2385 -285.119 -7.77155e-09 -1.84384e-08 -7.67637e-09 0.993382
121100 -76.2475 -76.2475 -285.163 -1.43708e-09 -1.62471e-08 -5.10333e-09 0.993409
121200 -76.2564 -76.2564 -285.208 6.42254e-11 -1.62724e-08 -4.89822e-09 0.993437
121300 -76.2653 -76.2653 -285.252 -4.2321e-09 -1.40394e-08 -6.28025e-09 0.993464
121400 -76.2742 -76.2742 -285.296 -9.98633e-08 1.15134e-07 -1.30085e-07 0.993491
121500 -76.2832 -76.2832 -285.341 -4.64107e-09 -1.50856e-08 -4.26182e-09 0.993519
121600 -76.2921 -76.2921 -285.385 -1.07598e-08 -2.136e-08 4.14715e-10 0.993546
121700 -76.301 -76.301 -285.429 -2.80851e-09 -1.24608e-08 -9.01278e-09 0.993573
121800 -76.3099 -76.3099 -285.474 -1.21176e-08 -1.36299e-08 -8.55801e-09 0.993601
121900 -76.3188 -76.3188 -285.518 -4.56066e-09 -1.68909e-08 -2.57144e-09 0.993628
122000 -76.3277 -76.3277 -285.562 -1.67032e-09 -1.52322e-08 -3.49718e-09 0.993655
122100 -76.3366 -76.3366 -285.606 -5.32206e-09 -1.5878e-08 -2.04254e-09 0.993683
122200 -76.3455 -76.3455 -285.651 -1.18027e-08 -1.21512e-08 -9.14302e-09 0.99371
122300 -76.3544 -76.3544 -285.695 3.8941e-10 -1.20895e-08 -2.64065e-09 0.993737
122400 -76.3633 -76.3633 -285.739 -4.17546e-09 -1.3654e-08 -1.97048e-09 0.993765
122500 -76.3722 -76.3722 -285.783 -7.88951e-09 -1.32126e-08 -3.58722e-09 0.993792
122600 -76.381 -76.381 -285.827 -9.55096e-09 -1.39874e-08 -1.98847e-09 0.993819
122700 -76.3899 -76.3899 -285.872 5.97624e-09 -1.31138e-08 2.32465e-10 0.993847
122800 -76.3988 -76.3988 -285.916 5.14076e-10 -1.08251e-08 -5.1967e-09 0.993874
122900 -76.4076 -76.4076 -285.96 -1.06986e-08 -1.37682e-08 -4.36773e-09 0.993901
123000 -76.4165 -76.4165 -286.004 2.77976e-09 -1.34747e-08 -1.88294e-10 0.993929
123100 -76.4254 -76.4254 -286.048 2.81399e-09 -1.017e-08 -3.82431e-09 0.993956
123200 -76.4342 -76.4342 -286.092 4.46608e-10 -9.78526e-09 -9.87946e-10 0.993984
123300 -76.4431 -76.4431 -286.137 -1.57517e-09 -1.1919e-08 -7.53253e-10 0.994011
123400 -76.4519 -76.4519 -286.181 -2.11724e-09 -1.32635e-08 -1.78121e-09 0.994038
123500 -76.4608 -76.4608 -286.225 -1.12208e-10 -7.81108e-09 -4.09876e-09 0.994066
123600 -76.4696 -76.4696 -286.269 -4.81433e-09 -9.69322e-09 -2.97136e-09 0.994093
123700 -76.4785 -76.4785 -286.313 4.50002e-09 -9.73263e-09 6.69096e-11 0.99412
123800 -76.4873 -76.4873 -286.357 -3.56567e-10 -7.96713e-09 -4.14361e-09 0.994147
123900 -76.4961 -76.4961 -286.401 1.56053e-09 -6.43299e-09 -2.90426e-09 0.994175
124000 -76.5049 -76.5049 -286.445 -2.11395e-09 -1.02518e-08 -1.8298e-09 0.994202
124100 -76.5138 -76.5138 -286.489 5.00458e-09 -8.68101e-09 -8.14078e-10 0.994229
124200 -76.5226 -76.5226 -286.533 5.79101e-09 -9.30679e-09 1.07527e-09 0.994257
124300 -76.5314 -76.5314 -286.577 -1.78782e-09 -1.12416e-08 2.33206e-09 0.994284
124400 -76.5402 -76.5402 -286.621 2.62758e-10 -8.34742e-09 -2.87732e-09 0.994311
124500 -76.549 -76.549 -286.665 1.83175e-10 -7.98123e-09 -6.53785e-10 0.994339
124600 -76.5578 -76.5578 -286.709 -1.34186e-09 -7.68441e-09 -4.93882e-10 0.994366
124700 -76.5666 -76.5666 -286.753 -2.15055e-09 -1.03951e-08 4.12555e-10 0.994393
124800 -76.5754 -76.5754 -286.797 -6.18332e-09 -6.65246e-09 -4.26976e-09 0.994421
124900 -76.5842 -76.5842 -286.841 -2.30517e-09 -6.84582e-09 -1.4832e-09 0.994448
125000 -76.593 -76.593 -286.885 8.46492e-09 -1.30813e-08 7.1855e-09 0.994475
125100 -76.6018 -76.6018 -286.929 -7.66832e-10 -4.63106e-09 -4.39037e-09 0.994503
125200 -76.6106 -76.6106 -286.973 -8.18289e-09 -1.10803e-08 9.03441e-10 0.99453
125300 -76.6194 -76.6194 -287.017 -7.20684e-10 -7.33642e-09 1.80003e-09 0.994557
125400 -76.6281 -76.6281 -287.06 -3.92123e-10 -9.3557e-09 3.24003e-09 0.994585
125500 -76.6369 -76.6369 -287.104 -6.45813e-09 -5.47314e-09 -2.29792e-09 0.994612
125600 -76.6457 -76.6457 -287.148 -1.43198e-09 -6.5374e-09 1.30402e-09 0.994639
125700 -76.6544 -76.6544 -287.192 -1.63896e-09 -7.1796e-09 7.60669e-10 0.994666
125800 -76.6632 -76.6632 -287.236 1.12761e-09 -3.34065e-09 -4.10595e-09 0.994694
125900 -76.672 -76.672 -287.28 1.18752e-09 -4.55154e-09 8.1999e-10 0.994721
126000 -76.6807 -76.6807 -287.324 3.48391e-10 -4.27119e-09 1.06491e-09 0.994748
126100 -76.6895 -76.6895 -287.367 -4.15565e-09 -4.36762e-09 -3.70248e-09 0.994776
126200 -76.6982 -76.6982 -287.411 1.36163e-09 -1.14809e-09 -5.2291e-09 0.994803
126300 -76.707 -76.707 -287.455 -5.58635e-10 -3.91971e-09 -5.23429e-09 0.99483
126400 -76.7157 -76.7157 -287.499 -1.8731e-09 -6.09398e-09 8.23714e-10 0.994858
126500 -76.7244 -76.7244 -287.542 -1.40392e-09 -6.30437e-09 4.02924e-09 0.994885
126600 -76.7332 -76.7332 -287.586 -5.1572e-11 -2.8368e-09 -3.26484e-09 0.994912
126700 -76.7419 -76.7419 -287.63 2.35416e-09 -5.47913e-09 6.49053e-10 0.994939
126800 -76.7506 -76.7506 -287.674 9.79463e-09 -5.54416e-09 3.08174e-09 0.994967
126900 -76.7593 -76.7593 -287.717 2.93531e-09 -8.10625e-09 4.53592e-09 0.994994
127000 -76.7681 -76.7681 -287.761 4.96147e-09 -2.67426e-09 -1.06334e-09 0.995021
127100 -76.7768 -76.7768 -287.805 -9.20745e-09 -5.05086e-09 2.05151e-09 0.995049
127200 -76.7855 -76.7855 -287.849 9.37241e-10 -2.87436e-09 -1.18326e-09 0.995076
127300 -76.7942 -76.7942 -287.892 -3.45188e-10 -3.15636e-09 4.06129e-10 0.995103
127400 -76.8029 -76.8029 -287.936 -1.17906e-09 -2.7848e-09 1.04187e-09 0.99513
127500 -76.8116 -76.8116 -287.98 1.71345e-09 -3.98358e-09 1.34534e-09 0.995158
127600 -76.8203 -76.8203 -288.023 5.12683e-10 -3.55044e-09 -1.70723e-09 0.995185
127700 -76.829 -76.829 -288.067 1.33394e-09 -1.19951e-09 5.49563e-10 0.995212
127800 -76.8377 -76.8377 -288.11 -3.09619e-09 -1.60164e-09 -1.69762e-09 0.995239
127900 -76.8464 -76.8464 -288.154 -1.35816e-09 -1.36789e-09 -3.49861e-09 0.995267
128000 -76.855 -76.855 -288.198 2.1995e-09 -4.4168e-09 1.97293e-09 0.995294
128100 -76.8637 -76.8637 -288.241 -3.81953e-09 -4.22161e-09 2.76482e-09 0.995321
128200 -76.8724 -76.8724 -288.285 -1.05004e-09 -2.38064e-09 1.1341e-09 0.995349
128300 -76.8811 -76.8811 -288.328 5.88985e-10 -1.77043e-09 -1.64759e-09 0.995376
128400 -76.8897 -76.8897 -288.372 5.42406e-11 -5.51742e-10 -2.80202e-09 0.995403
128500 -76.8984 -76.8984 -288.415 -6.06684e-09 6.74309e-10 -3.31397e-09 0.99543
128600 -76.9071 -76.9071 -288.459 -6.01462e-09 -8.38775e-10 -2.17218e-09 0.995458
128700 -76.9157 -76.9157 -288.503 -1.70488e-10 8.13108e-10 -2.40208e-09 0.995485
128800 -76.9244 -76.9244 -288.546 -1.30613e-09 -3.9261e-09 2.08165e-10 0.995512
128900 -76.933 -76.933 -288.59 -2.49233e-10 -2.25341e-09 -1.87466e-10 0.995539
129000 -76.9417 -76.9417 -288.633 1.34558e-10 -2.16843e-09 1.17463e-09 0.995567
129100 -76.9503 -76.9503 -288.677 3.25496e-09 -3.23263e-10 -1.5073e-09 0.995594
129200 -76.9589 -76.9589 -288.72 8.41167e-10 -3.37901e-09 1.76136e-09 0.995621
129300 -76.9676 -76.9676 -288.763 5.8954e-10 -4.29698e-10 -1.13176e-09 0.995648
129400 -76.9762 -76.9762 -288.807 1.39918e-09 -3.04146e-09 2.62353e-09 0.995676
129500 -76.9848 -76.9848 -288.85 -5.26325e-10 -4.33388e-09 2.68438e-09 0.995703
129600 -76.9935 -76.9935 -288.894 2.22222e-09 4.29885e-10 -2.78721e-09 0.99573
129700 -77.0021 -77.0021 -288.937 6.02491e-09 -1.37139e-09 -7.74001e-10 0.995757
129800 -77.0107 -77.0107 -288.981 -3.42342e-09 -5.79955e-10 -2.46045e-09 0.995785
129900 -77.0193 -77.0193 -289.024 2.26005e-09 -3.12366e-09 3.99325e-09 0.995812
130000 -77.0279 -77.0279 -289.067 -5.52639e-09 -1.09274e-09 -1.66707e-09 0.995839
130100 -77.0365 -77.0365 -289.111 8.28819e-10 -4.12667e-09 9.50588e-10 0.995866
130200 -77.0452 -77.0452 -289.154 -3.23457e-09 -3.22513e-09 9.79815e-10 0.995894
130300 -77.0538 -77.0538 -289.197 -1.99011e-09 -2.98257e-09 1.13752e-09 0.995921
130400 -77.0624 -77.0624 -289.241 -6.94661e-09 -6.76818e-09 2.46262e-09 0.995948
130500 -77.0709 -77.0709 -289.284 -1.85205e-09 -2.76062e-09 1.08383e-09 0.995975
130600 -77.0795 -77.0795 -289.328 -3.01679e-09 -2.86646e-09 8.95012e-10 0.996003
130700 -77.0881 -77.0881 -289.371 -1.77712e-09 -2.63287e-09 1.05448e-09 0.99603
130800 -77.0967 -77.0967 -289.414 -2.94328e-09 -2.7418e-09 8.65748e-10 0.996057
130900 -77.1053 -77.1053 -289.457 -1.70483e-09 -2.51129e-09 1.02534e-09 0.996084
131000 -77.1139 -77.1139 -289.501 -2.87175e-09 -2.62296e-09 8.37081e-10 0.996111
131100 -77.1224 -77.1224 -289.544 -1.63431e-09 -2.39478e-09 9.97165e-10 0.996139
131200 -77.131 -77.131 -289.587 -2.8028e-09 -2.5093e-09 8.09326e-10 0.996166
131300 -77.1396 -77.1396 -289.63 -1.56641e-09 -2.28396e-09 9.69443e-10 0.996193
131400 -77.1481 -77.1481 -289.674 -2.73571e-09 -2.4008e-09 7.81588e-10 0.99622
131500 -77.1567 -77.1567 -289.717 -1.50057e-09 -2.17842e-09 9.42143e-10 0.996248
131600 -77.1653 -77.1653 -289.76 -2.67076e-09 -2.29789e-09 7.55468e-10 0.996275
131700 -77.1738 -77.1738 -289.803 -4.47099e-11 -6.07133e-10 1.89513e-09 0.996302
131800 -77.1824 -77.1824 -289.847 -2.62963e-09 -2.23823e-09 6.99657e-10 0.996329
131900 -77.1909 -77.1909 -289.89 -1.39681e-09 -2.01964e-09 8.60967e-10 0.996356
132000 -77.1995 -77.1995 -289.933 -2.56788e-09 -2.14217e-09 6.75724e-10 0.996384
132100 -77.208 -77.208 -289.976 -1.3361e-09 -1.92583e-09 8.37658e-10 0.996411
132200 -77.2165 -77.2165 -290.019 -2.50847e-09 -2.0505e-09 6.52549e-10 0.996438
132300 -77.2251 -77.2251 -290.062 -1.2777e-09 -1.83654e-09 8.14247e-10 0.996465
132400 -77.2336 -77.2336 -290.106 -2.45062e-09 -1.96372e-09 6.29683e-10 0.996492
132500 -77.2421 -77.2421 -290.149 -1.22077e-09 -1.75126e-09 7.91534e-10 0.99652
132600 -77.2506 -77.2506 -290.192 5.30755e-09 1.29731e-09 1.279e-09 0.996547
132700 -77.2592 -77.2592 -290.235 -1.28533e-09 -1.74876e-09 7.42349e-10 0.996574
132800 -77.2677 -77.2677 -290.278 -2.46004e-09 -1.87818e-09 5.5786e-10 0.996601
132900 -77.2762 -77.2762 -290.321 -1.22838e-09 -1.66732e-09 7.21907e-10 0.996628
133000 -77.2847 -77.2847 -290.364 -3.13729e-09 -2.78435e-09 2.3855e-09 0.996656
133100 -77.2932 -77.2932 -290.407 -1.16169e-09 -1.57262e-09 6.61828e-10 0.996683
133200 -77.3017 -77.3017 -290.45 -2.338e-09 -1.70587e-09 4.79132e-10 0.99671
133300 -77.3102 -77.3102 -290.493 -1.10844e-09 -1.49915e-09 6.44961e-10 0.996737
133400 -77.3187 -77.3187 -290.536 -2.28572e-09 -1.63378e-09 4.62024e-10 0.996764
133500 -77.3272 -77.3272 -290.579 -1.05685e-09 -1.42871e-09 6.2767e-10 0.996792
133600 -77.3357 -77.3357 -290.622 -2.2349e-09 -1.56536e-09 4.45735e-10 0.996819
133700 -77.3442 -77.3442 -290.665 -1.00705e-09 -1.36215e-09 6.11558e-10 0.996846
133800 -77.3526 -77.3526 -290.708 -2.18566e-09 -1.49998e-09 4.29745e-10 0.996873
133900 -77.3611 -77.3611 -290.751 -3.62056e-09 -7.51515e-09 4.30773e-09 0.9969
134000 -77.3696 -77.3696 -290.794 -2.09683e-09 -1.30208e-09 3.46334e-10 0.996928
134100 -77.3781 -77.3781 -290.837 -8.70673e-10 -1.10271e-09 5.13089e-10 0.996955
134200 -77.3865 -77.3865 -290.88 -2.05211e-09 -1.24892e-09 3.33284e-10 0.996982
134300 -77.395 -77.395 -290.923 -8.26713e-10 -1.05072e-09 5.00026e-10 0.997009
134400 -77.4035 -77.4035 -290.966 -2.00868e-09 -1.19809e-09 3.20569e-10 0.997036
134500 -77.4119 -77.4119 -291.009 -7.83865e-10 -1.00114e-09 4.8687e-10 0.997064
134600 -77.4204 -77.4204 -291.052 -1.96649e-09 -1.14911e-09 3.07359e-10 0.997091
134700 -77.4288 -77.4288 -291.095 -7.42703e-10 -9.53712e-10 4.75285e-10 0.997118
134800 -77.4373 -77.4373 -291.138 -1.92569e-09 -1.10278e-09 2.95223e-10 0.997145
134900 -77.4457 -77.4457 -291.181 -7.02233e-10 -9.08574e-10 4.62265e-10 0.997172
135000 -77.4542 -77.4542 -291.224 -1.88636e-09 -1.05881e-09 2.8377e-10 0.997199
135100 -77.4626 -77.4626 -291.266 -6.63551e-10 -8.65251e-10 4.50297e-10 0.997227
135200 -77.471 -77.471 -291.309 -1.84789e-09 -1.01655e-09 2.71271e-10 0.997254
135300 -77.4795 -77.4795 -291.352 -6.26093e-10 -8.23946e-10 4.38973e-10 0.997281
135400 -77.4879 -77.4879 -291.395 -1.81078e-09 -9.76194e-10 2.59785e-10 0.997308
135500 -77.4963 -77.4963 -291.438 -5.89506e-10 -7.84841e-10 4.2738e-10 0.997335
135600 -77.5048 -77.5048 -291.481 2.11349e-09 -3.91566e-09 4.64429e-09 0.997362
135700 -77.5132 -77.5132 -291.523 -6.14294e-10 -6.9157e-10 3.22193e-10 0.99739
135800 -77.5216 -77.5216 -291.566 -1.79991e-09 -8.45919e-10 1.44005e-10 0.997417
135900 -77.53 -77.53 -291.609 -5.78157e-10 -6.57677e-10 3.15486e-10 0.997444
136000 -77.5384 -77.5384 -291.652 -1.76455e-09 -8.12949e-10 1.38091e-10 0.997471
136100 -77.5468 -77.5468 -291.694 -5.43323e-10 -6.25737e-10 3.08326e-10 0.997498
136200 -77.5552 -77.5552 -291.737 -1.73001e-09 -7.81616e-10 1.31341e-10 0.997525
136300 -77.5636 -77.5636 -291.78 -5.0926e-10 -5.9493e-10 3.02416e-10 0.997553
136400 -77.572 -77.572 -291.823 -5.71178e-09 -3.96246e-09 1.00689e-09 0.99758
136500 -77.5804 -77.5804 -291.865 -4.14489e-10 -4.91877e-10 2.86973e-10 0.997607
136600 -77.5888 -77.5888 -291.908 -3.38289e-09 -3.31999e-09 -1.48669e-09 0.997634
136700 -77.5972 -77.5972 -291.951 -3.56867e-10 -3.97869e-10 3.28202e-10 0.997661
136800 -77.6056 -77.6056 -291.994 -1.54499e-09 -5.57824e-10 1.49686e-10 0.997688
136900 -77.6139 -77.6139 -292.036 -3.28931e-10 -3.78517e-10 3.19043e-10 0.997715
137000 -77.6223 -77.6223 -292.079 -6.45079e-09 -1.60447e-09 1.23487e-10 0.997743
137100 -77.6307 -77.6307 -292.122 2.90742e-10 2.72698e-10 1.4966e-09 0.99777
137200 -77.6391 -77.6391 -292.164 -3.58163e-09 -9.32703e-12 1.199e-09 0.997797
137300 -77.6474 -77.6474 -292.207 2.35009e-08 9.84479e-08 -3.32315e-08 0.997824
137400 -77.6558 -77.6558 -292.25 2.22371e-09 6.58467e-10 -2.5992e-09 0.997851
137500 -77.6641 -77.6641 -292.292 -2.72666e-09 -1.8935e-09 2.0602e-09 0.997878
137600 -77.6725 -77.6725 -292.335 -5.85892e-09 -1.37586e-09 -2.55133e-09 0.997905
137700 -77.6809 -77.6809 -292.377 -4.82384e-09 -9.05461e-10 -1.30249e-10 0.997933
137800 -77.6892 -77.6892 -292.42 -2.01019e-09 -3.22566e-09 1.10798e-09 0.99796
137900 -77.6976 -77.6976 -292.463 9.40508e-10 -2.04452e-09 1.0016e-09 0.997987
138000 -77.7059 -77.7059 -292.505 -6.44457e-09 -4.22383e-09 2.18271e-09 0.998014
138100 -77.7142 -77.7142 -292.548 1.28399e-09 -3.4714e-09 2.12408e-09 0.998041
138200 -77.7226 -77.7226 -292.59 -5.57865e-09 -1.93635e-09 1.01207e-09 0.998068
138300 -77.7309 -77.7309 -292.633 2.25453e-09 -3.47328e-09 2.83328e-09 0.998095
138400 -77.7392 -77.7392 -292.675 -8.08575e-09 -4.56692e-09 5.9162e-10 0.998123
138500 -77.7476 -77.7476 -292.718 2.72407e-13 -1.29236e-09 -7.34021e-10 0.99815
138600 -77.7559 -77.7559 -292.76 3.06161e-10 2.93072e-10 -1.22596e-09 0.998177
138700 -77.7642 -77.7642 -292.803 6.3186e-10 -1.66487e-09 1.4943e-09 0.998204
138800 -77.7725 -77.7725 -292.845 -8.92498e-09 1.137e-09 -6.63965e-09 0.998231
138900 -77.7808 -77.7808 -292.888 4.35876e-10 -3.29016e-09 1.59712e-09 0.998258
139000 -77.7892 -77.7892 -292.93 5.45449e-08 1.05153e-07 7.5881e-08 0.998285
139100 -77.7975 -77.7975 -292.973 -1.12382e-09 -5.30992e-09 -6.97531e-10 0.998312
139200 -77.8058 -77.8058 -293.015 -1.01902e-09 -4.06894e-09 -1.17163e-09 0.99834
139300 -77.8141 -77.8141 -293.058 -3.7941e-09 -3.88694e-09 -4.35319e-09 0.998367
139400 -77.8224 -77.8224 -293.1 -2.25295e-10 -3.82607e-09 -2.45202e-09 0.998394
139500 -77.8307 -77.8307 -293.143 -4.57584e-09 -4.96483e-09 -1.60085e-09 0.998421
139600 -77.839 -77.839 -293.185 -4.90845e-09 -2.11684e-09 -6.42382e-09 0.998448
139700 -77.8472 -77.8472 -293.227 1.45388e-09 -2.98259e-09 -3.36322e-09 0.998475
139800 -77.8555 -77.8555 -293.27 -3.68842e-09 -6.40094e-09 -9.76559e-10 0.998502
139900 -77.8638 -77.8638 -293.312 1.56617e-09 -5.87467e-09 -6.90215e-10 0.998529
140000 -77.8721 -77.8721 -293.355 -2.38326e-09 -2.80742e-09 -2.67085e-09 0.998556
140100 -77.8804 -77.8804 -293.397 1.07549e-09 -2.80797e-09 -3.33533e-09 0.998584
140200 -77.8886 -77.8886 -293.439 -3.53667e-09 -2.02531e-09 -5.119e-09 0.998611
140300 -77.8969 -77.8969 -293.482 1.62899e-09 -2.48515e-09 -3.55632e-09 0.998638
140400 -77.9052 -77.9052 -293.524 1.20983e-09 -3.82178e-09 -1.59296e-09 0.998665
140500 -77.9134 -77.9134 -293.566 -3.45765e-09 -2.31871e-09 -4.08249e-09 0.998692
140600 -77.9217 -77.9217 -293.609 3.5802e-09 -2.61388e-09 7.55191e-10 0.998719
140700 -77.93 -77.93 -293.651 -8.38517e-11 -5.98822e-09 2.9523e-09 0.998746
140800 -77.9382 -77.9382 -293.693 -1.35126e-09 -6.91856e-09 3.86561e-09 0.998773
140900 -77.9465 -77.9465 -293.736 2.58171e-09 -2.66442e-09 -3.70134e-10 0.9988
141000 -77.9547 -77.9547 -293.778 3.49998e-09 -3.30452e-09 2.56287e-09 0.998827
141100 -77.9629 -77.9629 -293.82 -1.0999e-09 -1.65134e-09 -1.5413e-09 0.998855
141200 -77.9712 -77.9712 -293.862 -1.0893e-09 -2.69973e-09 -4.12861e-09 0.998882
141300 -77.9794 -77.9794 -293.905 -4.3261e-11 -2.39589e-09 -1.86047e-09 0.998909
141400 -77.9877 -77.9877 -293.947 -5.50355e-09 -2.0388e-09 -4.25303e-09 0.998936
141500 -77.9959 -77.9959 -293.989 -1.81687e-09 -9.10517e-10 -2.39706e-09 0.998963
141600 -78.0041 -78.0041 -294.031 -4.90094e-09 -1.17646e-09 -5.47096e-09 0.99899
141700 -78.0123 -78.0123 -294.074 -4.14012e-09 -3.6063e-09 -6.32155e-10 0.999017
141800 -78.0206 -78.0206 -294.116 -1.52602e-09 -1.72401e-09 -4.24102e-09 0.999044
141900 -78.0288 -78.0288 -294.158 7.03556e-09 -5.60003e-09 3.95185e-09 0.999071
142000 -78.037 -78.037 -294.2 -7.42204e-09 -2.18825e-09 -5.46857e-09 0.999098
142100 -78.0452 -78.0452 -294.242 -2.43528e-08 6.68475e-08 -9.57288e-08 0.999125
142200 -78.0534 -78.0534 -294.285 -6.87628e-09 -1.9028e-09 -3.6989e-09 0.999152
142300 -78.0616 -78.0616 -294.327 -3.17583e-09 -6.21236e-09 4.27393e-09 0.99918
142400 -78.0698 -78.0698 -294.369 3.01286e-09 -4.55669e-09 2.32044e-09 0.999207
142500 -78.078 -78.078 -294.411 4.79574e-10 -3.46665e-09 -5.0024e-10 0.999234
142600 -78.0862 -78.0862 -294.453 1.11015e-09 -5.02247e-09 3.4173e-09 0.999261
142700 -78.0944 -78.0944 -294.495 -3.6274e-09 -4.07614e-09 1.82311e-09 0.999288
142800 -78.1026 -78.1026 -294.537 -2.82606e-09 -2.58773e-09 -1.69094e-09 0.999315
142900 -78.1108 -78.1108 -294.58 1.48776e-09 -2.60328e-09 3.69414e-09 0.999342
143000 -78.119 -78.119 -294.622 -2.89764e-09 -2.28351e-09 2.59271e-09 0.999369
143100 -78.1272 -78.1272 -294.664 7.17261e-09 -2.49557e-10 1.09588e-09 0.999396
143200 -78.1354 -78.1354 -294.706 -6.45841e-09 -2.38461e-09 -8.25177e-10 0.999423
143300 -78.1435 -78.1435 -294.748 1.63553e-09 -3.40484e-09 8.7424e-10 0.99945
143400 -78.1517 -78.1517 -294.79 -4.08651e-09 -2.45808e-09 2.48247e-09 0.999477
143500 -78.1599 -78.1599 -294.832 4.04654e-09 -4.34443e-09 2.90196e-09 0.999504
143600 -78.168 -78.168 -294.874 -6.6187e-10 -6.07505e-10 -2.00288e-09 0.999531
143700 -78.1762 -78.1762 -294.916 1.98879e-07 -7.2686e-08 1.61943e-07 0.999559
143800 -78.1844 -78.1844 -294.958 5.81296e-10 -1.66577e-09 -1.44229e-09 0.999586
143900 -78.1925 -78.1925 -295 -7.14151e-09 -3.38331e-10 -1.71689e-09 0.999613
144000 -78.2007 -78.2007 -295.042 -3.15276e-09 -1.51938e-09 -1.06406e-09 0.99964
144100 -78.2088 -78.2088 -295.084 -6.54387e-09 -1.35328e-09 -3.9592e-09 0.999667
144200 -78.217 -78.217 -295.126 5.77467e-10 -7.54239e-10 -4.20692e-09 0.999694
144300 -78.2251 -78.2251 -295.168 -1.54621e-09 -1.57095e-09 -3.79093e-10 0.999721
144400 -78.2333 -78.2333 -295.21 -6.35528e-09 -7.34079e-11 -6.04617e-09 0.999748
144500 -78.2414 -78.2414 -295.252 -7.52144e-09 -1.96625e-09 -4.17381e-09 0.999775
144600 -78.2495 -78.2495 -295.294 -4.26128e-09 -2.65665e-09 -1.9188e-09 0.999802
144700 -78.2577 -78.2577 -295.336 5.22253e-10 -3.50427e-09 3.20984e-10 0.999829
144800 -78.2658 -78.2658 -295.378 -1.10981e-09 -3.11047e-09 2.88456e-10 0.999856
144900 -78.2739 -78.2739 -295.42 -6.561e-09 -1.0922e-09 -2.26224e-09 0.999883
145000 -78.282 -78.282 -295.462 -1.47324e-09 -3.66396e-09 1.6026e-09 0.99991
145100 -78.2902 -78.2902 -295.504 1.16323e-09 -2.31514e-09 -1.6112e-09 0.999937
145200 -78.2983 -78.2983 -295.545 -1.83396e-09 -2.15658e-09 3.83592e-10 0.999964
145300 -78.3064 -78.3064 -295.587 -6.90072e-09 -1.52668e-09 -2.63983e-09 0.999991
145400 -78.3158 -78.3158 -295.627 -2.89995e-09 7.11149e-10 -2.66666e-09 1
145500 -78.3259 -78.3259 -295.664 1.55171e-09 -4.00534e-09 -2.53048e-11 1
145600 -78.3359 -78.3359 -295.702 -2.64309e-09 -8.61133e-10 -4.64465e-10 1
145700 -78.3459 -78.3459 -295.74 -3.5655e-09 -1.9017e-09 9.27761e-10 1
145800 -78.356 -78.356 -295.778 -1.90519e-09 -1.76016e-09 -1.07517e-09 1
145900 -78.366 -78.366 -295.816 -2.17293e-09 -1.76621e-09 -2.19345e-10 1
146000 -78.376 -78.376 -295.853 -2.34893e-10 -1.71064e-09 -1.83055e-09 1
146100 -78.386 -78.386 -295.891 -2.46122e-09 5.48195e-10 -1.57624e-09 1
146200 -78.396 -78.396 -295.929 -8.21005e-11 -2.51909e-09 8.15534e-10 1
146300 -78.406 -78.406 -295.967 -6.09935e-09 -4.50976e-10 -2.55888e-09 1
146400 -78.416 -78.416 -296.004 -2.25035e-09 -1.3586e-09 -7.54549e-10 1
146500 -78.426 -78.426 -296.042 -1.6e-09 -2.43621e-10 -1.8581e-09 1
146600 -78.4359 -78.4359 -296.079 -3.27402e-09 3.89711e-10 -2.37733e-09 1
146700 -78.4459 -78.4459 -296.117 4.15974e-11 -2.73168e-09 1.2743e-09 1
146800 -78.4559 -78.4559 -296.154 -3.31775e-10 9.34082e-10 -1.55311e-09 1
146900 -78.4658 -78.4658 -296.192 1.17245e-09 -8.75021e-10 -1.46866e-09 1
147000 -78.4758 -78.4758 -296.23 -2.19056e-09 -2.21306e-09 6.97351e-10 1
147100 -78.4857 -78.4857 -296.267 -2.20485e-09 1.20325e-09 -4.17191e-09 1
147200 -78.4956 -78.4956 -296.304 -3.02472e-09 7.41706e-10 -3.81908e-09 1
147300 -78.5056 -78.5056 -296.342 1.28802e-09 -1.23013e-09 1.22465e-09 1
147400 -78.5155 -78.5155 -296.379 -1.83462e-09 -5.59323e-10 -1.89845e-09 1
147500 -78.5254 -78.5254 -296.417 -9.29313e-10 -2.50928e-09 -9.35036e-11 1
147600 -78.5353 -78.5353 -296.454 -5.60823e-09 -7.77285e-10 -3.6779e-09 1
147700 -78.5452 -78.5452 -296.491 3.97501e-10 -1.79135e-09 1.89855e-09 1
147800 -78.5551 -78.5551 -296.529 3.22589e-07 -3.04316e-08 1.04732e-07 1
147900 -78.565 -78.565 -296.566 -4.94321e-09 -2.38426e-10 -3.87283e-09 1
148000 -78.5749 -78.5749 -296.603 -7.28065e-09 -2.32574e-09 -1.73182e-09 1
148100 -78.5848 -78.5848 -296.64 4.94604e-08 -1.00532e-07 6.2389e-08 1
148200 -78.5946 -78.5946 -296.678 -1.25116e-08 4.17267e-10 -1.87335e-09 1
148300 -78.6045 -78.6045 -296.715 -4.37338e-09 1.05719e-09 -4.05025e-09 1
148400 -78.6143 -78.6143 -296.752 -9.45643e-09 1.77612e-09 -3.71563e-09 1
148500 -78.6242 -78.6242 -296.789 -9.99377e-09 1.63429e-09 -7.0464e-09 1
148600 -78.634 -78.634 -296.826 7.98037e-08 -5.13494e-08 1.39654e-07 1
148700 -78.6439 -78.6439 -296.863 -6.59944e-09 3.7741e-09 -8.27149e-09 1
148800 -78.6537 -78.6537 -296.9 -6.67243e-09 4.48932e-09 -6.74677e-09 1
148900 -78.6635 -78.6635 -296.937 -6.22025e-09 2.84083e-09 -4.90333e-09 1
149000 -78.6733 -78.6733 -296.974 -7.03711e-09 2.04426e-09 -4.79944e-09 1
149100 -78.6832 -78.6832 -297.011 -2.86789e-09 1.09612e-09 -5.34642e-09 1
149200 -78.693 -78.693 -297.048 -1.2438e-08 1.74348e-09 -4.65491e-09 1
149300 -78.7028 -78.7028 -297.085 -8.44673e-09 -2.50456e-09 -2.00157e-09 1
149400 -78.7126 -78.7126 -297.122 -8.24455e-09 4.92133e-10 -5.10263e-09 1
149500 -78.7223 -78.7223 -297.159 -3.54414e-09 1.27244e-09 -3.4107e-09 1
149600 -78.7321 -78.7321 -297.196 -5.71985e-09 2.05002e-09 -4.6508e-09 1
149700 -78.7419 -78.7419 -297.233 -3.07505e-09 3.32903e-09 -8.12957e-09 1
149800 -78.7517 -78.7517 -297.27 -6.77078e-09 2.48342e-09 -8.3292e-09 1
149900 -78.7614 -78.7614 -297.306 -1.65543e-09 1.93901e-09 -4.2674e-09 1
150000 -78.7712 -78.7712 -297.343 -1.04736e-09 7.47826e-10 -3.4669e-09 1
150100 -78.7809 -78.7809 -297.38 2.05608e-09 1.30933e-09 -3.79564e-09 1
150200 -78.7907 -78.7907 -297.417 2.39552e-09 -1.12407e-09 -1.85603e-09 1
150300 -78.8004 -78.8004 -297.453 -1.53331e-09 5.12204e-10 -3.94698e-09 1
150400 -78.8101 -78.8101 -297.49 -4.51006e-09 1.57433e-09 -5.00158e-09 1
150500 -78.8199 -78.8199 -297.527 -4.27728e-09 4.13761e-10 -2.50643e-09 1
150600 -78.8296 -78.8296 -297.563 -4.59239e-09 2.316e-09 -5.74812e-09 1
150700 -78.8393 -78.8393 -297.6 4.57693e-08 -1.60326e-08 -1.08405e-08 1
150800 -78.849 -78.849 -297.637 -5.87483e-09 -1.2196e-10 -3.37844e-09 1
150900 -78.8587 -78.8587 -297.673 -3.51424e-09 3.10285e-09 -3.07752e-09 1
151000 -78.8684 -78.8684 -297.71 -1.88797e-09 7.57964e-10 -1.13522e-09 1
151100 -78.8781 -78.8781 -297.746 1.13123e-10 1.12449e-09 -3.5525e-09 1
151200 -78.8878 -78.8878 -297.783 2.39444e-07 -1.55477e-07 1.70238e-07 1
151300 -78.8974 -78.8974 -297.819 -6.82059e-09 3.73097e-09 -7.86916e-09 1
151400 -78.9071 -78.9071 -297.856 -9.84792e-09 2.21009e-09 -6.61412e-09 1
151500 -78.9168 -78.9168 -297.892 -1.44316e-08 7.69189e-09 -7.85335e-09 1
151600 -78.9264 -78.9264 -297.928 -5.33344e-09 5.82784e-09 -5.1712e-09 1
151700 -78.9361 -78.9361 -297.965 -6.88569e-09 4.59174e-09 -4.78052e-09 1
151800 -78.9457 -78.9457 -298.001 1.81751e-07 -1.63936e-07 2.00609e-07 1
151900 -78.9554 -78.9554 -298.037 -7.97101e-09 6.73139e-09 -8.86625e-09 1
152000 -78.965 -78.965 -298.074 -9.12251e-09 9.19365e-09 -8.11582e-09 1
152100 -78.9746 -78.9746 -298.11 -1.03249e-08 5.89858e-09 -6.92942e-09 1
152200 -78.9842 -78.9842 -298.146 -7.82095e-09 5.72752e-09 -8.81706e-09 1
152300 -78.9938 -78.9938 -298.183 -9.48661e-09 8.06116e-09 -9.15581e-09 1
152400 -79.0034 -79.0034 -298.219 -7.54695e-09 4.84047e-09 -7.09165e-09 1
152500 -79.013 -79.013 -298.255 -8.31209e-09 5.04931e-09 -8.69706e-09 1
152600 -79.0226 -79.0226 -298.291 -1.19875e-08 5.21176e-09 -6.00891e-09 1
152700 -79.0322 -79.0322 -298.327 -7.49716e-09 6.03217e-09 -8.16916e-09 1
152800 -79.0418 -79.0418 -298.363 -4.01448e-09 3.87832e-09 -6.72805e-09 1
152900 -79.0514 -79.0514 -298.4 -1.03368e-08 6.06945e-09 -1.01457e-08 1
153000 -79.061 -79.061 -298.436 -1.04831e-08 6.76697e-09 -1.03745e-08 1
153100 -79.0705 -79.0705 -298.472 -5.15166e-09 5.80554e-09 -6.74806e-09 1
153200 -79.0801 -79.0801 -298.508 -8.39651e-09 4.4043e-09 -7.85229e-09 1
153300 -79.0896 -79.0896 -298.544 -5.74092e-09 3.73288e-09 -5.41044e-09 1
153400 -79.0992 -79.0992 -298.58 -5.14652e-09 3.13131e-09 -3.13468e-09 1
153500 -79.1087 -79.1087 -298.616 -9.85153e-09 6.4365e-09 -8.31001e-09 1
153600 -79.1183 -79.1183 -298.652 -7.65974e-09 4.50309e-09 -6.89528e-09 1
153700 -79.1278 -79.1278 -298.688 -1.12096e-08 6.12746e-09 -7.87013e-09 1
153800 -79.1373 -79.1373 -298.724 -4.69017e-09 5.22887e-09 -4.92441e-09 1
153900 -79.1468 -79.1468 -298.759 -9.0114e-09 3.30894e-09 -4.88431e-09 1
154000 -79.1563 -79.1563 -298.795 -8.59708e-09 4.17809e-09 -6.07756e-09 1
154100 -79.1659 -79.1659 -298.831 -4.03277e-09 4.87742e-09 -4.79597e-09 1
154200 -79.1754 -79.1754 -298.867 -8.42864e-09 4.76344e-09 -6.86402e-09 1
154300 -79.1848 -79.1848 -298.903 -1.13584e-08 6.26839e-09 -9.84686e-09 1
154400 -79.1943 -79.1943 -298.938 -6.44896e-09 8.88413e-09 -7.03282e-09 1
154500 -79.2038 -79.2038 -298.974 -9.405e-09 5.41181e-09 -5.77836e-09 1
154600 -79.2133 -79.2133 -299.01 -7.74728e-09 6.43482e-09 -1.00428e-08 1
154700 -79.2228 -79.2228 -299.046 -5.09063e-09 4.2011e-09 -4.34815e-09 1
154800 -79.2322 -79.2322 -299.081 -6.67603e-09 2.03586e-09 -6.98876e-10 1
154900 -79.2417 -79.2417 -299.117 -5.51802e-09 5.46059e-09 -5.41704e-09 1
155000 -79.2511 -79.2511 -299.153 -6.56743e-09 3.93292e-09 -5.28398e-09 1
155100 -79.2606 -79.2606 -299.188 -9.23398e-09 3.9129e-09 -5.1507e-09 1
155200 -79.27 -79.27 -299.224 -9.12419e-09 3.24941e-09 -6.31299e-09 1
155300 -79.2795 -79.2795 -299.259 -7.34572e-09 3.50296e-09 -3.85972e-09 1
155400 -79.2889 -79.2889 -299.295 -6.17741e-09 2.58761e-09 -5.45094e-09 1
155500 -79.2983 -79.2983 -299.33 -8.7651e-09 4.00647e-09 -5.25863e-09 1
155600 -79.3077 -79.3077 -299.366 -9.33815e-09 3.10375e-09 -5.74944e-09 1
155700 -79.3171 -79.3171 -299.401 -7.04398e-09 3.80519e-09 -4.54789e-09 1
155800 -79.3266 -79.3266 -299.437 2.4763e-07 -1.47916e-07 2.67635e-07 1
155900 -79.336 -79.336 -299.472 -7.77264e-09 4.9423e-09 -9.03561e-09 1
156000 -79.3453 -79.3453 -299.508 -1.10857e-08 6.05873e-09 -1.17164e-08 1
156100 -79.3547 -79.3547 -299.543 -1.39679e-08 6.17282e-09 -9.61349e-09 1
156200 -79.3641 -79.3641 -299.579 -1.21401e-08 4.91174e-09 -8.00645e-09 1
156300 -79.3735 -79.3735 -299.614 -6.13072e-09 6.00444e-09 -8.59135e-09 1
156400 -79.3829 -79.3829 -299.649 -1.22913e-08 6.68735e-09 -1.12018e-08 1
156500 -79.3922 -79.3922 -299.685 -6.0385e-09 8.51902e-09 -1.02862e-08 1
156600 -79.4016 -79.4016 -299.72 -8.78581e-09 4.06056e-09 -7.68914e-09 1
156700 -79.411 -79.411 -299.755 -1.00205e-08 6.20586e-09 -8.86277e-09 1
156800 -79.4203 -79.4203 -299.79 -8.93576e-09 5.92767e-09 -7.54591e-09 1
156900 -79.4296 -79.4296 -299.826 -1.05114e-08 5.4864e-09 -7.99341e-09 1
157000 -79.439 -79.439 -299.861 -5.17115e-09 5.47772e-09 -6.958e-09 1
157100 -79.4483 -79.4483 -299.896 -1.11004e-08 6.54433e-09 -9.35374e-09 1
157200 -79.4576 -79.4576 -299.931 -1.05859e-08 4.86355e-09 -9.0623e-09 1
157300 -79.467 -79.467 -299.966 -1.8207e-09 8.06367e-09 -7.37318e-09 1
157400 -79.4763 -79.4763 -300.001 -9.97054e-09 4.80378e-09 -7.64556e-09 1
157500 -79.4856 -79.4856 -300.036 -8.8196e-09 3.65765e-09 -9.01066e-09 1
157600 -79.4949 -79.4949 -300.071 -1.11578e-08 4.73132e-09 -8.62809e-09 1
157700 -79.5042 -79.5042 -300.107 -7.39113e-09 4.49904e-09 -4.5288e-09 1
157800 -79.5135 -79.5135 -300.142 -5.01478e-09 6.12037e-09 -4.40426e-09 1
157900 -79.5228 -79.5228 -300.177 -8.76697e-09 4.92014e-09 -8.94132e-09 1
158000 -79.532 -79.532 -300.212 -1.40121e-08 7.25938e-09 -1.18891e-08 1
158100 -79.5413 -79.5413 -300.247 -8.62528e-11 1.69057e-10 3.12861e-10 1
158200 -79.5506 -79.5506 -300.281 -6.28067e-09 4.74056e-09 -5.2557e-09 1
158300 -79.5599 -79.5599 -300.316 -2.25604e-09 4.35134e-09 -4.10972e-09 1
158400 -79.5691 -79.5691 -300.351 -8.13194e-09 4.48904e-09 -7.40942e-09 1
158500 -79.5784 -79.5784 -300.386 -8.31011e-09 3.53639e-09 -4.05575e-09 1
158600 -79.5876 -79.5876 -300.421 -1.61296e-08 5.10705e-09 -9.46431e-09 1
158700 -79.5969 -79.5969 -300.456 -1.08246e-08 4.33869e-09 -8.29116e-09 1
158800 -79.6061 -79.6061 -300.491 -1.10265e-08 4.86626e-09 -4.76165e-09 1
158900 -79.6153 -79.6153 -300.526 -8.10811e-09 2.70828e-09 -4.18841e-09 1
159000 -79.6245 -79.6245 -300.56 -8.64046e-09 4.71882e-09 -6.98037e-09 1
159100 -79.6338 -79.6338 -300.595 -4.71504e-09 5.20966e-09 -6.62996e-09 1
159200 -79.643 -79.643 -300.63 -7.74488e-09 5.07477e-09 -4.64485e-09 1
159300 -79.6522 -79.6522 -300.664 5.78696e-08 -2.81047e-08 6.11421e-08 1
159400 -79.6614 -79.6614 -300.699 -1.50365e-08 6.25384e-09 -9.65853e-09 1
159500 -79.6706 -79.6706 -300.734 -1.82584e-09 3.68964e-09 -6.0491e-09 1
159600 -79.6798 -79.6798 -300.769 -1.20666e-08 4.56228e-09 -9.50445e-09 1
159700 -79.689 -79.689 -300.803 -7.10618e-09 6.08049e-09 -8.86311e-09 1
159800 -79.6981 -79.6981 -300.838 -7.01027e-09 2.60108e-09 -4.2246e-09 1
159900 -79.7073 -79.7073 -300.872 -7.16777e-09 7.44813e-09 -1.07645e-08 1
160000 -79.7165 -79.7165 -300.907 -8.77066e-09 5.20262e-09 -6.96801e-09 1
160100 -79.7257 -79.7257 -300.941 -9.37513e-09 6.303e-09 -1.2362e-08 1
160200 -79.7348 -79.7348 -300.976 -9.29421e-09 3.89122e-09 -6.50884e-09 1
160300 -79.744 -79.744 -301.011 -8.70097e-09 4.12977e-09 -5.58718e-09 1
160400 -79.7531 -79.7531 -301.045 -9.99905e-09 4.68864e-09 -7.96425e-09 1
160500 -79.7623 -79.7623 -301.079 -9.92468e-09 4.66169e-09 -6.68419e-09 1
160600 -79.7714 -79.7714 -301.114 -9.49243e-09 3.50687e-09 -4.72413e-09 1
160700 -79.7805 -79.7805 -301.148 -8.63436e-09 3.75011e-09 -5.2482e-09 1
160800 -79.7897 -79.7897 -301.183 -9.88765e-09 2.45233e-09 -6.51602e-09 1
160900 -79.7988 -79.7988 -301.217 -8.39459e-09 5.37627e-09 -8.47924e-09 1
161000 -79.8079 -79.8079 -301.252 -7.66533e-09 3.19224e-09 -5.71354e-09 1
161100 -79.817 -79.817 -301.286 -4.91248e-09 3.41418e-09 -2.65543e-09 1
161200 -79.8261 -79.8261 -301.32 -7.12123e-09 5.78775e-09 -7.97159e-09 1
161300 -79.8352 -79.8352 -301.354 -4.78878e-09 1.31431e-09 -2.11013e-09 1
161400 -79.8443 -79.8443 -301.389 -4.69956e-09 1.54625e-09 -2.51473e-09 1
161500 -79.8534 -79.8534 -301.423 -6.12784e-09 6.28886e-10 -3.38946e-10 1
161600 -79.8625 -79.8625 -301.457 -7.52242e-09 3.55485e-09 -4.73691e-09 1
161700 -79.8716 -79.8716 -301.491 -4.44192e-09 1.75172e-09 -1.64833e-09 1
161800 -79.8806 -79.8806 -301.526 -6.31489e-09 2.25475e-09 -2.09294e-09 1
161900 -79.8897 -79.8897 -301.56 -1.50417e-09 3.00847e-09 -2.77291e-09 1
162000 -79.8988 -79.8988 -301.594 -8.21478e-09 4.05674e-09 -8.27609e-09 1
162100 -79.9078 -79.9078 -301.628 -7.13407e-09 1.96462e-09 -5.05052e-09 1
162200 -79.9169 -79.9169 -301.662 -1.1523e-08 4.89026e-09 -8.89845e-09 1
162300 -79.9259 -79.9259 -301.696 -9.53147e-09 2.99365e-09 -5.89009e-09 1
162400 -79.935 -79.935 -301.731 -8.13232e-09 3.70637e-09 -7.58304e-09 1
162500 -79.944 -79.944 -301.765 -3.17916e-09 2.75152e-09 -1.88115e-09 1
162600 -79.953 -79.953 -301.799 -4.70195e-09 2.20767e-09 -3.15195e-09 1
162700 -79.962 -79.962 -301.833 -4.76685e-09 3.13733e-09 -4.00889e-09 1
162800 -79.9711 -79.9711 -301.867 -4.29118e-10 2.81815e-09 -3.55419e-09 1
162900 -79.9801 -79.9801 -301.901 -3.17032e-09 1.66074e-09 -3.04873e-09 1
163000 -79.9891 -79.9891 -301.935 -1.45917e-09 7.96001e-10 -1.95057e-09 1
163100 -79.9981 -79.9981 -301.969 -8.63681e-09 9.04047e-10 -6.8991e-10 1
163200 -80.0071 -80.0071 -302.002 -3.89098e-09 1.62546e-09 -1.56384e-09 1
163300 -80.0161 -80.0161 -302.036 -3.59316e-09 1.80424e-09 -2.39239e-09 1
163400 -80.0251 -80.0251 -302.07 -9.28675e-09 4.42797e-09 -5.02831e-09 1
163500 -80.0341 -80.0341 -302.104 -3.49489e-09 3.22553e-09 -5.14586e-09 1
163600 -80.043 -80.043 -302.138 -2.26323e-09 -8.23099e-11 -2.44789e-09 1
163700 -80.052 -80.052 -302.172 -7.6121e-09 2.6764e-09 -5.20325e-10 1
163800 -80.061 -80.061 -302.206 -2.29065e-09 1.81549e-09 -2.70366e-09 1
163900 -80.0699 -80.0699 -302.239 -1.4381e-09 2.42241e-09 -2.49313e-09 1
164000 -80.0789 -80.0789 -302.273 -7.02116e-09 6.45028e-11 -1.77307e-09 1
164100 -80.0878 -80.0878 -302.307 1.45738e-09 -2.05181e-11 1.48486e-09 1
164200 -80.0968 -80.0968 -302.341 -4.77657e-10 1.96944e-09 -9.68843e-10 1
164300 -80.1057 -80.1057 -302.374 -8.09627e-09 1.51635e-09 -3.7574e-09 1
164400 -80.1147 -80.1147 -302.408 -2.32709e-09 1.79818e-09 -3.40775e-09 1
164500 -80.1236 -80.1236 -302.442 1.23553e-09 9.58732e-10 -2.8493e-09 1
164600 -80.1325 -80.1325 -302.475 -1.53572e-09 -1.32088e-09 -1.06022e-10 1
164700 -80.1415 -80.1415 -302.509 -2.58499e-09 5.80679e-10 -9.427e-10 1
164800 -80.1504 -80.1504 -302.543 -4.28281e-09 -2.62011e-10 -3.4378e-10 1
164900 -80.1593 -80.1593 -302.576 -4.49211e-09 1.98047e-09 -3.12911e-09 1
165000 -80.1682 -80.1682 -302.61 3.13727e-09 2.67258e-10 8.13668e-10 1
165100 -80.1771 -80.1771 -302.643 -6.91454e-09 1.90473e-09 -5.25724e-09 1
165200 -80.186 -80.186 -302.677 6.0896e-10 1.92772e-09 -3.03421e-09 1
165300 -80.1949 -80.1949 -302.71 -4.81014e-10 1.91305e-09 -2.67521e-09 1
165400 -80.2038 -80.2038 -302.744 -9.37692e-10 1.31212e-09 -1.32543e-09 1
165500 -80.2126 -80.2126 -302.777 -3.44427e-09 4.7534e-10 -2.31255e-09 1
165600 -80.2215 -80.2215 -302.811 -2.6776e-09 -7.17447e-10 -9.14292e-10 1
165700 -80.2304 -80.2304 -302.844 4.74269e-09 -1.61207e-09 2.74917e-09 1
165800 -80.2392 -80.2392 -302.878 9.7158e-08 8.48838e-08 -1.02805e-07 1
165900 -80.2481 -80.2481 -302.911 -5.85936e-09 7.36761e-10 -5.51335e-10 1
166000 -80.257 -80.257 -302.944 -2.96559e-09 1.88125e-09 1.70832e-09 1
166100 -80.2658 -80.2658 -302.978 3.46215e-09 9.70296e-10 2.31409e-09 1
166200 -80.2746 -80.2747 -303.011 1.44215e-07 -9.95322e-08 2.09431e-07 1
166300 -80.2835 -80.2835 -303.044 -7.13834e-09 5.0849e-09 -6.73418e-09 1
166400 -80.2923 -80.2923 -303.078 -5.69648e-09 4.11938e-09 -2.7608e-09 1
166500 -80.3012 -80.3012 -303.111 -2.52929e-09 7.57678e-10 -4.52294e-09 1
166600 -80.31 -80.31 -303.144 -5.81508e-09 1.32794e-09 -3.92509e-09 1
166700 -80.3188 -80.3188 -303.178 -3.33977e-09 3.62863e-11 -2.73604e-09 1
166800 -80.3276 -80.3276 -303.211 -5.55824e-09 1.07483e-09 -2.32886e-09 1
166900 -80.3364 -80.3364 -303.244 -1.6229e-09 1.77962e-09 -1.61104e-09 1
167000 -80.3452 -80.3452 -303.277 -2.63802e-09 3.62004e-10 -6.49235e-10 1
167100 -80.354 -80.354 -303.31 -2.38941e-10 5.08202e-10 -3.3217e-10 1
167200 -80.3628 -80.3628 -303.343 -8.56182e-09 -9.94984e-10 -2.64376e-09 1
167300 -80.3716 -80.3716 -303.377 3.21339e-10 1.28431e-09 -2.30278e-09 1
167400 -80.3804 -80.3804 -303.41 -3.66445e-09 2.07373e-09 -1.67209e-09 1
167500 -80.3892 -80.3892 -303.443 -2.34201e-09 -8.98683e-10 -4.48745e-10 1
167600 -80.3979 -80.3979 -303.476 -1.67029e-09 1.65998e-10 -2.72916e-09 1
167700 -80.4067 -80.4067 -303.509 -4.07309e-09 1.68338e-09 -2.56744e-09 1
167800 -80.4155 -80.4155 -303.542 -9.69474e-09 1.18471e-09 -3.39045e-09 1
167900 -80.4242 -80.4242 -303.575 -3.12703e-09 1.73437e-09 -1.62002e-09 1
168000 -80.433 -80.433 -303.608 -3.70482e-09 1.21374e-09 -1.04508e-09 1
168100 -80.4417 -80.4417 -303.641 -1.6811e-09 4.22088e-10 -2.07561e-09 1
168200 -80.4505 -80.4505 -303.674 -3.90326e-09 3.98541e-09 -4.603e-09 1
168300 -80.4592 -80.4592 -303.707 -4.56398e-09 5.64949e-10 -3.62829e-09 1
168400 -80.468 -80.468 -303.74 -5.53886e-09 1.25216e-09 -2.28803e-09 1
168500 -80.4767 -80.4767 -303.773 -2.33103e-09 1.9955e-09 -1.90689e-09 1
168600 -80.4854 -80.4854 -303.806 -4.55333e-09 -1.10769e-10 -5.6183e-10 1
168700 -80.4941 -80.4941 -303.839 -3.63655e-09 1.63405e-10 -6.93911e-10 1
168800 -80.5029 -80.5029 -303.871 4.64868e-10 9.70568e-11 9.78246e-10 1
168900 -80.5116 -80.5116 -303.904 1.99593e-07 4.0602e-08 4.3129e-08 1
169000 -80.5203 -80.5203 -303.937 -2.10457e-09 -5.21707e-10 -2.45591e-09 1
169100 -80.529 -80.529 -303.97 -8.13803e-09 1.73791e-09 -5.67188e-09 1
169200 -80.5377 -80.5377 -304.003 -6.52013e-09 1.06393e-09 -3.20872e-09 1
169300 -80.5464 -80.5464 -304.035 -7.44543e-09 4.45312e-11 -4.2035e-09 1
169400 -80.555 -80.555 -304.068 -6.75748e-09 1.30824e-09 -2.85225e-09 1
169500 -80.5637 -80.5637 -304.101 -9.51324e-09 -7.13033e-10 -4.61793e-09 1
169600 -80.5724 -80.5724 -304.134 -3.18224e-09 -2.61188e-09 8.90385e-10 1
169700 -80.5811 -80.5811 -304.166 4.01797e-07 6.90876e-08 6.01608e-08 1
169800 -80.5897 -80.5897 -304.199 -1.29422e-08 -1.218e-09 -4.79481e-09 1
169900 -80.5984 -80.5984 -304.232 -8.30141e-09 -2.45829e-09 -1.41586e-09 1
170000 -80.6071 -80.6071 -304.264 -9.42098e-09 -1.37514e-09 -2.99249e-09 1
170100 -80.6157 -80.6157 -304.297 -9.94805e-09 -1.18619e-10 -4.78682e-09 1
170200 -80.6244 -80.6244 -304.329 -1.1635e-08 3.48033e-10 -4.81454e-09 1
170300 -80.633 -80.633 -304.362 -3.9817e-09 -1.10439e-09 -1.78669e-09 1
170400 -80.6416 -80.6416 -304.395 -9.49321e-09 1.49874e-09 -6.15466e-09 1
170500 -80.6503 -80.6503 -304.427 -1.74749e-08 -4.08432e-09 -2.74017e-09 1
170600 -80.6589 -80.6589 -304.46 -1.43892e-08 6.66115e-10 -6.87288e-09 1
170700 -80.6675 -80.6675 -304.492 -1.16122e-08 4.79396e-10 -6.80214e-09 1
170800 -80.6761 -80.6761 -304.525 -1.33977e-08 -3.39228e-09 -5.47232e-09 1
170900 -80.6848 -80.6848 -304.557 -9.03862e-09 -1.5183e-09 -3.46624e-09 1
171000 -80.6934 -80.6934 -304.59 -1.34887e-08 -5.51124e-09 -2.74976e-09 1
171100 -80.702 -80.702 -304.622 1.0367e-07 -3.86416e-08 2.10298e-07 1
171200 -80.7106 -80.7106 -304.654 -1.52342e-08 1.33257e-10 -9.80967e-09 1
171300 -80.7192 -80.7192 -304.687 1.48977e-07 9.23304e-08 2.81458e-08 1
171400 -80.7277 -80.7277 -304.719 -1.24354e-08 -3.09509e-09 -6.16838e-09 1
171500 -80.7363 -80.7363 -304.752 -1.50422e-08 -2.77757e-09 -8.38719e-09 1
171600 -80.7449 -80.7449 -304.784 -1.05621e-08 -4.39924e-09 -6.94447e-09 1
171700 -80.7535 -80.7535 -304.816 -1.45586e-08 -1.82605e-09 -9.28115e-09 1
171800 -80.7621 -80.7621 -304.849 2.12153e-07 -4.28381e-08 1.48611e-07 1
171900 -80.7706 -80.7706 -304.881 -1.23243e-08 -2.8323e-09 -1.1357e-08 1
172000 -80.7792 -80.7792 -304.913 -1.17366e-08 -1.40827e-09 -1.09401e-08 1
172100 -80.7877 -80.7877 -304.945 -2.30455e-08 9.59599e-10 -1.51761e-08 1
172200 -80.7963 -80.7963 -304.978 -1.57784e-08 -1.65934e-09 -9.63763e-09 1
172300 -80.8048 -80.8048 -305.01 -1.16919e-08 -2.76888e-09 -8.74539e-09 1
172400 -80.8134 -80.8134 -305.042 -1.11761e-08 -3.98785e-09 -7.90477e-09 1
172500 -80.8219 -80.8219 -305.074 -1.28635e-08 -2.7858e-09 -8.17518e-09 1
172600 -80.8305 -80.8305 -305.106 -1.14521e-08 -3.46496e-09 -6.73766e-09 1
172700 -80.839 -80.839 -305.139 -1.53066e-08 1.3302e-09 -1.29324e-08 1
172800 -80.8475 -80.8475 -305.171 -1.02749e-08 -1.36733e-09 -8.42856e-09 1
172900 -80.856 -80.856 -305.203 -1.11416e-08 -2.59392e-09 -8.10877e-09 1
173000 -80.8645 -80.8645 -305.235 -1.57628e-08 -5.07633e-09 -5.54321e-09 1
173100 -80.8731 -80.8731 -305.267 -1.16432e-08 8.14152e-10 -1.0866e-08 1
173200 -80.8816 -80.8816 -305.299 -8.67451e-09 -3.44744e-09 -2.90309e-09 1
173300 -80.8901 -80.8901 -305.331 2.27885e-07 -6.92529e-08 1.65493e-07 1
173400 -80.8986 -80.8986 -305.363 1.80295e-07 2.88095e-08 6.42308e-08 1
173500 -80.9071 -80.9071 -305.395 -1.29301e-08 4.34649e-10 -1.24134e-08 1
173600 -80.9155 -80.9155 -305.427 -2.42022e-08 -1.73039e-09 -1.3862e-08 1
173700 -80.924 -80.924 -305.459 -1.45609e-08 -1.55399e-09 -9.57906e-09 1
173800 -80.9325 -80.9325 -305.491 -1.64339e-08 -3.96267e-10 -1.31815e-08 1
173900 -80.941 -80.941 -305.523 -1.99607e-08 -2.45765e-10 -1.05587e-08 1
174000 -80.9494 -80.9494 -305.555 -1.94666e-08 2.74863e-09 -1.66284e-08 1
174100 -80.9579 -80.9579 -305.587 1.87542e-07 3.04442e-08 7.29904e-08 1
174200 -80.9664 -80.9664 -305.619 -2.10937e-08 -2.72136e-09 -1.2509e-08 1
174300 -80.9748 -80.9748 -305.651 -1.35438e-08 -3.80028e-09 -7.69925e-09 1
174400 -80.9833 -80.9833 -305.683 -1.8936e-08 -1.65808e-10 -1.11356e-08 1
174500 -80.9917 -80.9917 -305.714 -1.49618e-08 -4.25165e-10 -1.34256e-08 1
174600 -81.0002 -81.0002 -305.746 -1.91044e-08 -8.62312e-10 -1.12438e-08 1
174700 -81.0086 -81.0086 -305.778 -2.04596e-08 2.74462e-09 -1.54142e-08 1
174800 -81.017 -81.017 -305.81 -1.7777e-08 -4.08982e-09 -8.79969e-09 1
174900 -81.0255 -81.0255 -305.842 -1.89437e-08 -3.77259e-09 -9.41869e-09 1
175000 -81.0339 -81.0339 -305.873 -1.97012e-08 -1.66283e-09 -1.26245e-08 1
175100 -81.0423 -81.0423 -305.905 1.3724e-07 4.56617e-08 3.97189e-08 1
175200 -81.0507 -81.0507 -305.937 -1.94272e-08 -5.12154e-09 -9.19882e-09 1
175300 -81.0591 -81.0591 -305.968 -1.75706e-08 -2.6372e-09 -8.14435e-09 1
175400 -81.0675 -81.0675 -306 -1.80228e-08 -2.53616e-09 -9.71575e-09 1
175500 -81.0759 -81.0759 -306.032 -1.34973e-08 -2.91954e-09 -8.85215e-09 1
175600 -81.0843 -81.0843 -306.063 2.54909e-07 -1.84419e-08 1.19618e-07 1
175700 -81.0927 -81.0927 -306.095 -1.76611e-08 -1.39052e-09 -1.32007e-08 1
175800 -81.1011 -81.1011 -306.127 -2.16469e-08 -9.07984e-10 -1.59596e-08 1
175900 -81.1095 -81.1095 -306.158 -2.3938e-08 -2.1218e-09 -1.36197e-08 1
176000 -81.1179 -81.1179 -306.19 -2.1687e-08 -2.91325e-09 -1.17736e-08 1
176100 -81.1262 -81.1262 -306.222 -1.81233e-08 -2.67939e-09 -1.03442e-08 1
176200 -81.1346 -81.1346 -306.253 -2.1212e-08 -4.57368e-09 -7.72216e-09 1
176300 -81.143 -81.143 -306.285 -1.57573e-08 -3.46283e-09 -9.50789e-09 1
176400 -81.1513 -81.1513 -306.316 -2.28085e-08 5.87674e-10 -1.28323e-08 1
176500 -81.1597 -81.1597 -306.348 -2.3625e-08 1.57922e-09 -1.56765e-08 1
176600 -81.168 -81.168 -306.379 -1.76725e-08 -5.25225e-10 -1.1923e-08 1
176700 -81.1764 -81.1764 -306.411 3.45526e-08 -5.08141e-09 1.04559e-07 1
176800 -81.1847 -81.1847 -306.442 -2.11039e-08 5.58143e-10 -1.29552e-08 1
176900 -81.1931 -81.1931 -306.473 -2.66229e-08 5.71852e-10 -1.43595e-08 1
177000 -81.2014 -81.2014 -306.505 -1.97379e-08 -2.09444e-09 -1.08963e-08 1
177100 -81.2097 -81.2097 -306.536 -1.48841e-08 -1.02338e-09 -7.83416e-09 1
177200 -81.2181 -81.2181 -306.568 -2.09957e-08 -6.51382e-10 -1.19318e-08 1
177300 -81.2264 -81.2264 -306.599 -1.55401e-08 -1.50711e-09 -7.62463e-09 1
177400 -81.2347 -81.2347 -306.63 7.07358e-08 -4.50425e-08 1.69202e-07 1
177500 -81.243 -81.243 -306.662 2.04943e-08 8.75971e-08 -1.05484e-07 1
177600 -81.2513 -81.2513 -306.693 2.50178e-08 -1.77858e-08 5.48278e-08 1
177700 -81.2596 -81.2596 -306.724 -1.62998e-08 -1.79383e-09 -1.55103e-08 1
177800 -81.2679 -81.2679 -306.756 -1.95114e-08 -3.48538e-09 -1.26345e-08 1
177900 -81.2762 -81.2762 -306.787 -1.73862e-08 -2.4431e-09 -1.26673e-08 1
178000 -81.2845 -81.2845 -306.818 -2.27449e-08 5.39099e-10 -1.22891e-08 1
178100 -81.2928 -81.2928 -306.849 -2.03572e-08 2.02101e-10 -1.51185e-08 1
178200 -81.3011 -81.3011 -306.881 6.58681e-08 4.49693e-08 7.90183e-08 1
178300 -81.3093 -81.3093 -306.912 -1.78265e-08 -3.34402e-09 -1.28223e-08 1
178400 -81.3176 -81.3176 -306.943 -1.8927e-08 -2.96896e-09 -1.51572e-08 1
178500 -81.3259 -81.3259 -306.974 -2.27046e-08 -2.61415e-09 -1.50705e-08 1
178600 -81.3341 -81.3341 -307.005 -1.75946e-08 -3.63984e-09 -1.21468e-08 1
178700 -81.3424 -81.3424 -307.036 -1.53007e-08 -3.33248e-10 -1.47813e-08 1
178800 -81.3507 -81.3507 -307.068 -2.15576e-08 -1.8044e-09 -1.23746e-08 1
178900 -81.3589 -81.3589 -307.099 -1.71702e-08 -4.41946e-09 -9.76133e-09 1
179000 -81.3671 -81.3671 -307.13 -2.33478e-08 -2.17876e-09 -1.29665e-08 1
179100 -81.3754 -81.3754 -307.161 -1.80224e-08 -2.87045e-09 -1.05862e-08 1
179200 -81.3836 -81.3836 -307.192 -1.71905e-08 1.03303e-09 -1.34729e-08 1
179300 -81.3919 -81.3919 -307.223 -1.9458e-08 -3.63478e-09 -1.12961e-08 1
179400 -81.4001 -81.4001 -307.254 -2.15207e-08 2.98693e-11 -1.26991e-08 1
179500 -81.4083 -81.4083 -307.285 -1.6801e-08 -3.20585e-09 -8.77454e-09 1
179600 -81.4165 -81.4165 -307.316 -1.78413e-08 -1.96705e-09 -1.10372e-08 1
179700 -81.4247 -81.4247 -307.347 -1.86945e-08 -3.31984e-10 -1.36915e-08 1
179800 -81.433 -81.433 -307.378 -1.74112e-08 -2.79435e-09 -9.66772e-09 1
179900 -81.4412 -81.4412 -307.409 1.18639e-07 -3.69701e-08 7.63343e-08 1
180000 -81.4494 -81.4494 -307.44 -2.34993e-08 -3.50032e-09 -8.06753e-09 1
180100 -81.4576 -81.4576 -307.471 -1.46108e-08 -2.18343e-09 -1.02865e-08 1
180200 -81.4658 -81.4658 -307.501 1.53619e-07 -8.62617e-08 7.88628e-08 1
180300 -81.474 -81.474 -307.532 -1.76575e-08 3.06336e-10 -1.09355e-08 1
180400 -81.4821 -81.4821 -307.563 -1.58946e-08 2.23354e-09 -1.06082e-08 1
180500 -81.4903 -81.4903 -307.594 -1.78232e-08 -1.15412e-09 -9.08732e-09 1
180600 -81.4985 -81.4985 -307.625 -1.94278e-08 8.9244e-10 -1.18299e-08 1
180700 -81.5067 -81.5067 -307.656 -1.02762e-08 4.38509e-09 -1.28467e-08 1
180800 -81.5148 -81.5148 -307.686 -2.26184e-08 1.73623e-09 -1.25481e-08 1
180900 -81.523 -81.523 -307.717 -1.65375e-08 -2.49343e-10 -8.4491e-09 1
181000 -81.5312 -81.5312 -307.748 -5.98121e-08 -4.8232e-08 1.89156e-07 1
181100 -81.5393 -81.5393 -307.779 -1.557e-08 6.39474e-10 -1.29981e-08 1
181200 -81.5475 -81.5475 -307.81 -1.59246e-08 1.32239e-09 -1.28004e-08 1
181300 -81.5556 -81.5556 -307.84 -1.65047e-08 1.68896e-09 -1.40436e-08 1
181400 -81.5638 -81.5638 -307.871 -2.44539e-08 3.76741e-09 -1.84391e-08 1
181500 -81.5719 -81.5719 -307.902 -1.49355e-08 3.83632e-09 -1.20573e-08 1
181600 -81.58 -81.58 -307.932 -2.10133e-08 9.58799e-10 -1.15904e-08 1
181700 -81.5882 -81.5882 -307.963 -2.01856e-08 4.59362e-09 -1.55775e-08 1
181800 -81.5963 -81.5963 -307.994 -2.19725e-08 1.58362e-09 -1.41943e-08 1
181900 -81.6044 -81.6044 -308.024 -1.38595e-08 5.15039e-09 -1.24787e-08 1
182000 -81.6125 -81.6125 -308.055 -1.75488e-08 -2.83868e-10 -9.09103e-09 1
182100 -81.6206 -81.6206 -308.085 -1.6321e-08 -6.25418e-10 -1.07191e-08 1
182200 -81.6288 -81.6288 -308.116 -1.46918e-08 1.79661e-09 -1.36356e-08 1
182300 -81.6369 -81.6369 -308.147 -8.12595e-09 4.11217e-09 -1.05291e-08 1
182400 -81.645 -81.645 -308.177 -1.27959e-08 1.28845e-09 -1.13114e-08 1
182500 -81.6531 -81.6531 -308.208 -9.5458e-09 1.39693e-10 -8.92758e-09 1
182600 -81.6612 -81.6612 -308.238 -1.49679e-08 5.15089e-09 -1.45998e-08 1
182700 -81.6692 -81.6692 -308.269 -1.09476e-08 1.37282e-09 -1.00109e-08 1
182800 -81.6773 -81.6773 -308.299 -1.55137e-08 2.98852e-09 -1.14685e-08 1
182900 -81.6854 -81.6854 -308.33 -9.70129e-09 1.49854e-09 -9.91001e-09 1
183000 -81.6935 -81.6935 -308.36 -1.42191e-08 2.35278e-09 -1.24468e-08 1
183100 -81.7016 -81.7016 -308.39 -1.04866e-08 -2.66531e-10 -7.43152e-09 1
183200 -81.7096 -81.7096 -308.421 -9.66302e-09 2.04843e-09 -1.10732e-08 1
183300 -81.7177 -81.7177 -308.451 -1.12384e-08 2.49618e-09 -1.16007e-08 1
183400 -81.7258 -81.7258 -308.482 -1.26181e-08 4.41261e-10 -6.38158e-09 1
183500 -81.7338 -81.7338 -308.512 -1.07357e-08 1.92102e-09 -1.04726e-08 1
183600 -81.7419 -81.7419 -308.542 -6.76163e-09 1.52696e-09 -9.52886e-09 1
183700 -81.7499 -81.7499 -308.573 -8.48332e-09 -5.17117e-10 -4.58571e-09 1
183800 -81.7579 -81.7579 -308.603 -1.42506e-08 1.60923e-09 -9.57898e-09 1
183900 -81.766 -81.766 -308.633 -1.10004e-08 3.13529e-09 -9.19887e-09 1
184000 -81.774 -81.774 -308.664 -1.09105e-08 2.64278e-09 -8.69103e-09 1
184100 -81.7821 -81.7821 -308.694 -1.27847e-08 2.62801e-09 -1.00701e-08 1
184200 -81.7901 -81.7901 -308.724 -1.09241e-08 3.09189e-10 -6.6503e-09 1
184300 -81.7981 -81.7981 -308.754 -7.54096e-09 3.83554e-10 -3.54737e-09 1
184400 -81.8061 -81.8061 -308.785 1.70178e-07 -1.40249e-07 2.78041e-07 1
184500 -81.8141 -81.8141 -308.815 -1.4329e-08 3.3683e-09 -1.15605e-08 1
184600 -81.8222 -81.8222 -308.845 -1.08992e-08 5.12846e-09 -1.30189e-08 1
184700 -81.8302 -81.8302 -308.875 -1.57504e-08 4.12807e-09 -1.29378e-08 1
184800 -81.8382 -81.8382 -308.905 -1.08387e-08 5.85126e-10 -8.55787e-09 1
184900 -81.8462 -81.8462 -308.936 -7.9001e-09 3.72129e-09 -1.21526e-08 1
185000 -81.8542 -81.8542 -308.966 -1.39823e-08 4.08589e-09 -1.22158e-08 1
185100 -81.8621 -81.8621 -308.996 -9.91981e-09 3.20767e-09 -1.09162e-08 1
185200 -81.8701 -81.8701 -309.026 -8.10812e-09 2.21107e-09 -1.02708e-08 1
185300 -81.8781 -81.8781 -309.056 9.8196e-08 4.55226e-08 3.67495e-08 1
185400 -81.8861 -81.8861 -309.086 -9.93974e-09 1.12217e-09 -1.04837e-08 1
185500 -81.8941 -81.8941 -309.116 -1.08723e-08 3.33106e-09 -1.19245e-08 1
185600 -81.902 -81.902 -309.146 -1.13591e-08 3.11987e-09 -1.25147e-08 1
185700 -81.91 -81.91 -309.176 -1.11082e-08 1.93437e-09 -1.1141e-08 1
185800 -81.918 -81.918 -309.206 -5.1657e-08 8.56943e-08 -7.19826e-08 1
185900 -81.9259 -81.9259 -309.236 -7.16079e-09 -1.07854e-09 -6.48383e-09 1
186000 -81.9339 -81.9339 -309.266 2.94158e-08 -3.35473e-08 1.5657e-07 1
186100 -81.9418 -81.9418 -309.296 -7.28039e-09 -3.83645e-10 -1.08386e-08 1
186200 -81.9498 -81.9498 -309.326 -1.22665e-08 1.61389e-09 -1.38116e-08 1
186300 -81.9577 -81.9577 -309.356 -1.33168e-08 9.54668e-10 -1.44913e-08 1
186400 -81.9657 -81.9657 -309.386 -6.92664e-09 5.67382e-10 -1.17572e-08 1
186500 -81.9736 -81.9736 -309.416 -1.33164e-08 1.42164e-09 -1.10279e-08 1
186600 -81.9815 -81.9815 -309.446 -1.18693e-08 2.06515e-09 -1.22765e-08 1
186700 -81.9895 -81.9895 -309.476 -8.28258e-09 -1.47519e-10 -1.0376e-08 1
186800 -81.9974 -81.9974 -309.506 1.69017e-07 -8.6926e-08 2.18446e-07 1
186900 -82.0053 -82.0053 -309.535 2.77502e-07 -9.98171e-08 2.11899e-07 1
187000 -82.0132 -82.0132 -309.565 -1.41201e-08 7.48953e-10 -1.57835e-08 1
187100 -82.0211 -82.0211 -309.595 -1.31908e-08 2.01439e-09 -2.13756e-08 1
187200 -82.029 -82.029 -309.625 1.27018e-07 1.43399e-07 6.89988e-09 1
187300 -82.0369 -82.0369 -309.655 -1.69829e-08 5.69942e-10 -1.98748e-08 1
187400 -82.0448 -82.0448 -309.684 -1.98533e-08 1.04891e-09 -1.94762e-08 1
187500 -82.0527 -82.0527 -309.714 -1.49822e-08 1.48175e-09 -1.9077e-08 1
187600 -82.0606 -82.0606 -309.744 -1.9936e-08 3.11549e-09 -2.11132e-08 1
187700 -82.0685 -82.0685 -309.774 -1.94333e-08 2.05133e-09 -1.94279e-08 1
187800 -82.0764 -82.0764 -309.803 7.06447e-08 3.55021e-08 2.38597e-08 1
187900 -82.0843 -82.0843 -309.833 1.08512e-07 -1.06141e-08 1.3336e-07 1
188000 -82.0921 -82.0921 -309.863 -2.17731e-08 1.58394e-09 -2.34699e-08 1
188100 -82.1 -82.1 -309.893 -1.91079e-08 1.08369e-09 -2.31654e-08 1
188200 -82.1079 -82.1079 -309.922 -1.47674e-08 -1.00996e-09 -1.89654e-08 1
188300 -82.1157 -82.1157 -309.952 3.76162e-08 3.96769e-08 6.78494e-08 1
188400 -82.1236 -82.1236 -309.981 7.73744e-08 -7.86297e-08 1.89781e-07 1
188500 -82.1315 -82.1315 -310.011 -2.11553e-08 5.51683e-10 -2.60505e-08 1
188600 -82.1393 -82.1393 -310.041 -2.05418e-08 3.24629e-10 -2.61908e-08 1
188700 -82.1472 -82.1472 -310.07 -2.04409e-08 9.74652e-10 -2.47076e-08 1
188800 -82.155 -82.155 -310.1 6.12245e-08 -3.53015e-08 1.04619e-07 1
188900 -82.1628 -82.1628 -310.129 -1.72538e-08 6.66075e-10 -2.56509e-08 1
189000 -82.1707 -82.1707 -310.159 -2.08403e-08 1.02146e-09 -2.77499e-08 1
189100 -82.1785 -82.1785 -310.188 -2.14803e-08 1.86053e-09 -2.60398e-08 1
189200 -82.1863 -82.1863 -310.218 -1.69944e-08 -1.48089e-10 -2.42133e-08 1
189300 -82.1942 -82.1942 -310.247 -2.0449e-08 3.46671e-09 -2.86546e-08 1
189400 -82.202 -82.202 -310.277 -1.93177e-08 1.33873e-09 -2.45393e-08 1
189500 -82.2098 -82.2098 -310.306 -1.90217e-08 3.04627e-09 -2.47621e-08 1
189600 -82.2176 -82.2176 -310.336 -1.72629e-08 6.61716e-10 -2.13177e-08 1
189700 -82.2254 -82.2254 -310.365 2.44706e-07 -7.61636e-08 1.9431e-07 1
189800 -82.2332 -82.2332 -310.395 -2.52218e-08 2.37447e-09 -2.5397e-08 1
189900 -82.241 -82.241 -310.424 -1.3921e-08 1.9255e-09 -2.0962e-08 1
190000 -82.2488 -82.2488 -310.454 -2.4387e-08 2.89702e-09 -2.56757e-08 1
190100 -82.2566 -82.2566 -310.483 -2.10791e-08 6.37616e-09 -2.79454e-08 1
190200 -82.2644 -82.2644 -310.512 1.38915e-07 8.58478e-08 -3.40753e-08 1
190300 -82.2722 -82.2722 -310.542 -2.05042e-08 -1.18425e-10 -2.17932e-08 1
190400 -82.28 -82.28 -310.571 -2.42652e-08 3.11577e-09 -2.51899e-08 1
190500 -82.2878 -82.2878 -310.6 -1.29802e-08 -4.25635e-10 -2.07013e-08 1
190600 -82.2955 -82.2955 -310.63 -2.05329e-08 -1.89927e-10 -2.13153e-08 1
190700 -82.3033 -82.3033 -310.659 -2.22457e-08 1.24638e-09 -2.02528e-08 1
190800 -82.3111 -82.3111 -310.688 -1.91744e-08 8.21314e-11 -2.12488e-08 1
190900 -82.3188 -82.3188 -310.717 -2.33738e-08 1.19964e-10 -2.04913e-08 1
191000 -82.3266 -82.3266 -310.747 -2.09101e-08 1.69488e-09 -2.1723e-08 1
191100 -82.3344 -82.3344 -310.776 1.80179e-07 -3.93145e-08 1.41513e-07 1
191200 -82.3421 -82.3421 -310.805 4.52602e-08 3.19727e-08 1.07258e-07 1
191300 -82.3499 -82.3499 -310.834 -2.00239e-08 -3.46359e-10 -2.32859e-08 1
191400 -82.3576 -82.3576 -310.864 5.72218e-08 -1.04227e-07 1.9235e-07 1
191500 -82.3653 -82.3653 -310.893 -2.68377e-08 4.11685e-09 -3.05507e-08 1
191600 -82.3731 -82.3731 -310.922 1.06117e-07 2.11973e-08 -4.73997e-08 1
191700 -82.3808 -82.3808 -310.951 1.72374e-07 -1.90096e-09 6.94264e-08 1
191800 -82.3885 -82.3885 -310.98 -2.95582e-08 3.82391e-09 -2.98681e-08 1
191900 -82.3963 -82.3963 -311.009 -2.41446e-08 2.69735e-09 -2.76957e-08 1
192000 -82.404 -82.404 -311.038 -2.69075e-08 3.14561e-10 -2.62696e-08 1
192100 -82.4117 -82.4117 -311.068 -2.43486e-08 1.81116e-09 -2.71166e-08 1
192200 -82.4194 -82.4194 -311.097 -3.07991e-08 1.52406e-09 -2.62028e-08 1
192300 -82.4271 -82.4271 -311.126 4.54735e-08 -4.82877e-08 1.31521e-07 1
192400 -82.4348 -82.4348 -311.155 -3.07381e-08 8.05315e-10 -2.93894e-08 1
192500 -82.4425 -82.4425 -311.184 8.83717e-08 4.46755e-08 4.50833e-08 1
192600 -82.4502 -82.4502 -311.213 -2.95899e-08 1.96847e-09 -3.05839e-08 1
192700 -82.4579 -82.4579 -311.242 -2.85589e-08 2.64907e-09 -3.02981e-08 1
192800 -82.4656 -82.4656 -311.271 -3.04711e-08 -1.80534e-10 -2.64804e-08 1
192900 -82.4733 -82.4733 -311.3 -2.53645e-08 1.66778e-09 -2.68192e-08 1
193000 -82.481 -82.481 -311.329 -2.97122e-08 1.95726e-09 -2.76977e-08 1
193100 -82.4887 -82.4887 -311.358 -2.5614e-08 1.58294e-09 -2.41592e-08 1
193200 -82.4964 -82.4964 -311.387 -2.68577e-08 -7.3301e-10 -2.19027e-08 1
193300 -82.504 -82.504 -311.416 -2.96297e-08 3.49316e-09 -2.74705e-08 1
193400 -82.5117 -82.5117 -311.445 -2.59289e-08 3.18386e-09 -2.67789e-08 1
193500 -82.5194 -82.5194 -311.473 -2.47509e-08 3.65237e-09 -2.46385e-08 1
193600 -82.527 -82.527 -311.502 -2.3803e-08 2.23431e-09 -2.43358e-08 1
193700 -82.5347 -82.5347 -311.531 -2.6149e-08 3.58239e-09 -2.5988e-08 1
193800 -82.5423 -82.5423 -311.56 -2.96387e-08 1.87679e-09 -2.50966e-08 1
193900 -82.55 -82.55 -311.589 -2.59171e-08 1.5054e-09 -2.31023e-08 1
194000 -82.5576 -82.5576 -311.618 -2.29261e-08 8.15271e-11 -2.38368e-08 1
194100 -82.5653 -82.5653 -311.647 -2.7511e-08 4.96975e-09 -2.54943e-08 1
194200 -82.5729 -82.5729 -311.675 -2.39086e-08 2.56469e-09 -2.15871e-08 1
194300 -82.5806 -82.5806 -311.704 -2.16415e-08 -2.55765e-11 -1.9649e-08 1
194400 -82.5882 -82.5882 -311.733 -2.3441e-08 4.63527e-09 -2.22911e-08 1
194500 -82.5958 -82.5958 -311.762 -1.8369e-08 2.65774e-09 -2.23854e-08 1
194600 -82.6035 -82.6035 -311.79 -2.26703e-08 2.62405e-09 -2.05876e-08 1
194700 -82.6111 -82.6111 -311.819 -2.41119e-08 3.39626e-09 -2.00462e-08 1
194800 -82.6187 -82.6187 -311.848 -2.61956e-08 5.49821e-09 -2.31797e-08 1
194900 -82.6263 -82.6263 -311.877 -1.67289e-08 4.37898e-09 -1.86364e-08 1
195000 -82.6339 -82.6339 -311.905 -2.24664e-08 2.66712e-09 -1.83915e-08 1
195100 -82.6415 -82.6415 -311.934 -2.15716e-08 2.16912e-09 -1.70451e-08 1
195200 -82.6491 -82.6491 -311.963 -2.04735e-08 2.6676e-09 -1.64552e-08 1
195300 -82.6567 -82.6567 -311.991 -2.38285e-08 3.58073e-09 -1.92578e-08 1
195400 -82.6643 -82.6643 -312.02 -2.14654e-08 2.09241e-09 -1.6426e-08 1
195500 -82.6719 -82.6719 -312.049 -2.17562e-08 7.89158e-10 -1.39904e-08 1
195600 -82.6795 -82.6795 -312.077 -2.00062e-08 4.13933e-09 -1.78194e-08 1
195700 -82.6871 -82.6871 -312.106 -1.78017e-08 1.77443e-09 -1.58267e-08 1
195800 -82.6947 -82.6947 -312.134 -1.76392e-08 2.84436e-09 -1.37808e-08 1
195900 -82.7023 -82.7023 -312.163 -1.08078e-08 3.59659e-09 -1.43923e-08 1
196000 -82.7098 -82.7098 -312.191 -1.47336e-08 2.25813e-09 -1.18928e-08 1
196100 -82.7174 -82.7174 -312.22 -1.57122e-08 3.60125e-09 -1.4115e-08 1
196200 -82.725 -82.725 -312.249 -1.9234e-08 4.1561e-09 -1.6167e-08 1
196300 -82.7325 -82.7325 -312.277 -1.74877e-08 2.02415e-09 -1.36764e-08 1
196400 -82.7401 -82.7401 -312.306 -1.64584e-08 2.00015e-09 -1.24729e-08 1
196500 -82.7477 -82.7477 -312.334 -1.9327e-08 4.53747e-10 -1.09702e-08 1
196600 -82.7552 -82.7552 -312.363 -2.21277e-08 3.38198e-09 -1.40741e-08 1
196700 -82.7628 -82.7628 -312.391 -1.85018e-08 3.43918e-09 -1.29012e-08 1
196800 -82.7703 -82.7703 -312.419 -1.64598e-08 1.53063e-09 -1.07867e-08 1
196900 -82.7779 -82.7779 -312.448 -2.08572e-08 3.1715e-09 -1.37536e-08 1
197000 -82.7854 -82.7854 -312.476 -1.87188e-08 1.85216e-09 -1.20052e-08 1
197100 -82.7929 -82.7929 -312.505 -1.7964e-08 3.022e-09 -1.29236e-08 1
197200 -82.8005 -82.8005 -312.533 -1.98561e-08 3.26651e-11 -1.01323e-08 1
197300 -82.808 -82.808 -312.562 -1.70762e-08 2.46187e-09 -1.19824e-08 1
197400 -82.8155 -82.8155 -312.59 -1.8807e-08 4.88981e-09 -1.44102e-08 1
197500 -82.823 -82.823 -312.618 -1.36826e-08 -6.46586e-10 -7.35739e-09 1
197600 -82.8306 -82.8306 -312.647 -6.11451e-08 -3.08189e-08 3.30134e-08 1
197700 -82.8381 -82.8381 -312.675 -1.11531e-08 2.82373e-09 -9.68617e-09 1
197800 -82.8456 -82.8456 -312.703 -1.50769e-08 1.33023e-09 -8.91364e-09 1
197900 -82.8531 -82.8531 -312.732 -1.53567e-08 3.99873e-09 -1.26321e-08 1
198000 -82.8606 -82.8606 -312.76 -1.07694e-08 1.09043e-09 -5.83051e-09 1
198100 -82.8681 -82.8681 -312.788 -1.49825e-08 4.35117e-09 -9.42736e-09 1
198200 -82.8756 -82.8756 -312.816 -1.4251e-08 2.81927e-09 -9.80516e-09 1
198300 -82.8831 -82.8831 -312.845 -1.25783e-08 2.75202e-09 -1.10108e-08 1
198400 -82.8906 -82.8906 -312.873 -1.15284e-08 4.24939e-09 -1.04629e-08 1
198500 -82.8981 -82.8981 -312.901 -1.24475e-08 4.44181e-09 -1.12943e-08 1
198600 -82.9055 -82.9055 -312.929 -1.35364e-08 1.03496e-09 -6.18423e-09 1
198700 -82.913 -82.913 -312.957 -1.58368e-08 3.8828e-09 -1.02616e-08 1
198800 -82.9205 -82.9205 -312.986 -9.53269e-09 3.68513e-09 -8.6666e-09 1
198900 -82.928 -82.928 -313.014 -1.02076e-08 3.60087e-09 -5.52519e-09 1
199000 -82.9354 -82.9354 -313.042 -1.19328e-08 2.22693e-09 -8.08938e-09 1
199100 -82.9429 -82.9429 -313.07 -1.23108e-08 3.16467e-09 -9.108e-09 1
199200 -82.9504 -82.9504 -313.098 -9.53102e-09 3.32579e-09 -6.353e-09 1
199300 -82.9578 -82.9578 -313.126 -1.34968e-08 2.92634e-09 -7.06551e-09 1
199400 -82.9653 -82.9653 -313.154 -9.6298e-09 2.5866e-09 -7.23275e-09 1
199500 -82.9727 -82.9727 -313.183 2.61224e-08 5.42835e-09 2.03928e-07 1
199600 -82.9802 -82.9802 -313.211 -1.3127e-08 2.56238e-09 -1.11119e-08 1
199700 -82.9876 -82.9876 -313.239 -8.27937e-09 2.20293e-09 -1.44643e-08 1
199800 -82.9951 -82.9951 -313.267 -1.26167e-08 1.50272e-09 -1.15319e-08 1
199900 -83.0025 -83.0025 -313.295 -7.2575e-09 3.80404e-09 -1.02915e-08 1
200000 -83.0099 -83.0099 -313.323 -1.81315e-08 4.101e-09 -1.20622e-08 1
200100 -83.0174 -83.0174 -313.351 -1.27014e-08 2.3665e-09 -1.05758e-08 1
200200 -83.0248 -83.0248 -313.379 -1.22206e-08 -9.59563e-11 -8.34074e-09 1
200300 -83.0322 -83.0322 -313.407 -1.00953e-08 1.636e-09 -8.88589e-09 1
200400 -83.0396 -83.0396 -313.435 -1.23767e-08 1.32302e-09 -1.17795e-08 1
200500 -83.0471 -83.0471 -313.463 -1.52198e-08 3.3238e-09 -9.58901e-09 1
200600 -83.0545 -83.0545 -313.491 -1.07538e-08 4.46543e-09 -1.15563e-08 1
200700 -83.0619 -83.0619 -313.519 -1.22042e-08 3.45149e-09 -9.98721e-09 1
200800 -83.0693 -83.0693 -313.547 -1.48575e-08 2.57049e-09 -1.09051e-08 1
200900 -83.0767 -83.0767 -313.575 -8.93539e-09 2.83298e-09 -8.97615e-09 1
201000 -83.0841 -83.0841 -313.602 -1.29739e-08 3.59677e-09 -1.1029e-08 1
201100 -83.0915 -83.0915 -313.63 -1.39509e-08 4.00131e-09 -1.18988e-08 1
201200 -83.0989 -83.0989 -313.658 -1.09266e-08 1.06414e-09 -5.36959e-09 1
201300 -83.1063 -83.1063 -313.686 -3.94187e-09 5.20983e-10 -4.28136e-09 1
201400 -83.1137 -83.1137 -313.714 -1.36245e-08 3.57019e-09 -9.2236e-09 1
201500 -83.121 -83.121 -313.742 -6.21189e-09 2.46687e-09 -7.65144e-09 1
201600 -83.1284 -83.1284 -313.77 -6.66016e-09 6.15627e-10 -6.51193e-09 1
201700 -83.1358 -83.1358 -313.797 -5.95907e-09 1.65318e-09 -6.17243e-09 1
201800 -83.1432 -83.1432 -313.825 -9.18259e-09 6.61796e-10 -4.62081e-09 1
201900 -83.1505 -83.1505 -313.853 -9.34699e-09 3.74796e-09 -7.58827e-09 1
202000 -83.1579 -83.1579 -313.881 -5.90822e-09 2.22273e-09 -6.65396e-09 1
202100 -83.1653 -83.1653 -313.908 -9.54073e-09 2.44578e-09 -6.45124e-09 1
202200 -83.1726 -83.1726 -313.936 -1.06199e-08 2.28923e-09 -8.39492e-09 1
202300 -83.18 -83.18 -313.964 -6.3226e-09 2.11382e-09 -5.52993e-09 1
202400 -83.1873 -83.1873 -313.992 -6.18393e-09 3.09325e-09 -6.70287e-09 1
202500 -83.1947 -83.1947 -314.019 -7.57439e-09 2.00633e-09 -4.82249e-09 1
202600 -83.202 -83.202 -314.047 -7.9182e-09 3.74771e-09 -8.08758e-09 1
202700 -83.2094 -83.2094 -314.075 -6.52656e-09 -7.04567e-10 -2.62877e-09 1
202800 -83.2167 -83.2167 -314.102 -4.3795e-09 3.86816e-10 -3.96481e-09 1
202900 -83.2241 -83.2241 -314.13 -2.17152e-09 1.12048e-09 -3.42494e-09 1
203000 -83.2314 -83.2314 -314.158 -5.19745e-09 -1.10916e-09 -3.49335e-09 1
203100 -83.2387 -83.2387 -314.185 -4.81095e-09 6.81979e-10 -4.43925e-09 1
203200 -83.246 -83.246 -314.213 -4.27513e-09 2.37975e-09 -4.60516e-09 1
203300 -83.2534 -83.2534 -314.241 -3.44377e-09 -7.35137e-10 -3.17654e-09 1
203400 -83.2607 -83.2607 -314.268 -1.01679e-08 3.34392e-09 -9.18727e-09 1
203500 -83.268 -83.268 -314.296 -1.85475e-09 3.22398e-09 -6.32428e-09 1
203600 -83.2753 -83.2753 -314.323 -1.18591e-08 1.52016e-09 -7.07325e-09 1
203700 -83.2826 -83.2826 -314.351 -5.47899e-09 2.57839e-09 -4.70479e-09 1
203800 -83.2899 -83.2899 -314.378 -9.43125e-09 3.33024e-09 -7.24792e-09 1
203900 -83.2972 -83.2972 -314.406 -2.45787e-09 -8.15173e-10 -2.03223e-09 1
204000 -83.3045 -83.3045 -314.433 -7.46042e-09 9.11435e-10 -4.76787e-09 1
204100 -83.3118 -83.3118 -314.461 -8.87254e-09 3.27208e-09 -6.67625e-09 1
204200 -83.3191 -83.3191 -314.488 -5.17717e-09 -1.90937e-10 -3.87575e-09 1
204300 -83.3264 -83.3264 -314.516 -9.74686e-09 2.51569e-09 -6.08714e-09 1
204400 -83.3337 -83.3337 -314.543 -2.86406e-08 1.71319e-08 9.49562e-08 1
204500 -83.341 -83.341 -314.571 -6.16473e-09 -5.66225e-10 -4.27502e-09 1
204600 -83.3483 -83.3483 -314.598 -2.8721e-09 5.99797e-10 -3.47656e-09 1
204700 -83.3555 -83.3555 -314.626 -4.14548e-09 -1.61585e-09 -4.02165e-09 1
204800 -83.3628 -83.3628 -314.653 -9.20249e-10 -6.49531e-10 -3.06835e-09 1
204900 -83.3701 -83.3701 -314.681 -7.75537e-09 -5.12412e-10 -4.87711e-09 1
205000 -83.3773 -83.3773 -314.708 -3.35362e-09 1.22958e-10 -3.797e-09 1
205100 -83.3846 -83.3846 -314.735 -8.39704e-09 7.09912e-10 -3.16221e-09 1
205200 -83.3919 -83.3919 -314.763 -8.60161e-09 1.29519e-09 -7.32236e-09 1
205300 -83.3991 -83.3991 -314.79 -3.57369e-09 7.33085e-11 -4.24366e-09 1
205400 -83.4064 -83.4064 -314.817 -7.49886e-10 -2.89185e-09 -3.5629e-10 1
205500 -83.4136 -83.4136 -314.845 -3.73308e-09 1.18726e-09 -4.486e-09 1
205600 -83.4209 -83.4209 -314.872 -4.18871e-09 -9.52374e-10 -4.017e-09 1
205700 -83.4281 -83.4281 -314.899 -5.73381e-09 8.605e-10 -4.39457e-09 1
205800 -83.4354 -83.4354 -314.927 -3.62088e-09 7.81472e-10 -6.02874e-09 1
205900 -83.4426 -83.4426 -314.954 1.01649e-09 2.43322e-09 -4.62578e-09 1
206000 -83.4498 -83.4498 -314.981 -3.02028e-09 4.18222e-10 -2.53534e-09 1
206100 -83.4571 -83.4571 -315.008 -7.05176e-10 -3.0272e-09 3.16841e-10 1
206200 -83.4643 -83.4643 -315.036 -2.69673e-09 -7.94941e-10 -2.78719e-09 1
206300 -83.4715 -83.4715 -315.063 -3.37121e-09 2.53127e-09 -5.69341e-09 1
206400 -83.4787 -83.4787 -315.09 -7.33103e-09 1.18449e-09 -5.35531e-09 1
206500 -83.4859 -83.4859 -315.117 -4.15222e-09 2.30558e-10 -3.85424e-09 1
206600 -83.4932 -83.4932 -315.145 -1.54585e-09 -1.00375e-09 -3.09553e-09 1
206700 -83.5004 -83.5004 -315.172 -9.20293e-10 -9.32998e-11 -2.55116e-09 1
206800 -83.5076 -83.5076 -315.199 -4.05675e-09 9.7912e-10 -4.76995e-09 1
206900 -83.5148 -83.5148 -315.226 -3.53197e-09 -1.9284e-10 -3.48497e-09 1
207000 -83.522 -83.522 -315.253 1.07241e-09 -1.1261e-09 -1.37922e-09 1
207100 -83.5292 -83.5292 -315.28 -1.05018e-09 1.07543e-09 -6.59993e-09 1
207200 -83.5364 -83.5364 -315.307 1.4151e-09 -1.08992e-09 -3.7921e-09 1
207300 -83.5436 -83.5436 -315.335 1.03827e-09 6.27682e-10 -2.96597e-09 1
207400 -83.5508 -83.5508 -315.362 -1.89712e-09 4.07864e-10 -4.98832e-09 1
207500 -83.5579 -83.5579 -315.389 3.6742e-09 4.86269e-10 -2.14111e-09 1
207600 -83.5651 -83.5651 -315.416 -2.37434e-09 2.46896e-11 -2.00427e-09 1
207700 -83.5723 -83.5723 -315.443 -4.15115e-09 -7.35814e-11 -3.0893e-09 1
207800 -83.5795 -83.5795 -315.47 -2.81154e-09 -1.28567e-09 -2.8786e-09 1
207900 -83.5866 -83.5866 -315.497 5.34761e-09 -5.61098e-10 7.79794e-10 1
208000 -83.5938 -83.5938 -315.524 -4.18267e-09 1.92468e-10 -2.42599e-09 1
208100 -83.601 -83.601 -315.551 4.08102e-09 -1.6051e-09 -6.18584e-10 1
208200 -83.6081 -83.6081 -315.578 -1.88947e-09 3.53454e-10 -3.76871e-09 1
208300 -83.6153 -83.6153 -315.605 3.47575e-09 -1.8467e-09 1.63889e-09 1
208400 -83.6225 -83.6225 -315.632 -1.92215e-09 4.65533e-10 -6.2006e-09 1
208500 -83.6296 -83.6296 -315.659 2.84609e-10 -9.53648e-10 -2.61703e-09 1
208600 -83.6368 -83.6368 -315.686 -2.25449e-09 1.812e-09 -5.76949e-09 1
208700 -83.6439 -83.6439 -315.713 -8.62052e-10 2.77823e-10 -2.76238e-09 1
208800 -83.6511 -83.6511 -315.74 -2.28647e-09 -6.75496e-10 -3.48892e-09 1
208900 -83.6582 -83.6582 -315.767 2.94724e-09 1.54648e-09 -3.14229e-09 1
209000 -83.6653 -83.6653 -315.794 -1.5743e-09 -4.34728e-10 -3.37056e-09 1
209100 -83.6725 -83.6725 -315.821 1.70832e-09 -2.22e-09 -5.21927e-10 1
209200 -83.6796 -83.6796 -315.847 2.05782e-09 8.5016e-11 -2.27161e-09 1
209300 -83.6867 -83.6867 -315.874 1.79946e-09 -2.7697e-10 -2.71867e-09 1
209400 -83.6939 -83.6939 -315.901 1.00759e-09 8.45517e-10 -1.7002e-09 1
209500 -83.701 -83.701 -315.928 -2.80263e-09 1.32828e-09 -4.48099e-09 1
209600 -83.7081 -83.7081 -315.955 3.22639e-10 2.46111e-09 -1.67455e-09 1
209700 -83.7152 -83.7152 -315.982 -2.54233e-09 1.26585e-09 -3.23528e-09 1
209800 -83.7223 -83.7223 -316.008 -1.34934e-09 1.25528e-09 -1.8642e-09 1
209900 -83.7294 -83.7294 -316.035 -3.2771e-09 1.98004e-09 -3.98553e-09 1
210000 -83.7365 -83.7365 -316.062 -6.59317e-10 9.61158e-10 -2.42834e-09 1
210100 -83.7436 -83.7436 -316.089 -3.82299e-10 4.45982e-10 -3.21478e-09 1
210200 -83.7507 -83.7507 -316.116 -1.68882e-09 6.26405e-10 -2.41683e-09 1
210300 -83.7578 -83.7578 -316.142 -5.34794e-09 1.49689e-09 -4.09556e-09 1
210400 -83.7649 -83.7649 -316.169 -6.87242e-09 1.82204e-09 -5.69693e-09 1
210500 -83.772 -83.772 -316.196 -6.00376e-09 4.48061e-09 -7.06406e-09 1
210600 -83.7791 -83.7791 -316.223 -5.44917e-09 4.29249e-09 -6.47529e-09 1
210700 -83.7862 -83.7862 -316.249 -3.9041e-09 2.03186e-09 -2.54221e-09 1
210800 -83.7933 -83.7933 -316.276 -1.85359e-09 1.6279e-09 -3.62534e-09 1
210900 -83.8004 -83.8004 -316.303 1.24451e-10 1.03143e-09 -1.89418e-09 1
211000 -83.8074 -83.8074 -316.329 -7.80389e-09 6.54643e-10 -2.68193e-09 1
211100 -83.8145 -83.8145 -316.356 1.14955e-09 -6.88755e-10 -1.2467e-10 1
211200 -83.8216 -83.8216 -316.383 -2.71584e-09 3.05971e-09 -8.23472e-10 1
211300 -83.8286 -83.8286 -316.409 -5.51444e-09 2.12189e-09 -4.71006e-09 1
211400 -83.8357 -83.8357 -316.436 8.58254e-10 5.85549e-10 -3.03815e-09 1
211500 -83.8428 -83.8428 -316.462 -1.86059e-09 1.0676e-09 2.52288e-09 1
211600 -83.8498 -83.8498 -316.489 -2.84719e-09 -3.04314e-09 1.42369e-09 1
211700 -83.8569 -83.8569 -316.516 -4.51081e-09 1.64607e-09 -3.62667e-09 1
211800 -83.8639 -83.8639 -316.542 -5.12713e-09 6.50536e-10 -2.64989e-09 1
211900 -83.871 -83.871 -316.569 -2.57252e-09 2.63034e-10 -2.14211e-09 1
212000 -83.878 -83.878 -316.595 -3.08229e-09 -3.41399e-10 -5.2255e-10 1
212100 -83.8851 -83.8851 -316.622 -1.03856e-09 1.3295e-09 -3.48891e-09 1
212200 -83.8921 -83.8921 -316.648 5.51728e-09 1.59609e-09 -2.72724e-09 1
212300 -83.8991 -83.8991 -316.675 -1.15955e-09 5.71475e-10 -5.99373e-10 1
212400 -83.9062 -83.9062 -316.701 -2.04903e-09 1.3464e-09 -2.39096e-09 1
212500 -83.9132 -83.9132 -316.728 -3.85553e-09 6.17006e-10 -1.45352e-09 1
212600 -83.9202 -83.9202 -316.754 -5.37247e-10 -7.8704e-10 1.13768e-09 1
212700 -83.9272 -83.9272 -316.781 3.29727e-09 -1.68072e-09 2.9719e-09 1
212800 -83.9343 -83.9343 -316.807 -5.93287e-09 3.21161e-09 -5.42398e-09 1
212900 -83.9413 -83.9413 -316.834 1.57413e-09 -3.50205e-10 1.12611e-09 1
213000 -83.9483 -83.9483 -316.86 -3.10677e-10 -8.20278e-10 -6.86932e-10 1
213100 -83.9553 -83.9553 -316.887 -1.52419e-09 -2.5187e-10 -1.33283e-09 1
213200 -83.9623 -83.9623 -316.913 -2.06101e-09 1.44408e-09 -3.2723e-09 1
213300 -83.9693 -83.9693 -316.94 1.11568e-09 1.67243e-09 -1.6649e-09 1
213400 -83.9763 -83.9763 -316.966 -2.45433e-09 1.56729e-09 -3.43784e-09 1
213500 -83.9833 -83.9833 -316.992 6.45896e-10 -1.30373e-09 3.67394e-10 1
213600 -83.9903 -83.9903 -317.019 -2.08185e-09 1.84177e-09 -3.00681e-09 1
213700 -83.9973 -83.9973 -317.045 2.79015e-09 4.67684e-10 1.83096e-09 1
213800 -84.0043 -84.0043 -317.071 -2.92871e-09 2.92018e-09 -3.95061e-09 1
213900 -84.0113 -84.0113 -317.098 -2.89348e-09 -2.91208e-10 1.24855e-09 1
214000 -84.0183 -84.0183 -317.124 9.36073e-10 -9.04485e-10 8.54435e-10 1
214100 -84.0252 -84.0252 -317.15 -1.45802e-09 1.82657e-09 -2.43524e-09 1
214200 -84.0322 -84.0322 -317.177 -1.02129e-09 -9.17319e-10 1.5986e-10 1
214300 -84.0392 -84.0392 -317.203 6.41981e-09 4.99252e-10 3.17036e-09 1
214400 -84.0462 -84.0462 -317.229 3.57785e-09 -2.12806e-09 3.00089e-09 1
214500 -84.0531 -84.0531 -317.256 1.31579e-09 -1.39028e-09 -7.57223e-10 1
214600 -84.0601 -84.0601 -317.282 -9.9318e-11 -1.38464e-10 2.85734e-09 1
214700 -84.0671 -84.0671 -317.308 -1.25656e-09 -1.34227e-09 3.69199e-10 1
214800 -84.074 -84.074 -317.334 2.58702e-09 -1.21574e-09 1.00845e-09 1
214900 -84.081 -84.081 -317.361 5.68346e-10 2.20028e-09 -5.34417e-10 1
215000 -84.0879 -84.0879 -317.387 8.95984e-11 9.25275e-10 -4.63628e-11 1
215100 -84.0949 -84.0949 -317.413 1.85725e-09 -1.30539e-09 3.90423e-10 1
215200 -84.1018 -84.1018 -317.439 9.35598e-08 1.08043e-08 1.1389e-07 1
215300 -84.1088 -84.1088 -317.465 9.33346e-10 -6.99786e-10 -3.57871e-09 1
215400 -84.1157 -84.1157 -317.491 -4.34971e-09 -6.89417e-10 -2.56084e-09 1
215500 -84.1227 -84.1227 -317.518 -3.93284e-09 9.51826e-10 -3.78482e-09 1
215600 -84.1296 -84.1296 -317.544 3.7351e-09 -3.28172e-10 -1.82571e-09 1
215700 -84.1365 -84.1365 -317.57 1.48727e-09 -2.26938e-09 1.51811e-09 1
215800 -84.1435 -84.1435 -317.596 -5.00505e-09 -2.48179e-10 -1.08241e-09 1
215900 -84.1504 -84.1504 -317.622 -2.74509e-09 -5.04013e-10 -2.75148e-09 1
216000 -84.1573 -84.1573 -317.648 -1.8074e-09 -2.19548e-09 -2.32416e-09 1
216100 -84.1642 -84.1642 -317.674 -3.60026e-09 -3.54919e-09 -6.39624e-10 1
216200 -84.1711 -84.1711 -317.7 -2.19611e-10 -1.7788e-09 -1.39824e-09 1
216300 -84.1781 -84.1781 -317.727 -1.15531e-09 -2.79384e-09 7.30337e-10 1
216400 -84.185 -84.185 -317.753 -6.82152e-10 -2.33566e-09 1.37496e-09 1
216500 -84.1919 -84.1919 -317.779 -1.14982e-09 1.21323e-09 -2.38937e-09 1
216600 -84.1988 -84.1988 -317.805 4.34827e-10 -3.21859e-09 9.06754e-10 1
216700 -84.2057 -84.2057 -317.831 1.05623e-09 -1.10135e-10 -2.24662e-09 1
216800 -84.2126 -84.2126 -317.857 -2.12135e-09 -6.22262e-10 -1.71941e-09 1
216900 -84.2195 -84.2195 -317.883 -4.04295e-10 -1.89229e-09 -1.06194e-09 1
217000 -84.2264 -84.2264 -317.909 -4.11489e-09 -1.95717e-09 -1.7841e-09 1
217100 -84.2333 -84.2333 -317.935 -1.82484e-09 -5.82125e-10 -1.37769e-09 1
217200 -84.2402 -84.2402 -317.961 3.75589e-09 -2.74226e-09 1.87198e-09 1
217300 -84.247 -84.247 -317.987 -1.43848e-09 1.10812e-10 -3.86549e-10 1
217400 -84.2539 -84.2539 -318.013 -3.26698e-09 -2.62279e-09 -8.7445e-10 1
217500 -84.2608 -84.2608 -318.038 6.50174e-09 -2.97305e-09 2.99493e-09 1
217600 -84.2677 -84.2677 -318.064 -9.95841e-10 -4.05836e-09 2.275e-11 1
217700 -84.2746 -84.2746 -318.09 -4.03796e-10 -1.77679e-09 -1.94583e-09 1
217800 -84.2814 -84.2814 -318.116 -4.73996e-09 9.52588e-10 -5.55977e-09 1
217900 -84.2883 -84.2883 -318.142 -4.81969e-09 -2.01837e-11 -4.29523e-09 1
218000 -84.2952 -84.2952 -318.168 -3.57267e-09 6.50873e-12 -3.97203e-09 1
218100 -84.302 -84.302 -318.194 2.71951e-09 -1.46898e-09 2.09636e-09 1
218200 -84.3089 -84.3089 -318.22 -5.22223e-09 9.49838e-11 -2.99956e-09 1
218300 -84.3157 -84.3157 -318.246 -1.29095e-09 -6.14961e-10 -2.00671e-10 1
218400 -84.3226 -84.3226 -318.271 -2.11671e-09 1.05164e-09 -2.99638e-09 1
218500 -84.3295 -84.3295 -318.297 -2.13513e-09 -2.33898e-09 -8.80589e-11 1
218600 -84.3363 -84.3363 -318.323 1.85097e-09 -6.8803e-10 -1.04795e-10 1
218700 -84.3431 -84.3431 -318.349 5.14043e-10 -2.31413e-09 9.32251e-10 1
218800 -84.35 -84.35 -318.375 -2.8857e-09 -2.60534e-10 -1.9286e-09 1
218900 -84.3568 -84.3568 -318.4 -4.49002e-10 -3.01522e-09 3.62234e-09 1
219000 -84.3637 -84.3637 -318.426 2.74054e-09 -5.10924e-11 -1.34002e-09 1
219100 -84.3705 -84.3705 -318.452 -9.6061e-10 5.38394e-10 -2.09702e-09 1
219200 -84.3773 -84.3773 -318.478 -7.84262e-10 -2.77603e-10 -2.19199e-09 1
219300 -84.3842 -84.3842 -318.503 -1.30811e-09 -1.42988e-09 -2.23239e-09 1
219400 -84.391 -84.391 -318.529 -1.95876e-09 1.05772e-09 -2.5015e-09 1
219500 -84.3978 -84.3978 -318.555 -4.97051e-09 -1.08385e-09 -2.57268e-09 1
219600 -84.4046 -84.4046 -318.581 -2.80078e-10 -3.28226e-09 2.71357e-09 1
219700 -84.4114 -84.4114 -318.606 9.52993e-10 -7.90672e-10 -9.62659e-10 1
219800 -84.4183 -84.4183 -318.632 -1.31735e-09 -1.20401e-09 -4.44761e-09 1
219900 -84.4251 -84.4251 -318.658 -1.96234e-09 6.57432e-10 -3.17459e-10 1
220000 -84.4319 -84.4319 -318.683 -2.23827e-09 -2.59988e-10 -7.96737e-10 1
220100 -84.4387 -84.4387 -318.709 5.22608e-08 -2.64223e-08 9.74892e-08 1
220200 -84.4455 -84.4455 -318.735 -2.38102e-09 9.87956e-13 -2.17433e-09 1
220300 -84.4523 -84.4523 -318.76 -3.053e-09 2.17229e-09 -1.28531e-09 1
220400 -84.4591 -84.4591 -318.786 1.85733e-09 -2.12006e-09 -1.83187e-09 1
220500 -84.4659 -84.4659 -318.812 8.82914e-10 7.34998e-10 -3.81482e-09 1
220600 -84.4727 -84.4727 -318.837 -1.10522e-09 2.20419e-10 -3.14149e-09 1
220700 -84.4795 -84.4795 -318.863 2.99282e-09 1.01115e-09 -3.77197e-09 1
220800 -84.4862 -84.4862 -318.888 -1.77291e-09 -1.5157e-09 -1.4132e-09 1
220900 -84.493 -84.493 -318.914 -8.16908e-10 -7.58191e-10 -2.16532e-09 1
221000 -84.4998 -84.4998 -318.939 1.3043e-09 -3.74915e-10 -2.02596e-09 1
221100 -84.5066 -84.5066 -318.965 6.1125e-09 1.52684e-09 -2.87344e-09 1
221200 -84.5134 -84.5134 -318.991 -2.66462e-09 -1.35616e-10 -2.81753e-09 1
221300 -84.5201 -84.5201 -319.016 -1.17607e-10 3.26207e-09 -2.66532e-09 1
221400 -84.5269 -84.5269 -319.042 -2.84397e-09 7.69584e-10 -4.5634e-09 1
221500 -84.5337 -84.5337 -319.067 -3.50473e-09 1.37432e-09 -4.51975e-09 1
221600 -84.5404 -84.5404 -319.093 -3.66214e-09 -3.59093e-10 -3.34467e-09 1
221700 -84.5472 -84.5472 -319.118 -2.84943e-11 1.2736e-09 -2.69503e-09 1
221800 -84.5539 -84.5539 -319.144 -4.68539e-09 2.38166e-09 -6.56522e-09 1
221900 -84.5607 -84.5607 -319.169 -2.96457e-10 5.6308e-10 -3.11245e-09 1
222000 -84.5674 -84.5674 -319.194 -5.63672e-09 -1.00626e-10 -2.24304e-09 1
222100 -84.5742 -84.5742 -319.22 3.04314e-09 6.18852e-10 7.87966e-10 1
222200 -84.5809 -84.5809 -319.245 -6.96831e-09 2.64945e-09 -6.68835e-09 1
222300 -84.5877 -84.5877 -319.271 4.91472e-09 -2.15259e-09 1.43775e-09 1
222400 -84.5944 -84.5944 -319.296 -4.08881e-09 1.91056e-09 -5.48525e-09 1
222500 -84.6012 -84.6012 -319.322 9.34441e-10 1.59416e-09 -2.67053e-09 1
222600 -84.6079 -84.6079 -319.347 7.60429e-11 2.08274e-09 -3.55247e-09 1
222700 -84.6146 -84.6146 -319.372 4.57829e-09 -2.72395e-10 8.49697e-12 1
222800 -84.6214 -84.6214 -319.398 -2.4798e-09 -7.3708e-10 -3.79755e-10 1
222900 -84.6281 -84.6281 -319.423 3.31113e-11 2.43327e-10 -1.00791e-09 1
223000 -84.6348 -84.6348 -319.448 1.33251e-09 -2.16753e-09 -2.52863e-09 1
223100 -84.6415 -84.6415 -319.474 2.05621e-07 -2.0866e-08 9.70811e-08 1
223200 -84.6483 -84.6483 -319.499 -6.50908e-09 7.85446e-10 -7.41653e-09 1
223300 -84.655 -84.655 -319.524 -4.20225e-09 1.57267e-09 -6.71403e-09 1
223400 -84.6617 -84.6617 -319.55 2.61488e-09 4.06377e-12 -9.96257e-10 1
223500 -84.6684 -84.6684 -319.575 -8.13812e-10 7.31301e-10 -3.20641e-09 1
223600 -84.6751 -84.6751 -319.6 -3.86473e-09 2.51828e-09 -7.04941e-09 1
223700 -84.6818 -84.6818 -319.626 -2.40695e-09 9.12742e-10 -3.76615e-09 1
223800 -84.6885 -84.6885 -319.651 -4.89217e-09 1.06613e-09 -4.74876e-09 1
223900 -84.6952 -84.6952 -319.676 -1.98886e-09 1.26457e-09 -3.96181e-09 1
224000 -84.7019 -84.7019 -319.701 -1.75389e-10 -1.19011e-09 -2.12371e-10 1
224100 -84.7086 -84.7086 -319.727 -6.48873e-09 1.30059e-09 -4.45052e-09 1
224200 -84.7153 -84.7153 -319.752 1.78538e-09 -1.46497e-09 -2.32322e-10 1
224300 -84.722 -84.722 -319.777 -4.25932e-09 3.44827e-09 -6.61043e-09 1
224400 -84.7287 -84.7287 -319.802 5.55015e-10 1.3417e-09 -3.36574e-09 1
224500 -84.7353 -84.7353 -319.827 5.30621e-10 -1.23316e-09 -1.81427e-09 1
224600 -84.742 -84.742 -319.853 3.22672e-10 -5.86213e-11 -7.45044e-10 1
224700 -84.7487 -84.7487 -319.878 -4.17568e-09 2.22383e-09 -6.50016e-09 1
224800 -84.7554 -84.7554 -319.903 -6.38591e-09 1.559e-10 -5.26227e-09 1
224900 -84.762 -84.762 -319.928 2.18014e-09 -1.76426e-09 1.61371e-09 1
225000 -84.7687 -84.7687 -319.953 -1.8112e-09 9.65631e-10 -3.55631e-09 1
225100 -84.7754 -84.7754 -319.978 -2.0078e-09 -2.0966e-10 -5.82404e-10 1
225200 -84.782 -84.782 -320.004 -3.81732e-09 2.21571e-09 -3.91786e-09 1
225300 -84.7887 -84.7887 -320.029 3.17825e-09 -1.06862e-09 1.01108e-09 1
225400 -84.7954 -84.7954 -320.054 -2.38998e-09 1.21129e-09 -4.50524e-09 1
225500 -84.802 -84.802 -320.079 -5.47768e-09 -1.61783e-09 -2.47103e-09 1
225600 -84.8087 -84.8087 -320.104 -2.83872e-10 4.42932e-10 -2.36035e-09 1
225700 -84.8153 -84.8153 -320.129 4.34682e-10 1.22881e-09 -2.35576e-09 1
225800 -84.822 -84.822 -320.154 -2.85441e-09 2.2156e-10 -3.17598e-09 1
225900 -84.8286 -84.8286 -320.179 -3.07338e-09 1.79913e-09 -3.92411e-09 1
226000 -84.8353 -84.8353 -320.204 -1.41798e-09 2.2788e-10 -2.03576e-09 1
226100 -84.8419 -84.8419 -320.229 -2.40021e-09 1.61194e-09 -2.8223e-09 1
226200 -84.8485 -84.8485 -320.254 -2.26777e-09 1.30116e-10 7.1439e-10 1
226300 -84.8552 -84.8552 -320.279 -5.16963e-09 -1.34312e-09 -2.03641e-09 1
226400 -84.8618 -84.8618 -320.304 8.07713e-10 8.55605e-10 -2.44838e-09 1
226500 -84.8684 -84.8684 -320.329 -2.35566e-09 -6.59622e-10 3.41199e-10 1
226600 -84.8751 -84.8751 -320.354 -9.45254e-10 -1.3157e-09 -1.46951e-09 1
226700 -84.8817 -84.8817 -320.379 -1.10558e-09 -3.1472e-10 -2.4283e-09 1
226800 -84.8883 -84.8883 -320.404 -8.11882e-09 1.2688e-09 -3.88911e-09 1
226900 -84.8949 -84.8949 -320.429 -1.77191e-09 1.35668e-09 -1.89058e-09 1
227000 -84.9015 -84.9015 -320.454 -8.46183e-10 1.46352e-10 -2.08309e-09 1
227100 -84.9082 -84.9082 -320.479 7.03413e-10 6.18834e-12 -1.38737e-09 1
227200 -84.9148 -84.9148 -320.504 -1.8143e-09 9.93439e-11 -3.17999e-09 1
227300 -84.9214 -84.9214 -320.529 -2.41051e-09 -8.11107e-10 -1.81613e-09 1
227400 -84.928 -84.928 -320.554 -4.90746e-09 -4.26402e-10 -3.13188e-09 1
227500 -84.9346 -84.9346 -320.579 -2.84597e-09 1.59355e-09 -4.33673e-09 1
227600 -84.9412 -84.9412 -320.603 -1.76238e-09 1.92266e-09 -2.2534e-09 1
227700 -84.9478 -84.9478 -320.628 1.26699e-09 -4.7305e-10 1.75501e-10 1
227800 -84.9544 -84.9544 -320.653 -1.90189e-09 -2.15375e-10 -3.58676e-10 1
227900 -84.961 -84.961 -320.678 1.22406e-07 6.86558e-08 -3.67865e-09 1
228000 -84.9675 -84.9675 -320.703 -6.68177e-09 -1.67845e-09 4.72301e-10 1
228100 -84.9741 -84.9741 -320.728 -2.31205e-09 1.09131e-09 -6.55736e-09 1
228200 -84.9807 -84.9807 -320.752 -1.02243e-09 -1.25229e-09 -9.50164e-11 1
228300 -84.9873 -84.9873 -320.777 1.4412e-09 -1.31927e-09 1.23599e-10 1
228400 -84.9939 -84.9939 -320.802 -1.62233e-09 -2.55352e-09 2.73287e-10 1
228500 -85.0005 -85.0005 -320.827 -2.59494e-09 -2.92821e-09 -3.25992e-09 1
228600 -85.007 -85.007 -320.852 1.08936e-09 -2.65776e-09 8.45129e-10 1
228700 -85.0136 -85.0136 -320.876 -5.4165e-09 -8.96736e-10 -2.62648e-09 1
228800 -85.0202 -85.0202 -320.901 -6.03612e-09 -1.35795e-10 -5.09949e-09 1
228900 -85.0267 -85.0267 -320.926 8.97025e-10 -7.44869e-10 -4.11078e-10 1
229000 -85.0333 -85.0333 -320.951 -2.76394e-09 1.34315e-09 -4.1958e-09 1
229100 -85.0399 -85.0399 -320.975 -2.73146e-09 -1.94694e-09 -3.81737e-10 1
229200 -85.0464 -85.0464 -321 -5.25584e-09 -1.56748e-10 1.24902e-10 1
229300 -85.053 -85.053 -321.025 -4.20199e-09 -7.03454e-10 -1.90387e-09 1
229400 -85.0595 -85.0595 -321.05 7.03362e-10 -1.93615e-09 1.0593e-09 1
229500 -85.0661 -85.0661 -321.074 -2.61404e-09 -1.0189e-09 3.06745e-09 1
229600 -85.0726 -85.0726 -321.099 -1.01252e-09 -1.19005e-09 -1.30115e-09 1
229700 -85.0792 -85.0792 -321.124 -4.81354e-10 -8.51761e-10 -8.27035e-11 1
229800 -85.0857 -85.0857 -321.148 -5.75934e-09 -6.84844e-10 -3.77766e-09 1
229900 -85.0922 -85.0922 -321.173 -2.1899e-09 -5.17216e-10 -1.2722e-09 1
230000 -85.0988 -85.0988 -321.198 -7.9082e-09 -1.05508e-10 -1.71819e-09 1
230100 -85.1053 -85.1053 -321.222 -3.1204e-09 4.83864e-10 -2.94001e-10 1
230200 -85.1118 -85.1118 -321.247 7.37895e-08 -7.80756e-09 1.01727e-08 1
230300 -85.1184 -85.1184 -321.271 -7.79286e-09 9.27541e-10 -4.03997e-09 1
230400 -85.1249 -85.1249 -321.296 -4.51206e-09 -1.01616e-09 -4.52134e-10 1
230500 -85.1314 -85.1314 -321.321 -7.40972e-09 2.89484e-10 -1.26661e-09 1
230600 -85.1379 -85.1379 -321.345 -9.01438e-09 -1.94553e-10 -2.52886e-09 1
230700 -85.1445 -85.1445 -321.37 -2.59592e-09 7.11792e-10 -1.49222e-09 1
230800 -85.151 -85.151 -321.394 -7.81497e-09 1.53468e-09 -2.13815e-09 1
230900 -85.1575 -85.1575 -321.419 -6.3439e-09 1.32985e-09 -1.19232e-09 1
231000 -85.164 -85.164 -321.443 -1.17914e-09 -1.2443e-09 8.54166e-11 1
231100 -85.1705 -85.1705 -321.468 -3.85963e-09 2.12713e-10 -1.42134e-09 1
231200 -85.177 -85.177 -321.492 -2.82593e-10 -3.07627e-09 4.18826e-09 1
231300 -85.1835 -85.1835 -321.517 -2.47182e-09 -9.5337e-10 -1.53881e-09 1
231400 -85.19 -85.19 -321.541 -2.44304e-10 7.8667e-10 -2.4067e-09 1
231500 -85.1965 -85.1965 -321.566 -3.13306e-09 -5.63714e-10 5.32667e-10 1
231600 -85.203 -85.203 -321.59 2.07015e-09 -7.52014e-10 -9.46235e-10 1
231700 -85.2095 -85.2095 -321.615 -2.43287e-09 4.04638e-10 -1.88476e-09 1
231800 -85.216 -85.216 -321.639 -9.13975e-10 3.07485e-09 1.19259e-09 1
231900 -85.2225 -85.2225 -321.664 -3.93378e-09 5.54408e-11 -1.30565e-09 1
232000 -85.229 -85.229 -321.688 1.27491e-09 -2.18537e-09 7.76704e-10 1
232100 -85.2354 -85.2354 -321.713 -3.0742e-09 -1.58688e-09 2.13328e-09 1
232200 -85.2419 -85.2419 -321.737 8.19473e-08 -5.28604e-08 9.57076e-08 1
232300 -85.2484 -85.2484 -321.762 -7.43371e-09 3.12677e-10 -1.44925e-09 1
232400 -85.2549 -85.2549 -321.786 -6.40885e-09 2.29725e-10 -2.3102e-09 1
232500 -85.2613 -85.2613 -321.81 -7.17294e-09 4.82843e-10 -3.08578e-09 1
232600 -85.2678 -85.2678 -321.835 -2.78878e-09 4.41622e-09 -5.39191e-09 1
232700 -85.2743 -85.2743 -321.859 -4.85764e-09 8.19589e-10 -1.73653e-09 1
232800 -85.2807 -85.2807 -321.884 -5.68581e-09 -1.65944e-11 -1.1902e-09 1
232900 -85.2872 -85.2872 -321.908 -9.9317e-09 1.05226e-09 -3.18746e-09 1
233000 -85.2937 -85.2937 -321.932 -7.49949e-09 5.35657e-10 -2.96581e-09 1
233100 -85.3001 -85.3001 -321.957 -1.04113e-09 4.9648e-10 -1.54799e-09 1
233200 -85.3066 -85.3066 -321.981 -3.92821e-09 4.49998e-11 -1.7009e-09 1
233300 -85.313 -85.313 -322.005 -3.39168e-09 -1.23871e-09 5.65594e-10 1
233400 -85.3195 -85.3195 -322.03 -6.34248e-09 -9.31523e-10 -2.14715e-09 1
233500 -85.3259 -85.3259 -322.054 -6.26524e-09 -6.45542e-10 -2.5052e-09 1
233600 -85.3324 -85.3324 -322.078 2.31396e-10 -3.60858e-09 2.80078e-09 1
233700 -85.3388 -85.3388 -322.102 -1.05086e-09 -2.56962e-09 2.38613e-09 1
233800 -85.3453 -85.3453 -322.127 -3.99037e-09 3.97889e-10 -4.42134e-09 1
233900 -85.3517 -85.3517 -322.151 -5.25331e-09 -4.15719e-10 2.91445e-10 1
234000 -85.3581 -85.3581 -322.175 -6.76977e-09 3.26281e-09 -4.72077e-09 1
234100 -85.3646 -85.3646 -322.199 -5.49843e-09 2.7724e-09 -5.12764e-09 1
234200 -85.371 -85.371 -322.224 -7.793e-09 2.4465e-09 -5.81771e-09 1
234300 -85.3774 -85.3774 -322.248 -1.65247e-09 -1.83437e-09 2.46554e-09 1
234400 -85.3838 -85.3838 -322.272 -4.81239e-09 1.53871e-09 1.96897e-10 1
234500 -85.3903 -85.3903 -322.296 -8.97813e-09 3.60637e-09 -3.63905e-09 1
234600 -85.3967 -85.3967 -322.321 -6.2809e-09 1.91704e-09 -2.60084e-09 1
234700 -85.4031 -85.4031 -322.345 -1.24991e-08 3.71653e-09 -5.55204e-09 1
234800 -85.4095 -85.4095 -322.369 -6.13214e-09 -4.31912e-10 -1.22169e-09 1
234900 -85.4159 -85.4159 -322.393 -2.29843e-09 -7.99026e-10 2.56688e-09 1
235000 -85.4223 -85.4223 -322.417 -6.81017e-09 1.10709e-10 7.73785e-12 1
235100 -85.4287 -85.4287 -322.441 -8.5148e-09 3.02258e-09 -4.59433e-09 1
235200 -85.4351 -85.4351 -322.466 -9.35812e-09 1.70541e-09 -3.49488e-09 1
235300 -85.4415 -85.4415 -322.49 -6.94147e-09 8.33841e-10 -1.49698e-09 1
235400 -85.4479 -85.4479 -322.514 -3.13907e-09 -1.13547e-10 -1.17186e-09 1
235500 -85.4543 -85.4543 -322.538 -4.78673e-09 2.11871e-09 -3.716e-09 1
235600 -85.4607 -85.4607 -322.562 -8.50877e-09 2.06958e-09 -3.30852e-09 1
235700 -85.4671 -85.4671 -322.586 -4.07647e-09 4.68978e-10 5.23709e-11 1
235800 -85.4735 -85.4735 -322.61 -5.1111e-09 2.76745e-09 -1.99753e-09 1
235900 -85.4799 -85.4799 -322.634 -4.73919e-09 2.09412e-09 -2.20818e-09 1
236000 -85.4863 -85.4863 -322.658 -5.84002e-09 1.23648e-09 -3.78305e-09 1
236100 -85.4927 -85.4927 -322.682 -1.10826e-09 -1.3966e-09 2.21248e-09 1
236200 -85.499 -85.499 -322.707 -6.48625e-09 6.04183e-10 -1.22258e-09 1
236300 -85.5054 -85.5054 -322.731 -4.38381e-09 2.1365e-09 -2.94208e-09 1
236400 -85.5118 -85.5118 -322.755 -1.94545e-09 -4.20703e-11 7.45644e-10 1
236500 -85.5182 -85.5182 -322.779 -4.9912e-09 3.62527e-10 -7.55701e-10 1
236600 -85.5245 -85.5245 -322.803 -1.54248e-09 3.89002e-09 -9.95999e-10 1
236700 -85.5309 -85.5309 -322.827 -3.49111e-09 -3.6364e-10 2.66712e-09 1
236800 -85.5373 -85.5373 -322.851 -6.32039e-10 -1.33291e-09 1.78152e-09 1
236900 -85.5436 -85.5436 -322.875 -3.25787e-09 -5.55249e-10 1.54992e-09 1
237000 -85.55 -85.55 -322.899 -3.46165e-09 -1.19907e-09 -1.40215e-09 1
237100 -85.5564 -85.5564 -322.923 -2.54074e-10 3.19818e-10 2.60472e-09 1
237200 -85.5627 -85.5627 -322.947 -5.70631e-09 1.69877e-09 -3.30584e-09 1
237300 -85.5691 -85.5691 -322.97 -2.34217e-09 8.83405e-10 -9.67836e-10 1
237400 -85.5754 -85.5754 -322.994 -7.27512e-09 2.6795e-09 -3.22578e-09 1
237500 -85.5818 -85.5818 -323.018 -2.33771e-09 -7.75076e-10 3.75707e-10 1
237600 -85.5881 -85.5881 -323.042 -3.83825e-09 2.97935e-09 5.97209e-10 1
237700 -85.5944 -85.5944 -323.066 7.67241e-08 7.86365e-08 -1.11651e-07 1
237800 -85.6008 -85.6008 -323.09 -6.55102e-09 3.64442e-10 9.31403e-10 1
237900 -85.6071 -85.6071 -323.114 -5.1942e-09 -1.619e-09 3.14606e-09 1
238000 -85.6135 -85.6135 -323.138 -2.8258e-09 1.3501e-10 -4.82042e-10 1
238100 -85.6198 -85.6198 -323.162 -7.08011e-09 5.18553e-10 -9.03029e-10 1
238200 -85.6261 -85.6261 -323.186 -5.36723e-09 -4.34413e-10 -1.35469e-11 1
238300 -85.6325 -85.6325 -323.209 -4.63367e-09 6.11959e-10 -3.35843e-10 1
238400 -85.6388 -85.6388 -323.233 -5.33769e-09 -2.83102e-09 4.16514e-09 1
238500 -85.6451 -85.6451 -323.257 -3.15845e-10 2.98458e-10 7.40656e-11 1
238600 -85.6514 -85.6514 -323.281 -7.23073e-09 7.76922e-10 -1.0936e-09 1
238700 -85.6577 -85.6577 -323.305 -2.56012e-09 -1.23638e-09 4.79644e-10 1
238800 -85.6641 -85.6641 -323.329 -7.37095e-09 -5.73997e-10 -5.96982e-11 1
238900 -85.6704 -85.6704 -323.352 -6.53605e-09 1.04926e-07 1.95511e-09 1
239000 -85.6767 -85.6767 -323.376 -6.4962e-09 -4.10863e-09 1.92807e-09 1
239100 -85.683 -85.683 -323.4 -4.39513e-09 -1.18283e-09 3.62768e-10 1
239200 -85.6893 -85.6893 -323.424 -1.34444e-07 -4.76586e-09 5.07134e-08 1
239300 -85.6956 -85.6956 -323.448 -5.44179e-10 -3.6655e-09 1.48541e-09 1
239400 -85.7019 -85.7019 -323.471 -2.15238e-09 -3.34764e-09 5.65185e-10 1
239500 -85.7082 -85.7082 -323.495 -2.52786e-09 -2.74561e-09 3.54742e-10 1
239600 -85.7145 -85.7145 -323.519 1.44165e-09 -2.56234e-09 -2.14429e-10 1
239700 -85.7208 -85.7208 -323.542 -5.92609e-09 4.66081e-10 -4.33472e-09 1
239800 -85.7271 -85.7271 -323.566 -5.17944e-09 -2.91937e-09 -1.19307e-09 1
239900 -85.7334 -85.7334 -323.59 1.08104e-07 -7.5281e-08 2.1316e-07 1
240000 -85.7397 -85.7397 -323.614 -1.64469e-09 -8.84719e-10 -5.64249e-09 1
240100 -85.746 -85.746 -323.637 2.44496e-09 -2.17587e-09 -1.98155e-09 1
240200 -85.7522 -85.7522 -323.661 -2.51185e-10 -1.70987e-09 -4.62961e-09 1
240300 -85.7585 -85.7585 -323.685 -2.20473e-09 -1.53709e-09 -5.93808e-09 1
240400 -85.7648 -85.7648 -323.708 -2.22511e-09 -2.34613e-09 -1.89932e-09 1
240500 -85.7711 -85.7711 -323.732 1.93397e-09 -4.22527e-10 -3.88648e-09 1
240600 -85.7773 -85.7773 -323.756 1.60016e-09 -1.72985e-09 -3.75885e-09 1
240700 -85.7836 -85.7836 -323.779 -1.77487e-09 -1.5806e-09 -2.43263e-09 1
240800 -85.7899 -85.7899 -323.803 2.72394e-10 -3.46133e-09 -1.60487e-09 1
240900 -85.7962 -85.7961 -323.827 -1.21158e-07 6.3297e-08 -8.05058e-09 1
241000 -85.8024 -85.8024 -323.85 2.08704e-10 -6.63081e-10 -2.7602e-09 1
241100 -85.8087 -85.8087 -323.874 2.12712e-09 -2.2886e-10 -4.51069e-09 1
241200 -85.8149 -85.8149 -323.897 -8.37285e-10 -2.1325e-09 -4.02118e-09 1
241300 -85.8212 -85.8212 -323.921 1.27075e-09 -1.16291e-09 -4.69028e-09 1
241400 -85.8274 -85.8274 -323.945 3.12413e-10 -2.58985e-09 -3.77576e-09 1
241500 -85.8337 -85.8337 -323.968 2.38634e-09 -2.48763e-09 -2.04392e-09 1
241600 -85.8399 -85.8399 -323.992 1.28555e-10 -2.38471e-09 -2.94555e-09 1
241700 -85.8462 -85.8462 -324.015 2.57315e-09 -3.37644e-09 -2.64025e-09 1
241800 -85.8524 -85.8524 -324.039 7.58736e-08 5.62276e-08 1.36159e-07 1
241900 -85.8587 -85.8587 -324.062 2.76221e-09 -4.79261e-09 -2.4862e-09 1
242000 -85.8649 -85.8649 -324.086 -2.21437e-09 -4.47429e-09 -6.15788e-09 1
242100 -85.8712 -85.8712 -324.109 -5.82877e-09 -5.28588e-10 -9.68581e-09 1
242200 -85.8774 -85.8774 -324.133 1.6135e-09 -3.60472e-09 -3.9252e-09 1
242300 -85.8836 -85.8836 -324.156 -4.16532e-09 1.16069e-10 -9.74193e-09 1
242400 -85.8899 -85.8899 -324.18 9.38345e-10 -3.29884e-09 -3.37071e-09 1
242500 -85.8961 -85.8961 -324.203 -5.71458e-09 -3.81066e-09 -4.28641e-09 1
242600 -85.9023 -85.9023 -324.227 -4.50147e-09 -3.06212e-09 -5.75923e-09 1
242700 -85.9085 -85.9085 -324.25 3.63562e-09 -2.82105e-09 -2.80183e-09 1
242800 -85.9148 -85.9148 -324.274 1.59032e-09 -2.94888e-09 -3.24688e-09 1
242900 -85.921 -85.921 -324.297 5.67972e-09 -5.45711e-09 -2.17428e-10 1
243000 -85.9272 -85.9272 -324.321 4.39779e-09 -4.91756e-10 -3.99582e-09 1
243100 -85.9334 -85.9334 -324.344 -3.44835e-09 -3.38835e-09 -5.422e-09 1
243200 -85.9396 -85.9396 -324.367 -3.8046e-09 -2.14872e-09 -4.69343e-09 1
243300 -85.9458 -85.9458 -324.391 -2.70462e-09 -4.06908e-09 -2.37525e-09 1
243400 -85.952 -85.952 -324.414 -3.41315e-09 -3.68712e-09 -2.44225e-09 1
243500 -85.9582 -85.9582 -324.438 -1.49529e-09 -2.42621e-09 -3.64583e-09 1
243600 -85.9644 -85.9644 -324.461 3.85719e-09 -2.42412e-09 -1.41135e-09 1
243700 -85.9706 -85.9706 -324.484 -5.33237e-08 1.11462e-07 -7.75724e-08 1
243800 -85.9768 -85.9768 -324.508 3.25621e-09 -7.78083e-09 1.82459e-09 1
243900 -85.983 -85.983 -324.531 4.23722e-09 -3.79135e-09 -2.56896e-09 1
244000 -85.9892 -85.9892 -324.554 -1.65137e-09 -4.91804e-09 -3.66091e-09 1
244100 -85.9954 -85.9954 -324.578 -2.61591e-09 -5.41035e-09 -2.44993e-09 1
244200 -86.0016 -86.0016 -324.601 -1.31495e-09 -3.90797e-09 -1.51263e-09 1
244300 -86.0078 -86.0078 -324.624 4.03274e-09 -5.42717e-09 1.42275e-09 1
244400 -86.014 -86.014 -324.648 -5.01245e-09 -7.15752e-10 -8.08913e-09 1
244500 -86.0202 -86.0202 -324.671 -4.25395e-09 -2.83557e-09 -3.06024e-09 1
244600 -86.0263 -86.0263 -324.694 3.68919e-09 -5.46327e-09 2.26385e-09 1
244700 -86.0325 -86.0325 -324.718 6.46964e-09 -4.03437e-09 2.28672e-09 1
244800 -86.0387 -86.0387 -324.741 -1.42925e-09 -3.51047e-09 -1.17387e-09 1
244900 -86.0449 -86.0449 -324.764 4.60812e-09 -5.02661e-09 3.24068e-10 1
245000 -86.051 -86.051 -324.787 2.4154e-09 -4.68419e-09 -1.80408e-09 1
245100 -86.0572 -86.0572 -324.811 1.35013e-09 -1.92312e-09 -4.14449e-09 1
245200 -86.0634 -86.0634 -324.834 8.74177e-09 2.72401e-08 3.24873e-08 1
245300 -86.0695 -86.0695 -324.857 -2.36935e-08 2.99493e-09 1.26581e-07 1
245400 -86.0757 -86.0757 -324.88 -2.22017e-09 -3.38908e-09 -9.09798e-09 1
245500 -86.0819 -86.0819 -324.904 2.23792e-09 -1.50953e-09 -7.45589e-09 1
245600 -86.088 -86.088 -324.927 -2.97094e-09 -4.58088e-09 -4.97248e-09 1
245700 -86.0942 -86.0942 -324.95 -1.75198e-09 -2.65731e-09 -7.49749e-09 1
245800 -86.1003 -86.1003 -324.973 -8.25392e-09 -2.49915e-09 -9.08099e-09 1
245900 -86.1065 -86.1065 -324.996 3.09792e-09 -3.21517e-09 -4.85692e-09 1
246000 -86.1126 -86.1126 -325.02 -5.55759e-10 -7.19034e-09 -4.19643e-09 1
246100 -86.1188 -86.1188 -325.043 -1.33887e-09 -5.32298e-09 -1.79421e-09 1
246200 -86.1249 -86.1249 -325.066 -3.83711e-09 -2.44696e-09 -5.60909e-09 1
246300 -86.1311 -86.1311 -325.089 -1.87202e-09 -1.96067e-09 -4.9561e-09 1
246400 -86.1372 -86.1372 -325.112 -2.54483e-09 -1.92302e-09 -7.81018e-09 1
246500 -86.1433 -86.1433 -325.135 9.08013e-09 -5.35105e-09 -1.80429e-09 1
246600 -86.1495 -86.1495 -325.159 -2.89284e-09 -1.78029e-09 -5.6322e-09 1
246700 -86.1556 -86.1556 -325.182 -9.63463e-10 -1.60946e-09 -6.45984e-09 1
246800 -86.1617 -86.1617 -325.205 -3.64125e-09 -1.35421e-09 -5.52667e-09 1
246900 -86.1679 -86.1679 -325.228 2.52765e-09 -5.08629e-09 -1.25903e-09 1
247000 -86.174 -86.174 -325.251 5.24329e-09 -1.58157e-09 -3.94324e-09 1
247100 -86.1801 -86.1801 -325.274 -2.44921e-08 3.38317e-08 1.02158e-07 1
247200 -86.1862 -86.1862 -325.297 3.88078e-10 -2.8915e-09 -6.10413e-09 1
247300 -86.1923 -86.1923 -325.32 -7.0312e-10 -1.41664e-09 -8.80367e-09 1
247400 -86.1985 -86.1985 -325.343 -8.82398e-10 -2.30229e-09 -6.75288e-09 1
247500 -86.2046 -86.2046 -325.366 6.61402e-09 -2.96949e-09 -4.92021e-09 1
247600 -86.2107 -86.2107 -325.389 -2.56524e-09 -1.64732e-09 -7.02825e-09 1
247700 -86.2168 -86.2168 -325.412 2.49875e-09 -4.37299e-09 -5.62892e-09 1
247800 -86.2229 -86.2229 -325.435 -3.95969e-09 -3.41768e-10 -7.14708e-09 1
247900 -86.229 -86.229 -325.458 3.67737e-11 -2.9739e-09 -5.70089e-09 1
248000 -86.2351 -86.2351 -325.481 2.53769e-09 -3.66642e-09 -3.00034e-09 1
248100 -86.2412 -86.2412 -325.504 2.19954e-09 -3.34564e-09 -3.95432e-09 1
248200 -86.2473 -86.2473 -325.527 6.40822e-09 -3.49413e-09 -1.73434e-09 1
248300 -86.2534 -86.2534 -325.55 4.17815e-09 -4.65725e-09 -3.12341e-09 1
248400 -86.2595 -86.2595 -325.573 -3.50812e-10 -6.58007e-10 -7.97647e-09 1
248500 -86.2656 -86.2656 -325.596 3.66046e-09 -3.28336e-09 -2.08003e-09 1
248600 -86.2717 -86.2717 -325.619 5.61228e-10 -2.61417e-09 -6.04957e-09 1
248700 -86.2778 -86.2778 -325.642 4.52774e-09 -4.34899e-09 -2.03937e-09 1
248800 -86.2839 -86.2839 -325.665 -1.94446e-10 -3.08349e-09 -6.78643e-10 1
248900 -86.2899 -86.2899 -325.688 2.50999e-09 -3.29934e-09 -1.03941e-09 1
249000 -86.296 -86.296 -325.711 8.43013e-09 -2.2492e-09 -1.77924e-09 1
249100 -86.3021 -86.3021 -325.734 -6.57073e-10 -3.29501e-09 -1.18256e-09 1
249200 -86.3082 -86.3082 -325.757 6.28283e-09 -6.58956e-09 1.32468e-09 1
249300 -86.3142 -86.3142 -325.78 2.3082e-09 -3.83359e-09 -1.56971e-09 1
249400 -86.3203 -86.3203 -325.803 4.43934e-09 -4.9814e-09 -3.19634e-10 1
249500 -86.3264 -86.3264 -325.825 -2.31323e-09 -1.66276e-09 -7.50532e-09 1
249600 -86.3325 -86.3325 -325.848 3.08394e-09 -1.49243e-09 -5.65601e-09 1
249700 -86.3385 -86.3385 -325.871 3.88098e-09 -2.72966e-09 -1.03019e-11 1
249800 -86.3446 -86.3446 -325.894 -1.50484e-09 -1.39794e-09 -6.1108e-09 1
249900 -86.3506 -86.3506 -325.917 -1.25016e-09 -4.03131e-10 -5.60549e-09 1
250000 -86.3567 -86.3567 -325.94 3.94696e-09 -4.13408e-09 -2.18687e-09 1
250100 -86.3628 -86.3628 -325.963 5.44568e-10 -2.01899e-09 -1.75312e-09 1
250200 -86.3688 -86.3688 -325.985 -1.19998e-09 -2.32242e-09 -4.65977e-09 1
250300 -86.3749 -86.3749 -326.008 2.01489e-09 -6.46998e-10 -2.45798e-09 1
250400 -86.3809 -86.3809 -326.031 -3.90643e-09 -2.39226e-09 -2.48339e-09 1
250500 -86.387 -86.387 -326.054 2.67969e-09 -1.95949e-09 -2.6719e-09 1
250600 -86.393 -86.393 -326.077 1.80216e-09 -4.72823e-09 1.12879e-09 1
250700 -86.399 -86.399 -326.099 1.74746e-09 4.87343e-10 -2.59963e-09 1
250800 -86.4051 -86.4051 -326.122 -8.92412e-10 -2.83362e-09 -1.35779e-09 1
250900 -86.4111 -86.4111 -326.145 -2.91343e-10 -2.17237e-09 -1.59618e-09 1
251000 -86.4172 -86.4172 -326.168 3.23062e-09 -9.80784e-10 -1.01305e-09 1
251100 -86.4232 -86.4232 -326.19 3.32393e-09 -3.2228e-09 -9.32596e-11 1
251200 -86.4292 -86.4292 -326.213 -1.58506e-10 -1.4741e-10 -2.48229e-09 1
251300 -86.4353 -86.4353 -326.236 4.81529e-09 -2.07889e-09 -2.31266e-09 1
251400 -86.4413 -86.4413 -326.259 7.21348e-10 -7.36661e-10 -2.54047e-09 1
251500 -86.4473 -86.4473 -326.281 -1.64923e-09 -1.24889e-09 -5.85635e-10 1
251600 -86.4533 -86.4533 -326.304 2.08905e-07 -1.06869e-07 3.0231e-07 1
251700 -86.4594 -86.4594 -326.327 -1.96407e-09 -1.95474e-09 -5.4155e-09 1
251800 -86.4654 -86.4654 -326.349 -1.6148e-10 -5.65992e-10 -8.20208e-09 1
251900 -86.4714 -86.4714 -326.372 1.26901e-09 -4.49594e-10 -7.56485e-09 1
252000 -86.4774 -86.4774 -326.395 -1.09429e-09 1.57029e-11 -7.85501e-09 1
252100 -86.4834 -86.4834 -326.417 1.31455e-09 2.12341e-09 -7.6886e-09 1
252200 -86.4894 -86.4894 -326.44 -3.11874e-09 -1.44997e-09 -6.21315e-09 1
252300 -86.4954 -86.4954 -326.463 2.41878e-07 -7.49635e-09 1.2526e-07 1
252400 -86.5015 -86.5015 -326.485 -6.5951e-09 -3.43148e-10 -9.77124e-09 1
252500 -86.5075 -86.5075 -326.508 -7.41592e-09 -2.87185e-09 -8.68803e-09 1
252600 -86.5135 -86.5135 -326.531 7.84983e-10 -7.77047e-10 -1.1297e-08 1
252700 -86.5195 -86.5195 -326.553 2.6155e-09 -1.0913e-09 -7.09427e-09 1
252800 -86.5255 -86.5255 -326.576 -4.52667e-10 4.18449e-10 -9.69269e-09 1
252900 -86.5315 -86.5315 -326.599 -1.20228e-09 6.96355e-10 -8.92098e-09 1
253000 -86.5374 -86.5374 -326.621 -6.00626e-09 -1.19352e-09 -9.26927e-09 1
253100 -86.5434 -86.5434 -326.644 -2.42009e-09 1.75976e-09 -1.06544e-08 1
253200 -86.5494 -86.5494 -326.666 -5.78174e-09 1.34795e-09 -9.67946e-09 1
253300 -86.5554 -86.5554 -326.689 -8.45041e-09 1.41655e-09 -1.19433e-08 1
253400 -86.5614 -86.5614 -326.711 -5.35547e-09 -2.53949e-09 -7.04455e-09 1
253500 -86.5674 -86.5674 -326.734 -3.38799e-09 -2.77728e-10 -7.87679e-09 1
253600 -86.5734 -86.5734 -326.757 -5.14181e-09 -2.44269e-09 -7.41074e-09 1
253700 -86.5793 -86.5793 -326.779 -7.78469e-10 3.28731e-10 -7.26601e-09 1
253800 -86.5853 -86.5853 -326.802 -6.73828e-09 8.43124e-10 -1.0729e-08 1
253900 -86.5913 -86.5913 -326.824 -5.28877e-10 8.34015e-10 -7.74825e-09 1
254000 -86.5973 -86.5973 -326.847 -8.83696e-10 4.24702e-10 -7.59993e-09 1
254100 -86.6032 -86.6032 -326.869 6.44731e-10 6.69444e-11 -4.37681e-09 1
254200 -86.6092 -86.6092 -326.892 -5.027e-09 2.36749e-10 -9.43726e-09 1
254300 -86.6152 -86.6152 -326.914 1.41431e-09 2.16872e-09 -8.2041e-09 1
254400 -86.6211 -86.6211 -326.937 -8.58801e-10 -4.97705e-10 -5.02215e-09 1
254500 -86.6271 -86.6271 -326.959 1.73868e-07 8.14192e-08 6.01408e-09 1
254600 -86.633 -86.633 -326.982 2.18487e-07 2.2725e-08 5.7764e-08 1
254700 -86.639 -86.639 -327.004 -7.75667e-09 -2.11875e-09 -7.93498e-09 1
254800 -86.645 -86.645 -327.026 -7.12172e-09 -2.51273e-09 -9.29453e-09 1
254900 -86.6509 -86.6509 -327.049 -3.55528e-09 -1.50187e-09 -7.47855e-09 1
255000 -86.6569 -86.6569 -327.071 -5.51553e-09 -8.98765e-10 -8.49361e-09 1
255100 -86.6628 -86.6628 -327.094 -2.99617e-09 -3.54141e-09 -5.07766e-09 1
255200 -86.6688 -86.6688 -327.116 -5.93896e-09 -2.42727e-09 -6.90383e-09 1
255300 -86.6747 -86.6747 -327.139 -4.26357e-09 -2.52626e-09 -6.39398e-09 1
255400 -86.6806 -86.6806 -327.161 -6.69641e-09 -7.94292e-10 -8.33231e-09 1
255500 -86.6866 -86.6866 -327.183 -1.05902e-08 -4.1157e-10 -1.03314e-08 1
255600 -86.6925 -86.6925 -327.206 1.82818e-07 2.8039e-08 -3.37144e-09 1
255700 -86.6985 -86.6985 -327.228 -5.93103e-09 -4.01963e-10 -9.79677e-09 1
255800 -86.7044 -86.7044 -327.251 3.4843e-08 8.16811e-08 -7.47175e-08 1
255900 -86.7103 -86.7103 -327.273 -9.08727e-09 -2.50816e-09 -4.07042e-09 1
256000 -86.7163 -86.7163 -327.295 -8.20868e-09 -4.45873e-09 -2.27798e-09 1
256100 -86.7222 -86.7222 -327.318 -4.60351e-09 -3.63706e-09 -3.55913e-09 1
256200 -86.7281 -86.7281 -327.34 -1.04119e-08 -2.52333e-09 -7.82401e-09 1
256300 -86.734 -86.734 -327.362 -5.94401e-09 -4.78895e-09 -2.45878e-09 1
256400 -86.74 -86.74 -327.385 -1.16985e-08 -1.99965e-09 -8.91057e-09 1
256500 -86.7459 -86.7459 -327.407 3.7315e-07 8.12434e-10 -9.40267e-10 1
256600 -86.7518 -86.7518 -327.429 -1.69532e-08 -3.15779e-09 -6.67959e-09 1
256700 -86.7577 -86.7577 -327.452 -1.87371e-08 -3.30144e-09 -3.55049e-09 1
256800 -86.7636 -86.7636 -327.474 -1.44934e-08 -3.92589e-09 -4.71486e-09 1
256900 -86.7695 -86.7695 -327.496 -1.32553e-08 -1.00012e-09 -5.43039e-09 1
257000 -86.7754 -86.7754 -327.518 -1.29249e-08 -3.22696e-09 -3.08389e-09 1
257100 -86.7813 -86.7813 -327.541 -1.38319e-08 -3.5618e-09 -2.80864e-09 1
257200 -86.7872 -86.7872 -327.563 -1.15173e-08 -2.16939e-09 -3.69859e-09 1
257300 -86.7932 -86.7932 -327.585 -9.42469e-09 -3.55482e-09 -5.08432e-10 1
257400 -86.7991 -86.7991 -327.607 -9.09089e-09 -1.84221e-09 -4.90567e-09 1
257500 -86.805 -86.805 -327.63 -1.35195e-08 -4.36539e-09 -2.13674e-09 1
257600 -86.8108 -86.8108 -327.652 -1.50764e-08 -4.44875e-09 -4.74884e-09 1
257700 -86.8167 -86.8167 -327.674 -8.39824e-09 -2.79939e-09 -2.20041e-09 1
257800 -86.8226 -86.8226 -327.696 -7.40314e-09 -2.54237e-09 -8.70123e-10 1
257900 -86.8285 -86.8285 -327.718 -1.16079e-08 -2.53724e-09 -2.51235e-09 1
258000 -86.8344 -86.8344 -327.741 -8.25392e-09 -3.15746e-09 -2.36998e-09 1
258100 -86.8403 -86.8403 -327.763 -7.24134e-09 -1.73276e-09 -2.54905e-09 1
258200 -86.8462 -86.8462 -327.785 -1.68149e-08 -1.86227e-10 -7.607e-09 1
258300 -86.8521 -86.8521 -327.807 -8.4268e-09 -1.34052e-09 -2.84761e-09 1
258400 -86.8579 -86.8579 -327.829 -1.41785e-08 -2.30358e-09 -4.4319e-09 1
258500 -86.8638 -86.8638 -327.852 -1.16866e-08 -2.61761e-09 -7.57422e-10 1
258600 -86.8697 -86.8697 -327.874 -1.05547e-08 -2.77308e-09 -2.11002e-09 1
258700 -86.8756 -86.8756 -327.896 -8.23723e-09 -1.9972e-09 -1.68046e-09 1
258800 -86.8814 -86.8814 -327.918 -1.11145e-08 -6.83559e-10 -3.79498e-09 1
258900 -86.8873 -86.8873 -327.94 -9.98682e-09 -1.28642e-09 -4.35246e-09 1
259000 -86.8932 -86.8932 -327.962 -7.66136e-09 -2.5324e-09 -2.22439e-10 1
259100 -86.899 -86.899 -327.984 -1.01301e-08 -2.31786e-09 -5.10334e-10 1
259200 -86.9049 -86.9049 -328.006 -9.5306e-09 -2.95111e-09 -1.07147e-09 1
259300 -86.9108 -86.9108 -328.029 -1.71217e-08 -3.24867e-09 -3.36375e-09 1
259400 -86.9166 -86.9166 -328.051 -1.34083e-08 -4.87268e-10 -5.60418e-09 1
259500 -86.9225 -86.9225 -328.073 -9.44726e-09 -4.71786e-09 3.42106e-10 1
259600 -86.9283 -86.9283 -328.095 -8.39207e-09 1.07028e-09 -3.6764e-09 1
259700 -86.9342 -86.9342 -328.117 -9.82778e-09 -1.14188e-09 -2.39391e-09 1
259800 -86.94 -86.94 -328.139 -7.25084e-09 -2.58714e-09 3.63046e-10 1
259900 -86.9459 -86.9459 -328.161 -1.09237e-08 9.26706e-11 -3.83232e-09 1
260000 -86.9517 -86.9517 -328.183 -9.54505e-09 -8.69274e-10 -6.02196e-10 1
260100 -86.9576 -86.9576 -328.205 -3.97389e-09 -1.97069e-09 6.94816e-10 1
260200 -86.9634 -86.9634 -328.227 -1.16295e-08 1.47577e-09 -5.89361e-09 1
260300 -86.9693 -86.9693 -328.249 -1.04767e-08 -2.35454e-09 -2.29769e-09 1
260400 -86.9751 -86.9751 -328.271 -8.82549e-09 1.01086e-09 -2.46434e-09 1
260500 -86.981 -86.981 -328.293 -5.53835e-09 -1.68636e-09 -6.20926e-10 1
260600 -86.9868 -86.9868 -328.315 -9.57301e-09 -1.23432e-09 -2.6858e-09 1
260700 -86.9926 -86.9926 -328.337 -9.97143e-09 6.92028e-11 -4.40588e-09 1
260800 -86.9984 -86.9984 -328.359 2.70708e-07 1.01356e-08 2.87016e-08 1
260900 -87.0043 -87.0043 -328.381 -1.24456e-08 1.51692e-09 -6.9253e-09 1
261000 -87.0101 -87.0101 -328.403 -1.18754e-08 -3.04461e-09 -9.3906e-10 1
261100 -87.0159 -87.0159 -328.425 -7.35701e-09 -1.36579e-09 -1.81746e-10 1
261200 -87.0218 -87.0218 -328.447 -1.07511e-08 -2.17097e-09 -2.78918e-09 1
261300 -87.0276 -87.0276 -328.469 -5.31075e-09 -2.1415e-09 2.61406e-10 1
261400 -87.0334 -87.0334 -328.491 -7.5377e-09 -1.27105e-09 -2.39261e-09 1
261500 -87.0392 -87.0392 -328.513 -8.23101e-09 -1.65127e-09 -3.33364e-09 1
261600 -87.045 -87.045 -328.535 -1.38758e-08 -6.94528e-10 -9.29507e-10 1
261700 -87.0508 -87.0508 -328.557 -1.06317e-08 -3.67502e-09 8.1165e-10 1
261800 -87.0566 -87.0566 -328.578 -7.24976e-09 -6.51064e-10 -5.86408e-10 1
261900 -87.0625 -87.0625 -328.6 -7.71906e-09 -6.25611e-10 -4.02284e-10 1
262000 -87.0683 -87.0683 -328.622 -1.05617e-08 -2.09704e-09 -2.31531e-09 1
262100 -87.0741 -87.0741 -328.644 -5.10692e-09 -2.4585e-09 1.68802e-09 1
262200 -87.0799 -87.0799 -328.666 -7.60908e-09 -3.25044e-09 1.86216e-09 1
262300 -87.0857 -87.0857 -328.688 -7.43633e-09 -2.47704e-09 3.52431e-09 1
262400 -87.0915 -87.0915 -328.71 -1.13211e-08 -2.1064e-09 -1.19105e-09 1
262500 -87.0973 -87.0973 -328.732 -5.32549e-09 -3.33897e-09 4.34471e-09 1
262600 -87.1031 -87.1031 -328.753 -9.53878e-09 -2.82813e-09 6.31058e-10 1
262700 -87.1089 -87.1089 -328.775 -5.58876e-09 -2.68392e-09 2.30418e-09 1
262800 -87.1146 -87.1146 -328.797 -9.20587e-09 3.3527e-10 -3.45747e-09 1
262900 -87.1204 -87.1204 -328.819 -1.37387e-08 1.30035e-09 -5.90907e-09 1
263000 -87.1262 -87.1262 -328.841 -8.3122e-09 1.63683e-10 -1.54217e-09 1
263100 -87.132 -87.132 -328.863 -9.51962e-09 -1.47664e-10 -2.74513e-09 1
263200 -87.1378 -87.1378 -328.884 -1.036e-08 -1.55016e-09 -2.12158e-09 1
263300 -87.1436 -87.1436 -328.906 -8.88087e-09 -3.14261e-09 9.25045e-10 1
263400 -87.1494 -87.1494 -328.928 -7.12016e-09 -1.46329e-09 -8.85508e-10 1
263500 -87.1551 -87.1551 -328.95 -3.88597e-09 1.24047e-09 -2.28257e-09 1
263600 -87.1609 -87.1609 -328.972 -8.32704e-09 -1.97208e-09 -2.72139e-10 1
263700 -87.1667 -87.1667 -328.993 -7.90272e-09 -1.35327e-09 -1.37332e-09 1
263800 -87.1724 -87.1724 -329.015 -1.01035e-08 -4.58726e-10 -3.28165e-09 1
263900 -87.1782 -87.1782 -329.037 -4.02119e-09 1.12935e-09 4.98621e-11 1
264000 -87.184 -87.184 -329.059 -9.12033e-09 6.89969e-11 -2.92329e-09 1
264100 -87.1897 -87.1897 -329.08 -5.23965e-09 -1.49989e-09 9.56719e-10 1
264200 -87.1955 -87.1955 -329.102 -7.59095e-09 -1.70008e-09 -1.21762e-09 1
264300 -87.2013 -87.2013 -329.124 -4.84142e-09 -2.1038e-09 4.34711e-10 1
264400 -87.207 -87.207 -329.145 1.94638e-07 -8.26497e-08 3.78795e-08 1
264500 -87.2128 -87.2128 -329.167 -1.13368e-08 1.17054e-09 -1.95888e-09 1
264600 -87.2185 -87.2185 -329.189 -7.60687e-09 1.54301e-09 -8.61071e-10 1
264700 -87.2243 -87.2243 -329.211 -1.41044e-08 1.66233e-09 -2.94869e-09 1
264800 -87.2301 -87.2301 -329.232 -1.26423e-08 3.22335e-09 -3.23532e-09 1
264900 -87.2358 -87.2358 -329.254 2.25238e-07 -8.69489e-08 1.4312e-07 1
265000 -87.2415 -87.2415 -329.276 -1.75445e-08 3.54802e-09 -5.99291e-09 1
265100 -87.2473 -87.2473 -329.297 -1.07444e-08 3.08275e-09 -4.97244e-09 1
265200 -87.253 -87.253 -329.319 1.2011e-07 -4.06868e-08 9.09716e-08 1
265300 -87.2588 -87.2588 -329.34 -1.58258e-08 1.27861e-09 -5.04138e-09 1
265400 -87.2645 -87.2645 -329.362 -2.08379e-08 1.59562e-09 -5.39038e-09 1
265500 -87.2703 -87.2703 -329.384 -1.46364e-08 2.51989e-09 -4.58193e-09 1
265600 -87.276 -87.276 -329.405 -1.68941e-08 3.92527e-09 -6.31341e-09 1
265700 -87.2817 -87.2817 -329.427 -1.12494e-08 3.57747e-09 -4.44645e-09 1
265800 -87.2875 -87.2875 -329.449 -1.54179e-08 4.00097e-09 -6.79835e-09 1
265900 -87.2932 -87.2932 -329.47 -1.00711e-08 7.81156e-10 -1.31087e-09 1
266000 -87.2989 -87.2989 -329.492 -1.61074e-08 3.02785e-09 -5.51103e-09 1
266100 -87.3046 -87.3046 -329.513 -6.16121e-08 -5.63634e-08 4.55707e-08 1
266200 -87.3104 -87.3104 -329.535 -1.43451e-08 1.26547e-09 -2.83102e-09 1
266300 -87.3161 -87.3161 -329.557 -1.13673e-08 4.72715e-09 -7.78217e-09 1
266400 -87.3218 -87.3218 -329.578 -1.47014e-08 2.25586e-09 -3.48634e-09 1
266500 -87.3275 -87.3275 -329.6 -1.39969e-08 1.89518e-09 -3.62891e-09 1
266600 -87.3332 -87.3332 -329.621 -1.28946e-08 2.60076e-09 -4.65426e-09 1
266700 -87.339 -87.339 -329.643 -1.72277e-08 4.25796e-09 -8.1092e-09 1
266800 -87.3447 -87.3447 -329.664 -1.25152e-08 4.46382e-09 -7.05132e-09 1
266900 -87.3504 -87.3504 -329.686 -1.48746e-08 4.58813e-09 -6.77473e-09 1
267000 -87.3561 -87.3561 -329.707 -1.01617e-08 2.93598e-09 -5.75883e-09 1
267100 -87.3618 -87.3618 -329.729 -1.23613e-08 3.34903e-09 -3.99043e-09 1
267200 -87.3675 -87.3675 -329.75 -9.98069e-09 1.87528e-09 -2.11061e-09 1
267300 -87.3732 -87.3732 -329.772 -5.4122e-09 2.6526e-09 -2.40188e-09 1
267400 -87.3789 -87.3789 -329.793 -8.71726e-09 3.73967e-09 -4.77915e-09 1
267500 -87.3846 -87.3846 -329.815 -1.00817e-08 3.11208e-09 -3.45115e-09 1
267600 -87.3903 -87.3903 -329.836 9.18536e-08 4.74431e-09 6.84735e-08 1
267700 -87.396 -87.396 -329.858 -9.33315e-09 1.48132e-09 -3.63655e-09 1
267800 -87.4017 -87.4017 -329.879 -9.78575e-09 7.59382e-09 -5.97125e-09 1
267900 -87.4074 -87.4074 -329.901 -1.06405e-08 3.20713e-09 -7.8346e-09 1
268000 -87.4131 -87.4131 -329.922 -9.42862e-09 -1.29947e-09 -2.6645e-09 1
268100 -87.4188 -87.4188 -329.944 1.32011e-07 1.92045e-08 6.83227e-08 1
268200 -87.4244 -87.4244 -329.965 -1.73031e-08 2.7066e-09 -8.25319e-09 1
268300 -87.4301 -87.4301 -329.986 -1.54044e-08 1.02446e-09 -5.08085e-09 1
268400 -87.4358 -87.4358 -330.008 -9.9889e-09 2.17564e-09 -6.54919e-09 1
268500 -87.4415 -87.4415 -330.029 1.04656e-08 7.63692e-08 -6.9118e-08 1
268600 -87.4472 -87.4472 -330.051 9.73123e-08 1.9873e-08 -3.4046e-08 1
268700 -87.4528 -87.4528 -330.072 -1.04553e-08 1.44286e-10 -3.02707e-09 1
268800 -87.4585 -87.4585 -330.093 -1.63638e-08 5.46526e-10 -7.30549e-09 1
268900 -87.4642 -87.4642 -330.115 -1.34136e-08 -1.20631e-09 -2.43222e-09 1
269000 -87.4699 -87.4699 -330.136 -1.36717e-08 1.74539e-09 -5.67404e-09 1
269100 -87.4755 -87.4755 -330.158 -1.09719e-08 9.15009e-10 -5.11709e-09 1
269200 -87.4812 -87.4812 -330.179 -1.31404e-08 -1.55155e-09 -3.46024e-09 1
269300 -87.4869 -87.4869 -330.2 -1.28823e-08 1.15785e-09 -5.03466e-09 1
269400 -87.4925 -87.4925 -330.222 -1.11801e-08 -1.93019e-09 -2.97596e-11 1
269500 -87.4982 -87.4982 -330.243 -1.64371e-08 3.06845e-10 -4.08344e-09 1
269600 -87.5038 -87.5038 -330.264 -1.64478e-08 6.67703e-10 -5.20081e-09 1
269700 -87.5095 -87.5095 -330.286 -1.14591e-08 6.33656e-10 -4.59078e-09 1
269800 -87.5152 -87.5152 -330.307 -1.22601e-08 7.30962e-12 -2.65166e-09 1
269900 -87.5208 -87.5208 -330.328 -1.09353e-08 1.40197e-09 -4.34836e-09 1
270000 -87.5265 -87.5265 -330.35 -1.07648e-08 -8.53431e-10 -2.06886e-09 1
270100 -87.5321 -87.5321 -330.371 -1.48502e-08 -1.60123e-09 -3.85763e-09 1
270200 -87.5378 -87.5378 -330.392 -8.98289e-09 1.44735e-09 -4.87633e-09 1
270300 -87.5434 -87.5434 -330.414 -8.33741e-09 -1.80072e-09 6.81054e-10 1
270400 -87.549 -87.549 -330.435 1.94094e-07 -2.49752e-08 1.21041e-07 1
270500 -87.5547 -87.5547 -330.456 -1.47521e-08 -1.00208e-09 -3.58196e-09 1
270600 -87.5603 -87.5603 -330.477 -2.05719e-08 -2.06167e-09 -4.63076e-09 1
270700 -87.566 -87.566 -330.499 -1.7513e-08 -7.01841e-10 -6.85663e-09 1
270800 -87.5716 -87.5716 -330.52 -1.42634e-08 -4.70427e-10 -5.44657e-09 1
270900 -87.5772 -87.5772 -330.541 -9.96792e-09 -2.28996e-09 -4.14589e-09 1
271000 -87.5829 -87.5829 -330.562 -2.04959e-08 2.42903e-10 -7.25277e-09 1
271100 -87.5885 -87.5885 -330.584 1.91733e-07 -2.38349e-09 5.78209e-08 1
271200 -87.5941 -87.5941 -330.605 -1.83357e-08 3.24293e-10 -5.34935e-09 1
271300 -87.5998 -87.5998 -330.626 -9.8069e-09 -5.80348e-11 -5.77129e-09 1
271400 -87.6054 -87.6054 -330.647 -9.6554e-09 -1.72181e-09 4.06891e-11 1
271500 -87.611 -87.611 -330.668 -2.1402e-08 3.96848e-09 -1.25988e-08 1
271600 -87.6166 -87.6166 -330.69 -1.60358e-08 4.64742e-10 -8.0587e-09 1
271700 -87.6222 -87.6222 -330.711 -1.03551e-08 -3.66275e-09 6.96721e-10 1
271800 -87.6279 -87.6279 -330.732 -1.64117e-08 -8.65519e-11 -7.06712e-09 1
271900 -87.6335 -87.6335 -330.753 -1.68131e-08 5.40716e-10 -6.29794e-09 1
272000 -87.6391 -87.6391 -330.774 -6.60574e-09 -2.4117e-09 -1.08274e-09 1
272100 -87.6447 -87.6447 -330.795 -1.16205e-08 -2.25198e-10 -4.82494e-09 1
272200 -87.6503 -87.6503 -330.817 6.01597e-09 9.59954e-08 -5.16467e-08 1
272300 -87.6559 -87.6559 -330.838 -1.06141e-08 -9.91121e-10 -4.52633e-09 1
272400 -87.6615 -87.6615 -330.859 1.934e-07 -7.83115e-09 9.02709e-08 1
272500 -87.6671 -87.6671 -330.88 -1.5864e-08 -7.8152e-10 -7.85448e-09 1
272600 -87.6727 -87.6727 -330.901 -1.62297e-08 -1.36632e-09 -6.88597e-09 1
272700 -87.6783 -87.6783 -330.922 -1.04637e-08 -6.2839e-10 -5.89682e-09 1
272800 -87.6839 -87.6839 -330.943 -1.49179e-08 -8.51004e-10 -6.80454e-09 1
272900 -87.6895 -87.6895 -330.964 1.81629e-07 7.02124e-09 1.20944e-07 1
273000 -87.6951 -87.6951 -330.986 -2.39125e-08 -9.59886e-10 -8.12565e-09 1
273100 -87.7007 -87.7007 -331.007 -1.46097e-08 -9.93641e-10 -6.81089e-09 1
273200 -87.7063 -87.7063 -331.028 -1.55811e-08 -6.71178e-10 -7.89576e-09 1
273300 -87.7119 -87.7119 -331.049 1.39393e-07 -2.19558e-08 1.02391e-07 1
273400 -87.7175 -87.7175 -331.07 -1.63298e-08 -3.44596e-09 -7.64785e-09 1
273500 -87.7231 -87.7231 -331.091 -1.87585e-08 5.02837e-10 -8.90164e-09 1
273600 -87.7287 -87.7287 -331.112 -1.45686e-08 -2.8438e-09 -5.60712e-09 1
273700 -87.7343 -87.7343 -331.133 2.78217e-07 -5.02569e-08 2.26176e-07 1
273800 -87.7398 -87.7398 -331.154 -2.25003e-08 -1.14954e-09 -1.55419e-08 1
273900 -87.7454 -87.7454 -331.175 -2.30912e-08 -9.97789e-10 -1.36108e-08 1
274000 -87.751 -87.751 -331.196 -1.36864e-08 -1.5495e-09 -1.05066e-08 1
274100 -87.7566 -87.7566 -331.217 -1.35765e-08 -3.89847e-09 -8.68854e-09 1
274200 -87.7621 -87.7621 -331.238 2.20792e-07 -1.13256e-07 1.93947e-07 1
274300 -87.7677 -87.7677 -331.259 1.15122e-07 1.84294e-08 5.03792e-08 1
274400 -87.7733 -87.7733 -331.28 -2.52848e-08 1.86692e-09 -1.7832e-08 1
274500 -87.7788 -87.7789 -331.301 2.47425e-07 -5.08663e-08 1.1016e-07 1
274600 -87.7844 -87.7844 -331.322 -2.35445e-08 4.14151e-09 -1.948e-08 1
274700 -87.79 -87.79 -331.343 -2.29149e-08 -8.04276e-10 -1.64139e-08 1
274800 -87.7955 -87.7955 -331.364 -2.67321e-08 7.26972e-10 -1.86204e-08 1
274900 -87.8011 -87.8011 -331.385 -2.34409e-08 1.28236e-09 -1.74413e-08 1
275000 -87.8067 -87.8067 -331.406 -2.4738e-08 1.57006e-09 -1.77033e-08 1
275100 -87.8122 -87.8122 -331.427 -2.11805e-08 -9.27923e-10 -1.44774e-08 1
275200 -87.8178 -87.8178 -331.448 -2.15366e-08 3.04042e-10 -1.54159e-08 1
275300 -87.8233 -87.8233 -331.469 3.11581e-07 1.03709e-09 9.70828e-08 1
275400 -87.8289 -87.8289 -331.49 -3.45828e-08 1.79388e-09 -2.24075e-08 1
275500 -87.8344 -87.8344 -331.511 -2.47132e-08 1.35233e-09 -1.78908e-08 1
275600 -87.84 -87.84 -331.532 -2.41014e-08 -2.13713e-09 -1.52579e-08 1
275700 -87.8455 -87.8455 -331.552 -3.01942e-08 1.15943e-09 -1.73724e-08 1
275800 -87.8511 -87.8511 -331.573 -2.64652e-08 1.84676e-09 -1.74073e-08 1
275900 -87.8566 -87.8566 -331.594 -2.52181e-08 1.40681e-09 -1.70275e-08 1
276000 -87.8622 -87.8622 -331.615 1.96042e-07 -5.0137e-08 1.18731e-07 1
276100 -87.8677 -87.8677 -331.636 3.16789e-07 2.12955e-09 1.18804e-07 1
276200 -87.8732 -87.8732 -331.657 -3.12223e-08 1.07314e-09 -2.08613e-08 1
276300 -87.8788 -87.8788 -331.678 -2.61972e-08 2.99856e-10 -1.58579e-08 1
276400 -87.8843 -87.8843 -331.699 1.43514e-07 -2.89387e-08 1.98008e-07 1
276500 -87.8898 -87.8898 -331.719 -3.11129e-08 1.73226e-09 -2.44432e-08 1
276600 -87.8954 -87.8954 -331.74 -3.61711e-08 3.45141e-09 -2.38522e-08 1
276700 -87.9009 -87.9009 -331.761 2.22666e-07 -1.2678e-08 1.13142e-07 1
276800 -87.9064 -87.9064 -331.782 -4.12807e-08 2.25898e-09 -3.00085e-08 1
276900 -87.9119 -87.9119 -331.803 -3.9081e-08 4.38946e-09 -2.82045e-08 1
277000 -87.9175 -87.9175 -331.824 -3.36532e-08 6.97882e-10 -2.42698e-08 1
277100 -87.923 -87.923 -331.844 4.6443e-08 -9.7702e-08 1.57696e-07 1
277200 -87.9285 -87.9285 -331.865 -3.47437e-08 3.51907e-09 -3.00225e-08 1
277300 -87.934 -87.934 -331.886 -3.29806e-08 1.12462e-09 -2.38362e-08 1
277400 -87.9395 -87.9395 -331.907 -2.96946e-08 2.75375e-09 -2.51029e-08 1
277500 -87.9451 -87.9451 -331.928 -3.49128e-08 2.60925e-09 -2.56556e-08 1
277600 -87.9506 -87.9506 -331.948 -3.5878e-08 3.8402e-09 -2.61433e-08 1
277700 -87.9561 -87.9561 -331.969 -4.32841e-08 -4.20566e-09 -1.26151e-09 1
277800 -87.9616 -87.9616 -331.99 -3.85604e-08 4.24267e-09 -2.6554e-08 1
277900 -87.9671 -87.9671 -332.011 -3.03749e-08 5.60141e-09 -2.54585e-08 1
278000 -87.9726 -87.9726 -332.032 -2.81499e-08 2.39047e-09 -2.37863e-08 1
278100 -87.9781 -87.9781 -332.052 -2.9942e-08 3.47484e-09 -2.42048e-08 1
278200 -87.9836 -87.9836 -332.073 -3.3705e-08 4.1955e-09 -2.43205e-08 1
278300 -87.9891 -87.9891 -332.094 3.64431e-08 -8.94394e-08 9.66288e-08 1
278400 -87.9946 -87.9946 -332.114 -3.55469e-08 4.24838e-09 -2.40281e-08 1
278500 -88.0001 -88.0001 -332.135 -2.95599e-08 3.41022e-09 -2.21554e-08 1
278600 -88.0056 -88.0056 -332.156 -3.11275e-08 5.94874e-09 -2.06587e-08 1
278700 -88.0111 -88.0111 -332.177 -2.7083e-08 2.49873e-09 -1.8549e-08 1
278800 -88.0166 -88.0166 -332.197 1.86496e-07 -5.36631e-09 6.24449e-08 1
278900 -88.0221 -88.0221 -332.218 -3.32352e-08 6.39287e-09 -2.50556e-08 1
279000 -88.0275 -88.0275 -332.239 -2.99829e-08 5.67442e-09 -2.34734e-08 1
279100 -88.033 -88.033 -332.259 -3.20724e-08 6.22751e-09 -2.31566e-08 1
279200 -88.0385 -88.0385 -332.28 2.71876e-07 -3.9737e-08 2.77591e-08 1
279300 -88.044 -88.044 -332.301 -3.45761e-08 3.23141e-09 -2.13323e-08 1
279400 -88.0495 -88.0495 -332.321 -3.11261e-08 4.84055e-09 -1.92525e-08 1
279500 -88.055 -88.055 -332.342 -2.94366e-08 3.55496e-09 -1.81301e-08 1
279600 -88.0604 -88.0604 -332.363 -3.50681e-08 5.30704e-09 -2.07706e-08 1
279700 -88.0659 -88.0659 -332.383 -3.39096e-08 5.09322e-09 -2.21393e-08 1
279800 -88.0714 -88.0714 -332.404 -3.30097e-08 5.83029e-09 -2.15753e-08 1
279900 -88.0769 -88.0769 -332.425 -3.08666e-08 6.15322e-09 -2.34262e-08 1
280000 -88.0823 -88.0823 -332.445 -2.95097e-08 4.23534e-09 -1.734e-08 1
280100 -88.0878 -88.0878 -332.466 -3.24688e-08 5.47205e-09 -1.76848e-08 1
280200 -88.0933 -88.0933 -332.486 -2.69068e-08 4.30234e-09 -1.72892e-08 1
280300 -88.0987 -88.0987 -332.507 -2.83042e-08 2.42761e-09 -1.60032e-08 1
280400 -88.1042 -88.1042 -332.528 -3.08934e-08 3.16185e-09 -1.4391e-08 1
280500 -88.1096 -88.1096 -332.548 -2.42225e-08 5.2464e-09 -1.70671e-08 1
280600 -88.1151 -88.1151 -332.569 -2.65189e-08 2.74557e-09 -1.50242e-08 1
280700 -88.1206 -88.1206 -332.589 -2.72044e-08 3.76862e-09 -1.73532e-08 1
280800 -88.126 -88.126 -332.61 -2.79101e-08 2.87136e-09 -1.32308e-08 1
280900 -88.1315 -88.1315 -332.63 -3.12889e-08 5.61327e-09 -1.86457e-08 1
281000 -88.1369 -88.1369 -332.651 -2.63588e-08 3.72407e-09 -1.42616e-08 1
281100 -88.1424 -88.1424 -332.672 -2.86195e-08 4.78173e-09 -1.7196e-08 1
281200 -88.1478 -88.1478 -332.692 -2.42131e-08 3.75577e-09 -1.3654e-08 1
281300 -88.1533 -88.1533 -332.713 -2.91613e-08 7.27747e-09 -2.01759e-08 1
281400 -88.1587 -88.1587 -332.733 2.14502e-07 -5.53057e-10 1.23381e-07 1
281500 -88.1642 -88.1642 -332.754 6.09015e-08 -2.90293e-08 4.59976e-08 1
281600 -88.1696 -88.1696 -332.774 -3.43523e-08 4.9583e-09 -2.06268e-08 1
281700 -88.175 -88.175 -332.795 1.98773e-07 -3.16793e-08 1.26552e-07 1
281800 -88.1805 -88.1805 -332.815 -3.49716e-08 5.33098e-09 -2.21364e-08 1
281900 -88.1859 -88.1859 -332.836 -2.94359e-08 3.83196e-09 -1.76218e-08 1
282000 -88.1914 -88.1914 -332.856 -3.67172e-08 7.29157e-09 -2.40978e-08 1
282100 -88.1968 -88.1968 -332.877 -3.18817e-08 4.26523e-09 -1.74926e-08 1
282200 -88.2022 -88.2022 -332.897 -3.11089e-08 2.55639e-09 -1.87606e-08 1
282300 -88.2076 -88.2076 -332.918 -3.29795e-08 6.91505e-09 -2.28725e-08 1
282400 -88.2131 -88.2131 -332.938 -2.96734e-08 5.58977e-09 -1.91331e-08 1
282500 -88.2185 -88.2185 -332.959 -3.35212e-08 3.74138e-09 -1.55939e-08 1
282600 -88.2239 -88.2239 -332.979 -3.32399e-08 6.43579e-09 -2.05908e-08 1
282700 -88.2294 -88.2294 -332.999 -2.88603e-08 5.92496e-09 -1.75241e-08 1
282800 -88.2348 -88.2348 -333.02 2.32356e-07 1.43365e-08 5.76154e-08 1
282900 -88.2402 -88.2402 -333.04 -2.99261e-08 5.12605e-09 -1.77386e-08 1
283000 -88.2456 -88.2456 -333.061 -3.06999e-08 3.80868e-09 -1.73615e-08 1
283100 -88.251 -88.251 -333.081 -2.75017e-08 4.36381e-09 -1.73626e-08 1
283200 -88.2564 -88.2564 -333.102 -2.88335e-08 2.59919e-09 -1.55964e-08 1
283300 -88.2619 -88.2619 -333.122 -2.81029e-08 2.85701e-09 -1.63743e-08 1
283400 -88.2673 -88.2673 -333.142 -3.17533e-08 4.58454e-09 -1.86441e-08 1
283500 -88.2727 -88.2727 -333.163 3.4065e-07 -8.83711e-08 2.74515e-07 1
283600 -88.2781 -88.2781 -333.183 -3.61851e-08 3.12228e-09 -2.33623e-08 1
283700 -88.2835 -88.2835 -333.204 -2.99927e-08 3.87913e-09 -1.8632e-08 1
283800 -88.2889 -88.2889 -333.224 -3.02404e-08 2.75781e-09 -1.75714e-08 1
283900 -88.2943 -88.2943 -333.244 -3.56716e-08 5.77795e-09 -2.39412e-08 1
284000 -88.2997 -88.2997 -333.265 -2.88257e-08 4.39793e-09 -1.85981e-08 1
284100 -88.3051 -88.3051 -333.285 -2.82656e-08 3.75524e-09 -2.05882e-08 1
284200 -88.3105 -88.3105 -333.305 -3.01103e-08 3.29041e-09 -1.84348e-08 1
284300 -88.3159 -88.3159 -333.326 -2.98616e-08 3.81434e-09 -1.92232e-08 1
284400 -88.3213 -88.3213 -333.346 -3.0377e-08 6.56889e-09 -2.31191e-08 1
284500 -88.3267 -88.3267 -333.366 -2.58777e-08 5.23384e-09 -2.00584e-08 1
284600 -88.3321 -88.3321 -333.387 -2.86503e-08 3.98186e-09 -1.71672e-08 1
284700 -88.3375 -88.3375 -333.407 -2.24594e-08 3.95919e-09 -1.52255e-08 1
284800 -88.3428 -88.3428 -333.427 -2.34101e-08 2.75213e-09 -1.45688e-08 1
284900 -88.3482 -88.3482 -333.448 -2.99257e-08 3.13583e-09 -1.82183e-08 1
285000 -88.3536 -88.3536 -333.468 -3.38584e-08 4.76383e-09 -1.9021e-08 1
285100 -88.359 -88.359 -333.488 -2.76495e-08 3.8357e-09 -1.63896e-08 1
285200 -88.3644 -88.3644 -333.508 -3.39024e-08 4.35854e-09 -1.90671e-08 1
285300 -88.3697 -88.3697 -333.529 -2.29469e-08 3.54621e-09 -1.55561e-08 1
285400 -88.3751 -88.3751 -333.549 -2.20451e-08 1.64979e-09 -1.024e-08 1
285500 -88.3805 -88.3805 -333.569 -2.74089e-08 6.03476e-09 -1.78513e-08 1
285600 -88.3859 -88.3859 -333.59 -2.16484e-08 3.08229e-09 -1.28889e-08 1
285700 -88.3912 -88.3912 -333.61 -2.57471e-08 3.22592e-09 -1.39915e-08 1
285800 -88.3966 -88.3966 -333.63 -2.95397e-08 5.70126e-09 -1.79566e-08 1
285900 -88.402 -88.402 -333.65 -2.05166e-08 2.52623e-09 -1.02269e-08 1
286000 -88.4073 -88.4073 -333.67 -2.71832e-08 5.02457e-09 -1.27003e-08 1
286100 -88.4127 -88.4127 -333.691 -2.1124e-08 4.1477e-09 -1.34215e-08 1
286200 -88.4181 -88.4181 -333.711 -2.73643e-08 4.78965e-09 -1.57782e-08 1
286300 -88.4234 -88.4234 -333.731 -2.37244e-08 4.75937e-09 -1.34419e-08 1
286400 -88.4288 -88.4288 -333.751 -1.82761e-08 3.31505e-09 -1.10199e-08 1
286500 -88.4342 -88.4342 -333.772 -2.39884e-08 3.1898e-09 -1.21044e-08 1
286600 -88.4395 -88.4395 -333.792 -2.33305e-08 6.55705e-09 -1.50766e-08 1
286700 -88.4449 -88.4449 -333.812 -1.69534e-08 5.07063e-09 -9.72145e-09 1
286800 -88.4502 -88.4502 -333.832 -1.74572e-08 3.869e-09 -1.08247e-08 1
286900 -88.4556 -88.4556 -333.852 2.84756e-07 -1.34353e-07 2.11288e-07 1
287000 -88.4609 -88.4609 -333.872 1.28704e-07 -6.03028e-08 7.9536e-08 1
287100 -88.4663 -88.4663 -333.893 -3.1441e-08 1.00966e-08 -2.2147e-08 1
287200 -88.4716 -88.4716 -333.913 -2.60939e-08 8.93057e-09 -1.69431e-08 1
287300 -88.477 -88.477 -333.933 -2.41792e-08 6.78245e-09 -1.42672e-08 1
287400 -88.4823 -88.4823 -333.953 -3.05269e-08 5.98944e-09 -1.8241e-08 1
287500 -88.4877 -88.4877 -333.973 -2.82066e-08 5.95464e-09 -1.63447e-08 1
287600 -88.493 -88.493 -333.993 -2.24948e-08 4.00221e-09 -1.08243e-08 1
287700 -88.4983 -88.4983 -334.013 -2.05037e-08 3.68098e-09 -1.02841e-08 1
287800 -88.5037 -88.5037 -334.034 -2.99518e-08 6.07598e-09 -1.67253e-08 1
287900 -88.509 -88.509 -334.054 -3.1655e-08 6.33951e-09 -1.41787e-08 1
288000 -88.5143 -88.5143 -334.074 -2.48187e-08 6.14619e-09 -1.45474e-08 1
288100 -88.5197 -88.5197 -334.094 -2.17375e-08 6.08022e-09 -1.37056e-08 1
288200 -88.525 -88.525 -334.114 -2.30766e-08 4.76641e-09 -1.18652e-08 1
288300 -88.5303 -88.5303 -334.134 -2.02467e-08 4.18951e-09 -1.00422e-08 1
288400 -88.5357 -88.5357 -334.154 -2.49445e-08 4.32617e-09 -1.22525e-08 1
288500 -88.541 -88.541 -334.174 -1.83206e-08 4.9045e-09 -1.22674e-08 1
288600 -88.5463 -88.5463 -334.194 -2.0751e-08 4.16933e-09 -9.67353e-09 1
288700 -88.5516 -88.5516 -334.214 -2.00812e-08 3.92192e-09 -1.0068e-08 1
288800 -88.5569 -88.5569 -334.234 -2.2758e-08 6.03767e-09 -1.17735e-08 1
288900 -88.5623 -88.5623 -334.254 -2.05863e-08 5.32229e-09 -1.37561e-08 1
289000 -88.5676 -88.5676 -334.275 -2.06903e-08 3.65766e-09 -8.50715e-09 1
289100 -88.5729 -88.5729 -334.295 -2.37812e-08 5.70833e-09 -1.03106e-08 1
289200 -88.5782 -88.5782 -334.315 -2.13252e-08 6.87809e-09 -1.28804e-08 1
289300 -88.5835 -88.5835 -334.335 -2.41962e-08 4.67066e-09 -1.09026e-08 1
289400 -88.5888 -88.5888 -334.355 -2.21394e-08 4.27089e-09 -9.97989e-09 1
289500 -88.5941 -88.5941 -334.375 -2.08912e-08 3.54364e-09 -1.06421e-08 1
289600 -88.5994 -88.5994 -334.395 -1.76352e-08 4.49602e-09 -1.01203e-08 1
289700 -88.6048 -88.6048 -334.415 -1.79243e-08 4.89068e-09 -7.18562e-09 1
289800 -88.6101 -88.6101 -334.435 -2.30528e-08 4.32927e-09 -1.10185e-08 1
289900 -88.6154 -88.6154 -334.455 -2.32418e-08 6.3728e-09 -1.28418e-08 1
290000 -88.6207 -88.6207 -334.475 2.06144e-07 -3.38892e-08 1.60263e-07 1
290100 -88.626 -88.626 -334.495 -2.22616e-08 6.3158e-09 -1.49842e-08 1
290200 -88.6313 -88.6313 -334.515 -2.33805e-08 6.70178e-09 -1.22993e-08 1
290300 -88.6365 -88.6365 -334.535 -1.18581e-08 7.72425e-09 -1.18802e-08 1
290400 -88.6418 -88.6418 -334.554 -2.42443e-08 5.78195e-09 -1.47259e-08 1
290500 -88.6471 -88.6471 -334.574 -2.39388e-08 3.82794e-09 -1.07275e-08 1
290600 -88.6524 -88.6524 -334.594 -2.09941e-08 3.97608e-09 -9.86212e-09 1
290700 -88.6577 -88.6577 -334.614 -2.35447e-08 7.53784e-09 -1.66789e-08 1
290800 -88.663 -88.663 -334.634 -1.94199e-08 4.85168e-09 -1.29457e-08 1
290900 -88.6683 -88.6683 -334.654 -1.98498e-08 5.05914e-09 -1.27102e-08 1
291000 -88.6736 -88.6736 -334.674 -2.11021e-08 6.23468e-09 -1.31971e-08 1
291100 -88.6789 -88.6789 -334.694 -2.20751e-08 5.16796e-09 -1.10798e-08 1
291200 -88.6841 -88.6841 -334.714 -2.33797e-08 3.37628e-09 -1.07252e-08 1
291300 -88.6894 -88.6894 -334.734 -2.15498e-08 4.40766e-09 -1.11948e-08 1
291400 -88.6947 -88.6947 -334.754 -2.22343e-08 3.72146e-09 -1.20158e-08 1
291500 -88.7 -88.7 -334.774 -2.13265e-08 5.55662e-09 -1.19115e-08 1
291600 -88.7052 -88.7052 -334.794 -2.17034e-08 3.38303e-09 -9.36357e-09 1
291700 -88.7105 -88.7105 -334.813 -1.66343e-08 4.94974e-09 -9.65679e-09 1
291800 -88.7158 -88.7158 -334.833 -2.06498e-08 6.10192e-09 -1.09482e-08 1
291900 -88.7211 -88.7211 -334.853 -1.40911e-08 2.78525e-09 -6.59773e-09 1
292000 -88.7263 -88.7263 -334.873 -2.36181e-08 7.78608e-09 -1.40816e-08 1
292100 -88.7316 -88.7316 -334.893 -1.95741e-08 5.86543e-09 -9.83255e-09 1
292200 -88.7369 -88.7369 -334.913 -2.17124e-08 6.04309e-09 -1.25741e-08 1
292300 -88.7421 -88.7421 -334.933 -1.55493e-08 4.19249e-09 -9.50501e-09 1
292400 -88.7474 -88.7474 -334.952 -1.97607e-08 3.09392e-09 -8.35237e-09 1
292500 -88.7526 -88.7526 -334.972 -1.75263e-08 4.11046e-09 -8.69863e-09 1
292600 -88.7579 -88.7579 -334.992 -1.39411e-08 4.30058e-09 -7.99183e-09 1
292700 -88.7632 -88.7632 -335.012 -1.68456e-08 2.60326e-09 -7.30813e-09 1
292800 -88.7684 -88.7684 -335.032 -2.19919e-08 5.08236e-09 -1.09327e-08 1
292900 -88.7737 -88.7737 -335.051 -1.53875e-08 4.20393e-09 -8.30636e-09 1
293000 -88.7789 -88.7789 -335.071 -2.06753e-08 5.84951e-09 -9.50811e-09 1
293100 -88.7842 -88.7842 -335.091 -1.52337e-08 1.61548e-09 -8.135e-09 1
293200 -88.7894 -88.7894 -335.111 -1.4921e-08 3.76208e-09 -8.47775e-09 1
293300 -88.7947 -88.7947 -335.131 -1.83417e-08 5.56435e-09 -1.19939e-08 1
293400 -88.7999 -88.7999 -335.15 -1.33488e-08 4.93583e-09 -8.95391e-09 1
293500 -88.8052 -88.8052 -335.17 -1.0905e-08 3.5128e-09 -5.71696e-09 1
293600 -88.8104 -88.8104 -335.19 -1.10506e-08 3.38926e-09 -5.84068e-09 1
293700 -88.8156 -88.8156 -335.21 -1.72088e-08 3.91148e-09 -8.66666e-09 1
293800 -88.8209 -88.8209 -335.229 -1.47456e-08 2.39782e-09 -5.76284e-09 1
293900 -88.8261 -88.8261 -335.249 -1.62165e-08 5.11966e-09 -9.50237e-09 1
294000 -88.8313 -88.8313 -335.269 -1.65944e-08 3.71164e-09 -8.54902e-09 1
294100 -88.8366 -88.8366 -335.289 -6.47428e-09 2.52677e-09 -2.66827e-09 1
294200 -88.8418 -88.8418 -335.308 -1.18381e-08 3.279e-09 -5.55471e-09 1
294300 -88.847 -88.847 -335.328 -1.14625e-08 2.40157e-09 -4.87136e-09 1
294400 -88.8523 -88.8523 -335.348 -8.72574e-09 3.54962e-09 -6.60738e-09 1
294500 -88.8575 -88.8575 -335.368 -9.8922e-09 -6.90085e-10 -3.17135e-09 1
294600 -88.8627 -88.8627 -335.387 -1.48706e-08 3.52473e-09 -6.4854e-09 1
294700 -88.868 -88.868 -335.407 -8.49631e-09 2.84095e-09 -5.51376e-09 1
294800 -88.8732 -88.8732 -335.427 -1.81748e-08 7.56702e-10 -4.52256e-09 1
294900 -88.8784 -88.8784 -335.446 -8.62225e-09 2.44366e-09 -2.23e-09 1
295000 -88.8836 -88.8836 -335.466 -1.08756e-08 1.91229e-09 -3.79188e-09 1
295100 -88.8888 -88.8888 -335.486 -1.44565e-08 1.89154e-09 -4.66875e-09 1
295200 -88.8941 -88.8941 -335.505 -9.77873e-09 3.16178e-09 -5.69478e-09 1
295300 -88.8993 -88.8993 -335.525 -9.1989e-09 2.84473e-09 -3.96275e-09 1
295400 -88.9045 -88.9045 -335.545 -1.08086e-08 1.29563e-09 -3.7491e-09 1
295500 -88.9097 -88.9097 -335.564 -1.14617e-08 3.07208e-09 -4.73457e-09 1
295600 -88.9149 -88.9149 -335.584 -1.45113e-08 5.44913e-09 -8.89172e-09 1
295700 -88.9201 -88.9201 -335.604 -9.12174e-09 6.01723e-10 1.8648e-10 1
295800 -88.9253 -88.9253 -335.623 -1.21956e-08 3.70056e-09 -6.56898e-09 1
295900 -88.9305 -88.9305 -335.643 -7.61216e-09 2.55182e-09 -2.54002e-09 1
296000 -88.9357 -88.9357 -335.662 -1.10526e-08 1.8115e-09 -3.21526e-09 1
296100 -88.9409 -88.9409 -335.682 -1.18689e-08 1.14116e-09 -4.35131e-09 1
296200 -88.9461 -88.9461 -335.702 -9.90054e-09 8.46838e-10 -2.61754e-09 1
296300 -88.9513 -88.9513 -335.721 -9.56624e-09 3.97443e-09 -6.96671e-09 1
296400 -88.9565 -88.9565 -335.741 -5.39482e-09 7.67028e-10 -1.00191e-09 1
296500 -88.9617 -88.9617 -335.76 -1.12196e-08 2.84785e-09 -4.23771e-09 1
296600 -88.9669 -88.9669 -335.78 -1.69102e-08 2.02902e-09 -6.46887e-09 1
296700 -88.9721 -88.9721 -335.8 -1.00638e-08 2.8141e-09 -4.36988e-09 1
296800 -88.9773 -88.9773 -335.819 -1.08565e-08 8.51808e-10 -2.91166e-09 1
296900 -88.9825 -88.9825 -335.839 -1.1297e-08 1.4047e-09 -4.97379e-09 1
297000 -88.9877 -88.9877 -335.858 -8.72145e-09 2.54561e-09 -3.26668e-09 1
297100 -88.9929 -88.9929 -335.878 -1.13207e-08 3.16683e-09 -7.97908e-09 1
297200 -88.9981 -88.9981 -335.897 -7.55202e-09 -1.06189e-10 2.89561e-11 1
297300 -89.0033 -89.0033 -335.917 -1.03874e-08 6.66317e-10 -3.12778e-09 1
297400 -89.0084 -89.0084 -335.937 -4.94826e-09 4.44145e-10 -2.49787e-10 1
297500 -89.0136 -89.0136 -335.956 -1.09547e-08 3.98236e-09 -3.6701e-09 1
297600 -89.0188 -89.0188 -335.976 -8.6743e-09 2.80209e-09 -2.99001e-09 1
297700 -89.024 -89.024 -335.995 -6.98125e-09 5.77649e-10 -1.57495e-09 1
297800 -89.0291 -89.0291 -336.015 -8.00818e-09 1.7107e-09 -3.66664e-09 1
297900 -89.0343 -89.0343 -336.034 -9.38331e-09 3.58283e-09 -5.72859e-09 1
298000 -89.0395 -89.0395 -336.054 -1.81882e-09 1.41797e-09 -5.09285e-10 1
298100 -89.0447 -89.0447 -336.073 -6.1591e-09 1.56155e-09 -7.91682e-10 1
298200 -89.0498 -89.0498 -336.093 -9.99005e-09 1.2825e-09 -5.49364e-09 1
298300 -89.055 -89.055 -336.112 -1.19941e-08 1.45764e-09 7.15146e-10 1
298400 -89.0602 -89.0602 -336.132 -1.15301e-08 5.11982e-09 -5.14273e-09 1
298500 -89.0653 -89.0653 -336.151 -8.66333e-09 3.07112e-09 -4.19816e-09 1
298600 -89.0705 -89.0705 -336.17 -5.65586e-09 1.72252e-10 -1.40191e-10 1
298700 -89.0757 -89.0757 -336.19 -1.18519e-08 1.46834e-09 -2.83513e-09 1
298800 -89.0808 -89.0808 -336.209 -6.09682e-09 3.4884e-10 5.30889e-10 1
298900 -89.086 -89.086 -336.229 -8.74249e-09 6.78212e-10 -1.76959e-09 1
299000 -89.0911 -89.0911 -336.248 -5.06325e-09 1.97401e-09 -1.3959e-09 1
299100 -89.0963 -89.0963 -336.268 -8.72095e-09 3.48349e-09 -4.90775e-09 1
299200 -89.1015 -89.1015 -336.287 -4.65538e-09 1.62946e-09 -2.79969e-09 1
299300 -89.1066 -89.1066 -336.307 -7.5491e-09 2.47489e-09 -2.25368e-09 1
299400 -89.1118 -89.1118 -336.326 -7.57999e-09 2.21102e-09 -4.53237e-09 1
299500 -89.1169 -89.1169 -336.345 -5.13033e-09 1.45598e-09 -2.73177e-09 1
299600 -89.1221 -89.1221 -336.365 -5.68649e-09 1.44606e-09 1.41701e-10 1
299700 -89.1272 -89.1272 -336.384 -8.84722e-09 2.64919e-09 -2.55705e-09 1
299800 -89.1324 -89.1324 -336.404 -5.5306e-09 2.1891e-09 -1.64355e-09 1
299900 -89.1375 -89.1375 -336.423 -9.64812e-09 1.86336e-09 -3.58365e-09 1
300000 -89.1426 -89.1426 -336.442 -1.04456e-08 2.62755e-09 -6.53249e-09 1
300100 -89.1478 -89.1478 -336.462 3.14678e-07 -3.61408e-08 1.98835e-07 1
300200 -89.1529 -89.1529 -336.481 -1.30923e-08 9.40393e-10 -5.67355e-09 1
300300 -89.1581 -89.1581 -336.501 -7.50454e-09 1.61384e-09 -4.662e-09 1
300400 -89.1632 -89.1632 -336.52 -7.77232e-09 2.18908e-09 -3.6811e-09 1
300500 -89.1683 -89.1683 -336.539 -5.32176e-09 -4.07909e-11 -1.32561e-09 1
300600 -89.1735 -89.1735 -336.559 1.88514e-07 -1.86173e-08 1.24208e-07 1
